f_GHz,S11_dB,S11_deg,ReZin_ohm,ImZin_ohm
1.000000000000000000e+00,-5.226189079562449935e-01,-1.302780074600741216e+02,1.826268163199779249e+00,-2.314241909872221825e+01
1.010000000000000009e+00,-5.333417885869777830e-01,-1.317755648077960302e+02,1.841670938814687020e+00,-2.235357823874689132e+01
1.020000000000000018e+00,-5.446001974045195926e-01,-1.332782620335522665e+02,1.858968590717613223e+00,-2.157123742470229644e+01
1.030000000000000027e+00,-5.563823798369478268e-01,-1.347861497755201583e+02,1.878087946191005164e+00,-2.079504346509736479e+01
1.040000000000000036e+00,-5.686768344706903955e-01,-1.362993124722108291e+02,1.898962811253867899e+00,-2.002463443229452622e+01
1.050000000000000044e+00,-5.814732215233315848e-01,-1.378178682400829871e+02,1.921536636932206665e+00,-1.925963993466062263e+01
1.060000000000000053e+00,-5.947632624993238748e-01,-1.393419677386177113e+02,1.945765024207285920e+00,-1.849968180179001109e+01
1.070000000000000062e+00,-6.085416050449031777e-01,-1.408717920407628128e+02,1.971618011154676386e+00,-1.774437514819527095e+01
1.080000000000000071e+00,-6.228066276620634056e-01,-1.424075495560563240e+02,1.999082091441638065e+00,-1.699332977264266376e+01
1.090000000000000080e+00,-6.375611603738519095e-01,-1.439494720823004457e+02,2.028161920334882407e+00,-1.624615184291426573e+01
1.100000000000000089e+00,-6.528130996343827208e-01,-1.454978100883922423e+02,2.058881672588546152e+00,-1.550244580946780459e+01
1.110000000000000098e+00,-6.685758986942530457e-01,-1.470528273548655989e+02,2.091286025867493237e+00,-1.476181648648953804e+01
1.120000000000000107e+00,-6.848689181822269489e-01,-1.486147951189534240e+02,2.125440753484620249e+00,-1.402387123542253988e+01
1.129999999999999893e+00,-7.017176257346415813e-01,-1.501839858867584780e+02,2.161432920901101173e+00,-1.328822218438218528e+01
1.139999999999999902e+00,-7.191536379576497495e-01,-1.517606670858019413e+02,2.199370691317169779e+00,-1.255448841705619145e+01
1.149999999999999911e+00,-7.372146026869221824e-01,-1.533450947363816397e+02,2.239382756396658181e+00,-1.182229806676533812e+01
1.159999999999999920e+00,-7.559439242491278188e-01,-1.549375073196259791e+02,2.281617418348562687e+00,-1.109129025527769841e+01
1.169999999999999929e+00,-7.753903390577794319e-01,-1.565381200139257487e+02,2.326241358869104658e+00,-1.036111682158527003e+01
1.179999999999999938e+00,-7.956073532312256669e-01,-1.581471194598530303e+02,2.373438138514265994e+00,-9.631443792941713156e+00
1.189999999999999947e+00,-8.166525578534923335e-01,-1.597646591972416559e+02,2.423406476666384535e+00,-8.901952558733238874e+00
1.199999999999999956e+00,-8.385868408836371080e-01,-1.613908558975027745e+02,2.476358367204423594e+00,-8.172340716869067379e+00
1.209999999999999964e+00,-8.614735174577563548e-01,-1.630257864903157383e+02,2.532517088195894939e+00,-7.442322571968158051e+00
1.219999999999999973e+00,-8.853774023527081205e-01,-1.646694862574939862e+02,2.592115165402338661e+00,-6.711629274317662208e+00
1.229999999999999982e+00,-9.103638496566591742e-01,-1.663219479390455717e+02,2.655392349216720849e+00,-5.980008598042249268e+00
1.239999999999999991e+00,-9.364977852151140647e-01,-1.679831218681703433e+02,2.722593662991037444e+00,-5.247224365855089445e+00
1.250000000000000000e+00,-9.638427572165307877e-01,-1.696529171240585185e+02,2.793967577785035683e+00,-4.513055535922656070e+00
1.260000000000000009e+00,-9.924600293967184017e-01,-1.713312036646645993e+02,2.869764364622224395e+00,-3.777294973602070449e+00
1.270000000000000018e+00,-1.022407739842678520e+00,-1.730178153768038669e+02,2.950234670648664181e+00,-3.039747937011477497e+00
1.280000000000000027e+00,-1.053740146342466932e+00,-1.747125539584966987e+02,3.035628360408058501e+00,-2.300230310550178014e+00
1.290000000000000036e+00,-1.086506976743863317e+00,-1.764151935288675475e+02,3.126193658011140020e+00,-1.558566624644422305e+00
1.300000000000000044e+00,-1.120752899937462521e+00,-1.781254858443721787e+02,3.222176620477892772e+00,-8.145879032477579829e-01
1.310000000000000053e+00,-1.156517129953980483e+00,-1.798431659868448662e+02,3.323820967112785851e+00,-6.812938310304883505e-02
1.320000000000000062e+00,-1.193833172339339832e+00,1.784320416211032523e+02,3.431368284521431722e+00,6.809718493802360273e-01
1.330000000000000071e+00,-1.232728718517174471e+00,1.767004170244262866e+02,3.545058621830308176e+00,1.432879256420168002e+00
1.340000000000000080e+00,-1.273225690330186843e+00,1.749622385221461798e+02,3.665131485812739065e+00,2.187759234116231077e+00
1.350000000000000089e+00,-1.315340433428378919e+00,1.732177765865217225e+02,3.791827240909381835e+00,2.945783435715298104e+00
1.360000000000000098e+00,-1.359084054695795851e+00,1.714672880663174510e+02,3.925388914481869218e+00,3.707130983407906477e+00
1.370000000000000107e+00,-1.404462895529001720e+00,1.697110108194369786e+02,4.066064402974250314e+00,4.471990518824791039e+00
1.379999999999999893e+00,-1.451479129549702263e+00,1.679491589110047016e+02,4.214109069897832960e+00,5.240562042262774334e+00
1.389999999999999902e+00,-1.500131470302557002e+00,1.661819185008743034e+02,4.369788721643949714e+00,6.013058490795405220e+00
1.399999999999999911e+00,-1.550415971711946117e+00,1.644094445296118749e+02,4.533382942036433327e+00,6.789707005906411297e+00
1.409999999999999920e+00,-1.602326901607241449e+00,1.626318582943931972e+02,4.705188761273854325e+00,7.570749842222768144e+00
1.419999999999999929e+00,-1.655857666536719730e+00,1.608492459861705584e+02,4.885524629532820740e+00,8.356444870421402271e+00
1.429999999999999938e+00,-1.711001764440246653e+00,1.590616582371719687e+02,5.074734660105267636e+00,9.147065629527711295e+00
1.439999999999999947e+00,-1.767753740602760137e+00,1.572691107036638130e+02,5.273193101654412906e+00,9.942900886670285487e+00
1.449999999999999956e+00,-1.826110121723090396e+00,1.554715856834046406e+02,5.481308994152461089e+00,1.074425366591790620e+01
1.459999999999999964e+00,-1.886070302954945266e+00,1.536690347409016510e+02,5.699530958474259279e+00,1.155143971206923581e+01
1.469999999999999973e+00,-1.947637363444102432e+00,1.518613822871263324e+02,5.928352065621375289e+00,1.236478536009515317e+01
1.479999999999999982e+00,-2.010818787213937586e+00,1.500485300344854807e+02,6.168314728271166558e+00,1.318462478620954315e+01
1.489999999999999991e+00,-2.075627068234990436e+00,1.482303622233677913e+02,6.420015554870146524e+00,1.401129662207626225e+01
1.500000000000000000e+00,-2.142080181120715299e+00,1.464067514942978789e+02,6.684110104844922517e+00,1.484513991923495446e+01
1.510000000000000009e+00,-2.210201902063190893e+00,1.445775652603971935e+02,6.961317482639463705e+00,1.568648945621987956e+01
1.520000000000000018e+00,-2.280021968275168120e+00,1.427426724191698781e+02,7.252424708084635796e+00,1.653567038584893112e+01
1.530000000000000027e+00,-2.351576068231804317e+00,1.409019502311678309e+02,7.558290800872581094e+00,1.739299222460703120e+01
1.540000000000000036e+00,-2.424905659281715309e+00,1.390552911862662597e+02,7.879850517395691867e+00,1.825874218983562969e+01
1.550000000000000044e+00,-2.500057613586487815e+00,1.372026096763190708e+02,8.218117678630454392e+00,1.913317789355251008e+01
1.560000000000000053e+00,-2.577083697709949384e+00,1.353438482958812585e+02,8.574188027804670043e+00,2.001651940424988396e+01
1.570000000000000062e+00,-2.656039895376689941e+00,1.334789836003223797e+02,8.949241556005253173e+00,2.090894069013474876e+01
1.580000000000000071e+00,-2.736985586829489669e+00,1.316080311626207617e+02,9.344544232448884102e+00,2.181056045928365705e+01
1.590000000000000080e+00,-2.819982601730111060e+00,1.297310497859153600e+02,9.761449073718807767e+00,2.272143241445435891e+01
1.600000000000000089e+00,-2.905094165585987653e+00,1.278481447478445290e+02,1.020139648287103284e+01,2.364153494327319294e+01
1.610000000000000098e+00,-2.992383762189885665e+00,1.259594699741092114e+02,1.066591378507412458e+01,2.457076026866117147e+01
1.620000000000000107e+00,-3.081913936503156037e+00,1.240652290618208866e+02,1.115661388168714119e+01,2.550890309012108048e+01
1.629999999999999893e+00,-3.173745063793965926e+00,1.221656750973342440e+02,1.167519293988291018e+01,2.645564875425151641e+01
1.639999999999999902e+00,-3.267934111680381726e+00,1.202611092377854050e+02,1.222342703073726966e+01,2.741056100282182229e+01
1.649999999999999911e+00,-3.364533422063437307e+00,1.183518780499420444e+02,1.280316762591385782e+01,2.837306935897758109e+01
1.659999999999999920e+00,-3.463589539816223084e+00,1.164383696238335091e+02,1.341633586254968336e+01,2.934245622643740603e+01
1.669999999999999929e+00,-3.565142114575009735e+00,1.145210085017133821e+02,1.406491548858198826e+01,3.031784379236534477e+01
1.679999999999999938e+00,-3.669222901108042389e+00,1.126002494851078239e+02,1.475094440736953416e+01,3.129818084107656873e+01
1.689999999999999947e+00,-3.775854882555672809e+00,1.106765704040113008e+02,1.547650475166846640e+01,3.228222960160383792e+01
1.699999999999999956e+00,-3.885051539370126150e+00,1.087504639527876549e+02,1.624371143311495302e+01,3.326855276579199483e+01
1.709999999999999964e+00,-3.996816285038080174e+00,1.068224287171438363e+02,1.705469913410978577e+01,3.425550082305731792e+01
1.719999999999999973e+00,-4.111142087633909092e+00,1.048929595357680000e+02,1.791160773350465973e+01,3.524119986110930114e+01
1.729999999999999982e+00,-4.228011293891455580e+00,1.029625373589178139e+02,1.881656618400242564e+01,3.622353997662408887e+01
1.739999999999999991e+00,-4.347395669749156255e+00,1.010316187843440332e+02,1.977167488497986980e+01,3.720016442417166047e+01
1.750000000000000000e+00,-4.469256668157616019e+00,9.910062546821818330e+01,2.077898661573550854e+01,3.816845960432333129e+01
1.760000000000000009e+00,-4.593545931276304728e+00,9.716993362479783514e+01,2.184048610613533725e+01,3.912554595252279910e+01
1.770000000000000018e+00,-4.720206029972284334e+00,9.523986384277128536e+01,2.295806831860208419e+01,4.006826974024716037e+01
1.780000000000000027e+00,-4.849171438729274364e+00,9.331067145775051586e+01,2.413351549117186678e+01,4.099319574249239650e+01
1.790000000000000036e+00,-4.980369738672168367e+00,9.138253772817755305e+01,2.536847293980561346e+01,4.189660066649980763e+01
1.800000000000000044e+00,-5.113723035444084353e+00,8.945556206480392802e+01,2.666442353403520826e+01,4.277446718455534125e+01
1.810000000000000053e+00,-5.249149572224943938e+00,8.752975556061528550e+01,2.802266064000862755e+01,4.362247838034295455e+01
1.820000000000000062e+00,-5.386565511397750861e+00,8.560503605738018962e+01,2.944425916886372718e+01,4.443601241824491410e+01
1.830000000000000071e+00,-5.525886851458881033e+00,8.368122496578693870e+01,3.093004418037401138e+01,4.521013729498633893e+01
1.840000000000000080e+00,-5.667031439000299819e+00,8.175804602756507222e+01,3.248055628202711631e+01,4.593960565115851580e+01
1.850000000000000089e+00,-5.809921029285137983e+00,7.983512616965381881e+01,3.409601284913141228e+01,4.661884982409070943e+01
1.860000000000000098e+00,-5.954483343451071775e+00,7.791199855247711525e+01,3.577626389701146081e+01,4.724197762843106574e+01
1.870000000000000107e+00,-6.100654066080410942e+00,7.598810785745652652e+01,3.752074129478248921e+01,4.780276976663154187e+01
1.879999999999999893e+00,-6.248378724128727413e+00,7.406281779444957181e+01,3.932839996225376211e+01,4.829468030006224666e+01
1.889999999999999902e+00,-6.397614387320765594e+00,7.213542073995115800e+01,4.119764978433467206e+01,4.871084224278806829e+01
1.899999999999999911e+00,-6.548331131339706346e+00,7.020514934431760423e+01,4.312627726212062385e+01,4.904408104901249033e+01
1.909999999999999920e+00,-6.700513208586373004e+00,6.827118987414685591e+01,4.511135644816676660e+01,4.928693950795572931e+01
1.919999999999999929e+00,-6.854159876976549270e+00,6.633269698768985734e+01,4.714914953185675728e+01,4.943171827075260438e+01
1.929999999999999938e+00,-7.009285845043354612e+00,6.438880958021049139e+01,4.923499858343797086e+01,4.947053682300735034e+01
1.939999999999999947e+00,-7.165921301251318987e+00,6.243866728572531599e+01,5.136321144460313803e+01,4.939542006949196917e+01
1.949999999999999956e+00,-7.324111506516219450e+00,6.048142718418505126e+01,5.352694654824484388e+01,4.919841567753556433e+01
1.959999999999999964e+00,-7.483915940975004233e+00,5.851628024078333112e+01,5.571810349194771561e+01,4.887174678113664328e+01
1.969999999999999973e+00,-7.645407008518029457e+00,5.654246699767009687e+01,5.792722834967590728e+01,4.840800342519479216e+01
1.979999999999999982e+00,-7.808668314927799337e+00,5.455929204786741593e+01,6.014344478207321032e+01,4.780037409484477706e+01
1.989999999999999991e+00,-7.973792547137196429e+00,5.256613684565719069e+01,6.235442371792316152e+01,4.704291574578710566e+01
2.000000000000000000e+00,-8.140878991682550136e+00,5.056247044527697909e+01,6.454640537654552190e+01,4.613085693461376735e+01
2.009999999999999787e+00,-8.310030739541407030e+00,4.854785780796122907e+01,6.670428728608013103e+01,4.506092408320703413e+01
2.020000000000000018e+00,-8.481351632006997932e+00,4.652196537334133808e+01,6.881179033153543401e+01,4.383167590972490046e+01
2.029999999999999805e+00,-8.654943007993022519e+00,4.448456365204459928e+01,7.085171142228772112e+01,4.244382612505113883e+01
2.040000000000000036e+00,-8.830900317249410492e+00,4.243552665929497891e+01,7.280626595645904331e+01,4.090053031426636920e+01
2.049999999999999822e+00,-9.009309666579364162e+00,4.037482807217180181e+01,7.465751600602246185e+01,3.920761030686084325e+01
2.060000000000000053e+00,-9.190244367539312620e+00,3.830253405436475589e+01,7.638787152977221240e+01,3.737368910454928539e+01
2.069999999999999840e+00,-9.373761554578370792e+00,3.621879275100177153e+01,7.798064279893539208e+01,3.541021224399903389e+01
2.080000000000000071e+00,-9.559898942433594726e+00,3.412382051251039172e+01,7.942061377463457461e+01,3.333133764398920817e+01
2.089999999999999858e+00,-9.748671791101807926e+00,3.201788496139511153e+01,8.069459976257546430e+01,3.115368533579490418e+01
2.100000000000000089e+00,-9.940070146032581988e+00,2.990128507084878606e+01,8.179194957551708001e+01,2.889595021956544230e+01
2.109999999999999876e+00,-1.013405642039139209e+01,2.777432848135127230e+01,8.270495359351581044e+01,2.657839378656541385e+01
2.120000000000000107e+00,-1.033056338523989837e+01,2.563730634313870027e+01,8.342912485122894850e+01,2.422224287910797003e+01
2.129999999999999893e+00,-1.052949263202953389e+01,2.349046604088628953e+01,8.396333016527243842e+01,2.184903323798373975e+01
2.140000000000000124e+00,-1.073071356949633959e+01,2.133398223390640780e+01,8.430976116125134467e+01,1.947994131413789276e+01
2.149999999999999911e+00,-1.093406301332370667e+01,1.916792673154881399e+01,8.447374913814306296e+01,1.713514871511227966e+01
2.160000000000000142e+00,-1.113934542112523296e+01,1.699223781900396091e+01,8.446344107141105439e+01,1.483327964160012336e+01
2.169999999999999929e+00,-1.134633381664959018e+01,1.480668975139949595e+01,8.428936493285134191e+01,1.259094348004805219e+01
2.180000000000000160e+00,-1.155477143488194969e+01,1.261086324006794257e+01,8.396391963007619097e+01,1.042240371718064651e+01
2.189999999999999947e+00,-1.176437410327830513e+01,1.040411785813630807e+01,8.350082768297953351e+01,8.339382214298320051e+00
2.200000000000000178e+00,-1.197483335330840859e+01,8.185567384980950933e+00,8.291458742866032594e+01,6.350996277808987678e+00
2.209999999999999964e+00,-1.218582023073751586e+01,5.954059180571841914e+00,8.221995684388485870e+01,4.463816220584135408e+00
2.220000000000000195e+00,-1.239698974306956636e+01,3.708158719975946926e+00,8.143149411721363151e+01,2.682024059589748433e+00
2.229999999999999982e+00,-1.260798584930894606e+01,1.446140413618488108e+00,8.056317211032290970e+01,1.007649929574740311e+00
2.240000000000000213e+00,-1.281844686233427666e+01,-8.340142204042199081e-01,7.962807591334923529e+01,-5.591384690309915140e-01
2.250000000000000000e+00,-1.302801110001435347e+01,-3.134610087851936289e+00,7.863818564635516850e+01,-2.019717033842919562e+00
2.259999999999999787e+00,-1.323632259057393767e+01,-5.458222998769930001e+00,7.760424098632879009e+01,-3.376678016637268520e+00
2.270000000000000018e+00,-1.344303661380967441e+01,-7.807674596551491319e+00,7.653567979582787473e+01,-4.633511742941339939e+00
2.279999999999999805e+00,-1.364782484576848809e+01,-1.018599754739107510e+01,7.544064064090991906e+01,-5.794310707374750180e+00
2.290000000000000036e+00,-1.385037987327387654e+01,-1.259639115626504591e+01,7.432601769872400155e+01,-6.863505598808302466e+00
2.299999999999999822e+00,-1.405041885829269965e+01,-1.504216795105754834e+01,7.319755627883311888e+01,-7.845639341118597621e+00
2.310000000000000053e+00,-1.424768616148859124e+01,-1.752669214739966463e+01,7.205997761669476631e+01,-8.745182301463781727e+00
2.319999999999999840e+00,-1.444195477888944623e+01,-2.005331124585064728e+01,7.091712247738404074e+01,-9.566389450695433894e+00
2.330000000000000071e+00,-1.463302650332807175e+01,-2.262528229453990036e+01,6.977210422600396100e+01,-1.031319841759713007e+01
2.339999999999999858e+00,-1.482073078966395840e+01,-2.524569455374657778e+01,6.862746323684292804e+01,-1.098916597948840845e+01
2.350000000000000089e+00,-1.500492237504875348e+01,-2.791739041168898083e+01,6.748531574400693955e+01,-1.159743948628863563e+01
2.359999999999999876e+00,-1.518547777724440273e+01,-3.064288642066104984e+01,6.634749144565901702e+01,-1.214075894404076728e+01
2.370000000000000107e+00,-1.536229085967098129e+01,-3.342429625770251533e+01,6.521565535530933744e+01,-1.262148492973047453e+01
2.379999999999999893e+00,-1.553526770630435649e+01,-3.626325728176215790e+01,6.409141055313692448e+01,-1.304164713980835444e+01
2.390000000000000124e+00,-1.570432108851286479e+01,-3.916086218402912067e+01,6.297637963392266869e+01,-1.340300818006113026e+01
2.399999999999999911e+00,-1.586936482641988633e+01,-4.211759703710423253e+01,6.187226377158208379e+01,-1.370713718902564437e+01
2.410000000000000142e+00,-1.603030834781897696e+01,-4.513328686824815605e+01,6.078087940459779048e+01,-1.395548806072044989e+01
2.419999999999999929e+00,-1.618705172788514091e+01,-4.820704973341722166e+01,5.970417355863062880e+01,-1.414947740022733491e+01
2.430000000000000160e+00,-1.633948145405587837e+01,-5.133726016545917048e+01,5.864421971922587318e+01,-1.429055790037008045e+01
2.439999999999999947e+00,-1.648746710476653021e+01,-5.452152281510343812e+01,5.760319690338199194e+01,-1.438028354534973374e+01
2.450000000000000178e+00,-1.663085906143417603e+01,-5.775665709029248518e+01,5.658335511436880694e+01,-1.442036388628618582e+01
2.459999999999999964e+00,-1.676948729423543583e+01,-6.103869361192195697e+01,5.558697067365869771e+01,-1.441270553879742877e+01
2.470000000000000195e+00,-1.690316117859030243e+01,-6.436288331946887808e+01,5.461629500005047078e+01,-1.435943996098455777e+01
2.479999999999999982e+00,-1.703167021629586841e+01,-6.772372005241197712e+01,5.367350026262447216e+01,-1.426293741868553511e+01
2.490000000000000213e+00,-1.715478545899619789e+01,-7.111497737807999897e+01,5.276062500377885556e+01,-1.412580777884437389e+01
2.500000000000000000e+00,-1.727226136858234185e+01,-7.452976031391602874e+01,5.187952235866988815e+01,-1.395088935084875992e+01
2.509999999999999787e+00,-1.738383780574937987e+01,-7.796057239131052086e+01,5.103181294353051811e+01,-1.374122739732207421e+01
2.520000000000000018e+00,-1.748924182046653542e+01,-8.139939822909710188e+01,5.021884390451241842e+01,-1.350004415668152546e+01
2.529999999999999805e+00,-1.758818893167888220e+01,-8.483780143872991175e+01,4.944165506274098476e+01,-1.323070227360711293e+01
2.540000000000000036e+00,-1.768038363153205594e+01,-8.826703729037093638e+01,4.870095260214408484e+01,-1.293666344776289989e+01
2.549999999999999822e+00,-1.776551893268767301e+01,-9.167817915481693092e+01,4.799709035345974684e+01,-1.262144392182820773e+01
2.560000000000000053e+00,-1.784327489368721942e+01,-9.506225732452504928e+01,4.733005844606133650e+01,-1.228856817715858440e+01
2.569999999999999840e+00,-1.791331620119610335e+01,-9.841040842431713997e+01,4.669947893129881322e+01,-1.194152192869003315e+01
2.580000000000000071e+00,-1.797528905016287482e+01,-1.017140332516961934e+02,4.610460791822094251e+01,-1.158370524551771297e+01
2.589999999999999858e+00,-1.802881773100271801e+01,-1.049649605244441801e+02,4.554434378745786915e+01,-1.121838639906133750e+01
2.600000000000000089e+00,-1.807350149155610453e+01,-1.081556136301523026e+02,4.501724113825703455e+01,-1.084865687832235182e+01
2.609999999999999876e+00,-1.810891237333662218e+01,-1.112791770300854779e+02,4.452153025010269971e+01,-1.047738792460768842e+01
2.620000000000000107e+00,-1.813459480774208643e+01,-1.143297584321831266e+02,4.405514197540435362e+01,-1.010718893110325567e+01
2.629999999999999893e+00,-1.815006777969182039e+01,-1.173025421973397897e+02,4.361573809513934208e+01,-9.740368122542362173e+00
2.640000000000000124e+00,-1.815483030640636031e+01,-1.201939286981612298e+02,4.320074723880073719e+01,-9.378896065861615838e+00
2.649999999999999911e+00,-1.814837082459423812e+01,-1.230016535813726080e+02,4.280740647096944684e+01,-9.024372745735362855e+00
2.660000000000000142e+00,-1.813018082413118037e+01,-1.257248802267020267e+02,4.243280856225850783e+01,-8.677999144087694461e+00
2.669999999999999929e+00,-1.809977271530244636e+01,-1.283642583364564871e+02,4.207395478279103429e+01,-8.340554459366549267e+00
2.680000000000000160e+00,-1.805670148933844388e+01,-1.309219417569877066e+02,4.172781278189117415e+01,-8.012380254988681116e+00
2.689999999999999947e+00,-1.800058926486376976e+01,-1.334015595457719883e+02,4.139137875984563664e+01,-7.693372901327564684e+00
2.700000000000000178e+00,-1.793115135921710035e+01,-1.358081361125894659e+02,4.106174272051283225e+01,-7.382985638939875805e+00
2.709999999999999964e+00,-1.784822214856092515e+01,-1.381479590107317676e+02,4.073615515367982454e+01,-7.080241416611957384e+00
2.720000000000000195e+00,-1.775177875184939680e+01,-1.404283964881633153e+02,4.041209308027828939e+01,-6.783757332480706559e+00
2.729999999999999982e+00,-1.764196054750383169e+01,-1.426576708884297773e+02,4.008732305516245731e+01,-6.491781032649857508e+00
2.740000000000000213e+00,-1.751908273877714350e+01,-1.448445979128393617e+02,3.975995851470215570e+01,-6.202238821558924364e+00
2.750000000000000000e+00,-1.738364261788943566e+01,-1.469983050347852895e+02,3.942850882628598441e+01,-5.912794554078927511e+00
2.759999999999999787e+00,-1.723631779268803754e+01,-1.491279444502730485e+02,3.909191757506230402e+01,-5.620917670516631048e+00
2.770000000000000018e+00,-1.707795635059667205e+01,-1.512424164790587895e+02,3.874958801887160575e+01,-5.323958073376971356e+00
2.779999999999999805e+00,-1.690955964155076074e+01,-1.533501181829754785e+02,3.840139423802359175e+01,-5.019225002247516443e+00
2.790000000000000036e+00,-1.673225896496128229e+01,-1.554587293190009802e+02,3.804767725841188053e+01,-4.704066705825147743e+00
2.799999999999999822e+00,-1.654728786840895793e+01,-1.575750440211018315e+02,3.768922626809505516e+01,-4.375947584865698126e+00
2.810000000000000053e+00,-1.635595196711708965e+01,-1.597048523813210181e+02,3.732724589850928254e+01,-4.032519607415364860e+00
2.819999999999999840e+00,-1.615959817325477132e+01,-1.618528719709711083e+02,3.696331131855957608e+01,-3.671685168692033763e+00
2.830000000000000071e+00,-1.595958501768844506e+01,-1.640227258042785650e+02,3.659931351853222736e+01,-3.291649143997060101e+00
2.839999999999999858e+00,-1.575725541124452000e+01,-1.662169606237799826e+02,3.623739758586548732e+01,-2.890958602456298987e+00
2.850000000000000089e+00,-1.555391279280164341e+01,-1.684370978070145668e+02,3.587989696719598243e+01,-2.468529436887420214e+00
2.859999999999999876e+00,-1.535080120716672880e+01,-1.706837086111424640e+02,3.552926667005506545e+01,-2.023659942708589732e+00
2.870000000000000107e+00,-1.514908949234478541e+01,-1.729565057166650206e+02,3.518801810848120226e+01,-1.556032076544404452e+00
2.879999999999999893e+00,-1.494985946172766766e+01,-1.752544438714588750e+02,3.485865788498827555e+01,-1.065701689286809417e+00
2.890000000000000124e+00,-1.475409775352086506e+01,-1.775758236310491043e+02,3.454363228381782136e+01,-5.530794260542531982e-01
2.899999999999999911e+00,-1.456269088586950744e+01,-1.799183935285466305e+02,3.424527868716955226e+01,-1.890420598824250203e-02
2.910000000000000142e+00,-1.437642299145392322e+01,1.777205526746620592e+02,3.396578457233521675e+01,5.357887529755916978e-01
2.919999999999999929e+00,-1.419597569530104764e+01,1.753440858170060892e+02,3.370715424822469686e+01,1.109703491318759561e+00
2.930000000000000160e+00,-1.402192962875721527e+01,1.729555594013382631e+02,3.347118307615625099e+01,1.701320777037584886e+00
2.939999999999999947e+00,-1.385476712687552414e+01,1.705585362603003432e+02,3.325943860950723518e+01,2.308936093043267856e+00
2.950000000000000178e+00,-1.369487572427735067e+01,1.681567235955292290e+02,3.307324788470689469e+01,2.930697062945847531e+00
2.959999999999999964e+00,-1.354255213713423345e+01,1.657539157531262504e+02,3.291368999671594509e+01,3.564639553991344911e+00
2.970000000000000195e+00,-1.339800649030103052e+01,1.633539438386249003e+02,3.278159308296847030e+01,4.208721993711705522e+00
2.979999999999999982e+00,-1.326136661512175152e+01,1.609606311366768807e+02,3.267753490381777226e+01,4.860857694756998804e+00
2.990000000000000213e+00,-1.313268230309291340e+01,1.585777532561336898e+02,3.260184632604454436e+01,5.518945188066352259e+00
3.000000000000000000e+00,-1.301192945268178569e+01,1.562090019468674882e+02,3.255461717011709055e+01,6.180896711477368299e+00
3.009999999999999787e+00,-1.289901409119116948e+01,1.538579516124057136e+02,3.253570405392837728e+01,6.844665087274066195e+00
3.020000000000000018e+00,-1.279377629104729230e+01,1.515280276590178801e+02,3.254474003968694262e+01,7.508269249891887931e+00
3.029999999999999805e+00,-1.269599403076921718e+01,1.492224759682362389e+02,3.258114605244693252e+01,8.169818658689232294e+00
3.040000000000000036e+00,-1.260538707556671767e+01,1.469443329501050641e+02,3.264414417629696885e+01,8.827536757195192152e+00
3.049999999999999822e+00,-1.252162097119285633e+01,1.446963958250152587e+02,3.273277303722844778e+01,9.479783528244196233e+00
3.060000000000000053e+00,-1.244431125724398335e+01,1.424811929900484415e+02,3.284590554183669298e+01,1.012507705430421545e+01
3.069999999999999840e+00,-1.237302801215563264e+01,1.403009545483954241e+02,3.298226925208819438e+01,1.076211383612611883e+01
3.080000000000000071e+00,-1.230730084103493738e+01,1.381575833134398010e+02,3.314046963479750474e+01,1.138978746413008203e+01
3.089999999999999858e+00,-1.224662440839495936e+01,1.360526268360673612e+02,3.331901632974602023e+01,1.200720509043069839e+01
3.100000000000000089e+00,-1.219046460000673449e+01,1.339872512352830825e+02,3.351635243587287505e+01,1.261370103036672319e+01
3.109999999999999876e+00,-1.213826537085421542e+01,1.319622178254400353e+02,3.373088662832395102e+01,1.320884674569940032e+01
3.120000000000000107e+00,-1.208945629940190436e+01,1.299778637121509632e+02,3.396102770253419578e+01,1.379245644035112939e+01
3.129999999999999893e+00,-1.204346082260122408e+01,1.280340876544249511e+02,3.420522091138491305e+01,1.436458754342266531e+01
3.140000000000000124e+00,-1.199970507274724163e+01,1.261303425427116736e+02,3.446198523763423793e+01,1.492553546807868869e+01
3.149999999999999911e+00,-1.195762717904159267e+01,1.242656358022918681e+02,3.472995054789494418e+01,1.547582221730778684e+01
3.160000000000000142e+00,-1.191668683727548128e+01,1.224385388836532940e+02,3.500789342773249047e+01,1.601617865008840624e+01
3.169999999999999929e+00,-1.187637489520674450e+01,1.206472067380281459e+02,3.529477041846050867e+01,1.654752050869429070e+01
3.180000000000000160e+00,-1.183622265445605670e+01,1.188894077991998586e+02,3.558974737809802491e+01,1.707091861835054658e+01
3.189999999999999947e+00,-1.179581055772586851e+01,1.171625645165273681e+02,3.589222377751661242e+01,1.758756397883862732e+01
3.200000000000000178e+00,-1.175477591791360688e+01,1.154638039367181790e+02,3.620185091521722143e+01,1.809872874737166271e+01
3.209999999999999964e+00,-1.171281935694688414e+01,1.137900172532139749e+02,3.651854327886493223e+01,1.860572433850366991e+01
3.220000000000000195e+00,-1.166970965851666620e+01,1.121379266810107396e+02,3.684248257947414373e+01,1.910985802037921033e+01
3.229999999999999982e+00,-1.162528679932593789e+01,1.105041575235894413e+02,3.717411431039514014e+01,1.961238945512091547e+01
3.240000000000000213e+00,-1.157946300424894837e+01,1.088853129264982869e+02,3.751413701104344511e+01,2.011448861129021637e+01
3.250000000000000000e+00,-1.153222176566904444e+01,1.072780485979388487e+02,3.786348471863085763e+01,2.061719637387112414e+01
3.259999999999999787e+00,-1.148361486820486554e+01,1.056791447435034428e+02,3.822330334801871743e+01,2.112138900575774869e+01
3.270000000000000018e+00,-1.143375755825083040e+01,1.040855726136141755e+02,3.859492193461466059e+01,2.162774739367138821e+01
3.279999999999999805e+00,-1.138282208484100444e+01,1.024945533818068668e+02,3.897981980009526382e+01,2.213673176320706659e+01
3.290000000000000036e+00,-1.133102990736552940e+01,1.009036075260874554e+02,3.937959075564900502e+01,2.264856229476086469e+01
3.299999999999999822e+00,-1.127864291198345015e+01,9.931059342819108338e+01,3.979590544940585062e+01,2.316320583431594216e+01
3.310000000000000053e+00,-1.122595400026208523e+01,9.771373448526782113e+01,4.023047290608219129e+01,2.368036868575572740e+01
3.319999999999999840e+00,-1.117327741139395059e+01,9.611163459525346298e+01,4.068500221313095011e+01,2.419949530407917493e+01
3.330000000000000071e+00,-1.112093911635202481e+01,9.450328238822844185e+01,4.116116519531332330e+01,2.471977258508324837e+01
3.339999999999999858e+00,-1.106926758319936610e+01,9.288804500013260679e+01,4.166056080394967154e+01,2.524013936460117336e+01
3.350000000000000089e+00,-1.101858516294222667e+01,9.126565250424860665e+01,4.218468184079297600e+01,2.575930069248567378e+01
3.359999999999999876e+00,-1.096920029032893318e+01,8.963617432491774650e+01,4.273488454827145233e+01,2.627574642321611620e+01
3.370000000000000107e+00,-1.092140063879392820e+01,8.799998906312880820e+01,4.331236153211218465e+01,2.678777365461733240e+01
3.379999999999999893e+00,-1.087544731727862590e+01,8.635774917929512640e+01,4.391811843889394851e+01,2.729351253684957257e+01
3.390000000000000124e+00,-1.083157015167894954e+01,8.471034192395288187e+01,4.455295478551020238e+01,2.779095495494627599e+01
3.399999999999999911e+00,-1.078996405670539716e+01,8.305884780341089879e+01,4.521744932191037236e+01,2.827798555154653570e+01
3.410000000000000142e+00,-1.075078647544302513e+01,8.140449773492848351e+01,4.591195029230215141e+01,2.875241449730039633e+01
3.419999999999999929e+00,-1.071415584343284877e+01,7.974862990266393581e+01,4.663657093122014885e+01,2.921201133401910255e+01
3.430000000000000160e+00,-1.068015102060430088e+01,7.809264718561567520e+01,4.739119047734440215e+01,2.965453911378792284e+01
3.439999999999999947e+00,-1.064881162643060009e+01,7.643797590215577031e+01,4.817546089881897586e+01,3.007778794425487234e+01
3.450000000000000178e+00,-1.062013920964678704e+01,7.478602650854338663e+01,4.898881939096335003e+01,3.047960693858220083e+01
3.459999999999999964e+00,-1.059409918217371427e+01,7.313815680323006063e+01,4.983050652677589198e+01,3.085793347379608775e+01
3.470000000000000195e+00,-1.057062344608529258e+01,7.149563812390984197e+01,5.069958971391781688e+01,3.121081860111954853e+01
3.479999999999999982e+00,-1.054961364134612900e+01,6.985962497661823534e+01,5.159499134650921093e+01,3.153644744409432477e+01
3.490000000000000213e+00,-1.053094493975048174e+01,6.823112850040513422e+01,5.251552074991946739e+01,3.183315348069091044e+01
3.500000000000000000e+00,-1.051447030648152747e+01,6.661099414066636371e+01,5.345990872137095096e+01,3.209942574579429220e+01
3.509999999999999787e+00,-1.050002514482498128e+01,6.499988387211287488e+01,5.442684319248443359e+01,3.233390821583709851e+01
3.520000000000000018e+00,-1.048743223202384378e+01,6.339826327176133702e+01,5.541500430791622023e+01,3.253539094558347244e+01
3.529999999999999805e+00,-1.047650684560321110e+01,6.180639368727586458e+01,5.642309705243553708e+01,3.270279290736582567e+01
3.540000000000000036e+00,-1.046706197057574350e+01,6.022432967197625686e+01,5.744987948912390863e+01,3.283513691654236055e+01
3.549999999999999822e+00,-1.045891346982950409e+01,5.865192176238355160e+01,5.849418470957502336e+01,3.293151748802932843e+01
3.560000000000000053e+00,-1.045188509389526565e+01,5.708882455726045890e+01,5.955493475049966889e+01,3.299106292767789483e+01
3.569999999999999840e+00,-1.044581320338943087e+01,5.553450992138745335e+01,6.063114499817961445e+01,3.301289338804400586e+01
3.580000000000000071e+00,-1.044055107880428146e+01,5.398828498810569698e+01,6.172191797193656271e+01,3.299607698181976900e+01
3.589999999999999858e+00,-1.043597269878234712e+01,5.244931447965489468e+01,6.282642583178616746e+01,3.293958632383004925e+01
3.600000000000000089e+00,-1.043197588000174036e+01,5.091664671301377609e+01,6.394388147018501201e+01,3.284225804692064798e+01
3.609999999999999876e+00,-1.042848468929259020e+01,4.938924252167724660e+01,6.507349859750286214e+01,3.270275789882245476e+01
3.620000000000000107e+00,-1.042545106107540676e+01,4.786600621086247997e+01,6.621444179041381517e+01,3.251955397396738334e+01
3.629999999999999893e+00,-1.042285557966282639e+01,4.634581758404722507e+01,6.736576801954385019e+01,3.229090046965666261e+01
3.640000000000000124e+00,-1.042070741499243347e+01,4.482756403931106348e+01,6.852636168922182947e+01,3.201483408669270858e+01
3.649999999999999911e+00,-1.041904343028925872e+01,4.331017173846372259e+01,6.969486569379267848e+01,3.168918482815752213e+01
3.660000000000000142e+00,-1.041792650921181718e+01,4.179263490069455145e+01,7.086961141006997877e+01,3.131160249282782715e+01
3.669999999999999929e+00,-1.041744317650685758e+01,4.027404236230520951e+01,7.204855089286608916e+01,3.087959961584243729e+01
3.680000000000000160e+00,-1.041770060861572134e+01,3.875360066867208531e+01,7.322919480656096880e+01,3.039061098075626788e+01
3.689999999999999947e+00,-1.041882314793938846e+01,3.723065311525927967e+01,7.440855979189302616e+01,2.984206911595805423e+01
3.700000000000000178e+00,-1.042094844593600023e+01,3.570469432116526320e+01,7.558312900869539419e+01,2.923149439964505802e+01
3.709999999999999964e+00,-1.042422336573130792e+01,3.417538009087356699e+01,7.674882948090206014e+01,2.855659754365542469e+01
3.720000000000000195e+00,-1.042879977475491593e+01,3.264253248781179906e+01,7.790102956437719683e+01,2.781539133216192639e+01
3.729999999999999982e+00,-1.043483035273591852e+01,3.110614019866051549e+01,7.903455932611295509e+01,2.700630759744898413e+01
3.740000000000000213e+00,-1.044246453112566364e+01,2.956635440385321800e+01,8.014375583776825351e+01,2.612831458123281791e+01
3.750000000000000000e+00,-1.045184466773211973e+01,2.802348048342139464e+01,8.122253433640406683e+01,2.518102913361539308e+01
3.759999999999999787e+00,-1.046310254614051161e+01,2.647796597664280682e+01,8.226448490517726952e+01,2.416481773343515727e+01
3.770000000000000018e+00,-1.047635627436914518e+01,2.493038527929034487e+01,8.326299282474843722e+01,2.308088016831534617e+01
3.779999999999999805e+00,-1.049170764201895523e+01,2.338142160571565498e+01,8.421137912829750860e+01,2.193130997585418029e+01
3.790000000000000036e+00,-1.050923998056161679e+01,2.183184676773987576e+01,8.510305628230788955e+01,2.071912647983256406e+01
3.799999999999999822e+00,-1.052901655779198009e+01,2.028249933211225908e+01,8.593169246340903555e+01,1.944827447626276040e+01
3.810000000000000053e+00,-1.055107952503893110e+01,1.873426171698282872e+01,8.669137677340626169e+01,1.812358929812849340e+01
3.819999999999999840e+00,-1.057544942448569891e+01,1.718803677888119097e+01,8.737677708630457118e+01,1.675072701789621021e+01
3.830000000000000071e+00,-1.060212525374665660e+01,1.564472442787405448e+01,8.798328217510308491e+01,1.533606177785394564e+01
3.839999999999999858e+00,-1.063108507543015158e+01,1.410519879178838742e+01,8.850712038763386147e+01,1.388655446980866337e+01
3.850000000000000089e+00,-1.066228715048909415e+01,1.257028643148274227e+01,8.894544842073860025e+01,1.240959899625774199e+01
3.859999999999999876e+00,-1.069567156543230624e+01,1.104074608803202651e+01,8.929640559115306075e+01,1.091285392269218235e+01
3.870000000000000107e+00,-1.073116231470718773e+01,9.517250418336290707e+00,8.955913125688701371e+01,9.404068303638704052e+00
3.879999999999999893e+00,-1.076866979063336771e+01,8.000370146372814517e+00,8.973374548872688194e+01,7.890910728920943029e+00
3.890000000000000124e+00,-1.080809362416463237e+01,6.490561020933562908e+00,8.982129548829182397e+01,6.380810169906224516e+00
3.899999999999999911e+00,-1.084932581062913570e+01,4.988153924973244280e+00,8.982367236741862371e+01,4.880816071910459186e+00
3.910000000000000142e+00,-1.089225404574424338e+01,3.493348424605885238e+00,8.974350455522849757e+01,3.397483475653993334e+00
3.919999999999999929e+00,-1.093676518906775996e+01,2.006209975879559071e+00,8.958403515958563901e+01,1.936786945553425010e+00
3.930000000000000160e+00,-1.098274876518047805e+01,5.266709242311427008e-01,8.934899102922021541e+01,5.040649453946022263e-01
3.939999999999999947e+00,-1.103010040791917490e+01,-9.454646643910178394e-01,8.904245106512388475e+01,-8.960057651418221747e-01
3.950000000000000178e+00,-1.107872515051376006e+01,-2.410512408303683962e+00,8.866872059935705863e+01,-2.259407965702797672e+00
3.959999999999999964e+00,-1.112854046508992312e+01,-3.868895432156763903e+00,8.823221752208030466e+01,-3.582757756504243662e+00
3.970000000000000195e+00,-1.117947895910130995e+01,-5.321128904101977142e+00,8.773737443927291224e+01,-4.863259027372405008e+00
3.979999999999999982e+00,-1.123149064407847497e+01,-6.767801699256924763e+00,8.718855962987468899e+01,-6.098643931359949200e+00
3.990000000000000213e+00,-1.128454470360241757e+01,-8.209555704842559365e+00,8.659001807193192235e+01,-7.287104826580505623e+00
4.000000000000000000e+00,-1.133863070232886905e+01,-9.647063371157676315e+00,8.594583242730304562e+01,-8.427222923799501331e+00
4.009999999999999787e+00,-1.139375919563801531e+01,-1.108100418035509271e+01,8.525990268878169331e+01,-9.517898351626818965e+00
4.019999999999999574e+00,-1.144996171925597928e+01,-1.251204074733072247e+01,8.453594224864795592e+01,-1.055828560640605396e+01
4.030000000000000249e+00,-1.150729015900744656e+01,-1.394079528108866661e+01,8.377748746517562495e+01,-1.154773746943745572e+01
4.040000000000000036e+00,-1.156581552164162296e+01,-1.536782711974912452e+01,8.298791738506496074e+01,-1.248575952276113732e+01
4.049999999999999822e+00,-1.162562614735627520e+01,-1.679361200901968232e+01,8.217048011185116252e+01,-1.337197643982760908e+01
4.059999999999999609e+00,-1.168682542225646870e+01,-1.821852372539613185e+01,8.132832236925399627e+01,-1.420611032220051229e+01
4.070000000000000284e+00,-1.174952906373623662e+01,-1.964281855616856376e+01,8.046451906306636204e+01,-1.498797054115414973e+01
4.080000000000000071e+00,-1.181386206311250575e+01,-2.106662304410285813e+01,7.958210005933389652e+01,-1.571745385717594168e+01
4.089999999999999858e+00,-1.187995537749283237e+01,-2.248992529164161169e+01,7.868407193048474824e+01,-1.639455305520848682e+01
4.099999999999999645e+00,-1.194794246681730243e+01,-2.391257000373704145e+01,7.777343303272058961e+01,-1.701937196386831630e+01
4.110000000000000320e+00,-1.201795577251724367e+01,-2.533425733554721759e+01,7.685318092457598027e+01,-1.759214452822935471e+01
4.120000000000000107e+00,-1.209012323171367420e+01,-2.675454550573892121e+01,7.592631177630870809e+01,-1.811325557369945471e+01
4.129999999999999893e+00,-1.216456491589679700e+01,-2.817285704133785629e+01,7.499581201410329356e+01,-1.858326101921961993e+01
4.139999999999999680e+00,-1.224138987620526464e+01,-2.958848843784202742e+01,7.406464295887300864e+01,-1.900290554902494833e+01
4.150000000000000355e+00,-1.232069326936948883e+01,-3.100062294924926931e+01,7.313571963132262965e+01,-1.937313610416358856e+01
4.160000000000000142e+00,-1.240255382963832709e+01,-3.240834616614732511e+01,7.221188518678341950e+01,-1.969510997396778862e+01
4.169999999999999929e+00,-1.248703174299997798e+01,-3.381066399460988237e+01,7.129588260915319609e+01,-1.997019671819142417e+01
4.179999999999999716e+00,-1.257416697102135927e+01,-3.520652261229233204e+01,7.039032533697385929e+01,-2.019997359844283125e+01
4.190000000000000391e+00,-1.266397806279805138e+01,-3.659482994860616856e+01,6.949766842886300822e+01,-2.038621461292182246e+01
4.200000000000000178e+00,-1.275646148481288478e+01,-3.797447821107024879e+01,6.862018171950130352e+01,-2.053087358772704363e+01
4.209999999999999964e+00,-1.285159148980407195e+01,-3.934436695826384067e+01,6.775992619463291078e+01,-2.063606206520219288e+01
4.219999999999999751e+00,-1.294932053680260609e+01,-4.070342620031434677e+01,6.691873454904202845e+01,-2.070402293703111596e+01
4.230000000000000426e+00,-1.304958026502390744e+01,-4.205063899050738030e+01,6.609819660920413753e+01,-2.073710089663719813e+01
4.240000000000000213e+00,-1.315228301399225153e+01,-4.338506295738233121e+01,6.529965002327075752e+01,-2.073771083772455981e+01
4.250000000000000000e+00,-1.325732387089297148e+01,-4.470585021752035004e+01,6.452417636188108929e+01,-2.070830531389358597e+01
4.259999999999999787e+00,-1.336458321354287193e+01,-4.601226510801605940e+01,6.377260254564739483e+01,-2.065134211126532549e+01
4.269999999999999574e+00,-1.347392970355265795e+01,-4.730369918787123140e+01,6.304550732569124705e+01,-2.056925288596599444e+01
4.280000000000000249e+00,-1.358522366943306281e+01,-4.857968298314795419e+01,6.234323239448713139e+01,-2.046441369457128800e+01
4.290000000000000036e+00,-1.369832080399433138e+01,-4.983989399548767096e+01,6.166589759408029181e+01,-2.033911810990819546e+01
4.299999999999999822e+00,-1.381307608506253892e+01,-5.108416056075895995e+01,6.101341961354443555e+01,-2.019555347627218467e+01
4.309999999999999609e+00,-1.392934781415064371e+01,-5.231246123626241484e+01,6.038553352193573431e+01,-2.003578072379112385e+01
4.320000000000000284e+00,-1.404700165530276479e+01,-5.352491951154541283e+01,5.978181646114548897e+01,-1.986171803541892800e+01
4.330000000000000071e+00,-1.416591454698465569e+01,-5.472179377789149868e+01,5.920171281944531927e+01,-1.967512854371388897e+01
4.339999999999999858e+00,-1.428597835471254385e+01,-5.590346265100638590e+01,5.864456021658011053e+01,-1.947761212827605704e+01
4.349999999999999645e+00,-1.440710313204501603e+01,-5.707040591409663932e+01,5.810961565163721332e+01,-1.927060128753239709e+01
4.360000000000000320e+00,-1.452921986330077075e+01,-5.822318152609248187e+01,5.759608119358498612e+01,-1.905536096901418119e+01
4.370000000000000107e+00,-1.465228257322907446e+01,-5.936239931236087841e+01,5.710312863052322285e+01,-1.883299215898352941e+01
4.379999999999999893e+00,-1.477626970672749351e+01,-6.048869211237429511e+01,5.662992253745090920e+01,-1.860443895433028061e+01
4.389999999999999680e+00,-1.490118470497368719e+01,-6.160268529018093631e+01,5.617564127445490385e+01,-1.837049876693676609e+01
4.400000000000000355e+00,-1.502705573196467270e+01,-6.270496561029033700e+01,5.573949548851260261e+01,-1.813183524394619894e+01
4.410000000000000142e+00,-1.515393453602136020e+01,-6.379605053711458851e+01,5.532074376320004916e+01,-1.788899342814860915e+01
4.419999999999999929e+00,-1.528189446266014606e+01,-6.487635902678253785e+01,5.491870514150623706e+01,-1.764241663325948295e+01
4.429999999999999716e+00,-1.541102766662938883e+01,-6.594618484573386752e+01,5.453276833681746183e+01,-1.739246447179395716e+01
4.440000000000000391e+00,-1.554144160022503485e+01,-6.700567337404777390e+01,5.416239754413243190e+01,-1.713943145111268507e+01
4.450000000000000178e+00,-1.567325488086549612e+01,-6.805480273888291265e+01,5.380713486492613384e+01,-1.688356554821571009e+01
4.459999999999999964e+00,-1.580659266233028859e+01,-6.909336998266451246e+01,5.346659946124466245e+01,-1.662508618743443733e+01
4.469999999999999751e+00,-1.594158165050886744e+01,-7.012098281070132089e+01,5.314048365354314996e+01,-1.636420107776588040e+01
4.480000000000000426e+00,-1.607834491587956194e+01,-7.113705729265507216e+01,5.282854626827534616e+01,-1.610112141752422588e+01
4.490000000000000213e+00,-1.621699666156229824e+01,-7.214082171947147515e+01,5.253060362135960304e+01,-1.583607504142177547e+01
4.500000000000000000e+00,-1.635763710828221562e+01,-7.313132664785935333e+01,5.224651858902065982e+01,-1.556931716629728690e+01
4.509999999999999787e+00,-1.650034765671967563e+01,-7.410746100159509808e+01,5.197618826565103234e+01,-1.530113848288871914e+01
4.519999999999999574e+00,-1.664518648429630332e+01,-7.506797394363189824e+01,5.171953073782113819e+01,-1.503187043823981028e+01
4.530000000000000249e+00,-1.679218472808625151e+01,-7.601150208368379424e+01,5.147647151405346477e+01,-1.476188765240697975e+01
4.540000000000000036e+00,-1.694134339860473659e+01,-7.693660143927870365e+01,5.124693014215654330e+01,-1.449160751018183113e+01
4.549999999999999822e+00,-1.709263116067666743e+01,-7.784178341993350614e+01,5.103080752133286069e+01,-1.422148706018316133e+01
4.559999999999999609e+00,-1.724598310695637338e+01,-7.872555394992413369e+01,5.082797437707412058e+01,-1.395201743720770793e+01
4.570000000000000284e+00,-1.740130063604031818e+01,-7.958645468227402375e+01,5.063826131550090537e+01,-1.368371609724926685e+01
4.580000000000000071e+00,-1.755845252919657895e+01,-8.042310508482253795e+01,5.046145081280369027e+01,-1.341711721694315074e+01
4.589999999999999858e+00,-1.771727729599849965e+01,-8.123424400208033092e+01,5.029727142713264243e+01,-1.315276065983158205e+01
4.599999999999999645e+00,-1.787758682802179777e+01,-8.201876912225156957e+01,5.014539444666333168e+01,-1.289117995070809108e+01
4.610000000000000320e+00,-1.803917135991893161e+01,-8.277577262069667086e+01,5.000543311024047455e+01,-1.263288972653982611e+01
4.620000000000000107e+00,-1.820180568785350061e+01,-8.350457112766036971e+01,4.987694445720597969e+01,-1.237837314828667346e+01
4.629999999999999893e+00,-1.836525653660842750e+01,-8.420472810178907253e+01,4.975943378172115672e+01,-1.212806976238565859e+01
4.639999999999999680e+00,-1.852929090004058565e+01,-8.487606670635675243e+01,4.965236158497017982e+01,-1.188236429356778601e+01
4.650000000000000355e+00,-1.869368510775678160e+01,-8.551867140584850802e+01,4.955515283705901197e+01,-1.164157683156568268e+01
4.660000000000000142e+00,-1.885823429822822206e+01,-8.613287674552587703e+01,4.946720828047256902e+01,-1.140595484251437419e+01
4.669999999999999929e+00,-1.902276191063869959e+01,-8.671924215585103468e+01,4.938791743034569492e+01,-1.117566739075442328e+01
4.679999999999999716e+00,-1.918712875098437820e+01,-8.727851213443332767e+01,4.931667285580776650e+01,-1.095080189781344515e+01
4.690000000000000391e+00,-1.935124114878054513e+01,-8.781156178236095400e+01,4.925288526406986733e+01,-1.073136369250706679e+01
4.700000000000000178e+00,-1.951505770476047275e+01,-8.831932837530118263e+01,4.919599885794903571e+01,-1.051727852000535002e+01
4.709999999999999964e+00,-1.967859414084414738e+01,-8.880273038475637293e+01,4.914550640157005290e+01,-1.030839807992119539e+01
4.719999999999999751e+00,-1.984192580228741321e+01,-8.926257607503524127e+01,4.910096341131983877e+01,-1.010450855662919345e+01
4.730000000000000426e+00,-2.000518742586741183e+01,-8.969946442978066159e+01,4.906200089252462249e+01,-9.905341992823462505e+00
4.740000000000000213e+00,-2.016856987146466196e+01,-9.011368165984633549e+01,4.902833606864405169e+01,-9.710590244441915431e+00
4.750000000000000000e+00,-2.033231360900220963e+01,-9.050509688122826901e+01,4.899978059965772559e+01,-9.519921146878907336e+00
4.759999999999999787e+00,-2.049669884841180334e+01,-9.087306072201036500e+01,4.897624585888989657e+01,-9.332996424515696887e+00
4.769999999999999574e+00,-2.066203228721143859e+01,-9.121631064423797852e+01,4.895774493030928909e+01,-9.149490793462046412e+00
4.780000000000000249e+00,-2.082863052039547469e+01,-9.153288670230756452e+01,4.894439109736413229e+01,-8.969111645732288807e+00
4.790000000000000036e+00,-2.099680020628982291e+01,-9.182006137993110428e+01,4.893639271440183336e+01,-8.791618665388224230e+00
4.799999999999999822e+00,-2.116681511059250198e+01,-9.207428714461710229e+01,4.893404447658168976e+01,-8.616842715384271045e+00
4.809999999999999609e+00,-2.133889016604904398e+01,-9.229116552793593087e+01,4.893771522750394354e+01,-8.444703348068268056e+00
4.820000000000000284e+00,-2.151315270120858258e+01,-9.246544196841374230e+01,4.894783255943737998e+01,-8.275224330815497353e+00
4.830000000000000071e+00,-2.168961103008964031e+01,-9.259103140345490601e+01,4.896486456377664354e+01,-8.108546637772070298e+00
4.839999999999999858e+00,-2.186812068465520298e+01,-9.266108068425538136e+01,4.898929917528224820e+01,-7.944938434563478147e+00
4.849999999999999645e+00,-2.204834875033872521e+01,-9.266807525985484517e+01,4.902162162048283278e+01,-7.784801669757209552e+00
4.860000000000000320e+00,-2.222973707376397101e+01,-9.260399907487698101e+01,4.906229052786032696e+01,-7.628674979385452914e+00
4.870000000000000107e+00,-2.241146559525174098e+01,-9.246055794205184952e+01,4.911171328627379040e+01,-7.477232703897481514e+00
4.879999999999999893e+00,-2.259241775391106444e+01,-9.222947727551253649e+01,4.917022125109821928e+01,-7.331279906468245677e+00
4.889999999999999680e+00,-2.277115083505654525e+01,-9.190288424678826118e+01,4.923804539830922522e+01,-7.191743364930804461e+00
4.900000000000000355e+00,-2.294587524622513897e+01,-9.147378113684939649e+01,4.931529301921217723e+01,-7.059658585612850423e+00
4.910000000000000142e+00,-2.311444790525199267e+01,-9.093660970786380915e+01,4.940192603652441505e+01,-6.936152956543774728e+00
4.919999999999999929e+00,-2.327438596665721349e+01,-9.028789466853794465e+01,4.949774150918685223e+01,-6.822425221842173038e+00
4.929999999999999716e+00,-2.342290761615035422e+01,-8.952693715148090803e+01,4.960235488052352792e+01,-6.719721521721313096e+00
4.940000000000000391e+00,-2.355700610374884718e+01,-8.865650722202937573e+01,4.971518651251737708e+01,-6.629308307282164137e+00
4.950000000000000178e+00,-2.367356099222080701e+01,-8.768346058963876999e+01,4.983545203656095879e+01,-6.552442510037876922e+00
4.959999999999999964e+00,-2.376948635374561292e+01,-8.661918443557189562e+01,4.996215703474157976e+01,-6.490339426322384142e+00
4.969999999999999751e+00,-2.384190940132738135e+01,-8.547976860723022696e+01,5.009409654049000693e+01,-6.444138868588112246e+00
4.980000000000000426e+00,-2.388836561466267128e+01,-8.428580996826370608e+01,5.022985980686734564e+01,-6.414870239431825993e+00
4.990000000000000213e+00,-2.390698952590297921e+01,-8.306179506775634991e+01,5.036784072770561949e+01,-6.403417297936081276e+00
5.000000000000000000e+00,-2.389667626945934487e+01,-8.183506789989839092e+01,5.050625420409831889e+01,-6.410483506664572673e+00
5.009999999999999787e+00,-2.385718986147973197e+01,-8.063446395045788506e+01,5.064315862018427339e+01,-6.436558963470787376e+00
5.019999999999999574e+00,-2.378920080013284277e+01,-7.948875941535625600e+01,5.077648442372154136e+01,-6.481890024348737178e+00
5.030000000000000249e+00,-2.369424684545710136e+01,-7.842512440582954980e+01,5.090406859780690496e+01,-6.546452798661642980e+00
5.040000000000000036e+00,-2.357462381701847320e+01,-7.746776764830291029e+01,5.102369456376867873e+01,-6.629931731619250534e+00
5.049999999999999822e+00,-2.343322430295265946e+01,-7.663691809946872979e+01,5.113313678036744392e+01,-6.731704466200323367e+00
5.059999999999999609e+00,-2.327334846028368531e+01,-7.594822019239347810e+01,5.123020901502764701e+01,-6.850834084988246531e+00
5.070000000000000284e+00,-2.309851160577184714e+01,-7.541254530072772866e+01,5.131281497806934055e+01,-6.986069662548928250e+00
5.080000000000000071e+00,-2.291226899198326450e+01,-7.503616166835870160e+01,5.137899975401828812e+01,-7.135855807784011517e+00
5.089999999999999858e+00,-2.271807116696786366e+01,-7.482116932937239540e+01,5.142700026039838690e+01,-7.298351547383423288e+00
5.099999999999999645e+00,-2.251915591185233012e+01,-7.476609650596124368e+01,5.145529283883603711e+01,-7.471458508843909385e+00
5.110000000000000320e+00,-2.231847660293227875e+01,-7.486656368883669188e+01,5.146263605718139189e+01,-7.652857925833693287e+00
5.120000000000000107e+00,-2.211866272391756638e+01,-7.511594241969743280e+01,5.144810688936167509e+01,-7.840055538719645334e+00
5.129999999999999893e+00,-2.192200617152575859e+01,-7.550595981861542327e+01,5.141112864713705477e+01,-8.030433032639530566e+00
5.139999999999999680e+00,-2.173046652245946930e+01,-7.602722175690581707e+01,5.135148935899878353e+01,-8.221304280083652216e+00
5.150000000000000355e+00,-2.154568899040585706e+01,-7.666964461783841500e+01,5.126934970872060404e+01,-8.409974367687279795e+00
5.160000000000000142e+00,-2.136902988285451954e+01,-7.742279724112097483e+01,5.116524013169339469e+01,-8.593799214546109511e+00
5.169999999999999929e+00,-2.120158559500238127e+01,-7.827616155310646207e+01,5.104004718549061437e+01,-8.770243548684160118e+00
5.179999999999999716e+00,-2.104422232584662211e+01,-7.921932367661095498e+01,5.089498982252277415e+01,-8.936935103963859817e+00
5.190000000000000391e+00,-2.089760466174730169e+01,-8.024210815905264838e+01,5.073158665806233358e+01,-9.091713123492294102e+00
5.200000000000000178e+00,-2.076222191557926422e+01,-8.133466733080916811e+01,5.055161571220551764e+01,-9.232669587334058292e+00
5.209999999999999964e+00,-2.063841164932509287e+01,-8.248753642382744999e+01,5.035706838396470886e+01,-9.358181992689560857e+00
5.219999999999999751e+00,-2.052638017838944506e+01,-8.369166341892808703e+01,5.015009957515009376e+01,-9.466936968628280269e+00
5.230000000000000426e+00,-2.042622009556109930e+01,-8.493842093387652881e+01,4.993297591837833238e+01,-9.557944468536771154e+00
5.240000000000000213e+00,-2.033792499692545519e+01,-8.621960596349737216e+01,4.970802398595209581e+01,-9.630542717799368546e+00
5.250000000000000000e+00,-2.026140167049242180e+01,-8.752743200083568809e+01,4.947758018211645492e+01,-9.684394473914741397e+00
5.259999999999999787e+00,-2.019648004348091064e+01,-8.885451701555086856e+01,4.924394377412850332e+01,-9.719475461378776160e+00
5.269999999999999574e+00,-2.014292119265774517e+01,-9.019386992514490942e+01,4.900933422444052212e+01,-9.736056063357759527e+00
5.280000000000000249e+00,-2.010042371548679085e+01,-9.153887753620111312e+01,4.877585367368345004e+01,-9.734677484296465622e+00
5.290000000000000036e+00,-2.006862874592587787e+01,-9.288329342242906250e+01,4.854545511590328744e+01,-9.716123647529908425e+00
5.299999999999999822e+00,-2.004712388253372524e+01,-9.422122981061802705e+01,4.831991652297196538e+01,-9.681390070740636844e+00
5.309999999999999609e+00,-2.003544628110284975e+01,-9.554715323428003160e+01,4.810082092809237508e+01,-9.631650884342844776e+00
5.320000000000000284e+00,-2.003308515085890917e+01,-9.685588446126122619e+01,4.788954227701918853e+01,-9.568225039705655632e+00
5.330000000000000071e+00,-2.003948388283725990e+01,-9.814260298335052823e+01,4.768723670297166706e+01,-9.492542611438754108e+00
5.339999999999999858e+00,-2.005404203105289085e+01,-9.940285615414427411e+01,4.749483877583215730e+01,-9.406111945043647893e+00
5.349999999999999645e+00,-2.007611736057808116e+01,-1.006325728610331112e+02,4.731306221346534358e+01,-9.310488249920986448e+00
5.360000000000000320e+00,-2.010502817017713539e+01,-1.018280814068897229e+02,4.714240451609459370e+01,-9.207244096958552504e+00
5.370000000000000107e+00,-2.014005608883798715e+01,-1.029861310496460192e+02,4.698315498580839744e+01,-9.097942155691114863e+00
5.379999999999999893e+00,-2.018044953317380674e+01,-1.041039164009414719e+02,4.683540561442754324e+01,-8.984110401565615689e+00
5.389999999999999680e+00,-2.022542799384776302e+01,-1.051791036213087693e+02,4.669906435662301192e+01,-8.867219940041463744e+00
5.400000000000000355e+00,-2.027418729151247234e+01,-1.062098570779979383e+02,4.657387034478159649e+01,-8.748665530112678113e+00
5.410000000000000142e+00,-2.032590590416766219e+01,-1.071948648682817407e+02,4.645941064237062079e+01,-8.629748842982353452e+00
5.419999999999999929e+00,-2.037975241689396455e+01,-1.081333613783746159e+02,4.635513816953518784e+01,-8.511664458793397614e+00
5.429999999999999716e+00,-2.043489408126525220e+01,-1.090251448742182419e+02,4.626039046583998271e+01,-8.395488581813291162e+00
5.440000000000000391e+00,-2.049050639652876526e+01,-1.098705880374005233e+02,4.617440897922338650e+01,-8.282170438501941234e+00
5.450000000000000178e+00,-2.054578354087809089e+01,-1.106706393998492075e+02,4.609635858730515423e+01,-8.172526309917795828e+00
5.459999999999999964e+00,-2.059994939387151192e+01,-1.114268138229016927e+02,4.602534706808971521e+01,-8.067236136874246455e+00
5.469999999999999751e+00,-2.065226880724048186e+01,-1.121411705281956301e+02,4.596044424350341018e+01,-7.966842620754783333e+00
5.480000000000000426e+00,-2.070205870942219306e+01,-1.128162777223831483e+02,4.590070052326893801e+01,-7.871752723319950462e+00
5.490000000000000213e+00,-2.074869857815070517e+01,-1.134551635475034459e+02,4.584516458080204870e+01,-7.782241444439823574e+00
5.500000000000000000e+00,-2.079163979373578286e+01,-1.140612538941118999e+02,4.579289989957115381e+01,-7.698457727556082375e+00
5.509999999999999787e+00,-2.083041339960001892e+01,-1.146382984737046655e+02,4.574299993994710434e+01,-7.620432309714029628e+00
5.519999999999999574e+00,-2.086463584921757075e+01,-1.151902873834185925e+02,4.569460169480559841e+01,-7.548087297786758576e+00
5.530000000000000249e+00,-2.089401240846122221e+01,-1.157213611252640248e+02,4.564689742826561059e+01,-7.481247217146518302e+00
5.540000000000000036e+00,-2.091833800351372119e+01,-1.162357175849946458e+02,4.559914442646585542e+01,-7.419651245950491969e+00
5.549999999999999822e+00,-2.093749544673831764e+01,-1.167375197698551403e+02,4.555067263194494842e+01,-7.362966319925253522e+00
5.559999999999999609e+00,-2.095145112308095392e+01,-1.172308081148688359e+02,4.550089008297464233e+01,-7.310800771446563928e+00
5.570000000000000284e+00,-2.096024836342071040e+01,-1.177194208921346501e+02,4.544928613439420673e+01,-7.262718154854110431e+00
5.580000000000000071e+00,-2.096399885544318664e+01,-1.182069257283359036e+02,4.539543249484965060e+01,-7.218250908809516808e+00
5.589999999999999858e+00,-2.096287253651251348e+01,-1.186965645118621069e+02,4.533898217423081434e+01,-7.176913516923459468e+00
5.599999999999999645e+00,-2.095708647018734894e+01,-1.191912131303142814e+02,4.527966649175130698e+01,-7.138214849916646898e+00
5.610000000000000320e+00,-2.094689322661574238e+01,-1.196933566053935181e+02,4.521729034683378501e+01,-7.101669405575499638e+00
5.620000000000000107e+00,-2.093256926958209618e+01,-1.202050793632575250e+02,4.515172599932397901e+01,-7.066807205357414468e+00
5.629999999999999893e+00,-2.091440380544295863e+01,-1.207280696570901029e+02,4.508290564059694816e+01,-7.033182156785930061e+00
5.639999999999999680e+00,-2.089268847971156617e+01,-1.212636365868572881e+02,4.501081306144855176e+01,-7.000378746437244004e+00
5.650000000000000355e+00,-2.086770822451270391e+01,-1.218127377587020987e+02,4.493547473553326910e+01,-6.968016986833851512e+00
5.660000000000000142e+00,-2.083973347293386880e+01,-1.223760153925999532e+02,4.485695063841758667e+01,-6.935755599379202607e+00
5.669999999999999929e+00,-2.080901387147652315e+01,-1.229538386055420602e+02,4.477532511255989078e+01,-6.903293472179567125e+00
5.679999999999999716e+00,-2.077577354453209324e+01,-1.235463496422727019e+02,4.469069806871497264e+01,-6.870369484085144585e+00
5.690000000000000391e+00,-2.074020789826210986e+01,-1.241535119657319512e+02,4.460317678578166323e+01,-6.836760832797333265e+00
5.700000000000000178e+00,-2.070248189685576889e+01,-1.247751583242561395e+02,4.451286853562253754e+01,-6.802280044125828873e+00
5.709999999999999964e+00,-2.066272970184637359e+01,-1.254110371552919503e+02,4.441987421866048891e+01,-6.766770870578470820e+00
5.719999999999999751e+00,-2.062105553399239000e+01,-1.260608559444233094e+02,4.432428315188375478e+01,-6.730103309988771265e+00
5.730000000000000426e+00,-2.057753559563683154e+01,-1.267243204184913736e+02,4.422616910498257425e+01,-6.692167988764535558e+00
5.740000000000000213e+00,-2.053222087774919657e+01,-1.274011687029466771e+02,4.412558763424765829e+01,-6.652870159811283379e+00
5.750000000000000000e+00,-2.048514066845138615e+01,-1.280911998113783454e+02,4.402257471896718499e+01,-6.612123562717776792e+00
5.759999999999999787e+00,-2.043630657744638768e+01,-1.287942960579407270e+02,4.391714666254237187e+01,-6.569844384018277417e+00
5.769999999999999574e+00,-2.038571689248776764e+01,-1.295104391915955659e+02,4.380930118139369256e+01,-6.525945539009599727e+00
5.780000000000000249e+00,-2.033336108930058472e+01,-1.302397202458275558e+02,4.369901956977469126e+01,-6.480331474506177969e+00
5.790000000000000036e+00,-2.027922432493728522e+01,-1.309823432795498945e+02,4.358626979852749628e+01,-6.432893664911107479e+00
5.799999999999999822e+00,-2.022329175636532383e+01,-1.317386233540397882e+02,4.347101038115577865e+01,-6.383506942943721008e+00
5.809999999999999609e+00,-2.016555254115594664e+01,-1.325089792453295274e+02,4.335319482181169093e+01,-6.332026772197876241e+00
5.820000000000000284e+00,-2.010600339542738979e+01,-1.332939215285735770e+02,4.323277644723462032e+01,-6.278287532365185442e+00
5.830000000000000071e+00,-2.004465160551530545e+01,-1.340940367866380996e+02,4.310971341858818562e+01,-6.222101850423499059e+00
5.839999999999999858e+00,-1.998151741377802892e+01,-1.349099687851497436e+02,4.298397371962814617e+01,-6.163260973414363519e+00
5.849999999999999645e+00,-1.991663572484841893e+01,-1.357423975164307137e+02,4.285553992467123408e+01,-6.101536141687341264e+00
5.860000000000000320e+00,-1.985005710562861836e+01,-1.365920170419804265e+02,4.272441356321834149e+01,-6.036680886785965150e+00
5.870000000000000107e+00,-1.978184807933246603e+01,-1.374595130558347478e+02,4.259061891741517059e+01,-5.968434146585752664e+00
5.879999999999999893e+00,-1.971209073976806891e+01,-1.383455410495229501e+02,4.245420611320248128e+01,-5.896524062924554777e+00
5.889999999999999680e+00,-1.964088173569413343e+01,-1.392507058858868163e+02,4.231525339519091489e+01,-5.820672304733955471e+00
5.900000000000000355e+00,-1.956833069547061399e+01,-1.401755434880262783e+02,4.217386850797387865e+01,-5.740598743393287684e+00
5.910000000000000142e+00,-1.949455817856980389e+01,-1.411205052271305078e+02,4.203018914157642172e+01,-5.656026297267371383e+00
5.919999999999999929e+00,-1.941969325229948495e+01,-1.420859454559627295e+02,4.188438243471802735e+01,-5.566685759503573472e+00
5.929999999999999716e+00,-1.934387079911688545e+01,-1.430721124908462798e+02,4.173664356517470253e+01,-5.472320427206961213e+00
5.940000000000000391e+00,-1.926722866228077891e+01,-1.440791432014243014e+02,4.158719349040046609e+01,-5.372690360857349745e+00
5.950000000000000178e+00,-1.918990473567083654e+01,-1.451070612308293732e+02,4.143627593242445784e+01,-5.267576119755212893e+00
5.959999999999999964e+00,-1.911203409798852704e+01,-1.461557787445141230e+02,4.128415372774973946e+01,-5.156781841605543981e+00
5.969999999999999751e+00,-1.903374628295630799e+01,-1.472251014976966701e+02,4.113110468460965308e+01,-5.040137561083647633e+00
5.980000000000000426e+00,-1.895516276633614083e+01,-1.483147369215348021e+02,4.097741710580105234e+01,-4.917500692212207092e+00
5.990000000000000213e+00,-1.887639473836097892e+01,-1.494243048575008856e+02,4.082338514500330007e+01,-4.788756631384941009e+00
6.000000000000000000e+00,-1.879754121720779025e+01,-1.505533505176202027e+02,4.066930416786161828e+01,-4.653818470625046722e+00
6.009999999999999787e+00,-1.871868754602175855e+01,-1.517013592138215188e+02,4.051546628629000679e+01,-4.512625842945578114e+00
6.019999999999999574e+00,-1.863990430317413072e+01,-1.528677723806246433e+02,4.036215622578579598e+01,-4.365142952352751848e+00
6.030000000000000249e+00,-1.856124664320769924e+01,-1.540520044094658942e+02,4.020964767159362907e+01,-4.211355869105029903e+00
6.040000000000000036e+00,-1.848275407447037821e+01,-1.552534598178127681e+02,4.005820022100886035e+01,-4.051269195486304930e+00
6.049999999999999822e+00,-1.840445066882945824e+01,-1.564715502898510238e+02,3.990805704676406407e+01,-3.884902227907659711e+00
6.059999999999999609e+00,-1.832634568908952488e+01,-1.577057111462477792e+02,3.975944335115683259e+01,-3.712284757151063985e+00
6.070000000000000284e+00,-1.824843461075350604e+01,-1.589554168272005086e+02,3.961256566322633432e+01,-3.533452659691316278e+00
6.080000000000000071e+00,-1.817070050650814039e+01,-1.602201950049941956e+02,3.946761200274631420e+01,-3.348443439122170240e+00
6.089999999999999858e+00,-1.809311575423271989e+01,-1.614996389793759590e+02,3.932475290591815309e+01,-3.157291877742630426e+00
6.099999999999999645e+00,-1.801564402242289020e+01,-1.627934180513267677e+02,3.918414327923763807e+01,-2.960025954411390270e+00
6.110000000000000320e+00,-1.793824248073410388e+01,-1.641012856184769362e+02,3.904592502084549466e+01,-2.756663176046511232e+00
6.120000000000000107e+00,-1.786086417799574733e+01,-1.654230847887232301e+02,3.891023032349251309e+01,-2.547207456912278456e+00
6.129999999999999893e+00,-1.778346052569290592e+01,-1.667587513675621267e+02,3.877718555074917361e+01,-2.331646662475828968e+00
6.139999999999999680e+00,-1.770598382176930130e+01,-1.681083141389366915e+02,3.864691555891196373e+01,-2.109950913600485034e+00
6.150000000000000355e+00,-1.762838974790606628e+01,-1.694718924281725094e+02,3.851954832179568200e+01,-1.882071722742570730e+00
6.160000000000000142e+00,-1.755063977340529391e+01,-1.708496910074607911e+02,3.839521970476655355e+01,-1.647942007308910828e+00
6.169999999999999929e+00,-1.747270340064639882e+01,-1.722419924774184210e+02,3.827407822837984952e+01,-1.407476997183470413e+00
6.179999999999999716e+00,-1.739456019091548811e+01,-1.736491473300222026e+02,3.815628966113343523e+01,-1.160576024520990401e+00
6.190000000000000391e+00,-1.731620151526075446e+01,-1.750715619659138440e+02,3.804204128526385631e+01,-9.071251551697667725e-01
6.200000000000000178e+00,-1.723763198282221509e+01,-1.765096849996688775e+02,3.793154568915388580e+01,-6.470005935243101636e-01
6.209999999999999964e+00,-1.715887050861176633e+01,-1.779639922372362264e+02,3.782504395453425161e+01,-3.800727672139658786e-01
6.219999999999999751e+00,-1.707995099365543368e+01,-1.794349707477630318e+02,3.772280812578846820e+01,-1.062109757638180357e-01
6.230000000000000426e+00,-1.700092260231831887e+01,1.790768975246146795e+02,3.762514287163414650e+01,1.747115309187235455e-01
6.240000000000000213e+00,-1.692184963400603692e+01,1.775711521559577477e+02,3.753238627539988670e+01,4.628121919697656961e-01
6.250000000000000000e+00,-1.684281099872049126e+01,1.760473702004419465e+02,3.744490971803363522e+01,7.581936490268660345e-01
6.259999999999999787e+00,-1.676389931759076291e+01,1.745051812912470268e+02,3.736311684675641942e+01,1.060938292741451683e+00
6.269999999999999574e+00,-1.668521967999332034e+01,1.729442815033258114e+02,3.728744165077169015e+01,1.371102998771525749e+00
6.280000000000000249e+00,-1.660688809778802622e+01,1.713644456475192612e+02,3.721834569253743297e+01,1.688714201831854833e+00
6.290000000000000036e+00,-1.652902970420891648e+01,1.697655377250108302e+02,3.715631456779119191e+01,2.013763443774139628e+00
6.299999999999999822e+00,-1.645177674987185057e+01,1.681475193363958169e+02,3.710185368892973656e+01,2.346203515006985096e+00
6.309999999999999609e+00,-1.637526645113561585e+01,1.665104559072722168e+02,3.705548350383243417e+01,2.685945288718956991e+00
6.320000000000000284e+00,-1.629963874675490132e+01,1.648545206591018086e+02,3.701773427536696914e+01,3.032855325290007009e+00
6.330000000000000071e+00,-1.622503401757391117e+01,1.631799963172390449e+02,3.698914055546106283e+01,3.386754300973347842e+00
6.339999999999999858e+00,-1.615159082120265666e+01,1.614872746052590742e+02,3.697023549183690250e+01,3.747416291345276651e+00
6.349999999999999645e+00,-1.607944368952054148e+01,1.597768536242938637e+02,3.696154510556898032e+01,4.114568917029578721e+00
6.360000000000000320e+00,-1.600872103182366857e+01,1.580493332570694349e+02,3.696358267399689623e+01,4.487894337513886889e+00
6.370000000000000107e+00,-1.593954318082585431e+01,1.563054087683577507e+02,3.697684334676762319e+01,4.867031059034978568e+00
6.379999999999999893e+00,-1.587202061287078081e+01,1.545458627968306757e+02,3.700179911353088613e+01,5.251576504873958662e+00
6.389999999999999680e+00,-1.580625236789682475e+01,1.527715559485831989e+02,3.703889423069210096e+01,5.641090281128640527e+00
6.400000000000000355e+00,-1.574232468914338057e+01,1.509834162108734574e+02,3.708854120222296302e+01,6.035098058129458209e+00
6.410000000000000142e+00,-1.568030989746284476e+01,1.491824274072434378e+02,3.715111739633095311e+01,6.433095976986570541e+00
6.419999999999999929e+00,-1.562026551049932444e+01,1.473696169134425134e+02,3.722696236616229015e+01,6.834555482081891675e+00
6.429999999999999716e+00,-1.556223361295268504e+01,1.455460428488578657e+02,3.731637592889629929e+01,7.238928473362418181e+00
6.440000000000000391e+00,-1.550624048064428173e+01,1.437127809516725279e+02,3.741961704367963648e+01,7.645652666776491913e+00
6.450000000000000178e+00,-1.545229645807642527e+01,1.418709113387305933e+02,3.753690351482942589e+01,8.054157046891754490e+00
6.459999999999999964e+00,-1.540039608653658121e+01,1.400215053439269752e+02,3.766841253248735910e+01,8.463867292480710347e+00
6.469999999999999751e+00,-1.535051847742007425e+01,1.381656126223000740e+02,3.781428204826259787e+01,8.874211053625300494e+00
6.480000000000000426e+00,-1.530262792320843168e+01,1.363042487011754247e+02,3.797461296816934606e+01,9.284622957739927074e+00
6.490000000000000213e+00,-1.525667473631987292e+01,1.344383831545641783e+02,3.814947212919148001e+01,9.694549222056551230e+00
6.500000000000000000e+00,-1.521259630373275940e+01,1.325689285722673105e+02,3.833889600900363348e+01,1.010345175186320255e+01
6.509999999999999787e+00,-1.517031834278894209e+01,1.306967304902071589e+02,3.854289510078179859e+01,1.051081160753351540e+01
6.519999999999999574e+00,-1.512975634085464094e+01,1.288225584426319870e+02,3.876145886682232344e+01,1.091613172958156852e+01
6.530000000000000249e+00,-1.509081715853838546e+01,1.269470982892049307e+02,3.899456116619310819e+01,1.131893882005144114e+01
6.540000000000000036e+00,-1.505340077296653689e+01,1.250709459596141357e+02,3.924216603337956855e+01,1.171878429090285323e+01
6.549999999999999822e+00,-1.501740213427230941e+01,1.231946027444083711e+02,3.950423366751560650e+01,1.211524420594545681e+01
6.559999999999999609e+00,-1.498271310508302356e+01,1.213184722424522590e+02,3.978072647609772616e+01,1.250791816242722909e+01
6.570000000000000284e+00,-1.494922444955349938e+01,1.194428590521647493e+02,4.007161500393195297e+01,1.289642708150497086e+01
6.580000000000000071e+00,-1.491682783558509406e+01,1.175679692652877719e+02,4.037688356833947267e+01,1.328040990319510151e+01
6.589999999999999858e+00,-1.488541781150395238e+01,1.156939127883470917e+02,4.069653541619444326e+01,1.365951921047543038e+01
6.599999999999999645e+00,-1.485489371686950122e+01,1.138207074787557787e+02,4.103059721789604453e+01,1.403341583818901306e+01
6.610000000000000320e+00,-1.482516148645576592e+01,1.119482850404875620e+02,4.137912271844381706e+01,1.440176255432777985e+01
6.620000000000000107e+00,-1.479613530697395518e+01,1.100764985797670477e+02,4.174219537669246449e+01,1.476421693302118854e+01
6.629999999999999893e+00,-1.476773908791676249e+01,1.082051316758926447e+02,4.211992984066367285e+01,1.512042356894370165e+01
6.639999999999999680e+00,-1.473990771107342468e+01,1.063339087780569656e+02,4.251247212925710528e+01,1.547000581069109693e+01
6.650000000000000355e+00,-1.471258802778261909e+01,1.044625066979311612e+02,4.291999841833050056e+01,1.581255721484600407e+01
6.660000000000000142e+00,-1.468573957876937186e+01,1.025905669318603231e+02,4.334271236119037951e+01,1.614763294199357802e+01
6.669999999999999929e+00,-1.465933501828424212e+01,1.007177085177413147e+02,4.378084090913156956e+01,1.647474133007133190e+01
6.679999999999999716e+00,-1.463336023198507618e+01,9.884354111157200862e+01,4.423462863577905324e+01,1.679333588860037452e+01
6.690000000000000391e+00,-1.460781414627233765e+01,9.696767795851107508e+01,4.470433060853678597e+01,1.710280795921657315e+01
6.700000000000000178e+00,-1.458270823527040250e+01,9.508974843366377172e+01,4.519020389040260000e+01,1.740248028339495079e+01
6.709999999999999964e+00,-1.455806573998424369e+01,9.320940983880879571e+01,4.569249779477680562e+01,1.769160170740067528e+01
6.719999999999999751e+00,-1.453392062201232804e+01,9.132635816239890403e+01,4.621144305379046102e+01,1.796934323748855888e+01
6.730000000000000426e+00,-1.451031628125323536e+01,8.944033754031048034e+01,4.674724009633552413e+01,1.823479563547171978e+01
6.740000000000000213e+00,-1.448730407305324697e+01,8.755114819256813519e+01,4.730004666467363705e+01,1.848696871624767013e+01
6.750000000000000000e+00,-1.446494166502280798e+01,8.565865265476807622e+01,4.786996502758277217e+01,1.872479247496281118e+01
6.759999999999999787e+00,-1.444329127719191597e+01,8.376278017027742351e+01,4.845702907275963867e+01,1.894712013243072946e+01
6.769999999999999574e+00,-1.442241785125367670e+01,8.186352915847862732e+01,4.906119158086308119e+01,1.915273314340572952e+01
6.780000000000000249e+00,-1.440238719540088752e+01,7.996096772355465987e+01,4.968231199721707725e+01,1.934034816360551190e+01
6.790000000000000036e+00,-1.438326415079578702e+01,7.805523221597667316e+01,5.032014502367132991e+01,1.950862591836202853e+01
6.799999999999999822e+00,-1.436511082417192497e+01,7.614652390365813517e+01,5.097433035114266175e+01,1.965618185909196214e+01
6.809999999999999609e+00,-1.434798492862015351e+01,7.423510385081840468e+01,5.164438384145778116e+01,1.978159843441718735e+01
6.820000000000000284e+00,-1.433193827143494126e+01,7.232128613935709893e+01,5.232969044379644430e+01,1.988343874223432550e+01
6.830000000000000071e+00,-1.431701542415937567e+01,7.040542959982332150e+01,5.302949909487038127e+01,1.996026126942968659e+01
6.839999999999999858e+00,-1.430325260581447466e+01,6.848792824688474923e+01,5.374291980189331497e+01,2.001063537001490289e+01
6.849999999999999645e+00,-1.429067680584352296e+01,6.656920063784870933e+01,5.446892304286119213e+01,2.003315708361784075e+01
6.860000000000000320e+00,-1.427930516862212329e+01,6.464967839260934568e+01,5.520634153997397675e+01,2.002646485844795876e+01
6.870000000000000107e+00,-1.426914465652083663e+01,6.272979412972983226e+01,5.595387437059815738e+01,1.998925472035037743e+01
6.879999999999999893e+00,-1.426019200346964233e+01,6.080996908653424526e+01,5.671009327867854921e+01,1.992029442668993156e+01
6.889999999999999680e+00,-1.425243396574444255e+01,5.889060070116483558e+01,5.747345094210924543e+01,1.981843616453130252e+01
6.900000000000000355e+00,-1.424584787125012575e+01,5.697205044152566700e+01,5.824229084381099852e+01,1.968262740002911215e+01
6.910000000000000142e+00,-1.424040246288381617e+01,5.505463216954046857e+01,5.901485829298709973e+01,1.951191956191621912e+01
6.919999999999999929e+00,-1.423605902561357794e+01,5.313860132869767483e+01,5.978931205601134735e+01,1.930547434648458349e+01
6.929999999999999716e+00,-1.423277278071743268e+01,5.122414523772093276e+01,6.056373599186973422e+01,1.906256756232475169e+01
6.940000000000000391e+00,-1.423049452425279426e+01,4.931137476252207108e+01,6.133615005308268309e+01,1.878259058574422369e+01
6.950000000000000178e+00,-1.422917248037215288e+01,4.740031762152150918e+01,6.210452001669781197e+01,1.846504966521663249e+01
6.959999999999999964e+00,-1.422875433372951370e+01,4.549091355511502144e+01,6.286676535676227928e+01,1.810956348615686906e+01
6.969999999999999751e+00,-1.422918939914738701e+01,4.358301155797276039e+01,6.362076476278863879e+01,1.771585957471503292e+01
6.980000000000000426e+00,-1.423043088119936250e+01,4.167636933267437627e+01,6.436435894839594596e+01,1.728377026887820023e+01
6.990000000000000213e+00,-1.423243817170210690e+01,3.977065507511433395e+01,6.509535057756225740e+01,1.681322910433133444e+01
7.000000000000000000e+00,-1.423517912961314913e+01,3.786545164689994181e+01,6.581150135642951682e+01,1.630426853908882379e+01
7.009999999999999787e+00,-1.423863228579396534e+01,3.596026312888442789e+01,6.651052658681204832e+01,1.575701996402770533e+01
7.019999999999999574e+00,-1.424278891477833753e+01,3.405452368500807125e+01,6.719008774098060144e+01,1.517171690745383650e+01
7.030000000000000249e+00,-1.424765491727568545e+01,3.214760859913275226e+01,6.784778388106990121e+01,1.454870223481742819e+01
7.040000000000000036e+00,-1.425325246073075824e+01,3.023884728246635589e+01,6.848114299388896598e+01,1.388843996718529539e+01
7.049999999999999822e+00,-1.425962133083919348e+01,2.832753798849487126e+01,6.908761452522212210e+01,1.319153209535166482e+01
7.059999999999999609e+00,-1.426681995433890648e+01,2.641296391917882147e+01,6.966456455869257525e+01,1.245874045597768820e+01
7.070000000000000284e+00,-1.427492606239260553e+01,2.449441036334874511e+01,7.020927517512761540e+01,1.169101337174628874e+01
7.080000000000000071e+00,-1.428403697406862705e+01,2.257118247806055678e+01,7.071894953261937644e+01,1.088951635368592719e+01
7.089999999999999858e+00,-1.429426949034668226e+01,2.064262330783542865e+01,7.119072411096432518e+01,1.005566573985797696e+01
7.099999999999999645e+00,-1.430575940019948966e+01,1.870813163594161921e+01,7.162168935643623513e+01,9.191163724538586877e+00
7.110000000000000320e+00,-1.431866061109151644e+01,1.676717927610664205e+01,7.200891963865309719e+01,8.298032844346060699e+00
7.120000000000000107e+00,-1.433314392617728039e+01,1.481932744114759615e+01,7.234951299244291079e+01,7.378647664465692202e+00
7.129999999999999893e+00,-1.434939549912506429e+01,1.286424186514522816e+01,7.264064057468138458e+01,6.435761183243801753e+00
7.139999999999999680e+00,-1.436761500448161577e+01,1.090170640537698254e+01,7.287960514006907431e+01,5.472523380538879323e+00
7.150000000000000355e+00,-1.438801356659450903e+01,8.931634906253446360e+00,7.306390716300968791e+01,4.492489404170041389e+00
7.160000000000000142e+00,-1.441081149321256127e+01,6.954081166797553060e+00,7.319131654850863811e+01,3.499615141688851239e+00
7.169999999999999929e+00,-1.443623586101250744e+01,4.969246912551004591e+00,7.325994723604138414e+01,2.498238371452892181e+00
7.179999999999999716e+00,-1.446451799958779105e+01,2.977487729306769193e+00,7.326833146512053929e+01,1.493044321404707553e+00
7.190000000000000391e+00,-1.449589091811371944e+01,9.793169672863510922e-01,7.321549009869909241e+01,4.890152607663405537e-01
7.200000000000000178e+00,-1.453058671527660373e+01,-1.024592331645824306e+00,7.310099524304037288e+01,-5.086353363108453429e-01
7.209999999999999964e+00,-1.456883400846353993e+01,-3.033407395631555925e+00,7.292502149886396978e+01,-1.494542548878029287e+00
7.219999999999999751e+00,-1.461085541301620161e+01,-5.046137458929479180e+00,7.268838254623670991e+01,-2.463281239524282018e+00
7.230000000000000426e+00,-1.465686509690201156e+01,-7.061637140978071159e+00,7.239255039672859482e+01,-3.409465471202660858e+00
7.240000000000000213e+00,-1.470706643077310716e+01,-9.078611328626653432e+00,7.203965550473694179e+01,-4.327852175725588779e+00
7.250000000000000000e+00,-1.476164974834254018e+01,-1.109562142142020491e+01,7.163246695340049541e+01,-5.213444743100483336e+00
7.259999999999999787e+00,-1.482079022753521969e+01,-1.311109280630316043e+01,7.117435303664599644e+01,-6.061592101188083781e+00
7.269999999999999574e+00,-1.488464589914332237e+01,-1.512332344007868024e+01,7.066922365395234351e+01,-6.868079065667346939e+00
7.280000000000000249e+00,-1.495335578684722933e+01,-1.713049343393464241e+01,7.012145692482897630e+01,-7.629204242993870011e+00
7.290000000000000036e+00,-1.502703818052955675e+01,-1.913067555290138344e+01,6.953581323372453937e+01,-8.341842516225270288e+00
7.299999999999999822e+00,-1.510578904383271315e+01,-2.112184656272295058e+01,6.891734047235776472e+01,-9.003490064038874863e+00
7.309999999999999609e+00,-1.518968055688443464e+01,-2.310189937596025445e+01,6.827127452220869941e+01,-9.612290871802381176e+00
7.320000000000000284e+00,-1.527875979599298617e+01,-2.506865596684350450e+01,6.760293901204065037e+01,-1.016704470187163878e+01
7.330000000000000071e+00,-1.537304755382534260e+01,-2.701988103920021800e+01,6.691764811866721629e+01,-1.066719741752924477e+01
7.339999999999999858e+00,-1.547253730602985833e+01,-2.895329644257516932e+01,6.622061570087150528e+01,-1.111281533628600116e+01
7.349999999999999645e+00,-1.557719433332349901e+01,-3.086659633728035956e+01,6.551687342797990254e+01,-1.150454588016747337e+01
7.360000000000000320e+00,-1.568695501158337002e+01,-3.275746310860865407e+01,6.481119985325348409e+01,-1.184356717298478934e+01
7.370000000000000107e+00,-1.580172628627577680e+01,-3.462358402283337000e+01,6.410806165271621637e+01,-1.213152940927799150e+01
7.379999999999999893e+00,-1.592138535140515643e+01,-3.646266860215241223e+01,6.341156755805924661e+01,-1.237049080661262401e+01
7.389999999999999680e+00,-1.604577955680685619e+01,-3.827246667177216466e+01,6.272543490055892335e+01,-1.256285078495001173e+01
7.400000000000000355e+00,-1.617472657073597730e+01,-4.005078699950036736e+01,6.205296817936608988e+01,-1.271128273363411054e+01
7.410000000000000142e+00,-1.630801482696993787e+01,-4.179551640658101519e+01,6.139704868535373805e+01,-1.281866836950155530e+01
7.419999999999999929e+00,-1.644540428665396803e+01,-4.350463917851151052e+01,6.076013395161385233e+01,-1.288803529734825304e+01
7.429999999999999716e+00,-1.658662754445946419e+01,-4.517625654743550712e+01,6.014426565447342199e+01,-1.292249898939605579e+01
7.440000000000000391e+00,-1.673139130586966061e+01,-4.680860595529776447e+01,5.955108453872575325e+01,-1.292521002901997029e+01
7.450000000000000178e+00,-1.687937825715519224e+01,-4.840007974218175946e+01,5.898185096817176998e+01,-1.289930713351655278e+01
7.459999999999999964e+00,-1.703024934151730818e+01,-4.994924284094810218e+01,5.843746978707056883e+01,-1.284787619139571824e+01
7.469999999999999751e+00,-1.718364644374533867e+01,-5.145484900233285686e+01,5.791851830019638925e+01,-1.277391532547462916e+01
7.480000000000000426e+00,-1.733919547151477758e+01,-5.291585502981128286e+01,5.742527632171712071e+01,-1.268030582283646801e+01
7.490000000000000213e+00,-1.749650980434707748e+01,-5.433143247717690372e+01,5.695775739196385246e+01,-1.256978865175974924e+01
7.500000000000000000e+00,-1.765519406175610584e+01,-5.570097626057117424e+01,5.651574040564525347e+01,-1.244494620703152243e+01
7.509999999999999787e+00,-1.781484812104714877e+01,-5.702410966687069305e+01,5.609880102778036814e+01,-1.230818888049854110e+01
7.519999999999999574e+00,-1.797507129379046731e+01,-5.830068530707476526e+01,5.570634239016575862e+01,-1.216174603493549000e+01
7.530000000000000249e+00,-1.813546654965516325e+01,-5.953078166985875441e+01,5.533762465969643074e+01,-1.200766095844124592e+01
7.540000000000000036e+00,-1.829564465879879620e+01,-6.071469507723156767e+01,5.499179315049033789e+01,-1.184778938667201587e+01
7.549999999999999822e+00,-1.845522811123064244e+01,-6.185292702831574729e+01,5.466790471618291747e+01,-1.168380119556212016e+01
7.559999999999999609e+00,-1.861385466530906996e+01,-6.294616713175568634e+01,5.436495220965500152e+01,-1.151718488342665125e+01
7.570000000000000284e+00,-1.877118037937515993e+01,-6.399527206136748703e+01,5.408188683807042452e+01,-1.134925447551094280e+01
7.580000000000000071e+00,-1.892688199157947793e+01,-6.500124120905435632e+01,5.381763827484857643e+01,-1.118115849451190513e+01
7.589999999999999858e+00,-1.908065853370973031e+01,-6.596518993680466281e+01,5.357113242034536427e+01,-1.101389064688296138e+01
7.599999999999999645e+00,-1.923223209499130704e+01,-6.688832152771038864e+01,5.334130673238940545e+01,-1.084830187737356688e+01
7.610000000000000320e+00,-1.938134769028723170e+01,-6.777189908671309126e+01,5.312712307865278660e+01,-1.068511344455390777e+01
7.620000000000000107e+00,-1.952777223197787038e+01,-6.861721872989559756e+01,5.292757809658117196e+01,-1.052493066983824299e+01
7.629999999999999893e+00,-1.967129265348328104e+01,-6.942558541499377611e+01,5.274171108395297836e+01,-1.036825701383464526e+01
7.639999999999999680e+00,-1.981171328190394831e+01,-7.019829269899187807e+01,5.256860948394160715e+01,-1.021550813879162156e+01
7.650000000000000355e+00,-1.994885260439477292e+01,-7.093660756031721348e+01,5.240741207199405238e+01,-1.006702562636119147e+01
7.660000000000000142e+00,-2.008253961452892256e+01,-7.164176119824173838e+01,5.225730999646696517e+01,-9.923090037327181534e+00
7.669999999999999929e+00,-2.021260995824036044e+01,-7.231494643058863403e+01,5.211754586893517427e+01,-9.783933025286609464e+00
7.679999999999999716e+00,-2.033890212162621225e+01,-7.295732196694474680e+01,5.198741114131460250e+01,-9.649748249849356085e+00
7.690000000000000391e+00,-2.046125391321027465e+01,-7.357002345543740773e+01,5.186624204329685028e+01,-9.520700876420571390e+00
7.700000000000000178e+00,-2.057949949010859925e+01,-7.415418080573726911e+01,5.175341438309782660e+01,-9.396935498147215071e+00
7.709999999999999964e+00,-2.069346716040231016e+01,-7.471094089927679249e+01,5.164833753548728623e+01,-9.278582369730422386e+00
7.719999999999999751e+00,-2.080297816299867009e+01,-7.524149443002156090e+01,5.155044795221690634e+01,-9.165761900723079947e+00
7.730000000000000426e+00,-2.090784658199992663e+01,-7.574710529584609731e+01,5.145920253050093152e+01,-9.058587415586696778e+00
7.740000000000000213e+00,-2.100788049633739973e+01,-7.622914070181170132e+01,5.137407216482599637e+01,-8.957166246995527104e+00
7.750000000000000000e+00,-2.110288439905160374e+01,-7.668909996198625834e+01,5.129453578627067145e+01,-8.861599285484926369e+00
7.759999999999999787e+00,-2.119266284675338952e+01,-7.712863991422793219e+01,5.122007516232874735e+01,-8.771979160488244887e+00
7.769999999999999574e+00,-2.127702522196923951e+01,-7.754959490821416068e+01,5.115017068997723015e+01,-8.688387273241483300e+00
7.780000000000000249e+00,-2.135579141362476818e+01,-7.795398950203086486e+01,5.108429836674100954e+01,-8.610889939344646749e+00
7.790000000000000036e+00,-2.142879814900123847e+01,-7.834404231083340164e+01,5.102192807037130251e+01,-8.539533926631685645e+00
7.799999999999999822e+00,-2.149590564978312912e+01,-7.872215988683556986e+01,5.096252321925581441e+01,-8.474341691386246822e+00
7.809999999999999609e+00,-2.155700424101661383e+01,-7.909092005579806539e+01,5.090554182475430878e+01,-8.415306622135039660e+00
7.820000000000000284e+00,-2.161202052005344143e+01,-7.945304476125963333e+01,5.085043888535182788e+01,-8.362388594858144231e+00
7.830000000000000071e+00,-2.166092269665986336e+01,-7.981136313207478850e+01,5.079667001297826801e+01,-8.315510126425211368e+00
7.839999999999999858e+00,-2.170372474718780609e+01,-8.016876614056461392e+01,5.074369612623296177e+01,-8.274553384710220172e+00
7.849999999999999645e+00,-2.174048908421682569e+01,-8.052815480298957596e+01,5.069098899574188266e+01,-8.239358274866804166e+00
7.860000000000000320e+00,-2.177132752477794142e+01,-8.089238433880194634e+01,5.063803738555776590e+01,-8.209721772794972949e+00
7.870000000000000107e+00,-2.179640043897440194e+01,-8.126420700731169688e+01,5.058435350331805580e+01,-8.185398620478551379e+00
7.879999999999999893e+00,-2.181591406837849689e+01,-8.164621645254263171e+01,5.052947945245521311e+01,-8.166103435639110231e+00
7.889999999999999680e+00,-2.183011611089377269e+01,-8.204079630106976140e+01,5.047299337338325387e+01,-8.151514222457189263e+00
7.900000000000000355e+00,-2.183928976688661550e+01,-8.245007548603659586e+01,5.041451496801565924e+01,-8.141277203714873067e+00
7.910000000000000142e+00,-2.184374652268332184e+01,-8.287589234422519269e+01,5.035371012335652807e+01,-8.135012830583104204e+00
7.919999999999999929e+00,-2.184381800655463834e+01,-8.331976899653588475e+01,5.029029438470579549e+01,-8.132322767455983481e+00
7.929999999999999716e+00,-2.183984728632748329e+01,-8.378289692709481074e+01,5.022403507597111627e+01,-8.132797598647451665e+00
7.940000000000000391e+00,-2.183217998678343008e+01,-8.426613407396530420e+01,5.015475192173218488e+01,-8.136024964036385754e+00
7.950000000000000178e+00,-2.182115559143462491e+01,-8.477001318042707112e+01,5.008231609048268496e+01,-8.141597804007066230e+00
7.959999999999999964e+00,-2.180709926127196141e+01,-8.529476066449089444e+01,5.000664764784271910e+01,-8.149122381765145917e+00
7.969999999999999751e+00,-2.179031445776398712e+01,-8.584032486736889211e+01,4.992771147914072571e+01,-8.158225754033423982e+00
7.980000000000000426e+00,-2.177107660401570399e+01,-8.640641224751919935e+01,4.984551180919780933e+01,-8.168562379144518104e+00
7.990000000000000213e+00,-2.174962796134057896e+01,-8.699252989311642636e+01,4.976008551011439351e+01,-8.179819583732038879e+00
8.000000000000000000e+00,-2.172617384236576754e+01,-8.759803262153388914e+01,4.967149444242917156e+01,-8.191721653929494806e+00
8.009999999999999787e+00,-2.170088022882702106e+01,-8.822217290425902547e+01,4.957981711876177400e+01,-8.204032371949178781e+00
8.019999999999999574e+00,-2.167387281387900089e+01,-8.886415188272567889e+01,4.948514001018406816e+01,-8.216555881435539277e+00
8.029999999999999361e+00,-2.164523744550676199e+01,-8.952316980945401781e+01,4.938754883299911569e+01,-8.229135832115408888e+00
8.039999999999999147e+00,-2.161502190920120725e+01,-9.019847434748739090e+01,4.928712015696649473e+01,-8.241652822987310500e+00
8.050000000000000711e+00,-2.158323895375952262e+01,-9.088940528161319321e+01,4.918391366556983257e+01,-8.254020230707842742e+00
8.060000000000000497e+00,-2.154987043312107176e+01,-9.159543433381193722e+01,4.907796537552430749e+01,-8.266178573287170650e+00
8.070000000000000284e+00,-2.151487240897156283e+01,-9.231619893316533876e+01,4.896928208766258450e+01,-8.278088616384504661e+00
8.080000000000000071e+00,-2.147818103326840955e+01,-9.305152896989733335e+01,4.885783729625353544e+01,-8.289723478482196484e+00
8.089999999999999858e+00,-2.143971900721598800e+01,-9.380146576811705472e+01,4.874356873055320705e+01,-8.301060030491939301e+00
8.099999999999999645e+00,-2.139940239443830450e+01,-9.456627274510377390e+01,4.862637764295084963e+01,-8.312069913786727327e+00
8.109999999999999432e+00,-2.135714755250162256e+01,-9.534643748706324118e+01,4.850612989451077794e+01,-8.322710517479066539e+00
8.119999999999999218e+00,-2.131287794013046977e+01,-9.614266525882081282e+01,4.838265882310648180e+01,-8.332916260530137009e+00
8.130000000000000782e+00,-2.126653055904395728e+01,-9.695586426991997087e+01,4.825576981379636976e+01,-8.342590516813160662e+00
8.140000000000000568e+00,-2.121806180062515068e+01,-9.778712332949847053e+01,4.812524642770007688e+01,-8.351598501693578314e+00
8.150000000000000355e+00,-2.116745248935383827e+01,-9.863768282061545278e+01,4.799085788651306217e+01,-8.359761407445843062e+00
8.160000000000000142e+00,-2.111471194698614795e+01,-9.950890019259266239e+01,4.785236765703524497e+01,-8.366852032650600179e+00
8.169999999999999929e+00,-2.105988094280400347e+01,-1.004022113883211205e+02,4.770954283573012589e+01,-8.372592098715712083e+00
8.179999999999999716e+00,-2.100303344387425142e+01,-1.013190897753884769e+02,4.756216399930114136e+01,-8.376651386359220908e+00
8.189999999999999503e+00,-2.094427713232224164e+01,-1.022610042227469194e+02,4.741003516528400041e+01,-8.378648758229761739e+00
8.199999999999999289e+00,-2.088375271076248296e+01,-1.032293779521615704e+02,4.725299349808385330e+01,-8.378155063190307672e+00
8.210000000000000853e+00,-2.082163206867532779e+01,-1.042255496967063522e+02,4.709091840165609000e+01,-8.374697845908139371e+00
8.220000000000000639e+00,-2.075811542831529977e+01,-1.052507385253243655e+02,4.692373966045561673e+01,-8.367767715310140630e+00
8.230000000000000426e+00,-2.069342762590085272e+01,-1.063060134573768494e+02,4.675144432499298830e+01,-8.356826160354097865e+00
8.240000000000000213e+00,-2.062781371043093515e+01,-1.073922687132318856e+02,4.657408208619492029e+01,-8.341314544566039046e+00
8.250000000000000000e+00,-2.056153405757480712e+01,-1.085102051475997342e+02,4.639176894186918076e+01,-8.320663964778788113e+00
8.259999999999999787e+00,-2.049485919978627280e+01,-1.096603181127375990e+02,4.620468902630847197e+01,-8.294305626886053773e+00
8.269999999999999574e+00,-2.042806456710402330e+01,-1.108428917178467970e+02,4.601309454724064096e+01,-8.261681373942257878e+00
8.279999999999999361e+00,-2.036142531773166198e+01,-1.120579992041087110e+02,4.581730384937131362e+01,-8.222254000505735405e+00
8.289999999999999147e+00,-2.029521141558503672e+01,-1.133055089521980534e+02,4.561769769694114984e+01,-8.175517001748568546e+00
8.300000000000000711e+00,-2.022968308586589359e+01,-1.145850954861048052e+02,4.541471393541325341e+01,-8.121003435605956611e+00
8.310000000000000497e+00,-2.016508675159587227e+01,-1.158962547342748337e+02,4.520884075136428493e+01,-8.058293619316200918e+00
8.320000000000000284e+00,-2.010165152588211512e+01,-1.172383227532674681e+02,4.500060879719744378e+01,-7.987021435572061456e+00
8.330000000000000071e+00,-2.003958630804184082e+01,-1.186104971042443452e+02,4.479058248151330446e+01,-7.906879085105670946e+00
8.339999999999999858e+00,-1.997907750770110979e+01,-1.200118600910281828e+02,4.457935074579580714e+01,-7.817620188487238941e+00
8.349999999999999645e+00,-1.992028740026144007e+01,-1.214414031119025594e+02,4.436751765330734543e+01,-7.719061206815455378e+00
8.359999999999999432e+00,-1.986335309995948961e+01,-1.228980514377632147e+02,4.415569310737656394e+01,-7.611081215573214820e+00
8.369999999999999218e+00,-1.980838612306839508e+01,-1.243806887996204722e+02,4.394448399494967106e+01,-7.493620125349421457e+00
8.380000000000000782e+00,-1.975547250330859583e+01,-1.258881812429303011e+02,4.373448601927396595e+01,-7.366675495056046685e+00
8.390000000000000568e+00,-1.970467341380672366e+01,-1.274193997805400329e+02,4.352627644515749239e+01,-7.230298125973022572e+00
8.400000000000000355e+00,-1.965602624445558178e+01,-1.289732414472331925e+02,4.332040793387271549e+01,-7.084586657362700102e+00
8.410000000000000142e+00,-1.960954607977600261e+01,-1.305486484254386710e+02,4.311740359491313512e+01,-6.929681406053419757e+00
8.419999999999999929e+00,-1.956522751990504716e+01,-1.321446249731579030e+02,4.291775333081576349e+01,-6.765757703399225775e+00
8.429999999999999716e+00,-1.952304678576064489e+01,-1.337602519419279190e+02,4.272191150123283165e+01,-6.593018983941274946e+00
8.439999999999999503e+00,-1.948296404848733587e+01,-1.353946987256108514e+02,4.253029588516243109e+01,-6.411689871837787713e+00
8.449999999999999289e+00,-1.944492592281521226e+01,-1.370472325311346822e+02,4.234328787719055498e+01,-6.222009494849345401e+00
8.460000000000000853e+00,-1.940886806390196639e+01,-1.387172249112513498e+02,4.216123381585714469e+01,-6.024225232664902840e+00
8.470000000000000639e+00,-1.937471780761383755e+01,-1.404041555479115004e+02,4.198444731063263191e+01,-5.818587077996758339e+00
8.480000000000000426e+00,-1.934239679513497734e+01,-1.421076133236640544e+02,4.181321240897665348e+01,-5.605342756525581116e+00
8.490000000000000213e+00,-1.931182352442452554e+01,-1.438272947677911588e+02,4.164778742680326928e+01,-5.384733716765635059e+00
8.500000000000000000e+00,-1.928291577352609210e+01,-1.455630000133532178e+02,4.148840925444262240e+01,-5.156992064511567442e+00
8.509999999999999787e+00,-1.925559284422769224e+01,-1.473146264501636722e+02,4.133529794573592397e+01,-4.922338479901926078e+00
8.519999999999999574e+00,-1.922977757918074460e+01,-1.490821603056451465e+02,4.118866139994486986e+01,-4.680981119396938617e+00
8.529999999999999361e+00,-1.920539811136463371e+01,-1.508656664289480602e+02,4.104869995427389995e+01,-4.433115471130685492e+00
8.539999999999999147e+00,-1.918238931170548156e+01,-1.526652765918126136e+02,4.091561071844851938e+01,-4.178925101082573867e+00
8.550000000000000711e+00,-1.916069390860946342e+01,-1.544811766506219897e+02,4.078959150128795841e+01,-3.918583200135300260e+00
8.560000000000000497e+00,-1.914026326196473704e+01,-1.563135929362286731e+02,4.067084420178117909e+01,-3.652254819042477951e+00
8.570000000000000284e+00,-1.912105778353068430e+01,-1.581627782500931687e+02,4.055957756293407357e+01,-3.380099660178741416e+00
8.580000000000000071e+00,-1.910304700524507737e+01,-1.600289978461970577e+02,4.045600921463898914e+01,-3.102275282081380148e+00
8.589999999999999858e+00,-1.908620930648595859e+01,-1.619125157677287916e+02,4.036036696101521670e+01,-2.818940565438734502e+00
8.599999999999999645e+00,-1.907053132035463250e+01,-1.638135818860280040e+02,4.027288929703578191e+01,-2.530259287359892806e+00
8.609999999999999432e+00,-1.905600704726388983e+01,-1.657324199575856483e+02,4.019382516778726000e+01,-2.236403654302824062e+00
8.619999999999999218e+00,-1.904263671121577417e+01,-1.676692169744823104e+02,4.012343301044572286e+01,-1.937557652582262424e+00
8.630000000000000782e+00,-1.903042539991121984e+01,-1.696241140363500790e+02,4.006197914315507802e+01,-1.633920088387063485e+00
8.640000000000000568e+00,-1.901938153409201604e+01,-1.715971989198839935e+02,4.000973558575442013e+01,-1.325707206031383256e+00
8.650000000000000355e+00,-1.900951521421024282e+01,-1.735885004673573917e+02,3.996697741418597616e+01,-1.013154792953457450e+00
8.660000000000000142e+00,-1.900083649366515104e+01,-1.755979848606722271e+02,3.993397976307090147e+01,-6.965197019140243473e-01
8.669999999999999929e+00,-1.899335362753617673e+01,-1.776255537942273577e+02,3.991101459920557204e+01,-3.760807440590503981e-01
8.679999999999999716e+00,-1.898707134412004649e+01,-1.796710445099589606e+02,3.989834739261673491e+01,-5.213893016507889500e-02
8.689999999999999503e+00,-1.898198918384784406e+01,1.782657683873345320e+02,3.989623381149680625e+01,2.749829393067201311e-01
8.699999999999999289e+00,-1.897809994652580912e+01,1.761851694559738348e+02,3.990491656311687763e+01,6.049413124350579984e-01
8.710000000000000853e+00,-1.897538828353757268e+01,1.740874974399181099e+02,3.992462249508530903e+01,9.373735087398979982e-01
8.720000000000000639e+00,-1.897382946686944649e+01,1.719731389705005711e+02,3.995556006053440257e+01,1.271899864519673962e+00
8.730000000000000426e+00,-1.897338836176618315e+01,1.698425211515047693e+02,3.999791723746481864e+01,1.608126322126751440e+00
8.740000000000000213e+00,-1.897401862463707545e+01,1.676961032475053912e+02,4.005185997703100753e+01,1.945647371048119911e+00
8.750000000000000000e+00,-1.897566214263274986e+01,1.655343677061119081e+02,4.011753123847691427e+01,2.284049237783636777e+00
8.759999999999999787e+00,-1.897824872617545111e+01,1.633578107509252675e+02,4.019505065015208345e+01,2.622913213488197393e+00
8.769999999999999574e+00,-1.898169606069589577e+01,1.611669327841872530e+02,4.028451481694783354e+01,2.961819003203939982e+00
8.779999999999999361e+00,-1.898590991892589841e+01,1.589622288367589533e+02,4.038599827495078642e+01,3.300347978262809789e+00
8.789999999999999147e+00,-1.899078463031566599e+01,1.567441792984517690e+02,4.049955507445797309e+01,3.638086214099045090e+00
8.800000000000000711e+00,-1.899620379948177629e+01,1.545132411541179067e+02,4.062522095306819381e+01,3.974627199254003429e+00
8.810000000000000497e+00,-1.900204126103773206e+01,1.522698399401827771e+02,4.076301604170311776e+01,4.309574107783139318e+00
8.820000000000000284e+00,-1.900816225371788803e+01,1.500143626224707134e+02,4.091294802847737344e+01,4.642541536535616409e+00
8.830000000000000071e+00,-1.901442479240413519e+01,1.477471515789142984e+02,4.107501568872791609e+01,4.973156620819778162e+00
8.839999999999999858e+00,-1.902068121254712452e+01,1.454684998498737798e+02,4.124921267463918184e+01,5.301059456666043168e+00
8.849999999999999645e+00,-1.902677985762113622e+01,1.431786477940821101e+02,4.143553144520544151e+01,5.625902775066967898e+00
8.859999999999999432e+00,-1.903256687676421421e+01,1.408777812595205887e+02,4.163396720719482147e+01,5.947350832945868859e+00
8.869999999999999218e+00,-1.903788809676212423e+01,1.385660313459266604e+02,4.184452173074123493e+01,6.265077506799621609e+00
8.880000000000000782e+00,-1.904259093017774518e+01,1.362434757993424057e+02,4.206720689956841852e+01,6.578763597516982919e+00
8.890000000000000568e+00,-1.904652627985579727e+01,1.339101420397431923e+02,4.230204785593679162e+01,6.888093378214626306e+00
8.900000000000000355e+00,-1.904955039938752037e+01,1.315660117811238763e+02,4.254908560439375265e+01,7.192750440420316416e+00
8.910000000000000142e+00,-1.905152666951935103e+01,1.292110271606394463e+02,4.280837894635432406e+01,7.492412916862146943e+00
8.919999999999999929e+00,-1.905232725201996402e+01,1.268450982508764611e+02,4.308000562935562527e+01,7.786748180775402872e+00
8.929999999999999716e+00,-1.905183458521443640e+01,1.244681117886252508e+02,4.336406261027296694e+01,8.075407141319280058e+00
8.939999999999999503e+00,-1.904994268923389811e+01,1.220799409163625882e+02,4.366066535046483210e+01,8.358018271754835027e+00
8.949999999999999289e+00,-1.904655825392547897e+01,1.196804557006536243e+02,4.396994608221351797e+01,8.634181520938120968e+00
8.960000000000000853e+00,-1.904160148817819831e+01,1.172695341664228721e+02,4.429205100932983896e+01,8.903462269000897322e+00
8.970000000000000639e+00,-1.903500671593375415e+01,1.148470735687858877e+02,4.462713642971335304e+01,9.165385494562201529e+00
8.980000000000000426e+00,-1.902672271112182401e+01,1.124130016158022869e+02,4.497536379331103262e+01,9.419430323315340914e+00
8.990000000000000213e+00,-1.901671277090246548e+01,1.099672873566379963e+02,4.533689373461437810e+01,9.665025126394313659e+00
9.000000000000000000e+00,-1.900495453361527609e+01,1.075099514601330952e+02,4.571187914397059870e+01,9.901543331713911655e+00
9.009999999999999787e+00,-1.899143955444789000e+01,1.050410756282793727e+02,4.610045736602211974e+01,1.012830010273913395e+01
9.019999999999999574e+00,-1.897617265777519080e+01,1.025608109165776227e+02,4.650274163611533140e+01,1.034455002721504613e+01
9.029999999999999361e+00,-1.895917109017716484e+01,1.000693847674021129e+02,4.691881188621739085e+01,1.054948594361025904e+01
9.039999999999999147e+00,-1.894046350215283780e+01,9.756710660169669325e+01,4.734870507053453537e+01,1.074223901573820683e+01
9.050000000000000711e+00,-1.892008878941789263e+01,9.505437185676811396e+01,4.779240517750017148e+01,1.092188014650600536e+01
9.060000000000000497e+00,-1.889809482637402738e+01,9.253166440180763175e+01,4.824983310899302325e+01,1.108742280022598337e+01
9.070000000000000284e+00,-1.887453712489925906e+01,8.999955730625254091e+01,4.872083661946629718e+01,1.123782727957096483e+01
9.080000000000000071e+00,-1.884947745112400241e+01,8.745871197764780902e+01,4.920518051698116579e+01,1.137200647814491106e+01
9.089999999999999858e+00,-1.882298243145213945e+01,8.490987572387196280e+01,4.970253733474986291e+01,1.148883310284470660e+01
9.099999999999999645e+00,-1.879512217692384723e+01,8.235387782849829819e+01,5.021247868539268921e+01,1.158714833175641701e+01
9.109999999999999432e+00,-1.876596895227308082e+01,7.979162425687296434e+01,5.073446751031037394e+01,1.166577184337540629e+01
9.119999999999999218e+00,-1.873559591288395154e+01,7.722409113388928859e+01,5.126785143284918433e+01,1.172351312167610260e+01
9.130000000000000782e+00,-1.870407592946704156e+01,7.465231715231901433e+01,5.181185741571572834e+01,1.175918390935799707e+01
9.140000000000000568e+00,-1.867148051680623411e+01,7.207739508306484311e+01,5.236558790978583744e+01,1.177161164904161339e+01
9.150000000000000355e+00,-1.863787887949565203e+01,6.950046256627122432e+01,5.292801866247274489e+01,1.175965372009821941e+01
9.160000000000000142e+00,-1.860333708428909461e+01,6.692269236528417764e+01,5.349799832876392713e+01,1.172221224824199481e+01
9.169999999999999929e+00,-1.856791736558774986e+01,6.434528226469321055e+01,5.407424999666876175e+01,1.165824923729797646e+01
9.179999999999999716e+00,-1.853167756773532560e+01,6.176944478964261265e+01,5.465537470126333375e+01,1.156680174917360304e+01
9.189999999999999503e+00,-1.849467072518813282e+01,5.919639691692867700e+01,5.523985695825815867e+01,1.144699684060255862e+01
9.199999999999999289e+00,-1.845694477927606059e+01,5.662734993966208918e+01,5.582607230000001408e+01,1.129806595528849300e+01
9.210000000000000853e+00,-1.841854242815152176e+01,5.406349963687013371e+01,5.641229674549899187e+01,1.111935846909212877e+01
9.220000000000000639e+00,-1.837950110460936060e+01,5.150601688783213206e+01,5.699671808332208656e+01,1.091035409503029108e+01
9.230000000000000426e+00,-1.833985307472414306e+01,4.895603885834708535e+01,5.757744879433590768e+01,1.067067387477288243e+01
9.240000000000000213e+00,-1.829962564866267272e+01,4.641466087281104791e+01,5.815254039286828203e+01,1.040008951414207772e+01
9.250000000000000000e+00,-1.825884149356932440e+01,4.388292907197481441e+01,5.871999892259024989e+01,1.009853086123588284e+01
9.259999999999999787e+00,-1.821751903707714249e+01,4.136183394163678884e+01,5.927780130987829921e+01,9.766091375874134783e+00
9.269999999999999574e+00,-1.817567294876783635e+01,3.885230478231591889e+01,5.982391225486423991e+01,9.403031496022311586e+00
9.279999999999999361e+00,-1.813331468579918493e+01,3.635520517408291141e+01,6.035630133054267787e+01,9.009779867953092491e+00
9.289999999999999147e+00,-1.809045308796040175e+01,3.387132947428952434e+01,6.087295996413047305e+01,8.586932468955854603e+00
9.300000000000000711e+00,-1.804709500663847876e+01,3.140140036884703179e+01,6.137191799244321544e+01,8.135249710904153275e+00
9.310000000000000497e+00,-1.800324595161681884e+01,2.894606748015227993e+01,6.185125951344268458e+01,7.655651666495117524e+00
9.320000000000000284e+00,-1.795891073932902415e+01,2.650590701680089367e+01,6.230913779745392844e+01,7.149211604299151368e+00
9.330000000000000071e+00,-1.791409412619295338e+01,2.408142243213177380e+01,6.274378907111589854e+01,6.617148051345938420e+00
9.339999999999999858e+00,-1.786880141099878472e+01,2.167304604071696517e+01,6.315354504151056858e+01,6.060815621083186500e+00
9.349999999999999645e+00,-1.782303899104293166e+01,1.928114152446367768e+01,6.353684408333933931e+01,5.481694849456752117e+00
9.359999999999999432e+00,-1.777681485781193871e+01,1.690600724353960160e+01,6.389224106459074903e+01,4.881381272975461982e+00
9.369999999999999218e+00,-1.773013901952718641e+01,1.454788025226823933e+01,6.421841583226971295e+01,4.261573961413804845e+00
9.380000000000000782e+00,-1.768302383974670988e+01,1.220694090699070777e+01,6.451418041639145429e+01,3.624063686744593227e+00
9.390000000000000568e+00,-1.763548428345656305e+01,9.883317942138351242e+00,6.477848503537511249e+01,2.970720872217512021e+00
9.400000000000000355e+00,-1.758753806461341895e+01,7.577093882792998336e+00,6.501042299805916969e+01,2.303483424926597856e+00
9.410000000000000142e+00,-1.753920569185915923e+01,5.288310657250606006e+00,6.520923459676545519e+01,1.624344515637803354e+00
9.419999999999999929e+00,-1.749051041203237489e+01,3.016975271749884779e+00,6.537431007328241606e+01,9.353403347634775544e-01
9.429999999999999716e+00,-1.744147805405794571e+01,7.630654117792764479e-01,6.550519171745742142e+01,2.385378263805943422e-01
9.439999999999999503e+00,-1.739213677870751340e+01,-1.473465159784440592e+00,6.560157512924841683e+01,-4.639776145117310846e-01
9.449999999999999289e+00,-1.734251674248849540e+01,-3.692681528152994552e+00,6.566330964311639207e+01,-1.170114501303358923e+00
9.460000000000000853e+00,-1.729264968644445588e+01,-5.894662983609934237e+00,6.569039788230143984e+01,-1.877787684448889882e+00
9.470000000000000639e+00,-1.724256846284703570e+01,-8.079498902544303363e+00,6.568299438348475405e+01,-2.584930844125851834e+00
9.480000000000000426e+00,-1.719230651455464454e+01,-1.024728522731353308e+01,6.564140321284354229e+01,-3.289509013977508278e+00
9.490000000000000213e+00,-1.714189732314969916e+01,-1.239812160020348308e+01,6.556607448508920299e+01,-3.989531068951197579e+00
9.500000000000000000e+00,-1.709137384279931382e+01,-1.453210918600431611e+01,6.545759969936959521e+01,-4.683062072886579941e+00
9.509999999999999787e+00,-1.704076793709702287e+01,-1.664934919646860934e+01,6.531670582046561435e+01,-5.368235344574125989e+00
9.519999999999999574e+00,-1.699010983592498292e+01,-1.874994210874417888e+01,6.514424806000519652e+01,-6.043264068128486599e+00
9.529999999999999361e+00,-1.693942762864767460e+01,-2.083398754941259057e+01,6.494120134888058260e+01,-6.706452248034496577e+00
9.539999999999999147e+00,-1.688874680873044198e+01,-2.290158479662748903e+01,6.470865053625375651e+01,-7.356204793865339653e+00
9.550000000000000711e+00,-1.683808988321934308e+01,-2.495283383549554301e+01,6.444777939935669053e+01,-7.991036516318310134e+00
9.560000000000000497e+00,-1.678747605847135205e+01,-2.698783688680308401e+01,6.415985859824789372e+01,-8.609579825819203336e+00
9.570000000000000284e+00,-1.673692101115097230e+01,-2.900670031677298155e+01,6.384623275720150559e+01,-9.210590947399673212e+00
9.580000000000000071e+00,-1.668643675088218714e+01,-3.100953682610724371e+01,6.350830689609686175e+01,-9.792954499796831414e+00
9.589999999999999858e+00,-1.663603157813558298e+01,-3.299646781031500353e+01,6.314753246815294574e+01,-1.035568633081657630e+01
9.599999999999999645e+00,-1.658571013802199445e+01,-3.496762578039803060e+01,6.276539328238335003e+01,-1.089793455233122721e+01
9.609999999999999432e+00,-1.653547356773560395e+01,-3.692315673345419924e+01,6.236339159882302141e+01,-1.141897877380319848e+01
9.619999999999999218e+00,-1.648531973252448424e+01,-3.886322236661408880e+01,6.194303468137393764e+01,-1.191822758968828389e+01
9.630000000000000782e+00,-1.643524354234731177e+01,-4.078800203489345932e+01,6.150582207735696727e+01,-1.239521443030537462e+01
9.640000000000000568e+00,-1.638523733888385436e+01,-4.269769436380146743e+01,6.105323386566168864e+01,-1.284959193485164519e+01
9.650000000000000355e+00,-1.633529134038044717e+01,-4.459251844066610460e+01,6.058672007850723418e+01,-1.328112504676929362e+01
9.660000000000000142e+00,-1.628539413000243741e+01,-4.647271452423859017e+01,6.010769145750544595e+01,-1.368968306377577804e+01
9.669999999999999929e+00,-1.623553317200105184e+01,-4.833854422979059251e+01,5.961751165547042319e+01,-1.407523089636236158e+01
9.679999999999999716e+00,-1.618569533913316860e+01,-5.019029016610204508e+01,5.911749094387572256e+01,-1.443781979893182488e+01
9.689999999999999503e+00,-1.613586743444359684e+01,-5.202825502083496190e+01,5.860888143458667088e+01,-1.477757783709457051e+01
9.699999999999999289e+00,-1.608603669075434794e+01,-5.385276011117636585e+01,5.809287377583661538e+01,-1.509470034366364999e+01
9.710000000000000853e+00,-1.603619123201052687e+01,-5.566414343656419561e+01,5.757059523842625737e+01,-1.538944059573037038e+01
9.720000000000000639e+00,-1.598632048199571543e+01,-5.746275728911880520e+01,5.704310907043281276e+01,-1.566210091737639409e+01
9.730000000000000426e+00,-1.593641550781302385e+01,-5.924896549435464976e+01,5.651141496854452839e+01,-1.591302437883878795e+01
9.740000000000000213e+00,-1.588646928787883894e+01,-6.102314036918179596e+01,5.597645049224750124e+01,-1.614258722516696665e+01
9.750000000000000000e+00,-1.583647689691150973e+01,-6.278565949557199133e+01,5.543909323380659515e+01,-1.635119212752028162e+01
9.759999999999999787e+00,-1.578643560342960761e+01,-6.453690241603725042e+01,5.490016355223014699e+01,-1.653926231008556158e+01
9.769999999999999574e+00,-1.573634487848769581e+01,-6.627724736094891966e+01,5.436042768273417636e+01,-1.670723656687863823e+01
9.779999999999999361e+00,-1.568620631765773865e+01,-6.800706811747227221e+01,5.382060104388087751e+01,-1.685556514694225783e+01
9.789999999999999147e+00,-1.563602348148712018e+01,-6.972673114552257800e+01,5.328135158153313711e+01,-1.698470645495126163e+01
9.800000000000000711e+00,-1.558580166270642664e+01,-7.143659303775055491e+01,5.274330301085346662e+01,-1.709512448799116768e+01
9.810000000000000497e+00,-1.553554759120813245e+01,-7.313699840846673794e+01,5.220703784343794496e+01,-1.718728690900115552e+01
9.820000000000000284e+00,-1.548526909016722364e+01,-7.482827828105212120e+01,5.167310011491561994e+01,-1.726166364347792026e+01
9.830000000000000071e+00,-1.543497469853644333e+01,-7.651074902531618704e+01,5.114199775756456745e+01,-1.731872587864016211e+01
9.839999999999999858e+00,-1.538467327645740568e+01,-7.818471187616874829e+01,5.061420459132884986e+01,-1.735894534317637650e+01
9.849999999999999645e+00,-1.533437361083353601e+01,-7.985045304354260054e+01,5.009016193383905602e+01,-1.738279375051399711e+01
9.859999999999999432e+00,-1.528408403838840712e+01,-8.150824440155881234e+01,4.957027985453447627e+01,-1.739074229859609488e+01
9.869999999999999218e+00,-1.523381210298124344e+01,-8.315834472322596582e+01,4.905493811886053379e+01,-1.738326113358698066e+01
9.880000000000000782e+00,-1.518356426278748295e+01,-8.480100140625118854e+01,4.854448688509164356e+01,-1.736081870277773120e+01
9.890000000000000568e+00,-1.513334566121754321e+01,-8.643645261657374590e+01,4.803924722814449666e+01,-1.732388094215545493e+01
9.900000000000000355e+00,-1.508315997319549950e+01,-8.806492975961840841e+01,4.753951157160143026e+01,-1.727291026554829756e+01
9.910000000000000142e+00,-1.503300933572697851e+01,-8.968666017562082970e+01,4.704554411106797573e+01,-1.720836434387606673e+01
9.919999999999999929e+00,-1.498289436863497315e+01,-9.130186994515267429e+01,4.655758130918491844e+01,-1.713069468381796412e+01
9.929999999999999716e+00,-1.493281428803368627e+01,-9.291078668458172274e+01,4.607583253551923264e+01,-1.704034503423552138e+01
9.939999999999999503e+00,-1.488276711164696842e+01,-9.451364220889161061e+01,4.560048091375467294e+01,-1.693774966518970260e+01
9.949999999999999289e+00,-1.483274995157429288e+01,-9.611067494121574839e+01,4.513168442479155829e+01,-1.682333157774029786e+01
9.960000000000000853e+00,-1.478275938667745848e+01,-9.770213195465049694e+01,4.466957729832518709e+01,-1.669750071246323131e+01
9.970000000000000639e+00,-1.473279190352386259e+01,-9.928827054227932081e+01,4.421427170804046369e+01,-1.656065223048923229e+01
9.980000000000000426e+00,-1.468284439189153545e+01,-1.008693592256420288e+02,4.376585976757194629e+01,-1.641316494274947502e+01
9.990000000000000213e+00,-1.463291467832794801e+01,-1.024456781297217134e+02,4.332441580666328917e+01,-1.625539996106964225e+01
1.000000000000000000e+01,-1.458300207925697300e+01,-1.040175186734058457e+02,4.288999889028342949e+01,-1.608769963899554156e+01
1.000999999999999979e+01,-1.453310795373416831e+01,-1.055851825476402155e+02,4.246265552853054714e+01,-1.591038686110880818e+01
1.001999999999999957e+01,-1.448323623522737691e+01,-1.071489799783778523e+02,4.204242251258735763e+01,-1.572376472756950072e+01
1.002999999999999936e+01,-1.443339392179213476e+01,-1.087092272971016911e+02,4.162932980227833468e+01,-1.552811666626696940e+01
1.003999999999999915e+01,-1.438359150474162007e+01,-1.102662438672019505e+02,4.122340338431357054e+01,-1.532370698892067296e+01
1.005000000000000071e+01,-1.433384331736761297e+01,-1.118203484389284199e+02,4.082466801731369088e+01,-1.511078189044167175e+01
1.006000000000000050e+01,-1.428416778741763160e+01,-1.133718550280285200e+02,4.043314978031621365e+01,-1.488957087357418096e+01
1.007000000000000028e+01,-1.423458757980297484e+01,-1.149210684326906033e+02,4.004887834561096582e+01,-1.466028856401453773e+01
1.008000000000000007e+01,-1.418512961931114091e+01,-1.164682795192398288e+02,3.967188890426648129e+01,-1.442313686555725916e+01
1.008999999999999986e+01,-1.413582498680538713e+01,-1.180137604185624127e+02,3.930222368326509041e+01,-1.417830739099750659e+01
1.009999999999999964e+01,-1.408670868637744711e+01,-1.195577597820209093e+02,3.893993300631279197e+01,-1.392598409309721852e+01
1.010999999999999943e+01,-1.403781928503214438e+01,-1.211004982473858149e+02,3.858507586558602753e+01,-1.366634601136933824e+01
1.011999999999999922e+01,-1.398919843057153756e+01,-1.226421642620538819e+02,3.823771998827240282e+01,-1.339957004508547733e+01
1.013000000000000078e+01,-1.394089025726889197e+01,-1.241829104026584929e+02,3.789794139908369175e+01,-1.312583366097291915e+01
1.014000000000000057e+01,-1.389294069253888608e+01,-1.257228503175246033e+02,3.756582349723790770e+01,-1.284531744558035804e+01
1.015000000000000036e+01,-1.384539668100704901e+01,-1.272620564017572917e+02,3.724145568304177800e+01,-1.255820741715765898e+01
1.016000000000000014e+01,-1.379830534505894235e+01,-1.288005582947554046e+02,3.692493158449565982e+01,-1.226469701987059224e+01
1.016999999999999993e+01,-1.375171310303776551e+01,-1.303383422673586551e+02,3.661634694771640142e+01,-1.196498873388159012e+01
1.017999999999999972e+01,-1.370566476771434061e+01,-1.318753515414381354e+02,3.631579726596341828e+01,-1.165929524779904547e+01
1.018999999999999950e+01,-1.366020264845257515e+01,-1.334114875593395197e+02,3.602337523029869004e+01,-1.134784015467944052e+01
1.019999999999999929e+01,-1.361536568064247277e+01,-1.349466121949165824e+02,3.573916809020042962e+01,-1.103085814856545888e+01
1.021000000000000085e+01,-1.357118860549198303e+01,-1.364805508726757637e+02,3.546325501468500363e+01,-1.070859471484854986e+01
1.022000000000000064e+01,-1.352770122219647497e+01,-1.380130965373928404e+02,3.519570454371080359e+01,-1.038130532396819028e+01
1.023000000000000043e+01,-1.348492773288769797e+01,-1.395440143939736970e+02,3.493657221598986951e+01,-1.004925415356039764e+01
1.024000000000000021e+01,-1.344288619865887036e+01,-1.410730473167995171e+02,3.468589845305208286e+01,-9.712712378648797440e+00
1.025000000000000000e+01,-1.340158812242511210e+01,-1.425999218096224013e+02,3.444370677081219867e+01,-9.371956082441139202e+00
1.025999999999999979e+01,-1.336103817146805817e+01,-1.441243543816141539e+02,3.421000237933421317e+01,-9.027263851413135143e+00
1.026999999999999957e+01,-1.332123404928731958e+01,-1.456460581926143618e+02,3.398477121936630141e+01,-8.678914127401242240e+00
1.027999999999999936e+01,-1.328216652289654220e+01,-1.471647498112238850e+02,3.376797947092583740e+01,-8.327182396213803628e+00
1.028999999999999915e+01,-1.324381960801412106e+01,-1.486801559233248611e+02,3.355957355514334495e+01,-7.972338296717174977e+00
1.030000000000000071e+01,-1.320617091076744032e+01,-1.501920198260494317e+02,3.335948063610803160e+01,-7.614642736428623770e+00
1.031000000000000050e+01,-1.316919212061739053e+01,-1.517001075433775839e+02,3.316760961495182158e+01,-7.254345099356918958e+00
1.032000000000000028e+01,-1.313284964528657461e+01,-1.532042134045371711e+02,3.298385259421008442e+01,-6.891680629240614309e+00
1.033000000000000007e+01,-1.309710537461791091e+01,-1.547041649353796799e+02,3.280808677692070319e+01,-6.526868066519662115e+00
1.033999999999999986e+01,-1.306191755659042109e+01,-1.561998269259501910e+02,3.264017675228344473e+01,-6.160107610466901917e+00
1.034999999999999964e+01,-1.302724176527319244e+01,-1.576911045546077901e+02,3.247997710828413886e+01,-5.791579269038590994e+00
1.035999999999999943e+01,-1.299303193741625151e+01,-1.591779454701295151e+02,3.232733530178298054e+01,-5.421441648369237143e+00
1.036999999999999922e+01,-1.295924145177213660e+01,-1.606603407580311114e+02,3.218209470843842723e+01,-5.049831221645949775e+00
1.038000000000000078e+01,-1.292582422322904634e+01,-1.621383247454396326e+02,3.204409776874052795e+01,-4.676862103616483246e+00
1.039000000000000057e+01,-1.289273578252643837e+01,-1.636119736296552389e+02,3.191318914258615891e+01,-4.302626342522550829e+00
1.040000000000000036e+01,-1.285993431181258373e+01,-1.650814029482923786e+02,3.178921878342695706e+01,-3.927194726158346416e+00
1.041000000000000014e+01,-1.282738160666890437e+01,-1.665467639426050823e+02,3.167204484419671573e+01,-3.550618083445958639e+00
1.041999999999999993e+01,-1.279504393651402161e+01,-1.680082388992260860e+02,3.156153633104102596e+01,-3.172929047827548477e+00
1.042999999999999972e+01,-1.276289277752533735e+01,-1.694660355878532130e+02,3.145757542731778855e+01,-2.794144234377396341e+00
1.043999999999999950e+01,-1.273090539534687160e+01,-1.709203809421689755e+02,3.136005941930240226e+01,-2.414266769313061722e+00
1.044999999999999929e+01,-1.269906525882131199e+01,-1.723715141572816663e+02,3.126890216631604247e+01,-2.033289098997729027e+00
1.046000000000000085e+01,-1.266736227067589660e+01,-1.738196793980733048e+02,3.118403507129525565e+01,-1.651195996019462209e+00
1.047000000000000064e+01,-1.263579280635603475e+01,-1.752651183281311944e+02,3.110540752274272336e+01,-1.267967672869552365e+00
1.048000000000000043e+01,-1.260435955785508888e+01,-1.767080626776732402e+02,3.103298679507405566e+01,-8.835829094246325788e-01
1.049000000000000021e+01,-1.257307118522877332e+01,-1.781487270706413710e+02,3.096675741107246793e+01,-4.980220990545857762e-01
1.050000000000000000e+01,-1.254194178429520257e+01,-1.795873023258133969e+02,3.090671998692280553e+01,-1.112701198099390748e-01
1.050999999999999979e+01,-1.251099018459572498e+01,1.789760505654520841e+02,3.085288959655142804e+01,2.766810582416395214e-01
1.051999999999999957e+01,-1.248023909682763488e+01,1.775412056008480590e+02,3.080529370720060101e+01,6.658301110190698591e-01
1.052999999999999936e+01,-1.244971413348856792e+01,1.761080759084371437e+02,3.076396975182219151e+01,1.056164515242376423e+00
1.053999999999999915e+01,-1.241944273025165479e+01,1.746766167369419236e+02,3.072896241555434926e+01,1.447659179284878528e+00
1.055000000000000071e+01,-1.238945299851917703e+01,1.732468271968908198e+02,3.070032072290366543e+01,1.840275595228336059e+00
1.056000000000000050e+01,-1.235977254162033923e+01,1.718187506895485228e+02,3.067809501904708114e+01,2.233961541864732947e+00
1.057000000000000028e+01,-1.233042726820091772e+01,1.703924739968970243e+02,3.066233394273643498e+01,2.628651352087844728e+00
1.058000000000000007e+01,-1.230144023651207519e+01,1.689681250424971495e+02,3.065308148957361212e+01,3.024266741406134162e+00
1.058999999999999986e+01,-1.227283056258225535e+01,1.675458693688299263e+02,3.065037426294422573e+01,3.420718177655261538e+00
1.059999999999999964e+01,-1.224461242370987257e+01,1.661259054108998043e+02,3.065423900573770766e+01,3.817906755806533159e+00
1.060999999999999943e+01,-1.221679418642145976e+01,1.647084586777286290e+02,3.066469049928522850e+01,4.215726526457377332e+00
1.061999999999999922e+01,-1.218937768507840680e+01,1.632937749823634590e+02,3.068172990689038215e+01,4.614067212492046544e+00
1.063000000000000078e+01,-1.216235767376737087e+01,1.618821128867109849e+02,3.070534362812374241e+01,5.012817235828314288e+00
1.064000000000000057e+01,-1.213572147005075941e+01,1.604737355495357463e+02,3.073550271693097358e+01,5.411866965406579411e+00
1.065000000000000036e+01,-1.210944880465677542e+01,1.590689021840663884e+02,3.077216290181802805e+01,5.811112088874619275e+00
1.066000000000000014e+01,-1.208351188631931983e+01,1.576678593455183091e+02,3.081526523020027852e+01,6.210457004029481531e+00
1.066999999999999993e+01,-1.205787568580294433e+01,1.562708322782418122e+02,3.086473734173863193e+01,6.609818122200424639e+00
1.067999999999999972e+01,-1.203249843773341254e+01,1.548780165567920619e+02,3.092049535747557343e+01,7.009126974611923799e+00
1.068999999999999950e+01,-1.200733235327782822e+01,1.534895702546901930e+02,3.098244635321481155e+01,7.408333014518923676e+00
1.069999999999999929e+01,-1.198232453106730944e+01,1.521056068686604874e+02,3.105049136729535064e+01,7.807406012697015285e+00
1.071000000000000085e+01,-1.195741804814103659e+01,1.507261892143355624e+02,3.112452887519295786e+01,8.206337951781916829e+00
1.072000000000000064e+01,-1.193255320724159674e+01,1.493513244916009910e+02,3.120445864677347814e+01,8.605144335975085212e+00
1.073000000000000043e+01,-1.190766891166387609e+01,1.479809606937110402e+02,3.129018588710882653e+01,9.003864846678414580e+00
1.074000000000000021e+01,-1.188270413422735317e+01,1.466149845041348954e+02,3.138162554913616376e+01,9.402563291458349681e+00
1.075000000000000000e+01,-1.185759944299485369e+01,1.452532207890413360e+02,3.147870669667579691e+01,9.801326813025339035e+00
1.075999999999999979e+01,-1.183229854329723096e+01,1.438954337520025888e+02,3.158137678995591813e+01,1.020026434614975308e+01
1.076999999999999957e+01,-1.180674979363018018e+01,1.425413297718189085e+02,3.168960576325985556e+01,1.059950433299547257e+01
1.077999999999999936e+01,-1.178090765223650038e+01,1.411905618955787531e+02,3.180338976593577627e+01,1.099919173049919863e+01
1.078999999999999915e+01,-1.175473401180361677e+01,1.398427359087872617e+02,3.192275444393959916e+01,1.139948436632346684e+01
1.080000000000000071e+01,-1.172819938176956001e+01,1.384974178544440804e+02,3.204775764929008375e+01,1.180054872169764124e+01
1.081000000000000050e+01,-1.170128388125279884e+01,1.371541428253699166e+02,3.217849147906760265e+01,1.220255523926008934e+01
1.082000000000000028e+01,-1.167397801053841100e+01,1.358124248109380119e+02,3.231508356345551647e+01,1.260567327101818691e+01
1.083000000000000007e+01,-1.164628317522373280e+01,1.344717673426601721e+02,3.245769754318964573e+01,1.301006579504587712e+01
1.083999999999999986e+01,-1.161821194433717075e+01,1.331316746545860212e+02,3.260653269988994651e+01,1.341588403898801296e+01
1.084999999999999964e+01,-1.158978803171027039e+01,1.317916630555767767e+02,3.276182272722650168e+01,1.382326215348820320e+01
1.085999999999999943e+01,-1.156104599828237767e+01,1.304512722021896707e+02,3.292383365580503352e+01,1.423231207913460317e+01
1.086999999999999922e+01,-1.153203068148909161e+01,1.291100759634765893e+02,3.309286096913160691e+01,1.464311874651048129e+01
1.088000000000000078e+01,-1.150279636607473677e+01,1.277676925823235621e+02,3.326922597117781777e+01,1.505573574068606924e+01
1.089000000000000057e+01,-1.147340571823674260e+01,1.264237938612152448e+02,3.345327148717905885e+01,1.547018154944552926e+01
1.090000000000000036e+01,-1.144392851166072234e+01,1.250781131322612083e+02,3.364535699775799316e+01,1.588643649926640222e+01
1.091000000000000014e+01,-1.141444017950713530e+01,1.237304518103127577e+02,3.384585332184173012e+01,1.630444046520046442e+01
1.091999999999999993e+01,-1.138502023060286206e+01,1.223806843720683446e+02,3.405513697588102673e+01,1.672409142103369462e+01
1.092999999999999972e+01,-1.135575057089200435e+01,1.210287616512128039e+02,3.427358434547645061e+01,1.714524487507506123e+01
1.093999999999999950e+01,-1.132671377260677126e+01,1.196747123878079719e+02,3.450156581071620820e+01,1.756771421525115429e+01
1.094999999999999929e+01,-1.129799133369555264e+01,1.183186430175173030e+02,3.473943996846755766e+01,1.799127196537457962e+01
1.096000000000000085e+01,-1.126966196891402916e+01,1.169607357311897147e+02,3.498754809374614894e+01,1.841565193292930047e+01
1.097000000000000064e+01,-1.124179997181001411e+01,1.156012448766063869e+02,3.524620897833453625e+01,1.884055220778087758e+01
1.098000000000000043e+01,-1.121447368380095355e+01,1.142404918108850325e+02,3.551571427824742955e+01,1.926563895110706781e+01
1.099000000000000021e+01,-1.118774410284876275e+01,1.128788583436358408e+02,3.579632449260662241e+01,1.969055089471079611e+01
1.100000000000000000e+01,-1.116166366006695121e+01,1.115167789372373477e+02,3.608826568510763622e+01,2.011490445286334250e+01
1.100999999999999979e+01,-1.113627518811689043e+01,1.101547318516776386e+02,3.639172704556631999e+01,2.053829933206018765e+01
1.101999999999999957e+01,-1.111161110060016277e+01,1.087932294374996900e+02,3.670685937303252189e+01,2.096032450875924980e+01
1.102999999999999936e+01,-1.108769279694233489e+01,1.074328077919760602e+02,3.703377454360777676e+01,2.138056443154776431e+01
1.103999999999999915e+01,-1.106453030255934777e+01,1.060740160011254716e+02,3.737254600538679483e+01,2.179860529262014168e+01
1.105000000000000071e+01,-1.104212214944812409e+01,1.047174051940224615e+02,3.772321031989317675e+01,2.221404120438932139e+01
1.106000000000000050e+01,-1.102045549776713074e+01,1.033635176364050920e+02,3.808576974412738991e+01,2.262648011103802759e+01
1.107000000000000028e+01,-1.099950649447394291e+01,1.020128760880545400e+02,3.846019582017908789e+01,2.303554926246099654e+01
1.108000000000000007e+01,-1.097924086066490190e+01,1.006659736429323289e+02,3.884643391073230845e+01,2.344090007996387115e+01
1.108999999999999986e+01,-1.095961469491538054e+01,9.932326426254209650e+01,3.924440858938351084e+01,2.384221224986456633e+01
1.109999999999999964e+01,-1.094057547566120014e+01,9.798515420126157949e+01,3.965402976537718871e+01,2.423919689326310944e+01
1.110999999999999943e+01,-1.092206324152396313e+01,9.665199450723531527e+01,4.007519939420093635e+01,2.463159867799985747e+01
1.111999999999999922e+01,-1.090401192452090839e+01,9.532407476350594777e+01,4.050781859969441001e+01,2.501919676227714362e+01
1.113000000000000078e+01,-1.088635080739656757e+01,9.400161821117754357e+01,4.095179501119616106e+01,2.540180448832128235e+01
1.114000000000000057e+01,-1.086900607298018961e+01,9.268477836936308734e+01,4.140705010208358772e+01,2.577926777824361437e+01
1.115000000000000036e+01,-1.085190241064132977e+01,9.137363723553752948e+01,4.187352630502850559e+01,2.615146222199103576e+01
1.116000000000000014e+01,-1.083496464273375359e+01,9.006820511488693626e+01,4.235119367541112467e+01,2.651828888773957260e+01
1.116999999999999993e+01,-1.081811933253913693e+01,8.876842208890663244e+01,4.284005587829248185e+01,2.687966892675351360e+01
1.117999999999999972e+01,-1.080129633478998485e+01,8.747416109264480610e+01,4.334015528649010918e+01,2.723553708593046707e+01
1.118999999999999950e+01,-1.078443025048827941e+01,8.618523252773724153e+01,4.385157699756145888e+01,2.758583428020432748e+01
1.119999999999999929e+01,-1.076746174952888424e+01,8.490139029615619393e+01,4.437445160535346389e+01,2.793049941193120844e+01
1.121000000000000085e+01,-1.075033872762007903e+01,8.362233909892684380e+01,4.490895659633158488e+01,2.826946065376142414e+01
1.122000000000000064e+01,-1.073301726814612422e+01,8.234774280669992663e+01,4.545531628086126830e+01,2.860262643394857918e+01
1.123000000000000043e+01,-1.071546238485072067e+01,8.107723367666399383e+01,4.601380021344446902e+01,2.892987637757623887e+01
1.124000000000000021e+01,-1.069764852738443039e+01,7.981042216440511083e+01,4.658472010189682777e+01,2.925105246318638663e+01
1.125000000000000000e+01,-1.067955983864280078e+01,7.854690706133769140e+01,4.716842525179605872e+01,2.956595065157154778e+01
1.125999999999999979e+01,-1.066119016016546439e+01,7.728628567915610859e+01,4.776529663754239152e+01,2.987431323226530111e+01
1.126999999999999957e+01,-1.064254278937769271e+01,7.602816380300969001e+01,4.837573973344195366e+01,3.017582211407727044e+01
1.127999999999999936e+01,-1.062362999982933154e+01,7.477216514479822251e+01,4.900017627602601067e+01,3.047009325971844618e+01
1.128999999999999915e+01,-1.060447234251918047e+01,7.351794004675512895e+01,4.963903516123606607e+01,3.075667243218457614e+01
1.130000000000000071e+01,-1.058509775261338781e+01,7.226517321241945524e+01,5.029274270634299171e+01,3.103503238325871649e+01
1.131000000000000050e+01,-1.056554049113703542e+01,7.101359027597256102e+01,5.096171252594799483e+01,3.130457157344939034e+01
1.132000000000000028e+01,-1.054583995536585661e+01,6.976296306015824200e+01,5.164633528381196470e+01,3.156461446904607371e+01
1.133000000000000007e+01,-1.052603939455104864e+01,6.851311341587778259e+01,5.234696858740955605e+01,3.181441341685761870e+01
1.133999999999999986e+01,-1.050618456922847699e+01,6.726391558129189718e+01,5.306392728993527186e+01,3.205315205161308967e+01
1.134999999999999964e+01,-1.048632239270673772e+01,6.601529704306474855e+01,5.379747445504941794e+01,3.227995014592075051e+01
1.135999999999999943e+01,-1.046649959246521888e+01,6.476723792571840477e+01,5.454781322295311696e+01,3.249386976903326740e+01
1.136999999999999922e+01,-1.044676142723973911e+01,6.351976897550821377e+01,5.531507979252937446e+01,3.269392257940680935e+01
1.138000000000000078e+01,-1.042715049267266281e+01,6.227296824168771394e+01,5.609933770338914627e+01,3.287907803819710750e+01
1.139000000000000057e+01,-1.040770564472506265e+01,6.102695658970298354e+01,5.690057356391523058e+01,3.304827229751600015e+01
1.140000000000000036e+01,-1.038846106575928019e+01,5.978189220717597152e+01,5.771869432717097226e+01,3.320041748973110174e+01
1.141000000000000014e+01,-1.036944549347360400e+01,5.853796428424561071e+01,5.855352616640319496e+01,3.333441112366236325e+01
1.141999999999999993e+01,-1.035068162786065571e+01,5.729538606485071739e+01,5.940481494671251284e+01,3.344914528163948830e+01
1.142999999999999972e+01,-1.033218572621203535e+01,5.605438747496811658e+01,6.027222823054665923e+01,3.354351530942047077e+01
1.143999999999999950e+01,-1.031396739102565796e+01,5.481520753784587896e+01,6.115535869369413291e+01,3.361642770020993254e+01
1.144999999999999929e+01,-1.029602955059508496e+01,5.357808678520613910e+01,6.205372876751556532e+01,3.366680689546605265e+01
1.146000000000000085e+01,-1.027836862716437771e+01,5.234325986750857140e+01,6.296679626478731961e+01,3.369360075943373545e+01
1.147000000000000064e+01,-1.026097488289424575e+01,5.111094855601522369e+01,6.389396069355265695e+01,3.369578453144536923e+01
1.148000000000000043e+01,-1.024383292957999458e+01,4.988135531488298113e+01,6.483456991878847475e+01,3.367236311933805837e+01
1.149000000000000021e+01,-1.022692238415425514e+01,4.865465760315897370e+01,6.578792679848612579e+01,3.362237166746962913e+01
1.150000000000000000e+01,-1.021021864856720285e+01,4.743100304470975459e+01,6.675329540167568609e+01,3.354487441158362770e+01
1.150999999999999979e+01,-1.019369378972869455e+01,4.621050557915316404e+01,6.772990641331810480e+01,3.343896191726737754e+01
1.151999999999999957e+01,-1.017731749289052345e+01,4.499324267921040388e+01,6.871696134652036392e+01,3.330374688539156125e+01
1.152999999999999936e+01,-1.016105806020622104e+01,4.377925369009496848e+01,6.971363521701529464e+01,3.313835879270136786e+01
1.153999999999999915e+01,-1.014488342529275045e+01,4.256853931519281531e+01,7.071907738818570976e+01,3.294193771435646312e+01
1.155000000000000071e+01,-1.012876215448091699e+01,4.136106224013135346e+01,7.173241036593195474e+01,3.271362774343072033e+01
1.156000000000000050e+01,-1.011266440611305129e+01,4.015674885517520210e+01,7.275272640927148871e+01,3.245257047616978952e+01
1.157000000000000028e+01,-1.009656282074016076e+01,3.895549200468882134e+01,7.377908192162279022e+01,3.215789906766077877e+01
1.158000000000000007e+01,-1.008043331736815063e+01,3.775715466309761581e+01,7.481048969548422178e+01,3.182873337771023614e+01
1.158999999999999986e+01,-1.006425577395877369e+01,3.656157441038750733e+01,7.584590919523658670e+01,3.146417671922702652e+01
1.159999999999999964e+01,-1.004801457412600918e+01,3.536856855763423368e+01,7.688423517433628263e+01,3.106331469029830217e+01
1.160999999999999943e+01,-1.003169900627071165e+01,3.417793975519366256e+01,7.792428502932254730e+01,3.062521651645866783e+01
1.161999999999999922e+01,-1.001530350612606313e+01,3.298948190374353828e+01,7.896478538895568988e+01,3.014893925240004791e+01
1.163000000000000078e+01,-9.998827738679764821e+00,3.180298618179480741e+01,8.000435851784882857e+01,2.963353509448504397e+01
1.164000000000000057e+01,-9.982276520518690077e+00,3.061824700289167822e+01,8.104150917585218394e+01,2.907806193972890796e+01
1.165000000000000036e+01,-9.965659588622127529e+00,2.943506772146927375e+01,8.207461261345530090e+01,2.848159719701908799e+01
1.166000000000000014e+01,-9.948991226330720750e+00,2.825326591796792997e+01,8.310190439642448723e+01,2.784325471658809192e+01
1.166999999999999993e+01,-9.932289761473622747e+00,2.707267811082567022e+01,8.412147273732171016e+01,2.716220455918569598e+01
1.167999999999999972e+01,-9.915576955299682638e+00,2.589316376461164282e+01,8.513125396590230309e+01,2.643769518264398144e+01
1.168999999999999950e+01,-9.898877303816092876e+00,2.471460848896036211e+01,8.612903169404381742e+01,2.566907748678657342e+01
1.169999999999999929e+01,-9.882217275306130588e+00,2.353692635105115727e+01,8.711244012448396745e+01,2.485583003447300499e+01
1.171000000000000085e+01,-9.865624509132592479e+00,2.236006125411340051e+01,8.807897181821873289e+01,2.399758466379906707e+01
1.172000000000000064e+01,-9.849127001422280259e+00,2.118398736468047971e+01,8.902599007660869290e+01,2.309415163078239175e+01
1.173000000000000043e+01,-9.832752302894524732e+00,2.000870860108208049e+01,8.995074591633493810e+01,2.214554337951171803e+01
1.174000000000000021e+01,-9.816526752992309923e+00,1.883425722397377911e+01,9.085039942545861891e+01,2.115199603301038067e+01
1.175000000000000000e+01,-9.800474772673521073e+00,1.766069159574267289e+01,9.172204509567333730e+01,2.011398773676483387e+01
1.175999999999999979e+01,-9.784618235813189457e+00,1.648809319873666368e+01,9.256274053943522517e+01,1.903225306977998699e+01
1.176999999999999957e+01,-9.768975936257481507e+00,1.531656302188372187e+01,9.336953783192495848e+01,1.790779286434491269e+01
1.177999999999999936e+01,-9.753563164266381591e+00,1.414621744104324108e+01,9.413951657772564374e+01,1.674187894175735281e+01
1.178999999999999915e+01,-9.738391402492592164e+00,1.297718373010276416e+01,9.486981770102184441e+01,1.553605347030733341e+01
1.180000000000000071e+01,-9.723468147879350099e+00,1.180959534727903026e+01,9.555767690466296926e+01,1.429212287415496974e+01
1.181000000000000050e+01,-9.708796862021696228e+00,1.064358714429478603e+01,9.620045674366942023e+01,1.301214645517250545e+01
1.182000000000000028e+01,-9.694377048724332369e+00,9.479290645131177584e+00,9.679567631538813544e+01,1.169842012036174772e+01
1.183000000000000007e+01,-9.680204453797472297e+00,8.316829536067071871e+00,9.734103768028799664e+01,1.035345582042197421e+01
1.183999999999999986e+01,-9.666271378646344559e+00,7.156315499910170352e+00,9.783444828897837908e+01,8.979957486164495961e+00
1.184999999999999964e+01,-9.652567096014479375e+00,5.997844514991506060e+00,9.827403889309753993e+01,7.580794386213464797e+00
1.185999999999999943e+01,-9.639078353408605082e+00,4.841493723950224926e+00,9.865817664760508876e+01,6.158972912107621767e+00
1.186999999999999922e+01,-9.625789947337219488e+00,3.687318959003196728e+00,9.898547335461245211e+01,4.717607819686791437e+00
1.188000000000000078e+01,-9.612685349597262174e+00,2.535352989738158591e+00,9.925478903792817675e+01,3.259893917069192071e+00
1.189000000000000057e+01,-9.599747365496128282e+00,1.385604537005226788e+00,9.946523125690394806e+01,1.789079092739984445e+00
1.190000000000000036e+01,-9.586958803146879760e+00,2.380580728511224320e-01,9.961615075330243485e+01,3.084394298334106055e-01
1.191000000000000014e+01,-9.574303132846143427e+00,-9.073255977366356806e-01,9.970713416395507522e+01,-1.178743034229389863e+00
1.191999999999999993e+01,-9.561765116053692282e+00,-2.050608001491284416e+00,9.973799461663865884e+01,-2.669199556015710684e+00
1.192999999999999972e+01,-9.549331384630427522e+00,-3.191870959206974057e+00,9.970876105286079394e+01,-4.159690818000296275e+00
1.193999999999999950e+01,-9.536990952731100535e+00,-4.331213918448534983e+00,9.961966708941048410e+01,-5.647020036625306716e+00
1.194999999999999929e+01,-9.524735646038443804e+00,-5.468750748328252698e+00,9.947114014513297775e+01,-7.128043335167624228e+00
1.196000000000000085e+01,-9.512560435796181935e+00,-6.604606104065000594e+00,9.926379142859396154e+01,-8.599677832935148203e+00
1.197000000000000064e+01,-9.500463668257747685e+00,-7.738911481443107476e+00,9.899840721719311887e+01,-1.005890802180545052e+01
1.198000000000000043e+01,-9.488447183607599200e+00,-8.871801089688077013e+00,9.867594167191927568e+01,-1.150279107078487506e+01
1.199000000000000021e+01,-9.476516322012326299e+00,-1.000340767535751674e+01,9.829751123832430437e+01,-1.292846171626534968e+01
1.200000000000000000e+01,-9.464679818090901975e+00,-1.113385842951627147e+01,9.786439049739979623e+01,-1.433313736097928981e+01
1.200999999999999979e+01,-9.452949588631152977e+00,-1.226327110576927915e+01,9.737800916283077868e+01,-1.571412392275646575e+01
1.201999999999999957e+01,-9.441340421695729290e+00,-1.339175046789424250e+01,9.683994978475051596e+01,-1.706882285263980492e+01
1.202999999999999936e+01,-9.429869578245886785e+00,-1.451938517325904421e+01,9.625194562324476522e+01,-1.839473959076600096e+01
1.203999999999999915e+01,-9.418556319966427282e+00,-1.564624518242461626e+01,9.561587810311506530e+01,-1.968949355936829093e+01
1.205000000000000071e+01,-9.407421379024775376e+00,-1.677237976699801081e+01,9.493377325711304593e+01,-2.095082961796025955e+01
1.206000000000000050e+01,-9.396486386984610917e+00,-1.789781616759156080e+01,9.420779660699578528e+01,-2.217663073876694213e+01
1.207000000000000028e+01,-9.385773280991276835e+00,-1.902255893242744023e+01,9.344024601603862834e+01,-2.336493151248311761e+01
1.208000000000000007e+01,-9.375303705643307950e+00,-2.014658994546422832e+01,9.263354216598486346e+01,-2.451393197546058644e+01
1.208999999999999986e+01,-9.365098428676217779e+00,-2.126986913160211046e+01,9.179021645648643357e+01,-2.562201116703424120e+01
1.209999999999999964e+01,-9.355176787744785116e+00,-2.239233580625644393e+01,9.091289628500751974e+01,-2.668773978468188091e+01
1.210999999999999943e+01,-9.345556184249417697e+00,-2.351391061792762827e+01,9.000428782844591069e+01,-2.770989130665106259e+01
1.211999999999999922e+01,-9.336251638370766770e+00,-2.463449801585771226e+01,8.906715660310406690e+01,-2.868745099509781582e+01
1.213000000000000078e+01,-9.327275417328198870e+00,-2.575398916084708745e+01,8.810430621692661646e+01,-2.961962227326161923e+01
1.214000000000000057e+01,-9.318636746439590723e+00,-2.687226518610190595e+01,8.711855583874053366e+01,-3.050583008094515236e+01
1.215000000000000036e+01,-9.310341609910098626e+00,-2.798920070682547134e+01,8.611271698754407566e+01,-3.134572094507669604e+01
1.216000000000000014e+01,-9.302392645500543011e+00,-2.910466747223682304e+01,8.508957028731379069e+01,-3.213915964684687054e+01
1.216999999999999993e+01,-9.294789134399470854e+00,-3.021853805186306374e+01,8.405184283864053896e+01,-3.288622251418406250e+01
1.217999999999999972e+01,-9.287527084824889201e+00,-3.133068944923670784e+01,8.300218682964400330e+01,-3.358718750901550720e+01
1.218999999999999950e+01,-9.280599405186746864e+00,-3.244100654045504939e+01,8.194315994903919886e+01,-3.424252140495979546e+01
1.219999999999999929e+01,-9.273996160118604948e+00,-3.354938524221288532e+01,8.087720807964008429e+01,-3.485286445653584053e+01
1.221000000000000085e+01,-9.267704900401723123e+00,-3.465573532369797505e+01,7.980665064767127603e+01,-3.541901304135974016e+01
1.222000000000000064e+01,-9.261711055816448379e+00,-3.575998278882564563e+01,7.873366888920448048e+01,-3.594190080982380664e+01
1.223000000000000043e+01,-9.255998378316178332e+00,-3.686207176933456964e+01,7.766029717689610834e+01,-3.642257890203712378e+01
1.224000000000000021e+01,-9.250549421673838424e+00,-3.796196588488766110e+01,7.658841743443188932e+01,-3.686219579066585794e+01
1.225000000000000000e+01,-9.245346042933373809e+00,-3.905964904303456109e+01,7.551975655827197897e+01,-3.726197728340446957e+01
1.225999999999999979e+01,-9.240369910635894968e+00,-4.015512566923925419e+01,7.445588667080475886e+01,-3.762320717378230484e+01
1.226999999999999957e+01,-9.235603004890643675e+00,-4.124842037460628319e+01,7.339822794906656611e+01,-3.794720896811647748e+01
1.227999999999999936e+01,-9.231028094926408301e+00,-4.233957708592628677e+01,7.234805371069440127e+01,-3.823532904414513922e+01
1.228999999999999915e+01,-9.226629180768769700e+00,-4.342865767866049254e+01,7.130649739458011993e+01,-3.848892151767931580e+01
1.230000000000000071e+01,-9.222391887113946751e+00,-4.451574016796649147e+01,7.027456104762313771e+01,-3.870933501164100221e+01
1.231000000000000050e+01,-9.218303799261217790e+00,-4.560091652536161178e+01,6.925312492006898424e+01,-3.889790144084411594e+01
1.232000000000000028e+01,-9.214354733062023683e+00,-4.668429019867898688e+01,6.824295777861414081e+01,-3.905592684898515898e+01
1.233000000000000007e+01,-9.210536933172710050e+00,-4.776597342029614168e+01,6.724472756669980811e+01,-3.918468426411121186e+01
1.233999999999999986e+01,-9.206845196372627882e+00,-4.884608439291054793e+01,6.625901207296782047e+01,-3.928540847730542396e+01
1.234999999999999964e+01,-9.203276919245462651e+00,-4.992474444333369377e+01,6.528630930921164577e+01,-3.935929259783710421e+01
1.235999999999999943e+01,-9.199832072020603491e+00,-5.100207523281440558e+01,6.432704734590468831e+01,-3.940748619743668257e+01
1.236999999999999922e+01,-9.196513102749918289e+00,-5.207819610743624850e+01,6.338159340407018760e+01,-3.943109482698513801e+01
1.238000000000000078e+01,-9.193324778161379385e+00,-5.315322166438374296e+01,6.245026205459375745e+01,-3.943118067069433863e+01
1.239000000000000057e+01,-9.190273969414715083e+00,-5.422725959967651477e+01,6.153332242795926277e+01,-3.940876409528672042e+01
1.240000000000000036e+01,-9.187369392519460831e+00,-5.530040889076571631e+01,6.063100438692335814e+01,-3.936482585396247913e+01
1.241000000000000014e+01,-9.184621314314547647e+00,-5.637275835368138388e+01,5.974350366020879477e+01,-3.930030971597768996e+01
1.241999999999999993e+01,-9.182041235622396158e+00,-5.744438559973667680e+01,5.887098597558683366e+01,-3.921612531112818090e+01
1.242999999999999972e+01,-9.179641563460815945e+00,-5.851535640173902664e+01,5.801359026469498303e+01,-3.911315100289621682e+01
1.243999999999999950e+01,-9.177435284031110641e+00,-5.958572446476142659e+01,5.717143103894652967e+01,-3.899223663288737640e+01
1.244999999999999929e+01,-9.175435647617213419e+00,-6.065553158235877618e+01,5.634460005555573758e+01,-3.885420601088515724e+01
1.246000000000000085e+01,-9.173655875563902384e+00,-6.172480814613543743e+01,5.553316740502145166e+01,-3.869985905781687308e+01
1.247000000000000064e+01,-9.172108898201102534e+00,-6.279357396525708168e+01,5.473718215661364184e+01,-3.852997354167358424e+01
1.248000000000000043e+01,-9.170807131001581070e+00,-6.386183934316488120e+01,5.395667269705638347e+01,-3.834530637764542149e+01
1.249000000000000021e+01,-9.169762294467773245e+00,-6.492960635170048533e+01,5.319164689042062122e+01,-3.814659449226854093e+01
1.250000000000000000e+01,-9.168985281311968549e+00,-6.599687023825688925e+01,5.244209217516689847e+01,-3.793455527630780466e+01
1.250999999999999979e+01,-9.168486072493365668e+00,-6.706362089951988992e+01,5.170797569835291085e+01,-3.770988667174950137e+01
1.251999999999999957e+01,-9.168273701681869170e+00,-6.812984435588789722e+01,5.098924456832563834e+01,-3.747326695419976517e+01
1.252999999999999936e+01,-9.168356265802350080e+00,-6.919552416364059866e+01,5.028582628688469214e+01,-3.722535428299644167e+01
1.253999999999999915e+01,-9.168740977540666748e+00,-7.026064270722116589e+01,4.959762940098369199e+01,-3.696678609747937116e+01
1.255000000000000071e+01,-9.169434254127091677e+00,-7.132518232137248049e+01,4.892454439351261897e+01,-3.669817843935478408e+01
1.256000000000000050e+01,-9.170441835405414466e+00,-7.238912620199292292e+01,4.826644481346207272e+01,-3.642012527835412783e+01
1.257000000000000028e+01,-9.171768923190748879e+00,-7.345245907511485939e+01,4.762318862852237800e+01,-3.613319791196554576e+01
1.258000000000000007e+01,-9.173420333249723058e+00,-7.451516760494570235e+01,4.699461976850019340e+01,-3.583794450054968195e+01
1.258999999999999986e+01,-9.175400650923265289e+00,-7.557724053399796560e+01,4.638056981626117903e+01,-3.553488978735754245e+01
1.259999999999999964e+01,-9.177714381462667603e+00,-7.663866856052413823e+01,4.578085979447610043e+01,-3.522453503958264065e+01
1.260999999999999943e+01,-9.180366086561132732e+00,-7.769944397030825201e+01,4.519530199135974868e+01,-3.490735823233383428e+01
1.261999999999999922e+01,-9.183360499315792680e+00,-7.875956005088907830e+01,4.462370176680516209e+01,-3.458381448302753114e+01
1.263000000000000078e+01,-9.186702610919683210e+00,-7.981901032609465574e+01,4.406585928165095822e+01,-3.425433672982035205e+01
1.264000000000000057e+01,-9.190397723718765732e+00,-8.087778765697855476e+01,4.352157109699227533e+01,-3.391933663491498407e+01
1.265000000000000036e+01,-9.194451466821169205e+00,-8.193588326154328172e+01,4.299063159707865367e+01,-3.357920568238309755e+01
1.266000000000000014e+01,-9.198869772157843627e+00,-8.299328570978995856e+01,4.247283419797916082e+01,-3.323431643093889676e+01
1.266999999999999993e+01,-9.203658810695502623e+00,-8.404997995247741471e+01,4.196797231433171760e+01,-3.288502387517522152e+01
1.267999999999999972e+01,-9.208824890328182633e+00,-8.510594644141832532e+01,4.147584006761250919e+01,-3.253166686431124788e+01
1.268999999999999950e+01,-9.214374318750067516e+00,-8.616116039624709799e+01,4.099623273089603970e+01,-3.217456952556501903e+01
1.269999999999999929e+01,-9.220313236272962953e+00,-8.721559126740450552e+01,4.052894691653612824e+01,-3.181404263982999225e+01
1.271000000000000085e+01,-9.226647425031238470e+00,-8.826920243785818343e+01,4.007378052405096014e+01,-3.145038492025138765e+01
1.272000000000000064e+01,-9.233382102260248914e+00,-8.932195119702153363e+01,3.963053247533047596e+01,-3.108388414935255284e+01
1.273000000000000043e+01,-9.240521706292380344e+00,-9.037378900981539687e+01,3.919900227270305493e+01,-3.071481813724303933e+01
1.274000000000000021e+01,-9.248069684548683611e+00,-9.142466209219989537e+01,3.877898942210287458e+01,-3.034345547180012659e+01
1.275000000000000000e+01,-9.256028293091759451e+00,-9.247451229221263702e+01,3.837029276835798441e+01,-2.997005604113817867e+01
1.275999999999999979e+01,-9.264398417227578619e+00,-9.352327826303644542e+01,3.797270979232422405e+01,-2.959487131875343024e+01
1.276999999999999957e+01,-9.273179422204094635e+00,-9.457089690230871781e+01,3.758603592020082829e+01,-2.921814441201908252e+01
1.277999999999999936e+01,-9.282369042259592362e+00,-9.561730502025498879e+01,3.721006389389746261e+01,-2.884010988478734205e+01
1.278999999999999915e+01,-9.291963315148802138e+00,-9.666244118867368229e+01,3.684458324791575734e+01,-2.846099337434343113e+01
1.280000000000000071e+01,-9.301956567851526358e+00,-9.770624771372860096e+01,3.648937993303584193e+01,-2.808101103149855504e+01
1.281000000000000050e+01,-9.312341457492752994e+00,-9.874867266826949219e+01,3.614423612040726397e+01,-2.770036881989734212e+01
1.282000000000000028e+01,-9.323109069624546663e+00,-9.978967191428574779e+01,3.580893021171920054e+01,-2.731926171641670464e+01
1.283000000000000007e+01,-9.334249074001935043e+00,-1.008292110433553290e+02,3.548323707228765755e+01,-2.693787285865029801e+01
1.283999999999999986e+01,-9.345749935892346372e+00,-1.018672671627237918e+02,3.516692849448998004e+01,-2.655637268780048643e+01
1.284999999999999964e+01,-9.357599178861693900e+00,-1.029038304570575519e+02,3.485977388933741850e+01,-2.617491813576926418e+01
1.285999999999999943e+01,-9.369783692955946819e+00,-1.039389054609217453e+02,3.456154119446889439e+01,-2.579365190387076012e+01
1.286999999999999922e+01,-9.382290080316701975e+00,-1.049725119845955987e+02,3.427199797778968815e+01,-2.541270187743618436e+01
1.288000000000000078e+01,-9.395105028608659481e+00,-1.060046856457394711e+02,3.399091270770218642e+01,-2.503218071577938986e+01
1.289000000000000057e+01,-9.408215701260886021e+00,-1.070354779714342328e+02,3.371805615365177999e+01,-2.465218565070564694e+01
1.290000000000000036e+01,-9.421610132496958556e+00,-1.080649560488422765e+02,3.345320287480826948e+01,-2.427279851920228637e+01
1.291000000000000014e+01,-9.435277614500021670e+00,-1.090932017177636766e+02,3.319613275032226340e+01,-2.389408604741034736e+01
1.291999999999999993e+01,-9.449209063867195724e+00,-1.101203103141782691e+02,3.294663250190099291e+01,-2.351610039373389327e+01
1.292999999999999972e+01,-9.463397354776892811e+00,-1.111463889898945610e+02,3.270449715855119166e+01,-2.313887994932881043e+01
1.293999999999999950e+01,-9.477837607029336198e+00,-1.121715546490941904e+02,3.246953141428163292e+01,-2.276245038455731162e+01
1.294999999999999929e+01,-9.492527418310544363e+00,-1.131959315572551361e+02,3.224155083232671615e+01,-2.238682592065417509e+01
1.296000000000000085e+01,-9.507467031647600209e+00,-1.142196486910557383e+02,3.202038285397856043e+01,-2.201201079716362585e+01
1.297000000000000064e+01,-9.522659431012682418e+00,-1.152428369088913058e+02,3.180586757623100169e+01,-2.163800089799994097e+01
1.298000000000000043e+01,-9.538110360336469640e+00,-1.162656260300592947e+02,3.159785826996265001e+01,-2.126478549255781658e+01
1.299000000000000021e+01,-9.553828263722220271e+00,-1.172881419161512326e+02,3.139622161902802588e+01,-2.089234904339906151e+01
1.300000000000000000e+01,-9.569824147324100139e+00,-1.183105036504195056e+02,3.120083767009608877e+01,-2.052067302887427047e+01
1.300999999999999979e+01,-9.586111366067743944e+00,-1.193328209097590502e+02,3.101159949301148799e+01,-2.014973772772847838e+01
1.301999999999999957e+01,-9.602705341046167575e+00,-1.203551916194114284e+02,3.082841256149389153e+01,-1.977952391336246407e+01
1.302999999999999936e+01,-9.619623215925019011e+00,-1.213776999727272283e+02,3.065119387375416693e+01,-1.941001440794867250e+01
1.303999999999999915e+01,-9.636883462942732237e+00,-1.224004148875262814e+02,3.047987084173023575e+01,-1.904119545095737109e+01
1.305000000000000071e+01,-9.654505451012660444e+00,-1.234233889571589486e+02,3.031437998578538284e+01,-1.867305784266809354e+01
1.306000000000000050e+01,-9.672508989955760583e+00,-1.244466579387461422e+02,3.015466547856874158e+01,-1.830559783070080826e+01
1.307000000000000028e+01,-9.690913865960805396e+00,-1.254702408037841224e+02,3.000067758706510546e+01,-1.793881771622590549e+01
1.308000000000000007e+01,-9.709739383946473623e+00,-1.264941403579406938e+02,2.985237106546848551e+01,-1.757272616597644088e+01
1.308999999999999986e+01,-9.729003932564889823e+00,-1.275183444180274819e+02,2.970970355328364576e+01,-1.720733822615473940e+01
1.309999999999999964e+01,-9.748724587137909126e+00,-1.285428275154254436e+02,2.957263403294596316e+01,-1.684267504443556618e+01
1.310999999999999943e+01,-9.768916764866892422e+00,-1.295675530772817581e+02,2.944112139926627947e+01,-1.647876331616362577e+01
1.311999999999999922e+01,-9.789593945231247929e+00,-1.305924760201002641e+02,2.931512318924580285e+01,-1.611563448020088885e+01
1.313000000000000078e+01,-9.810767466632121625e+00,-1.316175456755091204e+02,2.919459451539943373e+01,-1.575332369836439561e+01
1.314000000000000057e+01,-9.832446408097354151e+00,-1.326427089553866665e+02,2.907948723888111431e+01,-1.539186865976124885e+01
1.315000000000000036e+01,-9.854637562303800280e+00,-1.336679136536478154e+02,2.896974941063990983e+01,-1.503130825731646247e+01
1.316000000000000014e+01,-9.877345503365020818e+00,-1.346931117751017268e+02,2.886532499983165678e+01,-1.467168118823905054e+01
1.316999999999999993e+01,-9.900572749856179300e+00,-1.357182627781978113e+02,2.876615391905204788e+01,-1.431302453292948051e+01
1.317999999999999972e+01,-9.924320020483650140e+00,-1.367433366183448129e+02,2.867217234594141217e+01,-1.395537236782522683e+01
1.318999999999999950e+01,-9.948586576750372501e+00,-1.377683164818988928e+02,2.858331333066786328e+01,-1.359875446687415668e+01
1.319999999999999929e+01,-9.973370644005960628e+00,-1.387932011079093400e+02,2.849950766901663002e+01,-1.324319514373302553e+01
1.321000000000000085e+01,-9.998669899500402636e+00,-1.398180066051383790e+02,2.842068501162076188e+01,-1.288871228248880563e+01
1.322000000000000064e+01,-1.002448201357509916e+01,-1.408427676855851587e+02,2.834677517154451465e+01,-1.253531659879704385e+01
1.323000000000000043e+01,-1.005080522801333132e+01,-1.418675382523742599e+02,2.827770958525341172e+01,-1.218301116600562573e+01
1.324000000000000021e+01,-1.007763895391773445e+01,-1.428923912990246663e+02,2.821342287621395073e+01,-1.183179123228340224e+01
1.325000000000000000e+01,-1.010498437035819208e+01,-1.439174180982450935e+02,2.815385446617475651e+01,-1.148164434525925159e+01
1.325999999999999979e+01,-1.013284500449632297e+01,-1.449427266808431227e+02,2.809895017675261286e+01,-1.113255079049660345e+01
1.326999999999999957e+01,-1.016122727398335712e+01,-1.459684396284136199e+02,2.804866376339300871e+01,-1.078448433959005470e+01
1.327999999999999936e+01,-1.019014097316656553e+01,-1.469946912263385741e+02,2.800295832515815064e+01,-1.043741329313754918e+01
1.328999999999999915e+01,-1.021959968601673374e+01,-1.480216240455202126e+02,2.796180753709424138e+01,-1.009130179365827829e+01
1.330000000000000071e+01,-1.024962111067869941e+01,-1.490493850413277812e+02,2.792519665707816046e+01,-9.746111374058502363e+00
1.331000000000000050e+01,-1.028022728308852329e+01,-1.500781212757142669e+02,2.789312326588246904e+01,-9.401802698832923966e+00
1.332000000000000028e+01,-1.031144469011594111e+01,-1.511079753826502099e+02,2.786559770751989618e+01,-9.058337448141367432e+00
1.333000000000000007e+01,-1.034330426607627196e+01,-1.521390809073526498e+02,2.784264320645337421e+01,-8.715680289486394727e+00
1.333999999999999986e+01,-1.037584127009081669e+01,-1.531715576558483463e+02,2.782429564865522664e+01,-8.373800878144242787e+00
1.334999999999999964e+01,-1.040909504553350295e+01,-1.542055071929098347e+02,2.781060302441605003e+01,-8.032675825917218404e+00
1.335999999999999943e+01,-1.044310866654086567e+01,-1.552410086233397521e+02,2.780162454183186327e+01,-7.692290578230322140e+00
1.336999999999999922e+01,-1.047792848015726364e+01,-1.562781147839937148e+02,2.779742943066946026e+01,-7.352641142093243154e+00
1.338000000000000078e+01,-1.051360355600277074e+01,-1.573168489622087236e+02,2.779809546641832085e+01,-7.013735611875224762e+00
1.339000000000000057e+01,-1.055018505828488529e+01,-1.583572022408267799e+02,2.780370725345808225e+01,-6.675595446047362991e+00
1.340000000000000036e+01,-1.058772555742407029e+01,-1.593991315514051053e+02,2.781435431407172487e+01,-6.338256455792817157e+00
1.341000000000000014e+01,-1.062627830046444899e+01,-1.604425584961443860e+02,2.783012903628559798e+01,-6.001769475391035336e+00
1.341999999999999993e+01,-1.066589646074097608e+01,-1.614873689762931406e+02,2.785112453801853860e+01,-5.666200694226641410e+00
1.342999999999999972e+01,-1.070663238794934458e+01,-1.625334136410368444e+02,2.787743250765488412e+01,-5.331631640821634655e+00
1.343999999999999950e+01,-1.074853687981499917e+01,-1.635805091469167110e+02,2.790914108187461551e+01,-4.998158820083889786e+00
1.344999999999999929e+01,-1.079165849599618809e+01,-1.646284401943408398e+02,2.794633282037927557e+01,-4.665893015668630461e+00
1.346000000000000085e+01,-1.083604293371992711e+01,-1.656769622853675230e+02,2.798908283412406206e+01,-4.334958279640543921e+00
1.347000000000000064e+01,-1.088173248298387108e+01,-1.667258051262562901e+02,2.803745711891789938e+01,-4.005490641196062462e+00
1.348000000000000043e+01,-1.092876557701909590e+01,-1.677746765797309081e+02,2.809151113995075733e+01,-3.677636574804858949e+00
1.349000000000000021e+01,-1.097717645116095220e+01,-1.688232670559218889e+02,2.815128870514450554e+01,-3.351551275515484374e+00
1.350000000000000000e+01,-1.102699492038385642e+01,-1.698712542178508045e+02,2.821682115642002842e+01,-3.027396795157922149e+00
1.350999999999999979e+01,-1.107824628259241706e+01,-1.709183078673563898e+02,2.828812689827456595e+01,-2.705340097606642846e+00
1.351999999999999957e+01,-1.113095135139224645e+01,-1.719640948707400128e+02,2.836521127271620557e+01,-2.385551094022449359e+00
1.352999999999999936e+01,-1.118512661856811086e+01,-1.730082839802852561e+02,2.844806677888815827e+01,-2.068200719983590563e+00
1.353999999999999915e+01,-1.124078454293926832e+01,-1.740505504082675827e+02,2.853667362489287385e+01,-1.753459115603335672e+00
1.355000000000000071e+01,-1.129793395872751560e+01,-1.750905800142054431e+02,2.863100058869750342e+01,-1.441493967089238382e+00
1.356000000000000050e+01,-1.135658059313557011e+01,-1.761280729739004300e+02,2.873100615484603182e+01,-1.132469063761688099e+00
1.357000000000000028e+01,-1.141672767957582835e+01,-1.771627468102283274e+02,2.883663988431486302e+01,-8.265431183797056214e-01
1.358000000000000007e+01,-1.147837665000011498e+01,-1.781943386805479008e+02,2.894784396652252667e+01,-5.238688908330841887e-01
1.358999999999999986e+01,-1.154152788714496047e+01,-1.792226068337953393e+02,2.906455489551798976e+01,-2.245926460090459653e-01
1.359999999999999964e+01,-1.160618151531235220e+01,1.797526688285085470e+02,2.918670520699149407e+01,7.114603385285171722e-02
1.360999999999999943e+01,-1.167233820663613741e+01,1.787316871293991767e+02,2.931422520921310237e+01,3.632140734813250615e-01
1.361999999999999922e+01,-1.173999997871739076e+01,1.777146269480950025e+02,2.944704463950504092e+01,6.514843688819805800e-01
1.363000000000000078e+01,-1.180917095910914938e+01,1.767016494954086170e+02,2.958509417853273504e+01,9.358349073954849162e-01
1.364000000000000057e+01,-1.187985809244269042e+01,1.756929014945999654e+02,2.972830675764082997e+01,1.216147571638117375e+00
1.365000000000000036e+01,-1.195207176703547525e+01,1.746885192019992417e+02,2.987661859966171463e+01,1.492306667316357194e+00
1.366000000000000014e+01,-1.202582633960832759e+01,1.736886331755756032e+02,3.002996994101292927e+01,1.764197225838652017e+00
1.366999999999999993e+01,-1.210114053923443933e+01,1.726933736755922268e+02,3.018830539231016985e+01,2.031703142235190995e+00
1.367999999999999972e+01,-1.217803773478621210e+01,1.717028765604918874e+02,3.035157390590364201e+01,2.294705216745057452e+00
1.368999999999999950e+01,-1.225654605385369145e+01,1.707172895239489776e+02,3.051972833138303187e+01,2.553079174222365744e+00
1.369999999999999929e+01,-1.233669834526305209e+01,1.697367785063900385e+02,3.069272455378874298e+01,2.806693738949078032e+00
1.371000000000000085e+01,-1.241853198179114770e+01,1.687615341066623103e+02,3.087052022357560688e+01,3.055408843353898174e+00
1.372000000000000064e+01,-1.250208850430419005e+01,1.677917778173299155e+02,3.105307310182192282e+01,3.299074047396159060e+00
1.373000000000000043e+01,-1.258741311318788192e+01,1.668277679103609898e+02,3.124033905826923174e+01,3.537527240982874410e+00
1.374000000000000021e+01,-1.267455401742405385e+01,1.658698048086843642e+02,3.143226977302244762e+01,3.770593694816849251e+00
1.375000000000000000e+01,-1.276356165586115132e+01,1.649182357929169029e+02,3.162881020467490600e+01,3.998085515698234893e+00
1.375999999999999979e+01,-1.285448780898769527e+01,1.639734589109948217e+02,3.182989589781695727e+01,4.219801550778315757e+00
1.376999999999999957e+01,-1.294738462273588731e+01,1.630359259809218599e+02,3.203545021095654732e+01,4.435527771900097171e+00
1.377999999999999936e+01,-1.304230356843284078e+01,1.621061446025294686e+02,3.224538155152109908e+01,4.645038156369586169e+00
1.378999999999999915e+01,-1.313929436491374858e+01,1.611846791223645425e+02,3.245958070756234548e+01,4.848096064685107898e+00
1.380000000000000071e+01,-1.323840388997779627e+01,1.602721505256699004e+02,3.267791836588131815e+01,5.044456099409018179e+00
1.381000000000000050e+01,-1.333967510878689033e+01,1.593692352601771063e+02,3.290024290342500279e+01,5.233866412978414928e+00
1.382000000000000028e+01,-1.344314604648449674e+01,1.584766630273461772e+02,3.312637853296354962e+01,5.416071416336809996e+00
1.383000000000000007e+01,-1.354884883125961714e+01,1.575952136070526706e+02,3.335612387529472755e+01,5.590814825363080054e+00
1.383999999999999986e+01,-1.365680883232356280e+01,1.567257128110278472e+02,3.358925101867901475e+01,5.757842968678025031e+00
1.384999999999999964e+01,-1.376704391483714573e+01,1.558690276879408145e+02,3.382550511213000277e+01,5.916908269067623571e+00
1.385999999999999943e+01,-1.387956383074552136e+01,1.550260611284915910e+02,3.406460452287767282e+01,6.067772801937937110e+00
1.386999999999999922e+01,-1.399436976078170147e+01,1.541977460417005261e+02,3.430624157022030829e+01,6.210211828382615096e+00
1.388000000000000078e+01,-1.411145401861128690e+01,1.533850392932541808e+02,3.455008382859649174e+01,6.344017197993503387e+00
1.389000000000000057e+01,-1.423079992323953036e+01,1.525889156127811077e+02,3.479577597265406297e+01,6.469000517791354099e+00
1.390000000000000036e+01,-1.435238184042464660e+01,1.518103616886382383e+02,3.504294211707797757e+01,6.584995988820812052e+00
1.391000000000000014e+01,-1.447616538797665875e+01,1.510503706755592361e+02,3.529118858472367748e+01,6.691862821117116056e+00
1.391999999999999993e+01,-1.460210779354278898e+01,1.503099373415463162e+02,3.554010701903097669e+01,6.789487150845030961e+00
1.392999999999999972e+01,-1.473015838686362500e+01,1.495900540749025538e+02,3.578927774158442077e+01,6.877783400185278673e+00
1.393999999999999950e+01,-1.486025920166006209e+01,1.488917079594598647e+02,3.603827324387520292e+01,6.956695040556275522e+00
1.394999999999999929e+01,-1.499234565543097730e+01,1.482158791050668469e+02,3.628666169454785972e+01,7.026194742378850222e+00
1.396000000000000085e+01,-1.512634726869577229e+01,1.475635403905895657e+02,3.653401034029729999e+01,7.086283918998613096e+00
1.397000000000000064e+01,-1.526218837885286383e+01,1.469356587374914795e+02,3.677988868059996719e+01,7.136991697594905482e+00
1.398000000000000043e+01,-1.539978879810080414e+01,1.463331979833189109e+02,3.702387130382889069e+01,7.178373374813821428e+00
1.399000000000000021e+01,-1.553906436009017611e+01,1.457571233661409735e+02,3.726554028502628313e+01,7.210508438293889100e+00
1.400000000000000000e+01,-1.567992729644949534e+01,1.452084075636776390e+02,3.750448706339381033e+01,7.233498256012189209e+00
1.400999999999999979e+01,-1.582228638238186669e+01,1.446880381554127268e+02,3.774031373985604176e+01,7.247463552320041913e+00
1.401999999999999957e+01,-1.596604679045390718e+01,1.441970262936874292e+02,3.797263376101791721e+01,7.252541801669320165e+00
1.402999999999999936e+01,-1.611110959378991581e+01,1.437364162824131881e+02,3.820107198442168084e+01,7.248884677502902107e+00
1.403999999999999915e+01,-1.625737086437285228e+01,1.433072956715990642e+02,3.842526414995395356e+01,7.236655694048625520e+00
1.405000000000000071e+01,-1.640472031924913310e+01,1.429108053848004829e+02,3.864485581218457355e+01,7.216028172500970506e+00
1.406000000000000050e+01,-1.655303947729860425e+01,1.425481493073640991e+02,3.885950081690980795e+01,7.187183650334484142e+00
1.407000000000000028e+01,-1.670219930198479119e+01,1.422206026786710424e+02,3.906885943080418144e+01,7.150310833615213468e+00
1.408000000000000007e+01,-1.685205732125155720e+01,1.419295185544217475e+02,3.927259625453280734e+01,7.105605167797962807e+00
1.408999999999999986e+01,-1.700245423457014127e+01,1.416763315383711870e+02,3.947037806577822039e+01,7.053269073571645009e+00
1.409999999999999964e+01,-1.715321003916058373e+01,1.414625579303616121e+02,3.966187174843683039e+01,6.993512862007253972e+00
1.410999999999999943e+01,-1.730411973270943449e+01,1.412897914031227344e+02,3.984674246705248635e+01,6.926556308942199536e+00
1.411999999999999922e+01,-1.745494867855051524e+01,1.411596933092341430e+02,4.002465224097117158e+01,6.852630833703608815e+00
1.413000000000000078e+01,-1.760542775129353288e+01,1.410739767383013827e+02,4.019525906066276377e+01,6.771982193502926961e+00
1.414000000000000057e+01,-1.775524841612074312e+01,1.410343835010709768e+02,4.035821666938082330e+01,6.684873573702168947e+00
1.415000000000000036e+01,-1.790405793302543813e+01,1.410426533220617671e+02,4.051317510741894523e+01,6.591588927181105895e+00
1.416000000000000014e+01,-1.805145491723677509e+01,1.411004846874902796e+02,4.065978208453494602e+01,6.492436394644465203e+00
1.416999999999999993e+01,-1.819698552742326569e+01,1.412094870345362949e+02,4.079768520985376057e+01,6.387751623104245269e+00
1.417999999999999972e+01,-1.834014059147751041e+01,1.413711242952405485e+02,4.092653506915214479e+01,6.277900792963301946e+00
1.418999999999999950e+01,-1.848035401211289397e+01,1.415866502357713159e+02,4.104598909854949795e+01,6.163283165791319185e+00
1.419999999999999929e+01,-1.861700281616804276e+01,1.418570365667000033e+02,4.115571616310445080e+01,6.044332975361698779e+00
1.421000000000000085e+01,-1.874940921611003830e+01,1.421828954403422358e+02,4.125540171056002947e+01,5.921520503760552501e+00
1.422000000000000064e+01,-1.887684503241712264e+01,1.425643986809191404e+02,4.134475333642907913e+01,5.795352211900793193e+00
1.423000000000000043e+01,-1.899853877356877874e+01,1.430011968764818562e+02,4.142350656859839830e+01,5.666369828655292373e+00
1.424000000000000021e+01,-1.911368557927405476e+01,1.434923422384447349e+02,4.149143065929634133e+01,5.535148343722237740e+00
1.425000000000000000e+01,-1.922146009768828634e+01,1.440362198198398858e+02,4.154833416096265353e+01,5.402292894501423248e+00
1.425999999999999979e+01,-1.932103218834616243e+01,1.446304921688101217e+02,4.159407006120512307e+01,5.268434584656336739e+00
1.426999999999999957e+01,-1.941158512539424663e+01,1.452720626580500323e+02,4.162854026107743266e+01,5.134225319351778616e+00
1.427999999999999936e+01,-1.949233573433877709e+01,1.459570624557987912e+02,4.165169920025694950e+01,5.000331787042726184e+00
1.428999999999999915e+01,-1.956255565226582505e+01,1.466808652990111455e+02,4.166355646165561666e+01,4.867428757787167548e+00
1.430000000000000071e+01,-1.962159268582115956e+01,1.474381328580051616e+02,4.166417822532881132e+01,4.736191901234658275e+00
1.431000000000000050e+01,-1.966889108639960426e+01,1.482228915867598573e+02,4.165368748549592226e+01,4.607290351909371751e+00
1.432000000000000028e+01,-1.970400949966560589e+01,1.490286396700095679e+02,4.163226299292010424e+01,4.481379263805844282e+00
1.433000000000000007e+01,-1.972663540016663575e+01,1.498484802330019647e+02,4.160013693538883217e+01,4.359092599895027398e+00
1.433999999999999986e+01,-1.973659500040296422e+01,1.506752746627213639e+02,4.155759141905161158e+01,4.241036394723509240e+00
1.434999999999999964e+01,-1.973385791761490182e+01,1.515018080098630548e+02,4.150495386044502766e+01,4.127782710336738603e+00
1.435999999999999943e+01,-1.971853626181131247e+01,1.523209572698106342e+02,4.144259144087618552e+01,4.019864478317123790e+00
1.436999999999999922e+01,-1.969087823090141498e+01,1.531258530555419100e+02,4.137090480953275318e+01,3.917771385313394195e+00
1.438000000000000078e+01,-1.965125671109812444e+01,1.539100258205961893e+02,4.129032124778635904e+01,3.821946917996595694e+00
1.439000000000000057e+01,-1.960015373273676076e+01,1.546675292693909114e+02,4.120128752368689362e+01,3.732786638010072711e+00
1.440000000000000036e+01,-1.953814188396343354e+01,1.553930356869419143e+02,4.110426267225833641e+01,3.650637710493030319e+00
1.441000000000000014e+01,-1.946586391534442484e+01,1.560819003383432175e+02,4.099971093400402111e+01,3.575799663289093377e+00
1.441999999999999993e+01,-1.938401177483052606e+01,1.567301945204836215e+02,4.088809507165986901e+01,3.508526310076338195e+00
1.442999999999999972e+01,-1.929330620966687704e+01,1.573347090230887488e+02,4.076987026469453212e+01,3.449028731088908728e+00
1.443999999999999950e+01,-1.919447788709831215e+01,1.578929314778890785e+02,4.064547875368468510e+01,3.397479171286544641e+00
1.444999999999999929e+01,-1.908825075212277511e+01,1.584030022420299701e+02,4.051534537399302138e+01,3.354015688798977823e+00
1.446000000000000085e+01,-1.897532809061646475e+01,1.588636540628289708e+02,4.037987408177934157e+01,3.318747366888721739e+00
1.447000000000000064e+01,-1.885638152716164484e+01,1.592741408644995147e+02,4.023944553690380133e+01,3.291759890835589175e+00
1.448000000000000043e+01,-1.873204297831934539e+01,1.596341606866678546e+02,4.009441576831112997e+01,3.273121287032597415e+00
1.449000000000000021e+01,-1.860289941502030686e+01,1.599437772110429989e+02,3.994511590946548552e+01,3.262887624846163792e+00
1.450000000000000000e+01,-1.846949016590261650e+01,1.602033435544861391e+02,3.979185295564280267e+01,3.261108491920517327e+00
1.450999999999999979e+01,-1.833230641491581281e+01,1.604134311853116230e+02,3.963491146249513264e+01,3.267832069818740859e+00
1.451999999999999957e+01,-1.819179250588455332e+01,1.605747660119423870e+02,3.947455607722742599e+01,3.283109658326784253e+00
1.452999999999999936e+01,-1.804834865676660982e+01,1.606881729514641393e+02,3.931103477068722896e+01,3.306999522389975077e+00
1.453999999999999915e+01,-1.790233469953640366e+01,1.607545296403464476e+02,3.914458262122033716e+01,3.339569964441743810e+00
1.455000000000000071e+01,-1.775407449102914370e+01,1.607747294136246410e+02,3.897542598962405691e+01,3.380901555701991690e+00
1.456000000000000050e+01,-1.760386067982462421e+01,1.607496532530515481e+02,3.880378691907702660e+01,3.431088491721362210e+00
1.457000000000000028e+01,-1.745195955968823043e+01,1.606801500823633262e+02,3.862988759449469711e+01,3.490239068907115882e+00
1.458000000000000007e+01,-1.729861578772206343e+01,1.605670245582941504e+02,3.845395470210023348e+01,3.558475308880807209e+00
1.458999999999999986e+01,-1.714405679267457572e+01,1.604110313571831341e+02,3.827622354166186369e+01,3.635931785271653727e+00
1.459999999999999964e+01,-1.698849674405867205e+01,1.602128748769768833e+02,3.809694176022512124e+01,3.722753731998364568e+00
1.460999999999999943e+01,-1.683213999458842736e+01,1.599732132517821981e+02,3.791637259644684832e+01,3.819094532471520864e+00
1.461999999999999922e+01,-1.667518394616093858e+01,1.596926656006081373e+02,3.773479754792325735e+01,3.925112704829185173e+00
1.463000000000000078e+01,-1.651782132260371583e+01,1.593718214942795157e+02,3.755251839913099587e+01,4.040968508877223364e+00
1.464000000000000057e+01,-1.636024186036018335e+01,1.590112517159126924e+02,3.736985857371701769e+01,4.166820305678750280e+00
1.465000000000000036e+01,-1.620263345101442098e+01,1.586115195030714915e+02,3.718716380075336758e+01,4.302820800722949812e+00
1.466000000000000014e+01,-1.604518278706459711e+01,1.581731915860983122e+02,3.700480210918583168e+01,4.449113296609678692e+00
1.466999999999999993e+01,-1.588807557478929766e+01,1.576968484703571960e+02,3.682316318708437564e+01,4.605828071674999968e+00
1.467999999999999972e+01,-1.573149638571155862e+01,1.571830935439695622e+02,3.664265716163777142e+01,4.773078987622617397e+00
1.468999999999999950e+01,-1.557562822148219439e+01,1.566325607214484705e+02,3.646371287149507623e+01,4.950960412860220039e+00
1.469999999999999929e+01,-1.542065186652673958e+01,1.560459204530845057e+02,3.628677571461163609e+01,5.139544529735170286e+00
1.471000000000000085e+01,-1.526674509915341993e+01,1.554238840362052372e+02,3.611230516201207053e+01,5.338879074230260535e+00
1.472000000000000064e+01,-1.511408182567370062e+01,1.547672062552483965e+02,3.594077203083337224e+01,5.548985536825367326e+00
1.473000000000000043e+01,-1.496283119413248386e+01,1.540766864514401675e+02,3.577265560889241414e+01,5.769857834065919455e+00
1.474000000000000021e+01,-1.481315673512906628e+01,1.533531681793519965e+02,3.560844071821246359e+01,6.001461442694584925e+00
1.475000000000000000e+01,-1.466521556753540168e+01,1.525975376472492258e+02,3.544861479697857476e+01,6.243732972639139511e+00
1.475999999999999979e+01,-1.451915769721695604e+01,1.518107211619980603e+02,3.529366506892618816e+01,6.496580142222105003e+00
1.476999999999999957e+01,-1.437512542754319966e+01,1.509936818091372004e+02,3.514407585686183921e+01,6.759882108988481519e+00
1.477999999999999936e+01,-1.423325289190117715e+01,1.501474155964984334e+02,3.500032608362594289e+01,7.033490102700347357e+00
1.478999999999999915e+01,-1.409366571081068287e+01,1.492729472776647128e+02,3.486288698999301516e+01,7.317228303340035822e+00
1.480000000000000071e+01,-1.395648076975710694e+01,1.483713260518071024e+02,3.473222008544044570e+01,7.610894906247000158e+00
1.481000000000000050e+01,-1.382180610856346981e+01,1.474436213111067389e+02,3.460877533494669933e+01,7.914263318558478311e+00
1.482000000000000028e+01,-1.368974090904476704e+01,1.464909185780130940e+02,3.449298957350489303e+01,8.227083435573410597e+00
1.483000000000000007e+01,-1.356037556477917860e+01,1.455143157436772299e+02,3.438528513022694000e+01,8.549082952121182188e+00
1.483999999999999986e+01,-1.343379181501435937e+01,1.445149196875492237e+02,3.428606863603142330e+01,8.879968672034781463e+00
1.484999999999999964e+01,-1.331006292391496260e+01,1.434938433274776628e+02,3.419572998315167922e+01,9.219427787949387110e+00
1.485999999999999943e+01,-1.318925388641838659e+01,1.424522031206605561e+02,3.411464140112413190e+01,9.567129113425508535e+00
1.486999999999999922e+01,-1.307142164279025209e+01,1.413911170093085730e+02,3.404315661252469027e+01,9.922724259359650745e+00
1.488000000000000078e+01,-1.295661528542857432e+01,1.403117027812354820e+02,3.398161003244665324e+01,1.028584875644393115e+01
1.489000000000000057e+01,-1.284487624343338297e+01,1.392150767953639559e+02,3.393031597839605240e+01,1.065612313465455685e+01
1.490000000000000036e+01,-1.273623843282835288e+01,1.381023530053819854e+02,3.388956786176530755e+01,1.103315397910543538e+01
1.491000000000000014e+01,-1.263072836297585866e+01,1.369746422017176428e+02,3.385963733808954146e+01,1.141653498880613782e+01
1.491999999999999993e+01,-1.252836519257862236e+01,1.358330513825497121e+02,3.384077340067207729e+01,1.180584807069818254e+01
1.492999999999999972e+01,-1.242916073161296353e+01,1.346786831587078268e+02,3.383320141061101083e+01,1.220066450562393534e+01
1.493999999999999950e+01,-1.233311938851905509e+01,1.335126350949380765e+02,3.383712206550381296e+01,1.260054622545155745e+01
1.494999999999999929e+01,-1.224023806490415112e+01,1.323359988908450475e+02,3.385271031887223359e+01,1.300504724136400725e+01
1.496000000000000085e+01,-1.215050600284558513e+01,1.311498593088058158e+02,3.388011427235130668e+01,1.341371526219805688e+01
1.497000000000000064e+01,-1.206390459254816250e+01,1.299552927629744659e+02,3.391945407262593193e+01,1.382609353867912461e+01
1.498000000000000043e+01,-1.198040715057841510e+01,1.287533654929566183e+02,3.397082085468942125e+01,1.424172296440460350e+01
1.499000000000000021e+01,-1.189997868111572288e+01,1.275451312576618079e+02,3.403427578190213865e+01,1.466014445749229544e+01
1.500000000000000000e+01,-1.182257563459877936e+01,1.263316284989037399e+02,3.410984924124993967e+01,1.508090163799882966e+01
1.500999999999999979e+01,-1.174814567976556923e+01,1.251138769404556257e+02,3.419754025876709136e+01,1.550354380557935130e+01
1.501999999999999957e+01,-1.167662750635160762e+01,1.238928736060863685e+02,3.429731620496997380e+01,1.592762920959414075e+01
1.502999999999999936e+01,-1.160795067658827762e+01,1.226695882595293909e+02,3.440911286295629878e+01,1.635272859013630153e+01
1.503999999999999915e+01,-1.154203554409870591e+01,1.214449582900430187e+02,3.453283493222264866e+01,1.677842895355619035e+01
1.505000000000000071e+01,-1.147879325877105217e+01,1.202198830889192749e+02,3.466835703887775821e+01,1.720433753037873004e+01
1.506000000000000050e+01,-1.141812587567078552e+01,1.189952179847410179e+02,3.481552531748535273e+01,1.763008584747431229e+01
1.507000000000000028e+01,-1.135992658497941932e+01,1.177717678278395539e+02,3.497415962102049747e+01,1.805533383056746288e+01
1.508000000000000007e+01,-1.130408007828194883e+01,1.165502803369202667e+02,3.514405640320408253e+01,1.847977383826250275e+01
1.508999999999999986e+01,-1.125046306423659281e+01,1.153314393424836197e+02,3.532499230180246030e+01,1.890313451550129642e+01
1.509999999999999964e+01,-1.119894494371740201e+01,1.141158580817880051e+02,3.551672843247355615e+01,1.932518434354365766e+01
1.510999999999999943e+01,-1.114938865091965781e+01,1.129040727179507115e+02,3.571901538072242488e+01,1.974573475596241678e+01
1.511999999999999922e+01,-1.110165166267854175e+01,1.116965362702334517e+02,3.593159885509415830e+01,2.016464268661598069e+01
1.513000000000000078e+01,-1.105558717341276775e+01,1.104936131528345413e+02,3.615422593857030620e+01,2.058181241675883300e+01
1.514000000000000057e+01,-1.101104542775922290e+01,1.092955745243852448e+02,3.638665184827416965e+01,2.099719659498042290e+01
1.515000000000000036e+01,-1.096787519723563520e+01,1.081025946489419454e+02,3.662864708714086248e+01,2.141079631584972276e+01
1.516000000000000014e+01,-1.092592538132193702e+01,1.069147484606289851e+02,3.688000484644850019e+01,2.182266016110231277e+01
1.516999999999999993e+01,-1.088504670741562030e+01,1.057320105075190497e+02,3.714054849640101708e+01,2.223288213069558950e+01
1.517999999999999972e+01,-1.084509349843539638e+01,1.045542554254975016e+02,3.741013898457904219e+01,2.264159841951866525e+01
1.518999999999999950e+01,-1.080592547171305817e+01,1.033812600596261007e+02,3.768868195027278745e+01,2.304898302809348820e+01
1.519999999999999929e+01,-1.076740952852640731e+01,1.022127073094378176e+02,3.797613435744855792e+01,2.345524223100444772e+01
1.521000000000000085e+01,-1.072942149048229332e+01,1.010481917265692431e+02,3.827251045107645666e+01,2.386060796359481628e+01
1.522000000000000064e+01,-1.069184773723619308e+01,9.988722683968657634e+01,3.857788685108975812e+01,2.426533022401297757e+01
1.523000000000000043e+01,-1.065458669994856322e+01,9.872925412476050155e+01,3.889240661525325748e+01,2.466966862229250879e+01
1.524000000000000021e+01,-1.061755016659148687e+01,9.757365348082262813e+01,3.921628212619225451e+01,2.507388323912423544e+01
1.525000000000000000e+01,-1.058066435878139089e+01,9.641975501517443092e+01,3.954979668781447799e+01,2.547822498283267123e+01
1.525999999999999979e+01,-1.054387074518797363e+01,9.526685189031536538e+01,3.989330475114716279e+01,2.588292565260369571e+01
1.526999999999999957e+01,-1.050712656359027619e+01,9.411421394059151169e+01,4.024723072761077702e+01,2.628818792831781082e+01
1.527999999999999936e+01,-1.047040503206274842e+01,9.296110173204240823e+01,4.061206638737879615e+01,2.669417551199295957e+01
1.528999999999999915e+01,-1.043369523920949504e+01,9.180678071629554893e+01,4.098836687998215922e+01,2.710100364277577256e+01
1.530000000000000071e+01,-1.039700171339801216e+01,9.065053511991207813e+01,4.137674545215178057e+01,2.750873019701511524e+01
1.531000000000000050e+01,-1.036034368110354542e+01,8.949168121498261996e+01,4.177786697263884008e+01,2.791734756789775318e+01
1.532000000000000028e+01,-1.032375403427745653e+01,8.832957963478462204e+01,4.219244040428565512e+01,2.832677549641363868e+01
1.533000000000000007e+01,-1.028727803565230303e+01,8.716364642896441239e+01,4.262121038914072813e+01,2.873685499815981004e+01
1.533999999999999986e+01,-1.025097179868829933e+01,8.599336259432747909e+01,4.306494813241670272e+01,2.914734349990662210e+01
1.534999999999999964e+01,-1.021490058515603927e+01,8.481828186766539091e+01,4.352444178543492370e+01,2.955791126705401339e+01
1.535999999999999943e+01,-1.017913696790676426e+01,8.363803662358000679e+01,4.400048653639740337e+01,2.996813916918583232e+01
1.536999999999999922e+01,-1.014375890912755906e+01,8.245234178014703730e+01,4.449387462121304537e+01,3.037751779670664121e+01
1.538000000000000078e+01,-1.010884780529307392e+01,8.126099667595634912e+01,4.500538546491468850e+01,3.078544790771527673e+01
1.539000000000000057e+01,-1.007448654922179010e+01,8.006388494091378050e+01,4.553577615790795363e+01,3.119124215131160938e+01
1.540000000000000036e+01,-1.004075765728344827e+01,7.886097243825022929e+01,4.608577246059513044e+01,3.159412798176492387e+01
1.541000000000000014e+01,-1.000774150611644231e+01,7.765230340469746295e+01,4.665606051505326235e+01,3.199325164763504503e+01
1.541999999999999993e+01,-9.975514718451581331e+00,7.643799495858685589e+01,4.724727942345348453e+01,3.238768311125799215e+01
1.542999999999999972e+01,-9.944148732069365337e+00,7.521823018104721825e+01,4.786001482968290333e+01,3.277642172724117131e+01
1.543999999999999950e+01,-9.913708579792977815e+00,7.399325000320082779e+01,4.849479361299658109e+01,3.315840248420209235e+01
1.544999999999999929e+01,-9.884251901967667564e+00,7.276334415239962539e+01,4.915207977023604968e+01,3.353250259254178189e+01
1.546000000000000085e+01,-9.855828206299545258e+00,7.152884142337151729e+01,4.983227152606711741e+01,3.389754818343898535e+01
1.547000000000000064e+01,-9.828478383380083727e+00,7.029009954625273338e+01,5.053569966873678965e+01,3.425232087158524763e+01
1.548000000000000043e+01,-9.802234479824363689e+00,6.904749492331974636e+01,5.126262706232524380e+01,3.459556392784294587e+01
1.549000000000000021e+01,-9.777119724808397194e+00,6.780141250046494861e+01,5.201324923595957728e+01,3.492598780941607828e+01
1.550000000000000000e+01,-9.753148799951397052e+00,6.655223602851400244e+01,5.278769589705243703e+01,3.524227480592164596e+01
1.550999999999999979e+01,-9.730328337029540364e+00,6.530033895387627751e+01,5.358603316089467938e+01,3.554308258128681075e+01
1.551999999999999957e+01,-9.708657622951989197e+00,6.404607615799204723e+01,5.440826623500546333e+01,3.582704642500743830e+01
1.552999999999999936e+01,-9.688129486849161864e+00,6.278977674099331807e+01,5.525434224606613753e+01,3.609278007267914035e+01
1.553999999999999915e+01,-9.668731340060883639e+00,6.153173801702421741e+01,5.612415285310144242e+01,3.633887501516576179e+01
1.555000000000000071e+01,-9.650446336338895037e+00,6.027222085719505884e+01,5.701753625596375485e+01,3.656389828780021389e+01
1.556000000000000050e+01,-9.633254616783574420e+00,5.901144648131655401e+01,5.793427818658081918e+01,3.676638881432662487e+01
1.557000000000000028e+01,-9.617134601992635368e+00,5.774959476195525099e+01,5.887411146494449810e+01,3.694485247281853901e+01
1.558000000000000007e+01,-9.602064292717349403e+00,5.648680406446064950e+01,5.983671371540695816e+01,3.709775614952486222e+01
1.558999999999999986e+01,-9.588022540069053079e+00,5.522317260527157146e+01,6.082170287379820195e+01,3.722352114784581545e+01
1.559999999999999964e+01,-9.574990247085414907e+00,5.395876126893347191e+01,6.182863017384842408e+01,3.732051641894818061e+01
1.560999999999999943e+01,-9.562951465277150120e+00,5.269359778300978547e+01,6.285697038312172680e+01,3.738705217308619666e+01
1.561999999999999922e+01,-9.551894352657603449e+00,5.142768211070782769e+01,6.390610916394593488e+01,3.742137451118862401e+01
1.563000000000000078e+01,-9.541811963673424657e+00,5.016099288491381003e+01,6.497532756239363039e+01,3.742166177930322135e+01
1.564000000000000057e+01,-9.532702846322051116e+00,4.889349467576585084e+01,6.606378377589639683e+01,3.738602338865583619e+01
1.565000000000000036e+01,-9.524571427436969273e+00,4.762514585815742407e+01,6.717049251407283350e+01,3.731250185609810899e+01
1.566000000000000014e+01,-9.517428173480608322e+00,4.635590682673139185e+01,6.829430244316014864e+01,3.719907879858729416e+01
1.566999999999999993e+01,-9.511289520981513590e+00,4.508574829477309720e+01,6.943387238621569679e+01,3.704368555669407215e+01
1.567999999999999972e+01,-9.506177577776256271e+00,4.381465941049685853e+01,7.058764713173965788e+01,3.684421902209975030e+01
1.568999999999999950e+01,-9.502119603197328956e+00,4.254265542966464864e+01,7.175383387400886193e+01,3.659856310004801827e+01
1.569999999999999929e+01,-9.499147282058968855e+00,4.126978469697833418e+01,7.293038045927718827e+01,3.630461604838447442e+01
1.571000000000000085e+01,-9.497295813494487149e+00,3.999613470983077690e+01,7.411495673163535969e+01,3.596032370095895914e+01
1.572000000000000064e+01,-9.496602841189927702e+00,3.872183706570821471e+01,7.530494034853226992e+01,3.556371830810319778e+01
1.573000000000000043e+01,-9.497107256195359781e+00,3.744707112787697412e+01,7.649740845558532953e+01,3.511296241721119316e+01
1.574000000000000021e+01,-9.498847907132065060e+00,3.617206628153552117e+01,7.768913656084320962e+01,3.460639688287120208e+01
1.575000000000000000e+01,-9.501862255217027098e+00,3.489710269316144320e+01,7.887660581866806808e+01,3.404259175335226217e+01
1.575999999999999979e+01,-9.506185013045797660e+00,3.362251052791202000e+01,8.005601971470194655e+01,3.342039844819248628e+01
1.576999999999999957e+01,-9.511846806540969368e+00,3.234866762249357208e+01,8.122333083226139649e+01,3.273900134377150550e+01
1.577999999999999936e+01,-9.518872898929938486e+00,3.107599565276225562e+01,8.237427797991419709e+01,3.199796664679186620e+01
1.578999999999999915e+01,-9.527282014135165511e+00,2.980495487558412293e+01,8.350443348088745665e+01,3.119728628745992793e+01
1.580000000000000071e+01,-9.537085294621377329e+00,2.853603756239834155e+01,8.460925988754927118e+01,3.033741453136240906e+01
1.581000000000000050e+01,-9.548285425625767431e+00,2.726976027693503468e+01,8.568417481803707858e+01,2.941929511353191629e+01
1.582000000000000028e+01,-9.560875953893857471e+00,2.600665518121929765e+01,8.672462205494740317e+01,2.844437695374863750e+01
1.583000000000000007e+01,-9.574840824601647427e+00,2.474726058196631939e+01,8.772614654177196769e+01,2.741461692136867967e+01
1.583999999999999986e+01,-9.590154155147974535e+00,2.349211095338569422e+01,8.868447050741593785e+01,2.633246866939651554e+01
1.584999999999999964e+01,-9.606780258974666253e+00,2.224172669199220564e+01,8.959556768618628553e+01,2.520085722500109426e+01
1.585999999999999943e+01,-9.624673926589256467e+00,2.099660387375985948e+01,9.045573251567539330e+01,2.402313976633514159e+01
1.586999999999999922e+01,-9.643780964551838863e+00,1.975720429339299500e+01,9.126164131075886132e+01,2.280305378120163695e+01
1.588000000000000078e+01,-9.664038986434151823e+00,1.852394606904002572e+01,9.201040273407824088e+01,2.154465453232680261e+01
1.589000000000000057e+01,-9.685378442734227988e+00,1.729719509269721200e+01,9.269959539863371845e+01,2.025224438640527325e+01
1.590000000000000036e+01,-9.707723869575465514e+00,1.607725759615580685e+01,9.332729111392269772e+01,1.893029704486855991e+01
1.591000000000000014e+01,-9.730995328884130657e+00,1.486437408405847194e+01,9.389206307467796364e+01,1.758338000095631770e+01
1.591999999999999993e+01,-9.755110005840773368e+00,1.365871485871017299e+01,9.439297913051854039e+01,1.621607861425200525e+01
1.592999999999999972e+01,-9.779983922987945277e+00,1.246037732572277257e+01,9.482958110021341724e+01,1.483292503500388726e+01
1.593999999999999950e+01,-9.805533724724080358e+00,1.126938522520763541e+01,9.520185184259445066e+01,1.343833484083521057e+01
1.594999999999999929e+01,-9.831678481346333598e+00,1.008568988074519801e+01,9.551017241228042565e+01,1.203655370088793752e+01
1.596000000000000085e+01,-9.858341458604980900e+00,8.909173498754443088e+00,9.575527207122193829e+01,1.063161570403233824e+01
1.597000000000000064e+01,-9.885451797209611868e+00,7.739654485822788921e+00,9.593817417195536734e+01,9.227314233827053513e+00
1.598000000000000043e+01,-9.912946047103988079e+00,6.576894683209052239e+00,9.606014096872333141e+01,7.827185501286289870e+00
1.599000000000000021e+01,-9.940769503763926096e+00,5.420608348758124251e+00,9.612262025808934141e+01,6.434504111866960585e+00
1.600000000000000000e+01,-9.968877298352827765e+00,4.270472649884155203e+00,9.612719642482119298e+01,5.052289392528646061e+00
