f_GHz,S11_dB,S11_deg,ReZin_ohm,ImZin_ohm
1.000000000000000000e+00,-4.974175512781788822e-01,-1.302531770271884852e+02,1.738633090247385216e+00,-2.315795671134526756e+01
1.010000000000000009e+00,-5.069299940161100526e-01,-1.317407796482720812e+02,1.751029383329626654e+00,-2.237421614654262569e+01
1.020000000000000018e+00,-5.167062338792566267e-01,-1.332331035732175337e+02,1.764443931603104199e+00,-2.159709910536950872e+01
1.030000000000000027e+00,-5.267262467026220252e-01,-1.347303667980666546e+02,1.778799173910363240e+00,-2.082616563040157587e+01
1.040000000000000036e+00,-5.369734370483694175e-01,-1.362328176571795382e+02,1.794034064390971794e+00,-2.006097244061449203e+01
1.050000000000000044e+00,-5.474352652495372284e-01,-1.377407315483056891e+02,1.810105274079558679e+00,-1.930107431832230347e+01
1.060000000000000053e+00,-5.581037969359122775e-01,-1.392544070805385843e+02,1.826988124494879795e+00,-1.854602563974248142e+01
1.070000000000000062e+00,-5.689761625138075596e-01,-1.407741617239763912e+02,1.844677239935584412e+00,-1.779538200935914460e+01
1.080000000000000071e+00,-5.800549159405532507e-01,-1.423003270521364527e+02,1.863186910404960095e+00,-1.704870195651111331e+01
1.090000000000000080e+00,-5.913482842986665933e-01,-1.438332436783573485e+02,1.882551162667547295e+00,-1.630554865165630574e+01
1.100000000000000089e+00,-6.028703020765437959e-01,-1.453732559952219958e+02,1.902823542742292373e+00,-1.556549159965457463e+01
1.110000000000000098e+00,-6.146408266352496597e-01,-1.469207068311847877e+02,1.924076618987790033e+00,-1.482810826822304584e+01
1.120000000000000107e+00,-6.266854340095309173e-01,-1.484759321409080144e+02,1.946401220645314512e+00,-1.409298561147053697e+01
1.129999999999999893e+00,-6.390351968767806756e-01,-1.500392558452441847e+02,1.969905432082721397e+00,-1.335972145107504083e+01
1.139999999999999902e+00,-6.517263491501550376e-01,-1.516109849333817294e+02,1.994713367845432739e+00,-1.262792568115578895e+01
1.149999999999999911e+00,-6.647998441368924150e-01,-1.531914049335441632e+02,2.020963757810623651e+00,-1.189722126708823779e+01
1.159999999999999920e+00,-6.783008154799502476e-01,-1.547807758500540558e+02,2.048808375128665205e+00,-1.116724501325864161e+01
1.169999999999999929e+00,-6.922779521130721925e-01,-1.563793286538544010e+02,2.078410342137432476e+00,-1.043764807987671439e+01
1.179999999999999938e+00,-7.067828001599614218e-01,-1.579872624011232176e+02,2.109942351008071260e+00,-9.708096234261180513e+00
1.189999999999999947e+00,-7.218690060662562580e-01,-1.596047420408426092e+02,2.143584836534345506e+00,-8.978269827288785976e+00
1.199999999999999956e+00,-7.375915162508596135e-01,-1.612318969575431140e+02,2.179524138263073674e+00,-8.247863490763352345e+00
1.209999999999999964e+00,-7.540057491991556393e-01,-1.628688202803697607e+02,2.217950688176542062e+00,-7.516585556153638770e+00
1.219999999999999973e+00,-7.711667562045333435e-01,-1.645155689745257916e+02,2.259057258506234511e+00,-6.784157199330687504e+00
1.229999999999999982e+00,-7.891283869179523958e-01,-1.661721647164048079e+02,2.303037302132168396e+00,-6.050311319508930197e+00
1.239999999999999991e+00,-8.079424755191055851e-01,-1.678385955396294662e+02,2.350083415571482703e+00,-5.314791163504724913e+00
1.250000000000000000e+00,-8.276580627121760125e-01,-1.695148182260232375e+02,2.400385951949873586e+00,-4.577348708653523168e+00
1.260000000000000009e+00,-8.483206679141220841e-01,-1.712007614034162089e+02,2.454131808742223253e+00,-3.837742819298464614e+00
1.270000000000000018e+00,-8.699716249835082182e-01,-1.728963293012369888e+02,2.511503412608976138e+00,-3.095737192738636345e+00
1.280000000000000027e+00,-8.926474936707163854e-01,-1.746014061051212138e+02,2.572677921462311890e+00,-2.351098110990080148e+00
1.290000000000000036e+00,-9.163795576889949279e-01,-1.763158608432548817e+02,2.637826662061387051e+00,-1.603592014781582309e+00
1.300000000000000044e+00,-9.411934189398206696e-01,-1.780395527298417164e+02,2.707114820019286050e+00,-8.529829159967615704e-01
1.310000000000000053e+00,-9.671086959951148421e-01,-1.797723368848537859e+02,2.780701398127253920e+00,-9.902966441472507708e-02
1.320000000000000062e+00,-9.941388334603395993e-01,1.784859296559738198e+02,2.858739458360139096e+00,6.585169157885408797e-01
1.330000000000000071e+00,-1.022291027323295021e+00,1.767353817311918647e+02,2.941376662780714746e+00,1.419917004627491153e+00
1.340000000000000080e+00,-1.051566269838088763e+00,1.749761397373721366e+02,3.028756128750909493e+00,2.185444864978107748e+00
1.350000000000000089e+00,-1.081959515900141167e+00,1.732083033026674457e+02,3.121017614302918908e+00,2.955392006244990988e+00
1.360000000000000098e+00,-1.113459971233619950e+00,1.714319450479693785e+02,3.218299050136058881e+00,3.730070417593248866e+00
1.370000000000000107e+00,-1.146051501032254949e+00,1.696471045341696424e+02,3.320738435391453969e+00,4.509815854710614857e+00
1.379999999999999893e+00,-1.179713155965964821e+00,1.678537824937821767e+02,3.428476115035571148e+00,5.294991163234021414e+00
1.389999999999999902e+00,-1.214419810689704393e+00,1.660519354438334858e+02,3.541657457284952848e+00,6.085989620982600101e+00
1.399999999999999911e+00,-1.250142908174605161e+00,1.642414707743330951e+02,3.660435949993356974e+00,6.883238280076831472e+00
1.409999999999999920e+00,-1.286851301338305387e+00,1.624222424026256988e+02,3.784976735290432437e+00,7.687201289007568050e+00
1.419999999999999929e+00,-1.324512181605380867e+00,1.605940470783301350e+02,3.915460602053960848e+00,8.498383173875796004e+00
1.429999999999999938e+00,-1.363092082211951439e+00,1.587566214162283984e+02,4.052088456105884084e+00,9.317332057487384134e+00
1.439999999999999947e+00,-1.402557942323854334e+00,1.569096397252542943e+02,4.195086288496451488e+00,1.014464279487520493e+01
1.449999999999999956e+00,-1.442878216416795256e+00,1.550527126905704165e+02,4.344710663091007063e+00,1.098096000423338836e+01
1.459999999999999964e+00,-1.484024011927943532e+00,1.531853869526106564e+02,4.501254746166213572e+00,1.182698097324107955e+01
1.469999999999999973e+00,-1.525970236995882967e+00,1.513071456119899096e+02,4.665054903183211366e+00,1.268345842232736409e+01
1.479999999999999982e+00,-1.568696739224021419e+00,1.494174096725334664e+02,4.836497891705159979e+00,1.355120310851533283e+01
1.489999999999999991e+00,-1.612189415894353717e+00,1.475155404166511062e+02,5.016028684980031294e+00,1.443108625592553551e+01
1.500000000000000000e+00,-1.656441275978636885e+00,1.456008426882841036e+02,5.204158968457539558e+00,1.532404180156314411e+01
1.510000000000000009e+00,-1.701453434686150734e+00,1.436725690391995727e+02,5.401476361908331469e+00,1.623106844729365150e+01
1.520000000000000018e+00,-1.747236022178727755e+00,1.417299246750835948e+02,5.608654433326237587e+00,1.715323151044675853e+01
1.530000000000000027e+00,-1.793808989481584737e+00,1.397720731193494714e+02,5.826463587873330852e+00,1.809166456566881820e+01
1.540000000000000036e+00,-1.841202796507898753e+00,1.377981424955022476e+02,6.055782936209236134e+00,1.904757086872823280e+01
1.550000000000000044e+00,-1.889458969457200155e+00,1.358072323139614639e+02,6.297613272049581212e+00,2.002222454807731822e+01
1.560000000000000053e+00,-1.938630517579660761e+00,1.337984206370365428e+02,6.553091319117385183e+00,2.101697154105038123e+01
1.570000000000000062e+00,-1.988782202337062488e+00,1.317707714868169830e+02,6.823505443165664985e+00,2.203323023739525510e+01
1.580000000000000071e+00,-2.039990655234100725e+00,1.297233423554565661e+02,7.110313065826031398e+00,2.307249177195567214e+01
1.590000000000000080e+00,-2.092344343927295736e+00,1.276551916759496663e+02,7.415160064039622689e+00,2.413631987901288767e+01
1.600000000000000089e+00,-2.145943389521192124e+00,1.255653861140765031e+02,7.739902492112722854e+00,2.522635018097819781e+01
1.610000000000000098e+00,-2.200899241113085214e+00,1.234530075486211445e+02,8.086631023356668280e+00,2.634428873123940562e+01
1.620000000000000107e+00,-2.257334216532832727e+00,1.213171596169496382e+02,8.457698575123512086e+00,2.749190956182264145e+01
1.629999999999999893e+00,-2.315380920744655402e+00,1.191569737161313896e+02,8.855751655036852910e+00,2.867105089711099808e+01
1.639999999999999902e+00,-2.375181555449043636e+00,1.169716143654142542e+02,9.283766047316388992e+00,2.988360958005459977e+01
1.649999999999999911e+00,-2.436887134986971848e+00,1.147602838533604910e+02,9.745087545873616364e+00,3.113153311056534633e+01
1.659999999999999920e+00,-2.500656624669134409e+00,1.125222261115871021e+02,1.024347853415894427e+01,3.241680850872960207e+01
1.669999999999999929e+00,-2.566656018120711646e+00,1.102567297760966483e+02,1.078317130822891379e+01,3.374144697735443543e+01
1.679999999999999938e+00,-2.635057370161095758e+00,1.079631304159341454e+02,1.136892913493302970e+01,3.510746303547002611e+01
1.689999999999999947e+00,-2.706037801163331480e+00,1.056408119267117911e+02,1.200611612430631503e+01,3.651684640934873016e+01
1.699999999999999956e+00,-2.779778487814253296e+00,1.032892071028578158e+02,1.270077706251488614e+01,3.797152447846620049e+01
1.709999999999999964e+00,-2.856463653788445356e+00,1.009077974168394576e+02,1.345972838060663079e+01,3.947331245336818739e+01
1.719999999999999973e+00,-2.936279572134509852e+00,9.849611204575502654e+01,1.429066139646751843e+01,4.102384767724579007e+01
1.729999999999999982e+00,-3.019413589228054029e+00,9.605372619541589074e+01,1.520225881973001414e+01,4.262450345317922995e+01
1.739999999999999991e+00,-3.106053178051760177e+00,9.358025877926441183e+01,1.620432518769544217e+01,4.427627655816564811e+01
1.750000000000000000e+00,-3.196385026392399631e+00,9.107536951426419591e+01,1.730793130998593554e+01,4.597964106223663094e+01
1.760000000000000009e+00,-3.290594163364005009e+00,8.853875549838471670e+01,1.852557180299359985e+01,4.773435917510810356e+01
1.770000000000000018e+00,-3.388863125532479703e+00,8.597014733471110048e+01,1.987133319465123193e+01,4.953923755203491197e+01
1.780000000000000027e+00,-3.491371161875009843e+00,8.336930486583001709e+01,2.136106759612473383e+01,5.139181479002039055e+01
1.790000000000000036e+00,-3.598293474891741894e+00,8.073601257929198027e+01,2.301256318148923441e+01,5.328796277906194234e+01
1.800000000000000044e+00,-3.709800493419859180e+00,7.807007474098331556e+01,2.484569716240319437e+01,5.522138129694940289e+01
1.810000000000000053e+00,-3.826057171092927423e+00,7.537131030852000890e+01,2.688254889972719397e+01,5.718296210710779803e+01
1.820000000000000062e+00,-3.947222302943470318e+00,7.263954767165701298e+01,2.914743938965495573e+01,5.915999653333511077e+01
1.830000000000000071e+00,-4.073447851358266369e+00,6.987461926155125980e+01,3.166684758923667431e+01,6.113520028794923178e+01
1.840000000000000080e+00,-4.204878271451577554e+00,6.707635606585286325e+01,3.446913288908637440e+01,6.308553331225301264e+01
1.850000000000000089e+00,-4.341649824904292743e+00,6.424458208236630696e+01,3.758396580094337480e+01,6.498080387722488638e+01
1.860000000000000098e+00,-4.483889870407812062e+00,6.137910874072278489e+01,4.104133588601759186e+01,6.678207018623088231e+01
1.870000000000000107e+00,-4.631716118029515883e+00,5.847972931944287467e+01,4.486996957567799171e+01,6.843989622025891606e+01
1.879999999999999893e+00,-4.785235834063161775e+00,5.554621338524428609e+01,4.909495747164934443e+01,6.989259042885619522e+01
1.889999999999999902e+00,-4.944544982226640073e+00,5.257830128276140158e+01,5.373437466479693114e+01,7.106466546932483652e+01
1.899999999999999911e+00,-5.109727286410351788e+00,4.957569870629890119e+01,5.879470282179207175e+01,7.186591063905554222e+01
1.909999999999999920e+00,-5.280853199560201716e+00,4.653807139116919700e+01,6.426496664923612911e+01,7.219166089842353529e+01
1.919999999999999929e+00,-5.457978762707259790e+00,4.346503997091175364e+01,7.010972859692286363e+01,7.192504796188195826e+01
1.929999999999999938e+00,-5.641144337653885010e+00,4.035617505864156129e+01,7.626149168980188620e+01,7.094215827631008153e+01
1.939999999999999947e+00,-5.830373196433442651e+00,3.721099262632446170e+01,8.261365519611183572e+01,6.912097190136114477e+01
1.949999999999999956e+00,-6.025669950438984124e+00,3.402894977538054633e+01,8.901587662154749125e+01,6.635453936582143797e+01
1.959999999999999964e+00,-6.227018802157203936e+00,3.080944101611097352e+01,9.527428803259338963e+01,6.256790724785759750e+01
1.969999999999999973e+00,-6.434381602869541084e+00,2.755179520249655667e+01,1.011590906086204456e+02,5.773681313150055416e+01
1.979999999999999982e+00,-6.647695700660940510e+00,2.425527330333460796e+01,1.064211338149912933e+02,5.190445271359963897e+01
1.989999999999999991e+00,-6.866871564821980023e+00,2.091906723080478159e+01,1.108169256073163780e+02,4.519141706539803494e+01
2.000000000000000000e+00,-7.091790175516741179e+00,1.754229999354510738e+01,1.141384916600300983e+02,3.779417224450860147e+01
2.009999999999999787e+00,-7.322300171755983023e+00,1.412402749306049543e+01,1.162417777933896588e+02,2.996981149586875759e+01
2.020000000000000018e+00,-7.558214756674478174e+00,1.066324233925150367e+01,1.170664186123135408e+02,2.200881312040769799e+01
2.029999999999999805e+00,-7.799308367348375626e+00,7.158880121858266499e+00,1.166416054434278919e+02,1.420156278986366338e+01
2.040000000000000036e+00,-8.045313127459223779e+00,3.609828637624893144e+00,1.150769273797811962e+02,6.806461703968295751e+00
2.049999999999999822e+00,-8.295915115624600489e+00,1.494063473113225668e-02,1.125415423868372926e+02,2.650815001909568452e-02
2.060000000000000053e+00,-8.550750500801836296e+00,-3.626949308300679409e+00,1.092378292580330452e+02,-6.002059696890545304e+00
2.069999999999999840e+00,-8.809401619425777596e+00,-7.317003109257575133e+00,1.053758686390324328e+02,-1.120936631048658327e+01
2.080000000000000071e+00,-9.071393097334688349e+00,-1.105635203382454712e+01,1.011532425728324540e+02,-1.558286244254215980e+01
2.089999999999999858e+00,-9.336188153283885072e+00,-1.484606340482824294e+01,9.674203692575477476e+01,-1.915378437236998721e+01
2.100000000000000089e+00,-9.603185259726252809e+00,-1.868710056397815933e+01,9.228273992723424612e+01,-2.198276499139464590e+01
2.109999999999999876e+00,-9.871715379669364410e+00,-2.258027560926053923e+01,8.788348238297437831e+01,-2.414703372209400811e+01
2.120000000000000107e+00,-1.014104004397625758e+01,-2.652619464490754808e+01,8.362271388263448557e+01,-2.573036682083128923e+01
2.129999999999999893e+00,-1.041035057840481493e+01,-3.052519559962205875e+01,7.955363126855965561e+01,-2.681599210398061217e+01
2.140000000000000124e+00,-1.067876882940555561e+01,-3.457727910951594197e+01,7.570913446968036453e+01,-2.748209891990022413e+01
2.149999999999999911e+00,-1.094534976596345466e+01,-3.868203353557272806e+01,7.210655364369674203e+01,-2.779938057132813611e+01
2.160000000000000142e+00,-1.120908634365606282e+01,-4.283855589005758446e+01,6.875176363397055468e+01,-2.783002078107319477e+01
2.169999999999999929e+00,-1.146891699740771209e+01,-4.704537126262845703e+01,6.564255287416193596e+01,-2.762762248487850769e+01
2.180000000000000160e+00,-1.172373607151935815e+01,-5.130035422066795547e+01,6.277126096214735895e+01,-2.723769609238980749e+01
2.189999999999999947e+00,-1.197240739084840300e+01,-5.560065653525245466e+01,6.012677167162405567e+01,-2.669843773758899630e+01
2.200000000000000178e+00,-1.221378101998690902e+01,-5.994264634827953131e+01,5.769597383425742976e+01,-2.604162051603458039e+01
2.209999999999999964e+00,-1.244671304799562250e+01,-6.432186441429904278e+01,5.546480210334817684e+01,-2.529349034282084219e+01
2.220000000000000195e+00,-1.267008798281344539e+01,-6.873300317476277144e+01,5.341895678927058100e+01,-2.447560566237038771e+01
2.229999999999999982e+00,-1.288284305990683620e+01,-7.316991401269169160e+01,5.154438484281392618e+01,-2.360559143184663711e+01
2.240000000000000213e+00,-1.308399349231937059e+01,-7.762564699038624383e+01,4.982758696178331803e+01,-2.269779714641121160e+01
2.250000000000000000e+00,-1.327265745057845159e+01,-8.209252566205569224e+01,4.825580067691205954e+01,-2.176385993610040614e+01
2.259999999999999787e+00,-1.344807940105052779e+01,-8.656225724857029036e+01,4.681709678543322894e+01,-2.081317975685937327e+01
2.270000000000000018e+00,-1.360965038693929863e+01,-9.102607574968101289e+01,4.550041662229339323e+01,-1.985331640521730634e+01
2.279999999999999805e+00,-1.375692393203347663e+01,-9.547491274219983381e+01,4.429557007267337099e+01,-1.889031884112808157e+01
2.290000000000000036e+00,-1.388962648916277587e+01,-9.989958803056001102e+01,4.319320852709459047e+01,-1.792899697048110497e+01
2.299999999999999822e+00,-1.400766172531160336e+01,-1.042910103444835670e+02,4.218478276345783939e+01,-1.697314515746235841e+01
2.310000000000000053e+00,-1.411110839300649111e+01,-1.086403772161008447e+02,4.126249266226250256e+01,-1.602572563177969300e+01
2.319999999999999840e+00,-1.420021202605238564e+01,-1.129393631835399390e+02,4.041923343898701404e+01,-1.508901881261932587e+01
2.330000000000000071e+00,-1.427537115415081459e+01,-1.171802865584653830e+02,3.964854148909198983e+01,-1.416474648925241908e+01
2.339999999999999858e+00,-1.433711909874967461e+01,-1.213562469913682520e+02,3.894454181661892989e+01,-1.325417282415152442e+01
2.350000000000000089e+00,-1.438610265162112967e+01,-1.254612286703476514e+02,3.830189822965544977e+01,-1.235818729436424057e+01
2.359999999999999876e+00,-1.442305903085204299e+01,-1.294901668308648937e+02,3.771576694092442494e+01,-1.147737295988401129e+01
2.370000000000000107e+00,-1.444879246229769976e+01,-1.334389779765481308e+02,3.718175384060604216e+01,-1.061206283443954490e+01
2.379999999999999893e+00,-1.446415157332459778e+01,-1.373045565239256689e+02,3.669587546126960120e+01,-9.762386621459565816e+00
2.390000000000000124e+00,-1.447000854672997150e+01,-1.410847423018956590e+02,3.625452349549326669e+01,-8.928309652101091842e+00
2.399999999999999911e+00,-1.446724070629475101e+01,-1.447782643897636490e+02,3.585443262956306398e+01,-8.109665509967825869e+00
2.410000000000000142e+00,-1.445671492800984481e+01,-1.483846671962687651e+02,3.549265140312675726e+01,-7.306183536665490585e+00
2.419999999999999929e+00,-1.443927502073884028e+01,-1.519042245680207941e+02,3.516651578165850367e+01,-6.517512173431520672e+00
2.430000000000000160e+00,-1.441573201478459865e+01,-1.553378472085601345e+02,3.487362512666702230e+01,-5.743238898123040670e+00
2.439999999999999947e+00,-1.438685714441911578e+01,-1.586869879355301691e+02,3.461182026099920961e+01,-4.982907356690202683e+00
2.450000000000000178e+00,-1.435337721076092166e+01,-1.619535484351459331e+02,3.437916334847939481e+01,-4.236032158000378800e+00
2.459999999999999964e+00,-1.431597195872442541e+01,-1.651397902948933165e+02,3.417391933491337852e+01,-3.502111695655504064e+00
2.470000000000000195e+00,-1.427527308733406031e+01,-1.682482522803619247e+02,3.399453872853696623e+01,-2.780639276247280467e+00
2.479999999999999982e+00,-1.423186452669004254e+01,-1.712816751138138898e+02,3.383964153032304267e+01,-2.071112766981664688e+00
2.490000000000000213e+00,-1.418628364792507668e+01,-1.742429344297060538e+02,3.370800215668099753e+01,-1.373042923947359162e+00
2.500000000000000000e+00,-1.413902311653979638e+01,-1.771349821272343377e+02,3.359853522786430347e+01,-6.859605230921304031e-01
2.509999999999999787e+00,-1.409053314816044633e+01,-1.799607960019348525e+02,3.351028212400793649e+01,-9.422387105663943691e-03
2.520000000000000018e+00,-1.404122397435517478e+01,1.772766626988824044e+02,3.344239823656293709e+01,6.569836189485650513e-01
2.529999999999999805e+00,-1.399146837153960199e+01,1.745744843071379080e+02,3.339414086559183659e+01,1.313634563879799710e+00
2.540000000000000036e+00,-1.394160414634138867e+01,1.719298389527596385e+02,3.336485773274653610e+01,1.960869347125605344e+00
2.549999999999999822e+00,-1.389193650518067003e+01,1.693399986149070742e+02,3.335397609571290900e+01,2.598986468438273079e+00
2.560000000000000053e+00,-1.384274026407421765e+01,1.668023536596340364e+02,3.336099246256969764e+01,3.228242623569313352e+00
2.569999999999999840e+00,-1.379426187704855522e+01,1.643144245042006162e+02,3.338546291404762911e+01,3.848852077429139040e+00
2.580000000000000071e+00,-1.374672127860769066e+01,1.618738690197030223e+02,3.342699404835472166e+01,4.460986763121218779e+00
2.589999999999999858e+00,-1.370031354812753932e+01,1.594784862465566277e+02,3.348523456734478287e+01,5.064777051279381048e+00
2.600000000000000089e+00,-1.365521041258286772e+01,1.571262169559763606e+02,3.355986752467467937e+01,5.660313129737073901e+00
2.609999999999999876e+00,-1.361156160936451265e+01,1.548151415479376567e+02,3.365060325652091677e+01,6.247646929066665855e+00
2.620000000000000107e+00,-1.356949613377409136e+01,1.525434757340852343e+02,3.375717301369509471e+01,6.826794525193195184e+00
2.629999999999999893e+00,-1.352912339666785435e+01,1.503095644138836064e+02,3.387932331085090709e+01,7.397738946277609529e+00
2.640000000000000124e+00,-1.349053431715081963e+01,1.481118741146401021e+02,3.401681100410996805e+01,7.960433307499149791e+00
2.649999999999999911e+00,-1.345380237360091868e+01,1.459489843311787638e+02,3.416939910300143168e+01,8.514804194337100895e+00
2.660000000000000142e+00,-1.341898463395231822e+01,1.438195780689767673e+02,3.433685331622224624e+01,9.060755212543563530e+00
2.669999999999999929e+00,-1.338612278333917338e+01,1.417224318653972261e+02,3.451893932346580840e+01,9.598170621301175487e+00
2.680000000000000160e+00,-1.335524416408412840e+01,1.396564055370564290e+02,3.471542075750509326e+01,1.012691896519011081e+01
2.689999999999999947e+00,-1.332636283974996516e+01,1.376204318770686825e+02,3.492605787192486844e+01,1.064685662068148808e+01
2.700000000000000178e+00,-1.329948069165900648e+01,1.356135065035869616e+02,3.515060686046972904e+01,1.115783117409333691e+01
2.709999999999999964e+00,-1.327458855299439833e+01,1.336346780403216883e+02,3.538881978403784956e+01,1.165968455047057084e+01
2.720000000000000195e+00,-1.325166738238493735e+01,1.316830387901891299e+02,3.564044505108421390e+01,1.215225581686436485e+01
2.729999999999999982e+00,-1.323068947577874965e+01,1.297577160445128470e+02,3.590522838683076401e+01,1.263538358916420279e+01
2.740000000000000213e+00,-1.321161971247023459e+01,1.278578641518905101e+02,3.618291421651285589e+01,1.310890797911753936e+01
2.750000000000000000e+00,-1.319441682839210195e+01,1.259826574525834388e+02,3.647324737826600938e+01,1.357267202755112301e+01
2.759999999999999787e+00,-1.317903470725814863e+01,1.241312841657967709e+02,3.677597507256583498e+01,1.402652258110272143e+01
2.770000000000000018e+00,-1.316542367788612999e+01,1.223029412982260880e+02,3.709084894780352926e+01,1.447031058292261108e+01
2.779999999999999805e+00,-1.315353180408724576e+01,1.204968306226454615e+02,3.741762721602842134e+01,1.490389076264155932e+01
2.790000000000000036e+00,-1.314330615192984553e+01,1.187121557550155018e+02,3.775607668953310991e+01,1.532712072716980956e+01
2.799999999999999822e+00,-1.313469401801773628e+01,1.169481203376936378e+02,3.810597462815390202e+01,1.573985947122037388e+01
2.810000000000000053e+00,-1.312764410171465990e+01,1.152039273150158181e+02,3.846711028920304898e+01,1.614196534438762853e+01
2.819999999999999840e+00,-1.312210760403272403e+01,1.134787792660761596e+02,3.883928607703601443e+01,1.653329352963764975e+01
2.830000000000000071e+00,-1.311803923621380719e+01,1.117718797383919025e+02,3.922231819747279502e+01,1.691369310559851158e+01
2.839999999999999858e+00,-1.311539812187882248e+01,1.100824355057677764e+02,3.961603673360185240e+01,1.728300378149063476e+01
2.850000000000000089e+00,-1.311414857799674216e+01,1.084096596546449263e+02,4.002028507373564992e+01,1.764105240831407784e+01
2.859999999999999876e+00,-1.311426076180554290e+01,1.067527753860767064e+02,4.043491863918323048e+01,1.798764938247190059e+01
2.870000000000000107e+00,-1.311571117315439672e+01,1.051110204058073521e+02,4.085980287866739502e+01,1.832258506786242691e+01
2.879999999999999893e+00,-1.311848300446380833e+01,1.034836517632322597e+02,4.129481051717601758e+01,1.864562636922102001e+01
2.890000000000000124e+00,-1.312256633353050006e+01,1.018699509917117751e+02,4.173981806926337157e+01,1.895651359283107951e+01
2.899999999999999911e+00,-1.312795815763901963e+01,1.002692293981243239e+02,4.219470164973225224e+01,1.925495773044728409e+01
2.910000000000000142e+00,-1.313466227077135962e+01,9.868083334881326607e+01,4.265933213765056564e+01,1.954063829829149768e+01
2.919999999999999929e+00,-1.314268898901783089e+01,9.710414940224893598e+01,4.313356977219866906e+01,1.981320185528259614e+01
2.930000000000000160e+00,-1.315205473247416634e+01,9.553860914562388018e+01,4.361725828034799690e+01,2.007226131333366936e+01
2.939999999999999947e+00,-1.316278147486114136e+01,9.398369360295144759e+01,4.411021865630285532e+01,2.031739613773855169e+01
2.950000000000000178e+00,-1.317489607473218705e+01,9.243893709561901062e+01,4.461224273049079159e+01,2.054815351758619002e+01
2.959999999999999964e+00,-1.318842950437146833e+01,9.090393045222140245e+01,4.512308668119474930e+01,2.076405056504222557e+01
2.970000000000000195e+00,-1.320341599427715096e+01,8.937832348230037383e+01,4.564246465421900467e+01,2.096457757851872472e+01
2.979999999999999982e+00,-1.321989211244232898e+01,8.786182664769269479e+01,4.617004266483874630e+01,2.114920237856349416e+01
2.990000000000000213e+00,-1.323789579848153863e+01,8.635421188492965427e+01,4.670543296126459865e+01,2.131737569713713043e+01
3.000000000000000000e+00,-1.325746537301402839e+01,8.485531255195220979e+01,4.724818902953158783e+01,2.146853757127806617e+01
3.009999999999999787e+00,-1.327863854263520871e+01,8.336502249177021895e+01,4.779780141569189311e+01,2.160212466154148458e+01
3.020000000000000018e+00,-1.330145142032534622e+01,8.188329422418765091e+01,4.835369453206466517e+01,2.171757838470053059e+01
3.029999999999999805e+00,-1.332593758031030085e+01,8.041013629395523310e+01,4.891522459977021242e+01,2.181435371981457649e+01
3.040000000000000036e+00,-1.335212716525792764e+01,7.894560981950681366e+01,4.948167885961469636e+01,2.189192851781627880e+01
3.049999999999999822e+00,-1.338004606231863569e+01,7.748982430059356830e+01,5.005227615753914705e+01,2.194981311832022541e+01
3.060000000000000053e+00,-1.340971516295648769e+01,7.604293275562812937e+01,5.062616897942542238e+01,2.198756005456521478e+01
3.069999999999999840e+00,-1.344114971980592266e+01,7.460512627038060884e+01,5.120244697344907792e+01,2.200477360954186423e+01
3.080000000000000071e+00,-1.347435881197550955e+01,7.317662804891604367e+01,5.178014195706878553e+01,2.200111897467052202e+01
3.089999999999999858e+00,-1.350934492832346834e+01,7.175768706539763286e+01,5.235823436116851326e+01,2.197633075811291192e+01
3.100000000000000089e+00,-1.354610367627600809e+01,7.034857142174449507e+01,5.293566101717479455e+01,2.193022059395902090e+01
3.109999999999999876e+00,-1.358462362175444937e+01,6.894956152117873671e+01,5.351132414586302133e+01,2.186268361694097706e+01
3.120000000000000107e+00,-1.362488626372541312e+01,6.756094317152918904e+01,5.408410136099838184e+01,2.177370359041830739e+01
3.129999999999999893e+00,-1.366686614478949480e+01,6.618300073477364265e+01,5.465285645910554990e+01,2.166335650813382685e+01
3.140000000000000124e+00,-1.371053109707177953e+01,6.481601044068713691e+01,5.521645073076077637e+01,2.153181253211241852e+01
3.149999999999999911e+00,-1.375584262047082440e+01,6.346023398253470305e+01,5.577375450103485832e+01,2.137933617894546146e+01
3.160000000000000142e+00,-1.380275638806338456e+01,6.211591251136552216e+01,5.632365858904273637e+01,2.120628472288070654e+01
3.169999999999999929e+00,-1.385122287115491702e+01,6.078326114247208523e+01,5.686508537054621826e+01,2.101310484442180382e+01
3.180000000000000160e+00,-1.390118807413234414e+01,5.946246408274799933e+01,5.739699913426057520e+01,2.080032761489486859e+01
3.189999999999999947e+00,-1.395259436694120936e+01,5.815367048081617440e+01,5.791841544232143235e+01,2.056856196775851942e+01
3.200000000000000178e+00,-1.400538140071748572e+01,5.685699109269389595e+01,5.842840923794641839e+01,2.031848686330573273e+01
3.209999999999999964e+00,-1.405948708990797513e+01,5.557249584425937883e+01,5.892612148759140211e+01,2.005084240191748535e+01
3.220000000000000195e+00,-1.411484864217952762e+01,5.430021235778635713e+01,5.941076419906119099e+01,1.976642017956222475e+01
3.229999999999999982e+00,-1.417140361561974160e+01,5.304012549332313142e+01,5.988162371867352363e+01,1.946605320566286323e+01
3.240000000000000213e+00,-1.422909098125402849e+01,5.179217793682226301e+01,6.033806227680548062e+01,1.915060571627495634e+01
3.250000000000000000e+00,-1.428785216782646650e+01,5.055627184592155032e+01,6.077951781879685456e+01,1.882096321398495675e+01
3.259999999999999787e+00,-1.434763206519698642e+01,4.933227154152574201e+01,6.120550222397714180e+01,1.847802305007299850e+01
3.270000000000000018e+00,-1.440837996266188270e+01,4.812000720935754572e+01,6.161559807638233366e+01,1.812268583510453013e+01
3.279999999999999805e+00,-1.447005039906579071e+01,4.691927955110706705e+01,6.200945420368863381e+01,1.775584792273072310e+01
3.290000000000000036e+00,-1.453260390277147707e+01,4.572986530043626630e+01,6.238678024365982822e+01,1.737839516019973729e+01
3.299999999999999822e+00,-1.459600760140117792e+01,4.455152349574229476e+01,6.274734052818531893e+01,1.699119804045619730e+01
3.310000000000000053e+00,-1.466023568373455532e+01,4.338400238007869802e+01,6.309094759266037045e+01,1.659510832757067078e+01
3.319999999999999840e+00,-1.472526969919926110e+01,4.222704677981035815e+01,6.341745562256450341e+01,1.619095716251947081e+01
3.330000000000000071e+00,-1.479109868393836891e+01,4.108040579818947435e+01,6.372675413982553749e+01,1.577955459291980844e+01
3.339999999999999858e+00,-1.485771910638316484e+01,3.994384064871159978e+01,6.401876220970191866e+01,1.536169041090807319e+01
3.350000000000000089e+00,-1.492513462947557379e+01,3.881713244631872328e+01,6.429342341576737851e+01,1.493813613033060328e+01
3.359999999999999876e+00,-1.499335569103494414e+01,3.770008977252947346e+01,6.455070180785169498e+01,1.450964788981693232e+01
3.370000000000000107e+00,-1.506239890810631010e+01,3.659255583346340046e+01,6.479057897749771655e+01,1.407697003371938393e+01
3.379999999999999893e+00,-1.513228631532237500e+01,3.549441503734538372e+01,6.501305235987183551e+01,1.364083909946580064e+01
3.390000000000000124e+00,-1.520304445122987147e+01,3.440559883007971109e+01,6.521813480247045902e+01,1.320198792825641831e+01
3.399999999999999911e+00,-1.527470331006177062e+01,3.332609064337259497e+01,6.540585538179072955e+01,1.276114961645273027e+01
3.410000000000000142e+00,-1.534729517949376465e+01,3.225592982900536754e+01,6.557626139173864033e+01,1.231906103721361312e+01
3.419999999999999929e+00,-1.542085338744307776e+01,3.119521447452433094e+01,6.572942137418027642e+01,1.187646568527562962e+01
3.430000000000000160e+00,-1.549541098291944508e+01,3.014410301903923184e+01,6.586542901478239287e+01,1.143411563116742791e+01
3.439999999999999947e+00,-1.557099937731421235e+01,2.910281461232674616e+01,6.598440768796443479e+01,1.099277241316456966e+01
3.450000000000000178e+00,-1.564764697333046506e+01,2.807162818531773141e+01,6.608651540493966081e+01,1.055320674414892856e+01
3.459999999999999964e+00,-1.572537780905305205e+01,2.705088022477577070e+01,6.617194989960744067e+01,1.011619696418829406e+01
3.470000000000000195e+00,-1.580421024447724676e+01,2.604096126910527786e+01,6.624095357922057303e+01,9.682526225845414558e+00
3.479999999999999982e+00,-1.588415571721528963e+01,2.504231116544732672e+01,6.629381807055197839e+01,9.252978455570085359e+00
3.490000000000000213e+00,-1.596521759313464450e+01,2.405541315037792671e+01,6.633088810748370179e+01,8.828333188626439565e+00
3.500000000000000000e+00,-1.604739013639413159e+01,2.308078683754060023e+01,6.635256453180191727e+01,8.409359424540850725e+00
3.509999999999999787e+00,-1.613065762177465601e+01,2.211898021546347692e+01,6.635930621425440279e+01,7.996808692904873617e+00
3.520000000000000018e+00,-1.621499361036169162e+01,2.117056077771271205e+01,6.635163074595401156e+01,7.591407553747080428e+00
3.529999999999999805e+00,-1.630036040753696724e+01,2.023610592550272358e+01,6.633011379894679749e+01,7.193849781202748872e+00
3.540000000000000036e+00,-1.638670871985394228e+01,1.931619279998975713e+01,6.629538710693665848e+01,6.804788492990490489e+00
3.549999999999999822e+00,-1.647397752468060617e+01,1.841138771767871773e+01,6.624813507035820237e+01,6.424828490896315358e+00
3.560000000000000053e+00,-1.656209416344897889e+01,1.752223539754803028e+01,6.618909004182677336e+01,6.054519069291461442e+00
3.569999999999999840e+00,-1.665097466590899700e+01,1.664924818233631143e+01,6.611902639622721267e+01,5.694347530412150249e+00
3.580000000000000071e+00,-1.674052430890053600e+01,1.579289546846800896e+01,6.603875353236567491e+01,5.344733617925318647e+00
3.589999999999999858e+00,-1.683063840880353368e+01,1.495359356867867717e+01,6.594910798860250623e+01,5.006025045791342443e+00
3.600000000000000089e+00,-1.692120334199104548e+01,1.413169623770651739e+01,6.585094488207158747e+01,4.678494259476720707e+00
3.609999999999999876e+00,-1.701209778232223258e+01,1.332748609348699453e+01,6.574512889930144866e+01,4.362336523166025160e+00
3.620000000000000107e+00,-1.710319413903579289e+01,1.254116716309838608e+01,6.563252507511110423e+01,4.057669381798714170e+00
3.629999999999999893e+00,-1.719436017245705983e+01,1.177285877319216745e+01,6.551398959682744305e+01,3.764533502418043742e+00
3.640000000000000124e+00,-1.728546075888003486e+01,1.102259098788372249e+01,6.539036086282445126e+01,3.482894857192598170e+00
3.649999999999999911e+00,-1.737635977005603038e+01,1.029030177230259824e+01,6.526245100907736685e+01,3.212648171983395251e+00
3.660000000000000142e+00,-1.746692202717428444e+01,9.575836026805353285e+00,6.513103809605759409e+01,2.953621530614224611e+00
3.669999999999999929e+00,-1.755701528437078096e+01,8.878946595222636518e+00,6.499685912215436190e+01,2.705581996829871105e+00
3.680000000000000160e+00,-1.764651219296662532e+01,8.199297300998340532e+00,6.486060400025176875e+01,2.468242093762054612e+00
3.689999999999999947e+00,-1.773529219514082556e+01,7.536468008766827431e+00,6.472291060240401350e+01,2.241266964708489962e+00
3.700000000000000178e+00,-1.782324329487294179e+01,6.889961647565095326e+00,6.458436094493512769e+01,2.024282029081204026e+00
3.709999999999999964e+00,-1.791026365498429129e+01,6.259213067726718371e+00,6.444547855379396140e+01,1.816880943181019781e+00
3.720000000000000195e+00,-1.799626297210918580e+01,5.643599539355985684e+00,6.430672701851213446e+01,1.618633676578044911e+00
3.729999999999999982e+00,-1.808116358648633337e+01,5.042452639165241557e+00,6.416850971335973952e+01,1.429094520776307942e+00
3.740000000000000213e+00,-1.816490129049543967e+01,4.455071217595746091e+00,6.403117063683791343e+01,1.247809856946708873e+00
3.750000000000000000e+00,-1.824742580867236796e+01,3.880735092579547629e+00,6.389499629591035301e+01,1.074325523231539403e+00
3.759999999999999787e+00,-1.832870093219469609e+01,3.318719082776578677e+00,6.376021853966776121e+01,9.081936388915710090e-01
3.770000000000000018e+00,-1.840870430210918940e+01,2.768306973763862366e+00,6.362701822866641521e+01,7.489787618369050382e-01
3.779999999999999805e+00,-1.848742684737526432e+01,2.228805006854148729e+00,6.349552961113737837e+01,5.962632773458861335e-01
3.790000000000000036e+00,-1.856487189557523010e+01,1.699554492493599467e+00,6.336584526575382625e+01,4.496519385487619536e-01
3.799999999999999822e+00,-1.864105398535527769e+01,1.179943178135276494e+00,6.323802146274250902e+01,3.087755030640543796e-01
3.810000000000000053e+00,-1.871599741979715148e+01,6.694150428415402976e-01,6.311208379089912768e+01,1.732934345601939985e-01
3.819999999999999840e+00,-1.878973460854428978e+01,1.674782456231494188e-01,6.298803289754123114e+01,4.289566249848206919e-02
3.830000000000000071e+00,-1.886230425327457993e+01,-3.262889809118952322e-01,6.286585019159689836e+01,-8.269658259593846983e-02
3.839999999999999858e+00,-1.893374943579683034e+01,-8.122346285994259674e-01,6.274550336681993912e+01,-2.037308178025575012e-01
3.850000000000000089e+00,-1.900411567053055251e+01,-1.290631465251661947e+00,6.262695161242142916e+01,-3.204241781291701230e-01
3.859999999999999876e+00,-1.907344898341091266e+01,-1.761677825517758311e+00,6.251015039199227630e+01,-4.329650264200438081e-01
3.870000000000000107e+00,-1.914179407742685513e+01,-2.225500552960182343e+00,6.239505568817251913e+01,-5.415152034822284799e-01
3.879999999999999893e+00,-1.920919264121983971e+01,-2.682159935715639598e+00,6.228162762968988631e+01,-6.462128047499490213e-01
3.890000000000000124e+00,-1.927568185165950609e+01,-3.131656414980800829e+00,6.216983343864643530e+01,-7.471753589027562148e-01
3.899999999999999911e+00,-1.934129311431312814e+01,-3.573938790390397191e+00,6.205964965869273442e+01,-8.445032767135304264e-01
3.910000000000000142e+00,-1.940605107749930269e+01,-4.008913600256482468e+00,6.195106364832238199e+01,-9.382834352640782027e-01
3.919999999999999929e+00,-1.946997294640734211e+01,-4.436455318451967500e+00,6.184407434724349883e+01,-1.028592763653617626e+00
3.930000000000000160e+00,-1.953306811381672503e+01,-4.856416983981781677e+00,6.173869234689524887e+01,-1.115501701410009927e+00
3.939999999999999947e+00,-1.959533811349160715e+01,-5.268640864433194793e+00,6.163493931795197511e+01,-1.199077409840708208e+00
3.950000000000000178e+00,-1.965677689157319818e+01,-5.672968750820816197e+00,6.153284686740926190e+01,-1.279386629222111882e+00
3.959999999999999964e+00,-1.971737138046544402e+01,-6.069251489130157218e+00,6.143245491496104194e+01,-1.356498090600807505e+00
3.970000000000000195e+00,-1.977710234904331088e+01,-6.457357373294750680e+00,6.133380969232572966e+01,-1.430484409523934186e+00
3.979999999999999982e+00,-1.983594549275145624e+01,-6.837179055569313491e+00,6.123696147956479052e+01,-1.501423409617648863e+00
3.990000000000000213e+00,-1.989387271758503317e+01,-7.208638673204773362e+00,6.114196219897382178e+01,-1.569398845906957662e+00
4.000000000000000000e+00,-1.995085356335833993e+01,-7.571690944707477833e+00,6.104886298966446390e+01,-1.634500520416474423e+00
4.009999999999999787e+00,-2.000685670439162678e+01,-7.926324054094387783e+00,6.095771188448300393e+01,-1.696823805202130053e+00
4.019999999999999574e+00,-2.006185146012043319e+01,-8.272558216285279542e+00,6.086855170552698979e+01,-1.756468609849918483e+00
4.030000000000000249e+00,-2.011580924447233087e+01,-8.610441899446884761e+00,6.078141828544405456e+01,-1.813537851002733348e+00
4.040000000000000036e+00,-2.016870488145198692e+01,-8.940045768464045750e+00,6.069633910923654696e+01,-1.868135500050848385e+00
4.049999999999999822e+00,-2.022051771544642307e+01,-9.261454505006158300e+00,6.061333245584583551e+01,-1.920364301232903470e+00
4.059999999999999609e+00,-2.027123244844039718e+01,-9.574756750691781448e+00,6.053240710080955012e+01,-1.970323265601821472e+00
4.070000000000000284e+00,-2.032083964263858888e+01,-9.880033507160172590e+00,6.045356262128560587e+01,-2.018105056249385409e+00
4.080000000000000071e+00,-2.036933583581937057e+01,-1.017734540696380741e+01,6.037679032327407924e+01,-2.063793386581330047e+00
4.089999999999999858e+00,-2.041672322786955363e+01,-1.046671933875179406e+01,6.030207478852496905e+01,-2.107460556085400061e+00
4.099999999999999645e+00,-2.046300891002204736e+01,-1.074813496638410726e+01,6.022939601601222392e+01,-2.149165246834310761e+00
4.110000000000000320e+00,-2.050820362290877341e+01,-1.102151172215240393e+01,6.015873211060542758e+01,-2.188950698884198687e+00
4.120000000000000107e+00,-2.055232004515982780e+01,-1.128669687775203556e+01,6.009006245031895332e+01,-2.226843373836953521e+00
4.129999999999999893e+00,-2.059537063042405336e+01,-1.154345530248382978e+01,6.002337124389607936e+01,-2.262852203302185394e+00
4.139999999999999680e+00,-2.063736502688227148e+01,-1.179146150655379621e+01,5.995865137311151472e+01,-2.296968503087716051e+00
4.150000000000000355e+00,-2.067830712916845215e+01,-1.203029453917949709e+01,5.989590839963043578e+01,-2.329166615049623967e+00
4.160000000000000142e+00,-2.071819182779033497e+01,-1.225943626778137485e+01,5.983516460507826906e+01,-2.359405317131186397e+00
4.169999999999999929e+00,-2.075700153545051307e+01,-1.247827350723183137e+01,5.977646292559955299e+01,-2.387630018805796173e+00
4.179999999999999716e+00,-2.079470258300264618e+01,-1.268610439813347313e+01,5.971987063896917647e+01,-2.413775734600088096e+00
4.190000000000000391e+00,-2.083124159011440568e+01,-1.288214935107046699e+01,5.966548266347457030e+01,-2.437770803374118334e+00
4.200000000000000178e+00,-2.086654192703862876e+01,-1.306556677956927714e+01,5.961342433339766700e+01,-2.459541296386223763e+00
4.209999999999999964e+00,-2.090050039419349304e+01,-1.323547373713382669e+01,5.956385352587929560e+01,-2.479016033706459510e+00
4.219999999999999751e+00,-2.093298425536705309e+01,-1.339097145126026867e+01,5.951696202799396218e+01,-2.496132107074386486e+00
4.230000000000000426e+00,-2.096382876796459627e+01,-1.353117560725734769e+01,5.947297605055509706e+01,-2.510840788576009341e+00
4.240000000000000213e+00,-2.099283535921161814e+01,-1.365525107426329043e+01,5.943215581592252761e+01,-2.523113689192591380e+00
4.250000000000000000e+00,-2.101977059969618011e+01,-1.376245058279833700e+01,5.939479417017593477e+01,-2.532949019860286199e+00
4.259999999999999787e+00,-2.104436612382968264e+01,-1.385215665669504936e+01,5.936121419463255222e+01,-2.540377800518899942e+00
4.269999999999999574e+00,-2.106631963914704642e+01,-1.392392587394027004e+01,5.933176581696724128e+01,-2.545469859873080942e+00
4.280000000000000249e+00,-2.108529715106609004e+01,-1.397753428619458660e+01,5.930682144726474547e+01,-2.548339470199684875e+00
4.290000000000000036e+00,-2.110093650492785500e+01,-1.401302257562514519e+01,5.928677068838726427e+01,-2.549150467278273879e+00
4.299999999999999822e+00,-2.111285231121177830e+01,-1.403073928592043451e+01,5.927201419234825863e+01,-2.548120714996593872e+00
4.309999999999999609e+00,-2.112064227167984143e+01,-1.403138025350530071e+01,5.926295675435672905e+01,-2.545525786849441641e+00
4.320000000000000284e+00,-2.112389486373056258e+01,-1.401602221179562235e+01,5.925999975340999981e+01,-2.541701751771744622e+00
4.330000000000000071e+00,-2.112219826868627948e+01,-1.398614847599141342e+01,5.926353306251638742e+01,-2.537046968842067152e+00
4.339999999999999858e+00,-2.111515035005628249e+01,-1.394366466882823730e+01,5.927392656275674909e+01,-2.532022813677534234e+00
4.349999999999999645e+00,-2.110236940486736046e+01,-1.389090264525564145e+01,5.929152140354063505e+01,-2.527153278185775509e+00
4.360000000000000320e+00,-2.108350533157083362e+01,-1.383061113322002278e+01,5.931662115682976122e+01,-2.523023404208245779e+00
4.370000000000000107e+00,-2.105825078983673748e+01,-1.376593213099855539e+01,5.934948301612473642e+01,-2.520276530070052701e+00
4.379999999999999893e+00,-2.102635187926114213e+01,-1.370036277224180310e+01,5.939030919206569337e+01,-2.519610346887648511e+00
4.389999999999999680e+00,-2.098761784359776073e+01,-1.363770315024590651e+01,5.943923865599560941e+01,-2.521771778573030698e+00
4.400000000000000355e+00,-2.094192932060004253e+01,-1.358199142510601121e+01,5.949633938117698762e+01,-2.527550715868337239e+00
4.410000000000000142e+00,-2.088924470779703313e+01,-1.353742834823372831e+01,5.956160122883709818e+01,-2.537772650631101357e+00
4.419999999999999929e+00,-2.082960430030265186e+01,-1.350829404856706972e+01,5.963492962303990907e+01,-2.553290272262777272e+00
4.429999999999999716e+00,-2.076313197245853104e+01,-1.349886045836582404e+01,5.971614015457117830e+01,-2.574974103986750862e+00
4.440000000000000391e+00,-2.069003431113312175e+01,-1.351330305431293688e+01,5.980495424944430027e+01,-2.603702273000211509e+00
4.450000000000000178e+00,-2.061059725241446472e+01,-1.355561561790483616e+01,5.990099603197371181e+01,-2.640349525679674514e+00
4.459999999999999964e+00,-2.052518041169761887e+01,-1.362953147518195252e+01,6.000379050513738122e+01,-2.685775617229093193e+00
4.469999999999999751e+00,-2.043420941704115990e+01,-1.373845418893237991e+01,6.011276316153597321e+01,-2.740813224500789680e+00
4.480000000000000426e+00,-2.033816664699628163e+01,-1.388540000255024331e+01,6.022724112593368062e+01,-2.806255551046778596e+00
4.490000000000000213e+00,-2.023758083059246005e+01,-1.407295354747517457e+01,6.034645591436141387e+01,-2.882843814391743198e+00
4.500000000000000000e+00,-2.013301598688725491e+01,-1.430323750552576989e+01,6.046954787434525969e+01,-2.971254826388512349e+00
4.509999999999999787e+00,-2.002506016674306721e+01,-1.457789613853678290e+01,6.059557234536426762e+01,-3.072088897381424211e+00
4.519999999999999574e+00,-1.991431441593843843e+01,-1.489809192145493810e+01,6.072350754771695591e+01,-3.185858312532884096e+00
4.530000000000000249e+00,-1.980138231415246608e+01,-1.526451398279104943e+01,6.085226417146207467e+01,-3.312976642619643197e+00
4.540000000000000036e+00,-1.968686036740658452e+01,-1.567739668797288033e+01,6.098069659524455943e+01,-3.453749160259742546e+00
4.549999999999999822e+00,-1.957132945046968686e+01,-1.613654649686928622e+01,6.110761561832614319e+01,-3.608364634208868882e+00
4.559999999999999609e+00,-1.945534741754034513e+01,-1.664137517109272579e+01,6.123180253921390914e+01,-3.776888767456052065e+00
4.570000000000000284e+00,-1.933944292947474253e+01,-1.719093747365420555e+01,6.135202436262277104e+01,-3.959259527931726197e+00
4.580000000000000071e+00,-1.922411048726536364e+01,-1.778397166209084546e+01,6.146704986531101866e+01,-4.155284592676815159e+00
4.589999999999999858e+00,-1.910980661595608865e+01,-1.841894129461689644e+01,6.157566620316698902e+01,-4.364641086767637290e+00
4.599999999999999645e+00,-1.899694711077871290e+01,-1.909407711830568388e+01,6.167669569965420351e+01,-4.586877747273711670e+00
4.610000000000000320e+00,-1.888590523701493851e+01,-1.980741806476190447e+01,6.176901242228038313e+01,-4.821419580914967362e+00
4.620000000000000107e+00,-1.877701076524913404e+01,-2.055685062392231899e+01,6.185155813195250829e+01,-5.067575013556603558e+00
4.629999999999999893e+00,-1.867054972225979625e+01,-2.134014608801342305e+01,6.192335718238383180e+01,-5.324545452710850668e+00
4.639999999999999680e+00,-1.856676474274148347e+01,-2.215499534787531033e+01,6.198352995498137830e+01,-5.591437103969060018e+00
4.650000000000000355e+00,-1.846585591641258617e+01,-2.299904107962682076e+01,6.203130443992989740e+01,-5.867274802486724283e+00
4.660000000000000142e+00,-1.836798203715926192e+01,-2.386990728089330460e+01,6.206602561659432382e+01,-6.151017545310520696e+00
4.669999999999999929e+00,-1.827326217429745014e+01,-2.476522620466471380e+01,6.208716234492356989e+01,-6.441575343544208465e+00
4.679999999999999716e+00,-1.818177749971607682e+01,-2.568266279868738522e+01,6.209431155223099807e+01,-6.737826958890666518e+00
4.690000000000000391e+00,-1.809357331777829003e+01,-2.661993679322243977e+01,6.208719958356705604e+01,-7.038638050221790898e+00
4.700000000000000178e+00,-1.800866125683651831e+01,-2.757484259431539897e+01,6.206568067510541198e+01,-7.342879234917895737e+00
4.709999999999999964e+00,-1.792702159168574738e+01,-2.854526713760964896e+01,6.202973260422837143e+01,-7.649443568162071827e+00
4.719999999999999751e+00,-1.784860567501051420e+01,-2.952920584310146168e+01,6.197944966279614931e+01,-7.957262961410217272e+00
4.730000000000000426e+00,-1.777333846277329243e+01,-3.052477678761547253e+01,6.191503318698723746e+01,-8.265323097958379606e+00
4.740000000000000213e+00,-1.770112112351749900e+01,-3.153023318235628025e+01,6.183677995410589290e+01,-8.572676456912430965e+00
4.750000000000000000e+00,-1.763183372475985777e+01,-3.254397421046101613e+01,6.174506882055680279e+01,-8.878453124041666200e+00
4.759999999999999787e+00,-1.756533799111401351e+01,-3.356455424655815278e+01,6.164034602336401747e+01,-9.181869145435888058e+00
4.769999999999999574e+00,-1.750148012864712399e+01,-3.459069044917251290e+01,6.152310959874699137e+01,-9.482232263690249852e+00
4.780000000000000249e+00,-1.744009370839241768e+01,-3.562126868938884172e+01,6.139389338496818738e+01,-9.778944962539961594e+00
4.790000000000000036e+00,-1.738100259912215861e+01,-3.665534775729922501e+01,6.125325107349686959e+01,-1.007150483070716973e+01
4.799999999999999822e+00,-1.732402393567190302e+01,-3.769216177291473713e+01,6.110174075386826331e+01,-1.035950233586614289e+01
4.809999999999999609e+00,-1.726897110456924622e+01,-3.873112072170349052e+01,6.093991036546132278e+01,-1.064261617237121094e+01
4.820000000000000284e+00,-1.721565672377638379e+01,-3.977180903761609443e+01,6.076828442617367187e+01,-1.092060640968233898e+01
4.830000000000000071e+00,-1.716389558834481477e+01,-4.081398216889918729e+01,6.058735235623429816e+01,-1.119330572096236764e+01
4.839999999999999858e+00,-1.711350754906489158e+01,-4.185756108421498567e+01,6.039755865773715016e+01,-1.146060901247099117e+01
4.849999999999999645e+00,-1.706432028714234406e+01,-4.290262470806744233e+01,6.019929514930189640e+01,-1.172246180408394700e+01
4.860000000000000320e+00,-1.701617194489745089e+01,-4.394940031421270987e+01,5.999289539268175986e+01,-1.197884772992970603e+01
4.870000000000000107e+00,-1.696891357078066420e+01,-4.499825195195368366e+01,5.977863138589005132e+01,-1.222977553647168314e+01
4.879999999999999893e+00,-1.692241133688481725e+01,-4.604966703079520585e+01,5.955671253689268951e+01,-1.247526595426441531e+01
4.889999999999999680e+00,-1.687654848878090519e+01,-4.710424124126117817e+01,5.932728687415396251e+01,-1.271533881002561195e+01
4.900000000000000355e+00,-1.683122699098244368e+01,-4.816266204082860014e+01,5.909044439609045440e+01,-1.295000072849485306e+01
4.910000000000000142e+00,-1.678636883660677626e+01,-4.922569098091265261e+01,5.884622241134621135e+01,-1.317923374960027871e+01
4.919999999999999929e+00,-1.674191699668235245e+01,-5.029414519074022394e+01,5.859461267620682889e+01,-1.340298515641338817e+01
4.929999999999999716e+00,-1.669783599277378627e+01,-5.136887836420343234e+01,5.833557009484443512e+01,-1.362115877380332485e+01
4.940000000000000391e+00,-1.665411208578219870e+01,-5.245076161436792717e+01,5.806902271289303741e+01,-1.383360795711037738e+01
4.950000000000000178e+00,-1.661075308348041446e+01,-5.354066456589944067e+01,5.779488270563565777e+01,-1.404013044503402519e+01
4.959999999999999964e+00,-1.656778777907580746e+01,-5.463943704776300336e+01,5.751305803947109041e+01,-1.424046520182685605e+01
4.969999999999999751e+00,-1.652526504236940497e+01,-5.574789172749917299e+01,5.722346447001925895e+01,-1.443429132149691796e+01
4.980000000000000426e+00,-1.648325259344511906e+01,-5.686678799536073825e+01,5.692603753293931845e+01,-1.462122901194011604e+01
4.990000000000000213e+00,-1.644183549589467219e+01,-5.799681736349467798e+01,5.662074418493210004e+01,-1.480084262088237423e+01
5.000000000000000000e+00,-1.640111441206749276e+01,-5.913859059459989709e+01,5.630759376299511842e+01,-1.497264560959858848e+01
5.009999999999999787e+00,-1.636120366655371328e+01,-6.029262671885487634e+01,5.598664795005527850e+01,-1.513610732620229804e+01
5.019999999999999574e+00,-1.632222916599246076e+01,-6.145934404028173503e+01,5.565802946455101363e+01,-1.529066137966379202e+01
5.030000000000000249e+00,-1.628432622339992975e+01,-6.263905317686980823e+01,5.532192922988703998e+01,-1.543571537047387210e+01
5.040000000000000036e+00,-1.624763733367114682e+01,-6.383195212523849449e+01,5.497861182600311025e+01,-1.557066169587179338e+01
5.049999999999999822e+00,-1.621230994395678238e+01,-6.503812329244688328e+01,5.462841907818211240e+01,-1.569488911845432355e+01
5.059999999999999609e+00,-1.617849425852427814e+01,-6.625753239630414271e+01,5.427177169585757355e+01,-1.580779476815402340e+01
5.070000000000000284e+00,-1.614634111279452355e+01,-6.749002910220335139e+01,5.390916893439776203e+01,-1.590879623995039616e+01
5.080000000000000071e+00,-1.611599994581054318e+01,-6.873534923953195630e+01,5.354118631325897582e+01,-1.599734345368799815e+01
5.089999999999999858e+00,-1.608761689474447820e+01,-6.999311842404489425e+01,5.316847148204542606e+01,-1.607292995785933343e+01
5.099999999999999645e+00,-1.606133302944683194e+01,-7.126285690374496085e+01,5.279173837949790027e+01,-1.613510338542931422e+01
5.110000000000000320e+00,-1.603728273971555041e+01,-7.254398544401070126e+01,5.241175987709939932e+01,-1.618347480542350425e+01
5.120000000000000107e+00,-1.601559228308183691e+01,-7.383583207190014264e+01,5.202935913706252791e+01,-1.621772675731104130e+01
5.129999999999999893e+00,-1.599637849660386379e+01,-7.513763950861202545e+01,5.164539994265488332e+01,-1.623761980404470151e+01
5.139999999999999680e+00,-1.597974767250169670e+01,-7.644857313181539382e+01,5.126077627639723744e+01,-1.624299749164271844e+01
5.150000000000000355e+00,-1.596579459449196925e+01,-7.776772932480501765e+01,5.087640142849347313e+01,-1.623378965600745971e+01
5.160000000000000142e+00,-1.595460172938421017e+01,-7.909414408616274272e+01,5.049319691433620250e+01,-1.621001406898380282e+01
5.169999999999999929e+00,-1.594623856685001329e+01,-8.042680179084710801e+01,5.011208146700931820e+01,-1.617177646340314467e+01
5.179999999999999716e+00,-1.594076109921678075e+01,-8.176464401062058585e+01,4.973396034970746626e+01,-1.611926901932770306e+01
5.190000000000000391e+00,-1.593821143259948947e+01,-8.310657831780680738e+01,4.935971520554132042e+01,-1.605276742961731173e+01
5.200000000000000178e+00,-1.593861752058957038e+01,-8.445148701107297029e+01,4.899019463008313835e+01,-1.597262669145877467e+01
5.209999999999999964e+00,-1.594199301198750973e+01,-8.579823571489113476e+01,4.862620561706175693e+01,-1.587927579126232835e+01
5.219999999999999751e+00,-1.594833720461283733e+01,-8.714568181533452673e+01,4.826850599158849775e+01,-1.577321146340650238e+01
5.230000000000000426e+00,-1.595763509797571977e+01,-8.849268270379320711e+01,4.791779790976971753e+01,-1.565499120913340647e+01
5.240000000000000213e+00,-1.596985753847227940e+01,-8.983810380700585085e+01,4.757472246988419329e+01,-1.552522576119867637e+01
5.250000000000000000e+00,-1.598496145170719984e+01,-9.118082638657045891e+01,4.723985544953038840e+01,-1.538457117359901893e+01
5.259999999999999787e+00,-1.600289015748886712e+01,-9.251975509390625518e+01,4.691370415604337296e+01,-1.523372070490871621e+01
5.269999999999999574e+00,-1.602357376393467092e+01,-9.385382526764502131e+01,4.659670535451108719e+01,-1.507339664955938652e+01
5.280000000000000249e+00,-1.604692963791722704e+01,-9.518200995984268786e+01,4.628922421907059004e+01,-1.490434225488615816e+01
5.290000000000000036e+00,-1.607286294973951613e+01,-9.650332667542245701e+01,4.599155423880183946e+01,-1.472731384393904364e+01
5.299999999999999822e+00,-1.610126729041390803e+01,-9.781684380615548946e+01,4.570391799922018095e+01,-1.454307324580617511e+01
5.309999999999999609e+00,-1.613202536021064404e+01,-9.912168673651500228e+01,4.542646875372527404e+01,-1.435238061725188174e+01
5.320000000000000284e+00,-1.616500972721627605e+01,-1.004170435942087920e+02,4.515929269591882189e+01,-1.415598772241345138e+01
5.330000000000000071e+00,-1.620008365448816079e+01,-1.017021706133943013e+02,4.490241184293652310e+01,-1.395463172154758702e+01
5.339999999999999858e+00,-1.623710199400322551e+01,-1.029763970738434153e+02,4.465578744131243383e+01,-1.374902950563840065e+01
5.349999999999999645e+00,-1.627591214497914507e+01,-1.042391297749737191e+02,4.441932380988917828e+01,-1.353987260121121139e+01
5.360000000000000320e+00,-1.631635507330685186e+01,-1.054898570000207911e+02,4.419287253843233998e+01,-1.332782265896533680e+01
5.370000000000000107e+00,-1.635826638779280984e+01,-1.067281519230300830e+02,4.397623696548127725e+01,-1.311350753077824294e+01
5.379999999999999893e+00,-1.640147746770105641e+01,-1.079536754100760731e+02,4.376917686423104215e+01,-1.289751793211143571e+01
5.389999999999999680e+00,-1.644581663474547284e+01,-1.091661781664687680e+02,4.357141327061066249e+01,-1.268040468068833704e+01
5.400000000000000355e+00,-1.649111036126244656e+01,-1.103655021838886370e+02,4.338263339300563359e+01,-1.246267649731673188e+01
5.410000000000000142e+00,-1.653718450485164482e+01,-1.115515814455822721e+02,4.320249554813203474e+01,-1.224479835068281020e+01
5.419999999999999929e+00,-1.658386555836932175e+01,-1.127244418540348505e+02,4.303063407233268123e+01,-1.202719032465516236e+01
5.429999999999999716e+00,-1.663098190286861922e+01,-1.138842003539226653e+02,4.286666416201304486e+01,-1.181022698391850412e+01
5.440000000000000391e+00,-1.667836504996989078e+01,-1.150310632335337573e+02,4.271018660108186538e+01,-1.159423721146281139e+01
5.450000000000000178e+00,-1.672585085928768223e+01,-1.161653236000326643e+02,4.256079233716072707e+01,-1.137950448945456472e+01
5.459999999999999964e+00,-1.677328071599649206e+01,-1.172873580376201232e+02,4.241806687203957438e+01,-1.116626759323589191e+01
5.469999999999999751e+00,-1.682050265344706830e+01,-1.183976224723859616e+02,4.228159443546262963e+01,-1.095472166657598656e+01
5.480000000000000426e+00,-1.686737240598432308e+01,-1.194966472829803621e+02,4.215096191489786293e+01,-1.074501964482303507e+01
5.490000000000000213e+00,-1.691375437779475632e+01,-1.205850317115511530e+02,4.202576251754327785e+01,-1.053727399128289832e+01
5.500000000000000000e+00,-1.695952251472906269e+01,-1.216634376441113972e+02,4.190559914449958256e+01,-1.033155871101412338e+01
5.509999999999999787e+00,-1.700456106758855412e+01,-1.227325828429845416e+02,4.179008746082300974e+01,-1.012791160532662360e+01
5.519999999999999574e+00,-1.704876523729146953e+01,-1.237932337256166306e+02,4.167885864906948257e+01,-9.926336729664448910e+00
5.530000000000000249e+00,-1.709204169459030354e+01,-1.248461977933332037e+02,4.157156183793453152e+01,-9.726807017296090763e+00
5.540000000000000036e+00,-1.713430896951321003e+01,-1.258923158200850310e+02,4.146786620164480297e+01,-9.529267031390624254e+00
5.549999999999999822e+00,-1.717549770836125234e+01,-1.269324539145695638e+02,4.136746272980830952e+01,-9.333635808665539102e+00
5.559999999999999609e+00,-1.721555079880383232e+01,-1.279674955691723426e+02,4.127006567140377769e+01,-9.139809758883671975e+00
5.570000000000000284e+00,-1.725442336627479278e+01,-1.289983338059069240e+02,4.117541366040696715e+01,-8.947665586062854004e+00
5.580000000000000071e+00,-1.729208264737358647e+01,-1.300258635231309654e+02,4.108327053411458252e+01,-8.757063199330060499e+00
5.589999999999999858e+00,-1.732850774822881590e+01,-1.310509741375429087e+02,4.099342585845514719e+01,-8.567848583870722123e+00
5.599999999999999645e+00,-1.736368929769975722e+01,-1.320745426042836641e+02,4.090569517738044425e+01,-8.379856605337346664e+00
5.610000000000000320e+00,-1.739762900681438040e+01,-1.330974268844053654e+02,4.081992000574535950e+01,-8.192913724316321478e+00
5.620000000000000107e+00,-1.743033914692593456e+01,-1.341204599141271103e+02,4.073596758685363994e+01,-8.006840600920837048e+00
5.629999999999999893e+00,-1.746184195969449604e+01,-1.351444441148486533e+02,4.065373043703434774e+01,-7.821454573176439773e+00
5.639999999999999680e+00,-1.749216901216755460e+01,-1.361701464674385704e+02,4.057312570021111497e+01,-7.636571996493911385e+00
5.650000000000000355e+00,-1.752136050996821481e+01,-1.371982941594993974e+02,4.049409433543779357e+01,-7.452010435067637495e+00
5.660000000000000142e+00,-1.754946458094268991e+01,-1.382295708006395216e+02,4.041660015983600829e+01,-7.267590699399542054e+00
5.669999999999999929e+00,-1.757653654062720250e+01,-1.392646131887157708e+02,4.034062876833133515e+01,-7.083138727231113485e+00
5.679999999999999716e+00,-1.760263814963625961e+01,-1.403040085998849236e+02,4.026618635011600844e+01,-6.898487307888954589e+00
5.690000000000000391e+00,-1.762783687162152546e+01,-1.413482925673296222e+02,4.019329841995045172e+01,-6.713477652350723801e+00
5.700000000000000178e+00,-1.765220513888071707e+01,-1.423979471078265249e+02,4.012200848034629530e+01,-6.527960813169036314e+00
5.709999999999999964e+00,-1.767581963108009901e+01,-1.434533993518864463e+02,4.005237662844859869e+01,-6.341798959729011642e+00
5.719999999999999751e+00,-1.769876057096259814e+01,-1.445150205319280872e+02,3.998447811915507089e+01,-6.154866515153270434e+00
5.730000000000000426e+00,-1.772111103940290633e+01,-1.455831252836640317e+02,3.991840189376951287e+01,-5.967051161522358704e+00
5.740000000000000213e+00,-1.774295631079384705e+01,-1.466579712183379058e+02,3.985424908137734690e+01,-5.778254719980209231e+00
5.750000000000000000e+00,-1.776438320854111197e+01,-1.477397587273789838e+02,3.979213147822952834e+01,-5.588393911791075475e+00
5.759999999999999787e+00,-1.778547947943359731e+01,-1.488286309861049119e+02,3.973217000879444072e+01,-5.397401005569208543e+00
5.769999999999999574e+00,-1.780633318486130179e+01,-1.499246741290170917e+02,3.967449317083735849e+01,-5.205224354781400109e+00
5.780000000000000249e+00,-1.782703210627587254e+01,-1.510279175756639916e+02,3.961923546594852752e+01,-5.011828828306048145e+00
5.790000000000000036e+00,-1.784766316192896696e+01,-1.521383344927260168e+02,3.956653581638473582e+01,-4.817196135395477974e+00
5.799999999999999822e+00,-1.786831183176970939e+01,-1.532558423846422215e+02,3.951653596892042231e+01,-4.621325044911301916e+00
5.809999999999999609e+00,-1.788906158741732355e+01,-1.543803038115287620e+02,3.946937888661241089e+01,-4.424231497261551738e+00
5.820000000000000284e+00,-1.790999332433145597e+01,-1.555115272391778092e+02,3.942520712994657117e+01,-4.225948606128092422e+00
5.830000000000000071e+00,-1.793118479365486451e+01,-1.566492680314002826e+02,3.938416122972164857e+01,-4.026526545903035270e+00
5.839999999999999858e+00,-1.795271003168067736e+01,-1.577932295998320740e+02,3.934637805519322740e+01,-3.826032319798766235e+00
5.849999999999999645e+00,-1.797463878547684502e+01,-1.589430647304668014e+02,3.931198918240370688e+01,-3.624549402907163209e+00
5.860000000000000320e+00,-1.799703593386067979e+01,-1.600983771095938266e+02,3.928111926920680474e+01,-3.422177254091604670e+00
5.870000000000000107e+00,-1.801996090364179537e+01,-1.612587230744973397e+02,3.925388444520692133e+01,-3.219030690524964822e+00
5.879999999999999893e+00,-1.804346708182321635e+01,-1.624236136162239177e+02,3.923039072661467230e+01,-3.015239118952914854e+00
5.889999999999999680e+00,-1.806760122525959744e+01,-1.635925166629584453e+02,3.921073246782061972e+01,-2.810945618374141031e+00
5.900000000000000355e+00,-1.809240287010619141e+01,-1.647648596730987265e+02,3.919499086325125603e+01,-2.606305869784655282e+00
5.910000000000000142e+00,-1.811790374424841588e+01,-1.659400325669921017e+02,3.918323251474652125e+01,-2.401486929928308367e+00
5.919999999999999929e+00,-1.814412718677455416e+01,-1.671173910254943848e+02,3.917550808123585426e+01,-2.196665847618835876e+00
5.929999999999999716e+00,-1.817108757944232167e+01,-1.682962601820470070e+02,3.917185102884366898e+01,-1.992028123130343165e+00
5.940000000000000391e+00,-1.819878979598966140e+01,-1.694759387327626996e+02,3.917227650067864175e+01,-1.787766013380966523e+00
5.950000000000000178e+00,-1.822722867605169839e+01,-1.706557034860693989e+02,3.917678032641207153e+01,-1.584076688124657739e+00
5.959999999999999964e+00,-1.825638853136267414e+01,-1.718348143696672707e+02,3.918533819228396453e+01,-1.381160245097877270e+00
5.969999999999999751e+00,-1.828624269283791648e+01,-1.730125199078213143e+02,3.919790499235084269e+01,-1.179217595005741082e+00
5.980000000000000426e+00,-1.831675310803445100e+01,-1.741880631762437872e+02,3.921441438156418968e+01,-9.784482303349043564e-01
5.990000000000000213e+00,-1.834786999936207152e+01,-1.753606882348584861e+02,3.923477855060346542e+01,-7.790478952083288444e-01
6.000000000000000000e+00,-1.837953159423415883e+01,-1.765296470305011951e+02,3.925888824124346144e+01,-5.812061767888145880e-01
6.009999999999999787e+00,-1.841166393907808541e+01,-1.776942067519215698e+02,3.928661301937964367e+01,-3.851040420417473631e-01
6.019999999999999574e+00,-1.844418080972527108e+01,-1.788536576082748297e+02,3.931780182063585016e+01,-1.909113469007626684e-01
6.030000000000000249e+00,-1.847698373112098125e+01,1.799926790104741485e+02,3.935228378071600019e+01,1.215652030785691713e-03
6.040000000000000036e+00,-1.850996211947397185e+01,1.788454420471334458e+02,3.938986935932395284e+01,1.911367502615549940e-01
6.049999999999999822e+00,-1.854299355983861730e+01,1.777052220365529536e+02,3.943035176256698549e+01,3.787301771885402402e-01
6.059999999999999609e+00,-1.857594423161471298e+01,1.765725521993695111e+02,3.947350866429913196e+01,5.638948693200107609e-01
6.070000000000000284e+00,-1.860866949348499944e+01,1.754478994770632596e+02,3.951910422188969108e+01,7.465525959026658720e-01
6.080000000000000071e+00,-1.864101463781711132e+01,1.743316556337262284e+02,3.956689137648712773e+01,9.266498970896548393e-01
6.089999999999999858e+00,-1.867281582246558003e+01,1.732241285683839180e+02,3.961661442207523010e+01,1.104159794753124313e+00
6.099999999999999645e+00,-1.870390118516878175e+01,1.721255339992569020e+02,3.966801182160303085e+01,1.279083236897276654e+00
6.110000000000000320e+00,-1.873409214231667619e+01,1.710359876970584594e+02,3.972081924235549621e+01,1.451450238449240704e+00
6.120000000000000107e+00,-1.876320486976496937e+01,1.699554984572187379e+02,3.977477277668131705e+01,1.621320684057422357e+00
6.129999999999999893e+00,-1.879105195862826960e+01,1.688839620096479166e+02,3.982961230839313060e+01,1.788784762438389908e+00
6.139999999999999680e+00,-1.881744423368357033e+01,1.678211560680726393e+02,3.988508497980565437e+01,1.953963006783353551e+00
6.150000000000000355e+00,-1.884219271628720094e+01,1.667667367179504652e+02,3.994094870968282152e+01,2.117005921715164440e+00
6.160000000000000142e+00,-1.886511070774312415e+01,1.657202363314448803e+02,3.999697570853447814e+01,2.278093184188944242e+00
6.169999999999999929e+00,-1.888601596309509034e+01,1.646810631791197466e+02,4.005295593492931516e+01,2.437432413421078525e+00
6.179999999999999716e+00,-1.890473291963228775e+01,1.636485028804588353e+02,4.010870043494372084e+01,2.595257513231884694e+00
6.190000000000000391e+00,-1.892109493931690523e+01,1.626217217990053712e+02,4.016404450668941450e+01,2.751826598882618047e+00
6.200000000000000178e+00,-1.893494652018802427e+01,1.615997724434156737e+02,4.021885063314578446e+01,2.907419529322833984e+00
6.209999999999999964e+00,-1.894614542889927122e+01,1.605816008841198936e+02,4.027301112931845495e+01,3.062335074468931051e+00
6.219999999999999751e+00,-1.895456470519067338e+01,1.595660561383240577e+02,4.032645045403368300e+01,3.216887755418651462e+00
6.230000000000000426e+00,-1.896009448951518550e+01,1.585519014160207405e+02,4.037912714239409695e+01,3.371404403084885981e+00
6.240000000000000213e+00,-1.896264362737470321e+01,1.575378270592107697e+02,4.043103532192539262e+01,3.526220487334343012e+00
6.250000000000000000e+00,-1.896214100821261539e+01,1.565224649486827957e+02,4.048220578355196153e+01,3.681676274097578361e+00
6.259999999999999787e+00,-1.895853660287193065e+01,1.555044041005172630e+02,4.053270658750807343e+01,3.838112871878347487e+00
6.269999999999999574e+00,-1.895180217146002022e+01,1.544822071309265539e+02,4.058264319384615959e+01,3.995868231479850152e+00
6.280000000000000249e+00,-1.894193162263425378e+01,1.534544272356548618e+02,4.063215811703412328e+01,4.155273163498544697e+00
6.290000000000000036e+00,-1.892894101542377783e+01,1.524196253108988799e+02,4.068143011392609765e+01,4.316647437187769221e+00
6.299999999999999822e+00,-1.891286820524098999e+01,1.513763868377680808e+02,4.073067292382800275e+01,4.480296021706804410e+00
6.309999999999999609e+00,-1.889377214618868805e+01,1.503233381619686782e+02,4.078013358816265566e+01,4.646505526658361696e+00
6.320000000000000284e+00,-1.887173187162568411e+01,1.492591618241075651e+02,4.083009038510595445e+01,4.815540893337351136e+00
6.330000000000000071e+00,-1.884684518374017870e+01,1.481826106322919259e+02,4.088085042129176117e+01,4.987642381487806809e+00
6.339999999999999858e+00,-1.881922709020683726e+01,1.470925202154178919e+02,4.093274692809742277e+01,5.163022888836738211e+00
6.349999999999999645e+00,-1.878900803158435195e+01,1.459878198499680195e+02,4.098613631401586588e+01,5.341865632521689555e+00
6.360000000000000320e+00,-1.875633194677483218e+01,1.448675414122809002e+02,4.104139502713709931e+01,5.524322213034990270e+00
6.370000000000000107e+00,-1.872135422557487061e+01,1.437308263690387093e+02,4.109891628281232556e+01,5.710511072748315264e+00
6.379999999999999893e+00,-1.868423959716856686e+01,1.425769307781944235e+02,4.115910671121458364e+01,5.900516352724340940e+00
6.389999999999999680e+00,-1.864516000152445585e+01,1.414052283281645543e+02,4.122238297785295913e+01,6.094387143596628142e+00
6.400000000000000355e+00,-1.860429248730683582e+01,1.402152114927264677e+02,4.128916842728521175e+01,6.292137119010607016e+00
6.410000000000000142e+00,-1.856181717540654574e+01,1.390064909211542954e+02,4.135988979648408304e+01,6.493744533622516357e+00
6.419999999999999929e+00,-1.851791532186164702e+01,1.377787932167740053e+02,4.143497403973618987e+01,6.699152562066598371e+00
6.429999999999999716e+00,-1.847276750810481261e+01,1.365319572819299481e+02,4.151484530179000387e+01,6.908269950698162631e+00
6.440000000000000391e+00,-1.842655198044967335e+01,1.352659294235257903e+02,4.159992207041708667e+01,7.120971950324603839e+00
6.450000000000000178e+00,-1.837944315478291912e+01,1.339807574213426449e+02,4.169061453380000160e+01,7.337101495549819496e+00
6.459999999999999964e+00,-1.833161029678596421e+01,1.326765837621949231e+02,4.178732216237562369e+01,7.556470594729863599e+00
6.469999999999999751e+00,-1.828321638284135275e+01,1.313536382376904044e+02,4.189043152909992074e+01,7.778861893811239270e+00
6.480000000000000426e+00,-1.823441714220186327e+01,1.300122300931550967e+02,4.200031437667832535e+01,8.004030377405252139e+00
6.490000000000000213e+00,-1.818536027708461944e+01,1.286527399013345985e+02,4.211732593522787482e+01,8.231705171249121378e+00
6.500000000000000000e+00,-1.813618485412172987e+01,1.272756113179658257e+02,4.224180348917185057e+01,8.461591411608601732e+00
6.509999999999999787e+00,-1.808702085804577209e+01,1.258813428582561897e+02,4.237406518796752408e+01,8.693372149081138645e+00
6.519999999999999574e+00,-1.803798889657069537e+01,1.244704798146019584e+02,4.251440909155612502e+01,8.926710256563980650e+00
6.530000000000000249e+00,-1.798920004409339413e+01,1.230436064172797614e+02,4.266311243821251509e+01,9.161250313756568175e+00
6.540000000000000036e+00,-1.794075581101354189e+01,1.216013383219115838e+02,4.282043111975062288e+01,9.396620443391769939e+00
6.549999999999999822e+00,-1.789274822507883300e+01,1.201443154906810662e+02,4.298659934679319150e+01,9.632434077354030677e+00
6.559999999999999609e+00,-1.784526001112789118e+01,1.186731955188198526e+02,4.316182948501324290e+01,9.868291633890317271e+00
6.570000000000000284e+00,-1.779836485585630257e+01,1.171886474439837684e+02,4.334631204186985087e+01,1.010378209019221174e+01
6.580000000000000071e+00,-1.775212774470005073e+01,1.156913460638425448e+02,4.354021578235710876e+01,1.033848443769205794e+01
6.589999999999999858e+00,-1.770660535856057294e+01,1.141819667765008859e+02,4.374368795163506007e+01,1.057196901043938908e+01
6.599999999999999645e+00,-1.766184651883260770e+01,1.126611809492039811e+02,4.395685458207782403e+01,1.080379867988406417e+01
6.610000000000000320e+00,-1.761789267000015968e+01,1.111296518130105397e+02,4.417982086223945970e+01,1.103352991227722413e+01
6.620000000000000107e+00,-1.757477838990300256e+01,1.095880308746511531e+02,4.441267154547134055e+01,1.126071368769516390e+01
6.629999999999999893e+00,-1.753253191862112104e+01,1.080369548314394450e+02,4.465547137641721065e+01,1.148489628239071969e+01
6.639999999999999680e+00,-1.749117569775765091e+01,1.064770429707582764e+02,4.490826551434335556e+01,1.170561991877212549e+01
6.650000000000000355e+00,-1.745072691271176524e+01,1.049088950321412455e+02,4.517107993322773751e+01,1.192242328979177124e+01
6.660000000000000142e+00,-1.741119803131084254e+01,1.033330895071848232e+02,4.544392177972461866e+01,1.213484196689188188e+01
6.669999999999999929e+00,-1.737259733291407571e+01,1.017501823503564111e+02,4.572677967153558853e+01,1.234240870288357250e+01
6.679999999999999716e+00,-1.733492942280588167e+01,1.001607060720891127e+02,4.601962392035338212e+01,1.254465364322000376e+01
6.690000000000000391e+00,-1.729819572736746380e+01,9.856516918431836416e+01,4.632240666539361484e+01,1.274110446104165639e+01
6.700000000000000178e+00,-1.726239496615094282e+01,9.696405596773392688e+01,4.663506190558899789e+01,1.293128643310382841e+01
6.709999999999999964e+00,-1.722752359758590401e+01,9.535782652945417226e+01,4.695750542078145884e+01,1.311472247521739476e+01
6.719999999999999751e+00,-1.719357623562526172e+01,9.374691711954474727e+01,4.728963457469641440e+01,1.329093315711817702e+01
6.730000000000000426e+00,-1.716054603518873023e+01,9.213174067476288087e+01,4.763132799510681537e+01,1.345943671770165473e+01
6.740000000000000213e+00,-1.712842504479084482e+01,9.051268755811712197e+01,4.798244512936664563e+01,1.361974910228813940e+01
6.750000000000000000e+00,-1.709720452524667067e+01,8.889012646325026878e+01,4.834282567639378669e+01,1.377138404399488003e+01
6.759999999999999787e+00,-1.706687523383284244e+01,8.726440545332224019e+01,4.871228889916785931e+01,1.391385321135843256e+01
6.769999999999999574e+00,-1.703742767374532008e+01,8.563585310493091640e+01,4.909063282485503521e+01,1.404666644405181586e+01
6.780000000000000249e+00,-1.700885230913506163e+01,8.400477972871196641e+01,4.947763334272340785e+01,1.416933209785937464e+01
6.790000000000000036e+00,-1.698113974641844948e+01,8.237147863957213190e+01,4.987304321302871557e+01,1.428135751899324468e+01
6.799999999999999822e+00,-1.695428088294789504e+01,8.073622745102943554e+01,5.027659100297888983e+01,1.438224966635483781e+01
6.809999999999999609e+00,-1.692826702448622811e+01,7.909928936987202519e+01,5.068797996866695144e+01,1.447151589846126107e+01
6.820000000000000284e+00,-1.690308997325445972e+01,7.746091446925693447e+01,5.110688690444702331e+01,1.454866493947986150e+01
6.830000000000000071e+00,-1.687874208861163083e+01,7.582134092047127183e+01,5.153296098355043853e+01,1.461320803616163033e+01
6.839999999999999858e+00,-1.685521632267595038e+01,7.418079616582181757e+01,5.196582261574782535e+01,1.466466031446073615e+01
6.849999999999999645e+00,-1.683250623340543939e+01,7.253949801748737514e+01,5.240506234950133546e+01,1.470254234131031978e+01
6.860000000000000320e+00,-1.681060597782062516e+01,7.089765566964970844e+01,5.285023984726224455e+01,1.472638189343766868e+01
6.870000000000000107e+00,-1.678951028817213853e+01,6.925547061373987390e+01,5.330088296331659592e+01,1.473571593129910084e+01
6.879999999999999893e+00,-1.676921443392762967e+01,6.761313744922304636e+01,5.375648695381038777e+01,1.473009277226237401e+01
6.889999999999999680e+00,-1.674971417247945382e+01,6.597084458488855319e+01,5.421651384828304998e+01,1.470907445312853845e+01
6.900000000000000355e+00,-1.673100569145385563e+01,6.432877482815085557e+01,5.468039201116324932e+01,1.467223926804937761e+01
6.910000000000000142e+00,-1.671308554543645286e+01,6.268710586230625381e+01,5.514751592024186522e+01,1.461918446394280657e+01
6.919999999999999929e+00,-1.669595058982094571e+01,6.104601061402203754e+01,5.561724618713007828e+01,1.454952907172180865e+01
6.929999999999999716e+00,-1.667959791433748862e+01,5.940565751553850760e+01,5.608890984215300080e+01,1.446291684812836920e+01
6.940000000000000391e+00,-1.666402477863088194e+01,5.776621066806625748e+01,5.656180090306797581e+01,1.435901929978152758e+01
6.950000000000000178e+00,-1.664922855203796104e+01,5.612782991469364902e+01,5.703518124346639695e+01,1.423753875829778615e+01
6.959999999999999964e+00,-1.663520665946330013e+01,5.449067083269411427e+01,5.750828177280378384e+01,1.409821147309372336e+01
6.969999999999999751e+00,-1.662195653497690273e+01,5.285488465648249701e+01,5.798030393576888031e+01,1.394081068680263868e+01
6.980000000000000426e+00,-1.660947558446281391e+01,5.122061814354524500e+01,5.845042153425729481e+01,1.376514965717384342e+01
6.990000000000000213e+00,-1.659776115833724575e+01,4.958801339647510531e+01,5.891778287065644548e+01,1.357108458891144309e+01
7.000000000000000000e+00,-1.658681053503477187e+01,4.795720765477957315e+01,5.938151320658364796e+01,1.335851743916104439e+01
7.009999999999999787e+00,-1.657662091563743090e+01,4.632833307035636494e+01,5.984071752677441225e+01,1.312739856125288007e+01
7.019999999999999574e+00,-1.656718942969846609e+01,4.470151648049291992e+01,6.029448359358786291e+01,1.287772915283263053e+01
7.030000000000000249e+00,-1.655851315199591056e+01,4.307687919190807690e+01,6.074188527369901891e+01,1.260956347659612931e+01
7.040000000000000036e+00,-1.655058912964712903e+01,4.145453678875043124e+01,6.118198611506328177e+01,1.232301082441702356e+01
7.049999999999999822e+00,-1.654341441872709240e+01,3.983459897659824378e+01,6.161384314924603700e+01,1.201823719862386852e+01
7.059999999999999609e+00,-1.653698612926814349e+01,3.821716947338057935e+01,6.203651089175890121e+01,1.169546668743188000e+01
7.070000000000000284e+00,-1.653130147727975086e+01,3.660234595680236680e+01,6.244904551115404701e+01,1.135498251495382327e+01
7.080000000000000071e+00,-1.652635784221874715e+01,3.499022007629543651e+01,6.285050913630465885e+01,1.099712774967758655e+01
7.089999999999999858e+00,-1.652215282816741393e+01,3.338087753579436878e+01,6.323997427050215236e+01,1.062230565869450771e+01
7.099999999999999645e+00,-1.651868432684255339e+01,3.177439825175866872e+01,6.361652828067560961e+01,1.023097969818583053e+01
7.110000000000000320e+00,-1.651595058046501308e+01,3.017085658887085842e+01,6.397927793010305209e+01,9.823673133640987487e+00
7.120000000000000107e+00,-1.651395024247013410e+01,2.857032167378348220e+01,6.432735392332880053e+01,9.400968285931723400e+00
7.129999999999999893e+00,-1.651268243403501756e+01,2.697285778517129984e+01,6.465991543252310692e+01,8.963505401665335270e+00
7.139999999999999680e+00,-1.651214679444039746e+01,2.537852481626190126e+01,6.497615457508530312e+01,8.511981148201670067e+00
7.150000000000000355e+00,-1.651234352337331046e+01,2.378737880395052784e+01,6.527530081279802232e+01,8.047146735364830050e+00
7.160000000000000142e+00,-1.651327341340919119e+01,2.219947251664556376e+01,6.555662524317868645e+01,7.569805667296796159e+00
7.169999999999999929e+00,-1.651493787108931954e+01,2.061485609115056405e+01,6.581944475376825210e+01,7.080811129174336749e+00
7.179999999999999716e+00,-1.651733892522642932e+01,1.903357770721699538e+01,6.606312600990133888e+01,6.581063014770627717e+00
7.190000000000000391e+00,-1.652047922132610225e+01,1.745568428694782881e+01,6.628708924600017838e+01,6.071504602227307146e+00
7.200000000000000178e+00,-1.652436200129897514e+01,1.588122220499690940e+01,6.649081182966612857e+01,5.553118887043242857e+00
7.209999999999999964e+00,-1.652899106795404904e+01,1.431023799457705259e+01,6.667383156687058943e+01,5.026924583333913787e+00
7.219999999999999751e+00,-1.653437073410083968e+01,1.274277903362463604e+01,6.683574971549667509e+01,4.493971806966055915e+00
7.230000000000000426e+00,-1.654050575644111021e+01,1.117889419514261640e+01,6.697623367349855528e+01,3.955337457328655049e+00
7.240000000000000213e+00,-1.654740125479304069e+01,9.618634445745607664e+00,6.709501930721063445e+01,3.412120318300270849e+00
7.250000000000000000e+00,-1.655506261755561326e+01,8.062053376765293322e+00,6.719191288505054160e+01,2.865435903409434992e+00
7.259999999999999787e+00,-1.656349539467960952e+01,6.509207652971586100e+00,6.726679258222500835e+01,2.316411075213853810e+00
7.269999999999999574e+00,-1.657270517976010282e+01,4.960157364977232142e+00,6.731960952325715652e+01,1.766178474415873056e+00
7.280000000000000249e+00,-1.658269748319273518e+01,3.414966272762640198e+00,6.735038833138639802e+01,1.215870800040699029e+00
7.290000000000000036e+00,-1.659347759863992167e+01,1.873701929415375833e+00,6.735922715727659238e+01,6.666149878952166707e-01
7.299999999999999822e+00,-1.660505046532375673e+01,3.364356761491787973e-01,6.734629716409484956e+01,1.195263402632540523e-01
7.309999999999999609e+00,-1.661742052889516685e+01,-1.196757498106565398e+00,6.731184145191748769e+01,-4.242973349136809902e-01
7.320000000000000284e+00,-1.663059160381899915e+01,-2.725799236795245495e+00,6.725617341153738948e+01,-9.637815125609572320e-01
7.330000000000000071e+00,-1.664456674035667660e+01,-4.250608237070841788e+00,6.717967450598042944e+01,-1.497880600344253743e+00
7.339999999999999858e+00,-1.665934809931641425e+01,-5.771100811140037479e+00,6.708279148721156560e+01,-2.025583381279495221e+00
7.349999999999999645e+00,-1.667493683777523827e+01,-7.287191583398979766e+00,6.696603306537680567e+01,-2.545918179709829587e+00
7.360000000000000320e+00,-1.669133300895056848e+01,-8.798794316133296434e+00,6.682996605820031277e+01,-3.057957682210794115e+00
7.370000000000000107e+00,-1.670853547931104188e+01,-1.030582285348264016e+01,6.667521105850208585e+01,-3.560823347698163666e+00
7.379999999999999893e+00,-1.672654186586676062e+01,-1.180819217033221058e+01,6.650243766786282151e+01,-4.053689345550437473e+00
7.389999999999999680e+00,-1.674534849636221168e+01,-1.330581950981513550e+01,6.631235935388990299e+01,-4.535785966871006991e+00
7.400000000000000355e+00,-1.676495039481730132e+01,-1.479862559026448743e+01,6.610572799697172286e+01,-5.006402461987567776e+00
7.410000000000000142e+00,-1.678534129451632140e+01,-1.628653585978455709e+01,6.588332819954564457e+01,-5.464889266724823003e+00
7.419999999999999929e+00,-1.680651368014054370e+01,-1.776948177417620300e+01,6.564597143646318500e+01,-5.910659590632901583e+00
7.429999999999999716e+00,-1.682845886027381255e+01,-1.924740207183278429e+01,6.539449012881109979e+01,-6.343190351912944891e+00
7.440000000000000391e+00,-1.685116707098972455e+01,-2.072024401743922795e+01,6.512973172539184930e+01,-6.762022455896575579e+00
7.450000000000000178e+00,-1.687462761065821937e+01,-2.218796458496947821e+01,6.485255287590300100e+01,-7.166760426262830386e+00
7.459999999999999964e+00,-1.689882900549524081e+01,-2.365053154960074977e+01,6.456381377768960306e+01,-7.557071410336183348e+00
7.469999999999999751e+00,-1.692375920472956707e+01,-2.510792445783248183e+01,6.426437277384333413e+01,-7.932683591460045314e+00
7.480000000000000426e+00,-1.694940580358809967e+01,-2.656013544535345972e+01,6.395508127452107061e+01,-8.293384052250006633e+00
7.490000000000000213e+00,-1.697575629161393351e+01,-2.800716987307925265e+01,6.363677906584980093e+01,-8.639016142212721405e+00
7.500000000000000000e+00,-1.700279832314749484e+01,-2.944904675333813415e+01,6.331029006190136954e+01,-8.969476411530493465e+00
7.509999999999999787e+00,-1.703052000612943218e+01,-3.088579894041128782e+01,6.297641854524080429e+01,-9.284711179567709749e+00
7.519999999999999574e+00,-1.705891020474851061e+01,-3.231747306256244201e+01,6.263594593074984118e+01,-9.584712811718750558e+00
7.530000000000000249e+00,-1.708795885086782107e+01,-3.374412917630019848e+01,6.228962807611562624e+01,-9.869515781515399766e+00
7.540000000000000036e+00,-1.711765725864080423e+01,-3.516584012786267976e+01,6.193819315084397914e+01,-1.013919259641311754e+01
7.549999999999999822e+00,-1.714799843628971132e+01,-3.658269061178008030e+01,6.158234006419198181e+01,-1.039384966541624955e+01
7.559999999999999609e+00,-1.717897738868034097e+01,-3.799477592173330720e+01,6.122273744129235951e+01,-1.063362318473789081e+01
7.570000000000000284e+00,-1.721059140410276811e+01,-3.940220039474848335e+01,6.086002312619781662e+01,-1.085867511414270226e+01
7.580000000000000071e+00,-1.724284031857029476e+01,-4.080507555587283264e+01,6.049480418083665967e+01,-1.106918931161497888e+01
7.589999999999999858e+00,-1.727572675098965149e+01,-4.220351797679864347e+01,6.012765734011549768e+01,-1.126536788770525277e+01
7.599999999999999645e+00,-1.730925630273804572e+01,-4.359764686823797319e+01,5.975912987580192492e+01,-1.144742783351186688e+01
7.610000000000000320e+00,-1.734343771551154489e+01,-4.498758143207937366e+01,5.938974081548526840e+01,-1.161559796794925070e+01
7.620000000000000107e+00,-1.737828298178115816e+01,-4.637343800532033811e+01,5.901998245794406017e+01,-1.177011624095256970e+01
7.629999999999999893e+00,-1.741380740280179751e+01,-4.775532703328645567e+01,5.865032212271164980e+01,-1.191122741977486044e+01
7.639999999999999680e+00,-1.745002958985342545e+01,-4.913334991460406798e+01,5.828120406955542876e+01,-1.203918117577246782e+01
7.650000000000000355e+00,-1.748697140523987414e+01,-5.050759576463358513e+01,5.791305152297708503e+01,-1.215423057925455375e+01
7.660000000000000142e+00,-1.752465784050787434e+01,-5.187813814748366070e+01,5.754626873767985273e+01,-1.225663100030972785e+01
7.669999999999999929e+00,-1.756311683035836779e+01,-5.324503182925032263e+01,5.718124304317188233e+01,-1.234663940422130324e+01
7.679999999999999716e+00,-1.760237900177779125e+01,-5.460830960665322920e+01,5.681834680921613057e+01,-1.242451402133477245e+01
7.690000000000000391e+00,-1.764247735899827063e+01,-5.596797926580340032e+01,5.645793927857245365e+01,-1.249051436323200548e+01
7.700000000000000178e+00,-1.768344690597318802e+01,-5.732402072538005910e+01,5.610036821929026019e+01,-1.254490154995860962e+01
7.709999999999999964e+00,-1.772532420911142736e+01,-5.867638341709174199e+01,5.574597135553081984e+01,-1.258793890698524187e+01
7.719999999999999751e+00,-1.776814690402278885e+01,-6.002498395398362874e+01,5.539507754335897260e+01,-1.261989278568131567e+01
7.730000000000000426e+00,-1.781195315097489384e+01,-6.136970413401557067e+01,5.504800766594846095e+01,-1.264103355742491352e+01
7.740000000000000213e+00,-1.785678104463070426e+01,-6.271038932247828512e+01,5.470507523098740421e+01,-1.265163672912570547e+01
7.750000000000000000e+00,-1.790266798441608032e+01,-6.404684725233025233e+01,5.436658666154379205e+01,-1.265198412691832353e+01
7.759999999999999787e+00,-1.794965001255162207e+01,-6.537884727655762163e+01,5.403284128003882358e+01,-1.264236509507942152e+01
7.769999999999999574e+00,-1.799776112736753575e+01,-6.670612010127211988e+01,5.370413099308005656e+01,-1.262307765878686894e+01
7.780000000000000249e+00,-1.804703258000760613e+01,-6.802835802258553599e+01,5.338073969252948814e+01,-1.259442960208907714e+01
7.790000000000000036e+00,-1.809749216301888808e+01,-6.934521568440213457e+01,5.306294239515749211e+01,-1.255673941627835610e+01
7.799999999999999822e+00,-1.814916349962413378e+01,-7.065631136824293890e+01,5.275100414940686733e+01,-1.251033707862639588e+01
7.809999999999999609e+00,-1.820206534269043175e+01,-7.196122882007676935e+01,5.244517874305062577e+01,-1.245556462698271005e+01
7.820000000000000284e+00,-1.825621089254664398e+01,-7.325951961293266379e+01,5.214570724977800609e+01,-1.239277650188901347e+01
7.830000000000000071e+00,-1.831160714286795965e+01,-7.455070603779644500e+01,5.185281645593418176e+01,-1.232233963444415004e+01
7.839999999999999858e+00,-1.836825426384397630e+01,-7.583428450893323713e+01,5.156671721074856407e+01,-1.224463326498492854e+01
7.849999999999999645e+00,-1.842614503177696150e+01,-7.710972946331607147e+01,5.128760274441911093e+01,-1.216004848455304987e+01
7.860000000000000320e+00,-1.848526431411388415e+01,-7.837649772721084673e+01,5.101564699841949135e+01,-1.206898749793986347e+01
7.870000000000000107e+00,-1.854558861869718811e+01,-7.963403331616272851e+01,5.075100301141561232e+01,-1.197186261368354820e+01
7.879999999999999893e+00,-1.860708571570716430e+01,-8.088177262759840858e+01,5.049380140230197611e+01,-1.186909497262024438e+01
7.889999999999999680e+00,-1.866971434035083277e+01,-8.211914997798322702e+01,5.024414898919100381e+01,-1.176111303234815963e+01
7.900000000000000355e+00,-1.873342398380671980e+01,-8.334560342899861496e+01,5.000212757980415290e+01,-1.164835083017100104e+01
7.910000000000000142e+00,-1.879815477923509093e+01,-8.456058083954097526e+01,4.976779296473706182e+01,-1.153124605168281569e+01
7.919999999999999929e+00,-1.886383748878737521e+01,-8.576354607263881746e+01,4.954117414059492575e+01,-1.141023793609142700e+01
7.929999999999999716e+00,-1.893039359646443387e+01,-8.695398527875090622e+01,4.932227278512769431e+01,-1.128576505263128915e+01
7.940000000000000391e+00,-1.899773551036060582e+01,-8.813141316961593930e+01,4.911106300131998381e+01,-1.115826298496748592e+01
7.950000000000000178e+00,-1.906576687626581545e+01,-8.929537919012582847e+01,4.890749134199931092e+01,-1.102816196233853319e+01
7.959999999999999964e+00,-1.913438300276770576e+01,-9.044547348995358504e+01,4.871147712099283211e+01,-1.089588447732824683e+01
7.969999999999999751e+00,-1.920347139590063534e+01,-9.158133259233680690e+01,4.852291301125075051e+01,-1.076184293059148089e+01
7.980000000000000426e+00,-1.927291239903511411e+01,-9.270264465489402994e+01,4.834166592474125679e+01,-1.062643734259800787e+01
7.990000000000000213e+00,-1.934257993112225193e+01,-9.380915421720700920e+01,4.816757816335642417e+01,-1.049005317149469541e+01
8.000000000000000000e+00,-1.941234231364997243e+01,-9.490066633257811191e+01,4.800046882462638820e+01,-1.035305927452435526e+01
8.009999999999999787e+00,-1.948206317379947095e+01,-9.597704998737323479e+01,4.784013544078143809e+01,-1.021580604807792625e+01
8.019999999999999574e+00,-1.955160240840679720e+01,-9.703824072108226062e+01,4.768635582470695056e+01,-1.007862377839290247e+01
8.029999999999999361e+00,-1.962081719054567941e+01,-9.808424237396535261e+01,4.753889009168734958e+01,-9.941821231153328497e+00
8.039999999999999147e+00,-1.968956299798806953e+01,-9.911512790707512011e+01,4.739748282162246085e+01,-9.805684503803526297e+00
8.050000000000000711e+00,-1.975769464061249181e+01,-1.001310392614580849e+02,4.726186532273334251e+01,-9.670476159288179829e+00
8.060000000000000497e+00,-1.982506726217320292e+01,-1.011321862492504806e+02,4.713175795475280694e+01,-9.536434654209623218e+00
8.070000000000000284e+00,-1.989153729086397604e+01,-1.021188444985887855e+02,4.700687246734572966e+01,-9.403774068119020058e+00
8.080000000000000071e+00,-1.995696331295615877e+01,-1.030913525060316260e+02,4.688691430813317140e+01,-9.272684133908169812e+00
8.089999999999999858e+00,-2.002120684457728927e+01,-1.040501078834900142e+02,4.677158485431166923e+01,-9.143330562160340236e+00
8.099999999999999645e+00,-2.008413297851742740e+01,-1.049955629201877088e+02,4.666058352257042685e+01,-9.015855644987963657e+00
8.109999999999999432e+00,-2.014561088585162452e+01,-1.059282196125441402e+02,4.655360971388271452e+01,-8.890379117494914496e+00
8.119999999999999218e+00,-2.020551415614784574e+01,-1.068486243444597505e+02,4.645036455284797938e+01,-8.766999247744092116e+00
8.130000000000000782e+00,-2.026372096503774145e+01,-1.077573624257436506e+02,4.635055238560183000e+01,-8.645794119188845883e+00
8.140000000000000568e+00,-2.032011406385038654e+01,-1.086550527157667574e+02,4.625388200588186294e+01,-8.526823063163840644e+00
8.150000000000000355e+00,-2.037458059268332988e+01,-1.095423425714516696e+02,4.616006758557833933e+01,-8.410128193450779222e+00
8.160000000000000142e+00,-2.042701172549759292e+01,-1.104199033622273021e+02,4.606882929390958736e+01,-8.295735990358933165e+00
8.169999999999999929e+00,-2.047730216331806474e+01,-1.112884267886588674e+02,4.597989359809950116e+01,-8.183658878401633530e+00
8.179999999999999716e+00,-2.052534949911531470e+01,-1.121486222255773697e+02,4.589299324790937362e+01,-8.073896739692049351e+00
8.189999999999999503e+00,-2.057105348513262655e+01,-1.130012152844648483e+02,4.580786695636673755e+01,-7.966438304787915037e+00
8.199999999999999289e+00,-2.061431523999466719e+01,-1.138469477538539394e+02,4.572425879927901349e+01,-7.861262364000173086e+00
8.210000000000000853e+00,-2.065503643858497185e+01,-1.146865790311475735e+02,4.564191736634228391e+01,-7.758338745225101363e+00
8.220000000000000639e+00,-2.069311853211528529e+01,-1.155208891055794425e+02,4.556059470655085875e+01,-7.657629009189725444e+00
8.230000000000000426e+00,-2.072846204876717024e+01,-1.163506830913465109e+02,4.548004511988036569e+01,-7.559086819591668949e+00
8.240000000000000213e+00,-2.076096602652276601e+01,-1.171767972439452592e+02,4.540002385554443265e+01,-7.462657953896148832e+00
8.250000000000000000e+00,-2.079052762912384722e+01,-1.180001063234317797e+02,4.532028578421941489e+01,-7.368279930393802246e+00
8.259999999999999787e+00,-2.081704199334908623e+01,-1.188215320979851413e+02,4.524058411721124173e+01,-7.275881238352921443e+00
8.269999999999999574e+00,-2.084040235088012949e+01,-1.196420527123686384e+02,4.516066924934622051e+01,-7.185380170493238516e+00
8.279999999999999361e+00,-2.086050046090174703e+01,-1.204627125814632080e+02,4.508028780417865988e+01,-7.096683270303623559e+00
8.289999999999999147e+00,-2.087722738029011538e+01,-1.212846324120245356e+02,4.499918195973119595e+01,-7.009683420618990191e+00
8.300000000000000711e+00,-2.089047458692253656e+01,-1.221090189094086753e+02,4.491708913026653249e+01,-6.924257614017061080e+00
8.310000000000000497e+00,-2.090013545852857391e+01,-1.229371736933841817e+02,4.483374207443240067e+01,-6.840264459629294969e+00
8.320000000000000284e+00,-2.090610709496668917e+01,-1.237705009314849605e+02,4.474886949246951673e+01,-6.757541494468182641e+00
8.330000000000000071e+00,-2.090829245634177624e+01,-1.246105132023582343e+02,4.466219716503800186e+01,-6.675902379940841236e+00
8.339999999999999858e+00,-2.090660277360893815e+01,-1.254588351274841642e+02,4.457344967367320265e+01,-6.595134075391282380e+00
8.349999999999999645e+00,-2.090096017298337827e+01,-1.263172043587569391e+02,4.448235272808106089e+01,-6.514994089841389169e+00
8.359999999999999432e+00,-2.089130044143450249e+01,-1.271874695818578402e+02,4.438863610866313536e+01,-6.435207920128433123e+00
8.369999999999999218e+00,-2.087757584866773897e+01,-1.280715852898556193e+02,4.429203721414472028e+01,-6.355466787924155092e+00
8.380000000000000782e+00,-2.085975793216347185e+01,-1.289716031950681270e+02,4.419230518440134858e+01,-6.275425789265816512e+00
8.390000000000000568e+00,-2.083784014682145624e+01,-1.298896602754285539e+02,4.408920554805298053e+01,-6.194702567882332644e+00
8.400000000000000355e+00,-2.081184028016637200e+01,-1.308279635882462628e+02,4.398252532375568791e+01,-6.112876617496234566e+00
8.410000000000000142e+00,-2.078180253825635049e+01,-1.317887721220908475e+02,4.387207848406197996e+01,-6.029489308269357473e+00
8.419999999999999929e+00,-2.074779921646673841e+01,-1.327743760884665107e+02,4.375771167203221523e+01,-5.944044718614371448e+00
8.429999999999999716e+00,-2.070993188288578679e+01,-1.337870741708546234e+02,4.363931004426355997e+01,-5.856011335869144574e+00
8.439999999999999503e+00,-2.066833201952893972e+01,-1.348291493420811094e+02,4.351680310048801914e+01,-5.764824668142000341e+00
8.449999999999999289e+00,-2.062316108698858841e+01,-1.359028439255796172e+02,4.339017035015363888e+01,-5.669890785513342912e+00
8.460000000000000853e+00,-2.057461000029288556e+01,-1.370103346078086304e+02,4.325944666113235826e+01,-5.570590782423083809e+00
8.470000000000000639e+00,-2.052289802630745896e+01,-1.381537081059119316e+02,4.312472713544699587e+01,-5.466286125383859940e+00
8.480000000000000426e+00,-2.046827113461685599e+01,-1.393349381574853396e+02,4.298617136203372269e+01,-5.356324822164111765e+00
8.490000000000000213e+00,-2.041099985320217769e+01,-1.405558644311875867e+02,4.284400690718235438e+01,-5.240048321430050393e+00
8.500000000000000000e+00,-2.035137669633279955e+01,-1.418181738632670204e+02,4.269853191928442016e+01,-5.116799026704627273e+00
8.509999999999999787e+00,-2.028971324414526833e+01,-1.431233848127961892e+02,4.255011674544303446e+01,-4.985928286557664180e+00
8.519999999999999574e+00,-2.022633696096967881e+01,-1.444728343052683215e+02,4.239920448266531139e+01,-4.846804705253910051e+00
8.529999999999999361e+00,-2.016158784250219682e+01,-1.458676685081742903e+02,4.224631041480717641e+01,-4.698822605552747333e+00
8.539999999999999147e+00,-2.009581498066480876e+01,-1.473088364606039988e+02,4.209202031701657631e+01,-4.541410468640160403e+00
8.550000000000000711e+00,-2.002937312995263852e+01,-1.487970869681095678e+02,4.193698764081259611e+01,-4.374039175658873901e+00
8.560000000000000497e+00,-1.996261935095473206e+01,-1.503329684788288887e+02,4.178192962377065101e+01,-4.196229881046220633e+00
8.570000000000000284e+00,-1.989590979636822610e+01,-1.519168316803315406e+02,4.162762239670097131e+01,-4.007561359620295249e+00
8.580000000000000071e+00,-1.982959669305034822e+01,-1.535488345003380175e+02,4.147489518694435162e+01,-3.807676686482257988e+00
8.589999999999999858e+00,-1.976402556128364552e+01,-1.552289491582829157e+02,4.132462373789940813e+01,-3.596289130462201111e+00
8.599999999999999645e+00,-1.969953270016793212e+01,-1.569569708974522086e+02,4.117772308129203651e+01,-3.373187166928646175e+00
8.609999999999999432e+00,-1.963644295649140048e+01,-1.587325280268330516e+02,4.103513980947629847e+01,-3.138238543071025344e+00
8.619999999999999218e+00,-1.957506778399726244e+01,-1.605550929151717980e+02,4.089784399997580522e+01,-2.891393356929097713e+00
8.630000000000000782e+00,-1.951570359094434437e+01,-1.624239936039229804e+02,4.076682094363773956e+01,-2.632686139186770191e+00
8.640000000000000568e+00,-1.945863036640870192e+01,-1.643384257377449558e+02,4.064306282155926198e+01,-2.362236952857986072e+00
8.650000000000000355e+00,-1.940411056991861471e+01,-1.662974645481339451e+02,4.052756046499472120e+01,-2.080251549409984246e+00
8.660000000000000142e+00,-1.935238826470418161e+01,-1.683000766651034610e+02,4.042129531760817684e+01,-1.787020639755115825e+00
8.669999999999999929e+00,-1.930368847194300486e+01,-1.703451315715133489e+02,4.032523170166457049e+01,-1.482918354278172091e+00
8.679999999999999716e+00,-1.925821672172803645e+01,-1.724314125530241881e+02,4.024030947010386683e+01,-1.168399977306636028e+00
8.689999999999999503e+00,-1.921615877588332211e+01,-1.745576270325574058e+02,4.016743710596426098e+01,-8.439990480642717285e-01
8.699999999999999289e+00,-1.917768049800430674e+01,-1.767224162107885661e+02,4.010748531030795050e+01,-5.103239223002706826e-01
8.710000000000000853e+00,-1.914292784701988026e+01,-1.789243639631250176e+02,4.006128110056455682e+01,-1.680538867820298432e-01
8.720000000000000639e+00,-1.911202697198390155e+01,1.788379950312774440e+02,4.002960242380994060e+01,1.820650868439845083e-01
8.730000000000000426e+00,-1.908508438755678682e+01,1.765661679316357038e+02,4.001317327456692396e+01,5.392248710691305291e-01
8.740000000000000213e+00,-1.906218721160286123e+01,1.742616971342361865e+02,4.001265929470643812e+01,9.025599278127139913e-01
8.750000000000000000e+00,-1.904340344840712973e+01,1.719261543986947345e+02,4.002866382424866742e+01,1.271152216198775387e+00
8.759999999999999787e+00,-1.902878230312208530e+01,1.695611356611612166e+02,4.006172436645826451e+01,1.644036222802122582e+00
8.769999999999999574e+00,-1.901835451513805353e+01,1.671682564847278911e+02,4.011230942861511295e+01,2.020204088354306204e+00
8.779999999999999361e+00,-1.901213270008499734e+01,1.647491480902534420e+02,4.018081570110954459e+01,2.398610818479803619e+00
8.789999999999999147e+00,-1.901011169209869323e+01,1.623054539054517704e+02,4.026756554185224957e+01,2.778179578570741715e+00
8.800000000000000711e+00,-1.901226887980610414e+01,1.598388265661363334e+02,4.037280474010186992e+01,3.157807083839110351e+00
8.810000000000000497e+00,-1.901856453120280221e+01,1.573509253006023982e+02,4.049670054332733571e+01,3.536369104426472454e+00
8.820000000000000284e+00,-1.902894210421279908e+01,1.548434136261207072e+02,4.063933994219388524e+01,3.912726111762021119e+00
8.830000000000000071e+00,-1.904332854125045316e+01,1.523179572851547334e+02,4.080072822169815794e+01,4.285729095793098686e+00
8.839999999999999858e+00,-1.906163454755642306e+01,1.497762223481450690e+02,4.098078780032133039e+01,4.654225582969190533e+00
8.849999999999999645e+00,-1.908375485446970643e+01,1.472198734094215240e+02,4.117935739321566047e+01,5.017065881737267752e+00
8.859999999999999432e+00,-1.910956847014057303e+01,1.446505718030000480e+02,4.139619154923279609e+01,5.373109575678366667e+00
8.869999999999999218e+00,-1.913893892149658171e+01,1.420699737657596415e+02,4.163096062433617561e+01,5.721232274255566352e+00
8.880000000000000782e+00,-1.917171449255542370e+01,1.394797284767971632e+02,4.188325126487566763e+01,6.060332617557575574e+00
8.890000000000000568e+00,-1.920772846544231172e+01,1.368814759038213253e+02,4.215256748257167629e+01,6.389339514629720718e+00
8.900000000000000355e+00,-1.924679937171506339e+01,1.342768443903622710e+02,4.243833240809070162e+01,6.707219575386693222e+00
8.910000000000000142e+00,-1.928873126282373107e+01,1.316674479215697318e+02,4.273989081105133891e+01,7.012984674257303652e+00
8.919999999999999929e+00,-1.933331400972234349e+01,1.290548830116680108e+02,4.305651247050315789e+01,7.305699560372589829e+00
8.929999999999999716e+00,-1.938032364278767261e+01,1.264407251629223055e+02,4.338739647081209938e+01,7.584489405224045910e+00
8.939999999999999503e+00,-1.942952274425618242e+01,1.238265248545399828e+02,4.373167648306886690e+01,7.848547155406275344e+00
8.949999999999999289e+00,-1.948066090632691072e+01,1.212138030304364236e+02,4.408842707145377915e+01,8.097140536610309525e+00
8.960000000000000853e+00,-1.953347526884671836e+01,1.186040460675007324e+02,4.445667103755585003e+01,8.329618536838545140e+00
8.970000000000000639e+00,-1.958769115103493874e+01,1.159987002209835794e+02,4.483538778391607593e+01,8.545417183325293209e+00
8.980000000000000426e+00,-1.964302279195074519e+01,1.133991655610050060e+02,4.522352264186491766e+01,8.744064420276901117e+00
8.990000000000000213e+00,-1.969917421427618365e+01,1.108067894339011019e+02,4.561999706925553966e+01,8.925183894581303790e+00
9.000000000000000000e+00,-1.975584022540041218e+01,1.082228595040097474e+02,4.602371958253563378e+01,9.088497465123291263e+00
9.009999999999999787e+00,-1.981270756865766813e+01,1.056485964552522745e+02,4.643359724663923771e+01,9.233826268971562001e+00
9.019999999999999574e+00,-1.986945623580615461e+01,1.030851464569336002e+02,4.684854750755569341e+01,9.361090204729551445e+00
9.029999999999999361e+00,-1.992576094936183750e+01,1.005335735239036126e+02,4.726751011839323979e+01,9.470305729472148215e+00
9.039999999999999147e+00,-1.998129282016116548e+01,9.799485192659609822e+01,4.768945888254628329e+01,9.561581910066204060e+00
9.050000000000000711e+00,-2.003572118148024472e+01,9.546985883038776421e+01,4.811341291924493646e+01,9.635114720845011860e+00
9.060000000000000497e+00,-2.008871559619289826e+01,9.295936736483572815e+01,4.853844714902849944e+01,9.691179635582056306e+00
9.070000000000000284e+00,-2.013994802784575455e+01,9.046404034015044715e+01,4.896370170075240935e+01,9.730122620053688109e+00
9.080000000000000071e+00,-2.018909516027217421e+01,8.798442483921677137e+01,4.938838995819306632e+01,9.752349689438153391e+00
9.089999999999999858e+00,-2.023584084361726454e+01,8.552094791696858067e+01,4.981180499304677056e+01,9.758315249495986166e+00
9.099999999999999645e+00,-2.027987863763448217e+01,8.307391363360470393e+01,5.023332417126712812e+01,9.748509489092885616e+00
9.109999999999999432e+00,-2.032091441612896787e+01,8.064350163279708283e+01,5.065241176971024117e+01,9.723445131620875870e+00
9.119999999999999218e+00,-2.035866898981176831e+01,7.822976744997519916e+01,5.106861949780511623e+01,9.683643882153686988e+00
9.130000000000000782e+00,-2.039288069897989075e+01,7.583264469879685521e+01,5.148158488183062786e+01,9.629622924249753524e+00
9.140000000000000568e+00,-2.042330792275055984e+01,7.345194923648854513e+01,5.189102753449014216e+01,9.561881824414150799e+00
9.150000000000000355e+00,-2.044973144845496904e+01,7.108738535211197984e+01,5.229674339688627782e+01,9.480890193300600899e+00
9.160000000000000142e+00,-2.047195664358330802e+01,6.873855395792348588e+01,5.269859710092136140e+01,9.387076431457588299e+00
9.169999999999999929e+00,-2.048981537364803174e+01,6.640496269558663300e+01,5.309651265509982920e+01,9.280817855101341607e+00
9.179999999999999716e+00,-2.050316761266009280e+01,6.408603779926851018e+01,5.349046270369601075e+01,9.162432455840848533e+00
9.189999999999999503e+00,-2.051190269862422610e+01,6.178113749029978408e+01,5.388045664682456959e+01,9.032172499627643347e+00
9.199999999999999289e+00,-2.051594019443414041e+01,5.948956661686316494e+01,5.426652793627648208e+01,8.890220116756868407e+00
9.210000000000000853e+00,-2.051523032450858963e+01,5.721059220066259599e+01,5.464872087881550300e+01,8.736684978793588741e+00
9.220000000000000639e+00,-2.050975396903840320e+01,5.494345951389288985e+01,5.502707728523012065e+01,8.571604101963300693e+00
9.230000000000000426e+00,-2.049952221027145072e+01,5.268740828640112284e+01,5.540162330050689121e+01,8.394943761675421001e+00
9.240000000000000213e+00,-2.048457543823093729e+01,5.044168863618386922e+01,5.577235673901399338e+01,8.206603450938791511e+00
9.250000000000000000e+00,-2.046498203599334076e+01,4.820557632657233427e+01,5.613923522972799418e+01,8.006421767588832950e+00
9.259999999999999787e+00,-2.044083667650750868e+01,4.597838697989879364e+01,5.650216545150169623e+01,7.794184072230529559e+00
9.269999999999999574e+00,-2.041225827335653520e+01,4.375948891828006282e+01,5.686099370830712729e+01,7.569631721027827886e+00
9.279999999999999361e+00,-2.037938763638148032e+01,4.154831435471805179e+01,5.721549806032069085e+01,7.332472645122456001e+00
9.289999999999999147e+00,-2.034238488938882483e+01,3.934436871880119213e+01,5.756538218947498819e+01,7.082393021559219015e+00
9.300000000000000711e+00,-2.030142671107693175e+01,3.714723796721074933e+01,5.791027113836494067e+01,6.819069759074410264e+00
9.310000000000000497e+00,-2.025670346183589743e+01,3.495659379649419662e+01,5.824970901964207570e+01,6.542183505929989984e+00
9.320000000000000284e+00,-2.020841625832689914e+01,3.277219674071093891e+01,5.858315874966601911e+01,6.251431876171133162e+00
9.330000000000000071e+00,-2.015677405498178132e+01,3.059389719677570341e+01,5.891000381553677556e+01,5.946542585398751690e+00
9.339999999999999858e+00,-2.010199078712130216e+01,2.842163447333825843e+01,5.922955203908195898e+01,5.627286187641202808e+00
9.349999999999999645e+00,-2.004428262465670230e+01,2.625543400330838040e+01,5.954104125540364834e+01,5.293488111555853415e+00
9.359999999999999432e+00,-1.998386537872580604e+01,2.409540289488061404e+01,5.984364677784782316e+01,4.945039707420536779e+00
9.369999999999999218e+00,-1.992095209651524002e+01,2.194172402095363950e+01,6.013649047662708114e+01,4.581908036596676226e+00
9.380000000000000782e+00,-1.985575087229495850e+01,1.979464886263938084e+01,6.041865125591304775e+01,4.204144162671277662e+00
9.390000000000000568e+00,-1.978846289564293670e+01,1.765448932999751719e+01,6.068917667536117477e+01,3.811889738420753737e+00
9.400000000000000355e+00,-1.971928075120323953e+01,1.552160878336877836e+01,6.094709542826505100e+01,3.405381724889120054e+00
9.410000000000000142e+00,-1.964838697827535086e+01,1.339641247311782379e+01,6.119143036146665793e+01,2.984955127669737251e+00
9.419999999999999929e+00,-1.957595289317071163e+01,1.127933760558522813e+01,6.142121170339851233e+01,2.551043689914596513e+00
9.429999999999999716e+00,-1.950213767264785503e+01,9.170843229963439924e+00,6.163549015765075012e+01,2.104178540207177761e+00
9.439999999999999503e+00,-1.942708769283427372e+01,7.071400125839226725e+00,6.183334952143631114e+01,1.644984854331885904e+00
9.449999999999999289e+00,-1.935093611482234266e+01,4.981480855274074138e+00,6.201391850202559652e+01,1.174176650884210416e+00
9.460000000000000853e+00,-1.927380270551314467e+01,2.901550127372221510e+00,6.217638142986362482e+01,6.925498990858540704e-01
9.470000000000000639e+00,-1.919579388018361499e+01,8.320556077854700527e-01,6.231998760428803763e+01,2.009741704481155800e-01
9.480000000000000426e+00,-1.911700295158046004e+01,-1.226580709052464080e+00,6.244405905547463931e+01,-2.996168884898580131e-01
9.490000000000000213e+00,-1.903751056899798044e+01,-3.273970460904425561e+00,6.254799656277612030e+01,-8.082359495760046419e-01
9.500000000000000000e+00,-1.895738532969895118e+01,-5.309766120667432254e+00,6.263128383272126598e+01,-1.323852926241404937e+00
9.509999999999999787e+00,-1.887668454411359775e+01,-7.333667362081143004e+00,6.269348980690144657e+01,-1.845406079806174660e+00
9.519999999999999574e+00,-1.879545513545236446e+01,-9.345426520575827567e+00,6.273426913778229874e+01,-2.371812965892114544e+00
9.529999999999999361e+00,-1.871373465365982725e+01,-1.134485309298839084e+01,6.275336093603408472e+01,-2.901980895509636227e+00
9.539999999999999147e+00,-1.863155238300821992e+01,-1.333181723138777741e+01,6.275058595325319999e+01,-3.434816616057576155e+00
9.550000000000000711e+00,-1.854893052208424464e+01,-1.530625219815560456e+01,6.272584241621666479e+01,-3.969234959730759904e+00
9.560000000000000497e+00,-1.846588541448707588e+01,-1.726815576208565162e+01,6.267910077077043951e+01,-4.504166258597817496e+00
9.570000000000000284e+00,-1.838242880826394554e+01,-1.921759052867617257e+01,6.261039762338460690e+01,-5.038562384325824262e+00
9.580000000000000071e+00,-1.829856912200823515e+01,-2.115468321212557967e+01,6.251982918523984978e+01,-5.571401333375280984e+00
9.589999999999999858e+00,-1.821431269568510913e+01,-2.307962287170468940e+01,6.240754452705516542e+01,-6.101690342510956100e+00
9.599999999999999645e+00,-1.812966500468066045e+01,-2.499265815100172006e+01,6.227373894301304347e+01,-6.628467581783112017e+00
9.609999999999999432e+00,-1.804463181633797220e+01,-2.689409357474957929e+01,6.211864769997814051e+01,-7.150802530047644545e+00
9.619999999999999218e+00,-1.795922026938204397e+01,-2.878428497412653186e+01,6.194254041516619225e+01,-7.667795189248119314e+00
9.630000000000000782e+00,-1.787343985816441361e+01,-3.066363412712633263e+01,6.174571626334073216e+01,-8.178574336147470092e+00
9.640000000000000568e+00,-1.778730330558275341e+01,-3.253258271526240719e+01,6.152850016563832725e+01,-8.682295042501683824e+00
9.650000000000000355e+00,-1.770082731082946381e+01,-3.439160571098316410e+01,6.129124005857512714e+01,-9.178135715866517330e+00
9.660000000000000142e+00,-1.761403316076271963e+01,-3.624120432117853596e+01,6.103430528606170924e+01,-9.665294922861077609e+00
9.669999999999999929e+00,-1.752694719661278455e+01,-3.808189862056777741e+01,6.075808610172584423e+01,-1.014298825481592203e+01
9.679999999999999716e+00,-1.743960113086349040e+01,-3.991422001419918786e+01,6.046299421576237165e+01,-1.061044548279292776e+01
9.689999999999999503e+00,-1.735203221239320825e+01,-4.173870367044790441e+01,6.014946427197973122e+01,-1.106690822586497092e+01
9.699999999999999289e+00,-1.726428324122587910e+01,-4.355588106466391451e+01,5.981795609850945539e+01,-1.151162832453683649e+01
9.710000000000000853e+00,-1.717640243742877004e+01,-4.536627276894747496e+01,5.946895754133366552e+01,-1.194386707181243246e+01
9.720000000000000639e+00,-1.708844317170343174e+01,-4.717038161561943355e+01,5.910298766454632613e+01,-1.236289540946414256e+01
9.730000000000000426e+00,-1.700046356795560243e+01,-4.896868635104584655e+01,5.872060008593341962e+01,-1.276799514850185169e+01
9.740000000000000213e+00,-1.691252599052569394e+01,-5.076163588300794771e+01,5.832238621144546187e+01,-1.315846122275007346e+01
9.750000000000000000e+00,-1.682469643074932009e+01,-5.254964420928484259e+01,5.790897813745003475e+01,-1.353360493494289152e+01
9.759999999999999787e+00,-1.673704380905495981e+01,-5.433308609807798462e+01,5.748105100487823904e+01,-1.389275810790659271e+01
9.769999999999999574e+00,-1.664963920987521817e+01,-5.611229357299500009e+01,5.703932461367016060e+01,-1.423527801116309632e+01
9.779999999999999361e+00,-1.656255506724295756e+01,-5.788755323707118805e+01,5.658456413807760299e+01,-1.456055289738223912e+01
9.789999999999999147e+00,-1.647586431908518279e+01,-5.965910445234242587e+01,5.611757982182830062e+01,-1.486800795496866812e+01
9.800000000000000711e+00,-1.638963954794604305e+01,-6.142713837427535850e+01,5.563922557507736144e+01,-1.515711146375389085e+01
9.810000000000000497e+00,-1.630395212521511183e+01,-6.319179782431727688e+01,5.515039644046746758e+01,-1.542738093090709839e+01
9.820000000000000284e+00,-1.621887137495969000e+01,-6.495317796931720977e+01,5.465202494139798262e+01,-1.567838898396831837e+01
9.830000000000000071e+00,-1.613446377222474837e+01,-6.671132776377042717e+01,5.414507636972656002e+01,-1.590976880704438479e+01
9.839999999999999858e+00,-1.605079218922888273e+01,-6.846625209993965200e+01,5.363054311067143942e+01,-1.612121892397020062e+01
9.849999999999999645e+00,-1.596791520131289488e+01,-7.021791460190286216e+01,5.310943813799537594e+01,-1.631250715748510061e+01
9.859999999999999432e+00,-1.588588646284127925e+01,-7.196624099248053597e+01,5.258278784128261663e+01,-1.648347362476392064e+01
9.869999999999999218e+00,-1.580475416156648372e+01,-7.371112295668169168e+01,5.205162436832891615e+01,-1.663403266528944968e+01
9.880000000000000782e+00,-1.572456055828077304e+01,-7.545242242164479762e+01,5.151697767882763657e+01,-1.676417363525890281e+01
9.890000000000000568e+00,-1.564534161693144299e+01,-7.718997617088298568e+01,5.097986751055533006e+01,-1.687396054166917381e+01
9.900000000000000355e+00,-1.556712672878719239e+01,-7.892360070974976338e+01,5.044129545646691781e+01,-1.696353052719767973e+01
9.910000000000000142e+00,-1.548993853272829746e+01,-8.065309729929447258e+01,4.990223734115902943e+01,-1.703309125245231215e+01
9.919999999999999929e+00,-1.541379283230156005e+01,-8.237825707684631027e+01,4.936363606903230306e+01,-1.708291725381420534e+01
9.929999999999999716e+00,-1.533869860883208958e+01,-8.409886618364808442e+01,4.882639509533454714e+01,-1.711334538196006960e+01
9.939999999999999503e+00,-1.526465812861771099e+01,-8.581471082252022597e+01,4.829137264639217619e+01,-1.712476944756432573e+01
9.949999999999999289e+00,-1.519166714104219196e+01,-8.752558217176583355e+01,4.775937678806590014e+01,-1.711763421631293980e+01
9.960000000000000853e+00,-1.511971516332445020e+01,-8.923128108530812597e+01,4.723116141307004767e+01,-1.709242890517943181e+01
9.970000000000000639e+00,-1.504878584656873386e+01,-9.093162251331372659e+01,4.670742318946147975e+01,-1.704968033615071477e+01
9.980000000000000426e+00,-1.497885741678960336e+01,-9.262643958232743557e+01,4.618879948534561919e+01,-1.698994590269746396e+01
9.990000000000000213e+00,-1.490990318365699885e+01,-9.431558727922275409e+01,4.567586725950779680e+01,-1.691380649886457377e+01
1.000000000000000000e+01,-1.484189210884129650e+01,-9.599894568909240888e+01,4.516914288489244456e+01,-1.682185955162463031e+01
1.000999999999999979e+01,-1.477478942504443715e+01,-9.767642274359826615e+01,4.466908285206095286e+01,-1.671471228484513105e+01
1.001999999999999957e+01,-1.470855729609043827e+01,-9.934795644327628850e+01,4.417608528322148942e+01,-1.659297532863257985e+01
1.002999999999999936e+01,-1.464315550783183539e+01,-1.010135165248921254e+02,4.369049217422457332e+01,-1.645725677165219025e+01
1.003999999999999915e+01,-1.457854217912471739e+01,-1.026731055531087549e+02,4.321259227202753550e+01,-1.630815673694782930e+01
1.005000000000000071e+01,-1.451467448175361774e+01,-1.043267594244704526e+02,4.274262448838718598e+01,-1.614626254437578012e+01
1.006000000000000050e+01,-1.445150935796871750e+01,-1.059745472808930913e+02,4.228078174673749601e+01,-1.597214450551502907e+01
1.007000000000000028e+01,-1.438900422425151504e+01,-1.076165708394228915e+02,4.182721515806191803e+01,-1.578635238021832876e+01
1.008000000000000007e+01,-1.432711765006800242e+01,-1.092529631547910611e+02,4.138203842279402522e+01,-1.558941250814339163e+01
1.008999999999999986e+01,-1.426581000071537275e+01,-1.108838868410850154e+02,4.094533235906836666e+01,-1.538182561388582315e+01
1.009999999999999964e+01,-1.420504403392778059e+01,-1.125095317884752006e+02,4.051714946269678563e+01,-1.516406527089780276e+01
1.010999999999999943e+01,-1.414478544068014720e+01,-1.141301124201017529e+02,4.009751841079079782e+01,-1.493657699734797006e+01
1.011999999999999922e+01,-1.408500332161262136e+01,-1.157458645427549015e+02,3.968644842870971701e+01,-1.469977794652633740e+01
1.013000000000000078e+01,-1.402567059167947860e+01,-1.173570418525570460e+02,3.928393344875906479e+01,-1.445405714538535591e+01
1.014000000000000057e+01,-1.396676430698172489e+01,-1.189639121632953049e+02,3.888995599855017815e+01,-1.419977622735347289e+01
1.015000000000000036e+01,-1.390826590924757511e+01,-1.205667534301187231e+02,3.850449076695667827e+01,-1.393727059966939308e+01
1.016000000000000014e+01,-1.385016138504072458e+01,-1.221658496448255420e+02,3.812750780596026345e+01,-1.366685098116273522e+01
1.016999999999999993e+01,-1.379244133846407294e+01,-1.237614866808265930e+02,3.775897533716652532e+01,-1.338880524361951529e+01
1.017999999999999972e+01,-1.373510097784176054e+01,-1.253539481659625352e+02,3.739886214221028382e+01,-1.310340048859066364e+01
1.018999999999999950e+01,-1.367814001855749417e+01,-1.269435114597014547e+02,3.704713952646423536e+01,-1.281088529166876810e+01
1.019999999999999929e+01,-1.362156250585752559e+01,-1.285304438078642306e+02,3.670378285524373041e+01,-1.251149204780328184e+01
1.021000000000000085e+01,-1.356537656294757532e+01,-1.301149987430468968e+02,3.636877267088770083e+01,-1.220543935404999836e+01
1.022000000000000064e+01,-1.350959407108532062e+01,-1.316974127924788718e+02,3.604209540753574714e+01,-1.189293437014095645e+01
1.023000000000000043e+01,-1.345423028955988087e+01,-1.332779025473721788e+02,3.572374372797335695e+01,-1.157417510228188817e+01
1.024000000000000021e+01,-1.339930342443068412e+01,-1.348566621391485398e+02,3.541371651345532712e+01,-1.124935256146814844e+01
1.025000000000000000e+01,-1.334483415565139985e+01,-1.364338611584997523e+02,3.511201854285447155e+01,-1.091865275419344172e+01
1.025999999999999979e+01,-1.329084513271983781e+01,-1.380096430433681007e+02,3.481865990174411962e+01,-1.058225847050861290e+01
1.026999999999999957e+01,-1.323736044927114364e+01,-1.395841239518513817e+02,3.453365516508615229e+01,-1.024035084178732902e+01
1.027999999999999936e+01,-1.318440510707221947e+01,-1.411573921260517750e+02,3.425702239904793345e+01,-9.893110648067352741e+00
1.028999999999999915e+01,-1.313200447969601825e+01,-1.427295077432078756e+02,3.398878202815649985e+01,-9.540719362277631177e+00
1.030000000000000071e+01,-1.308018378577100549e+01,-1.443005032412918638e+02,3.372895561357240979e+01,-9.183359925857002892e+00
1.031000000000000050e+01,-1.302896758113634945e+01,-1.458703840978227220e+02,3.347756458681769232e+01,-8.821217257055108618e+00
1.032000000000000028e+01,-1.297837927851458772e+01,-1.474391300330308070e+02,3.323462898094284412e+01,-8.454478499457154683e+00
1.033000000000000007e+01,-1.292844070246534116e+01,-1.490066966018722496e+02,3.300016619798525852e+01,-8.083333023868236822e+00
1.033999999999999986e+01,-1.287917168643534538e+01,-1.505730171337360446e+02,3.277418984780599942e+01,-7.707972201563475068e+00
1.034999999999999964e+01,-1.283058971769735201e+01,-1.521380049740991183e+02,3.255670868913063032e+01,-7.328588970991992468e+00
1.035999999999999943e+01,-1.278270963489868706e+01,-1.537015559788337384e+02,3.234772569901033279e+01,-6.945377223297201752e+00
1.036999999999999922e+01,-1.273554338184267998e+01,-1.552635512093398802e+02,3.214723729210044212e+01,-6.558531034482595778e+00
1.038000000000000078e+01,-1.268909982002224091e+01,-1.568238597751517034e+02,3.195523270624773104e+01,-6.168243773724805479e+00
1.039000000000000057e+01,-1.264338460133298980e+01,-1.583823417700539835e+02,3.177169356600479233e+01,-5.774707118264232442e+00
1.040000000000000036e+01,-1.259840010132805510e+01,-1.599388512480319946e+02,3.159659363094467110e+01,-5.378110005528434989e+00
1.041000000000000014e+01,-1.255414541235052361e+01,-1.614932391864607837e+02,3.142989873111658028e+01,-4.978637552738024219e+00
1.041999999999999993e+01,-1.251061639490247757e+01,-1.630453563857823553e+02,3.127156688772856441e+01,-4.576469973268855185e+00
1.042999999999999972e+01,-1.246780578469150846e+01,-1.645950562574519438e+02,3.112154861321940658e+01,-4.171781517570746445e+00
1.043999999999999950e+01,-1.242570335194264430e+01,-1.661421974550838740e+02,3.097978738132671239e+01,-3.764739464545789005e+00
1.044999999999999929e+01,-1.238429610878332099e+01,-1.676866463074638887e+02,3.084622025459650274e+01,-3.355503187027709444e+00
1.046000000000000085e+01,-1.234356855980757572e+01,-1.692282790163467041e+02,3.072077865403162988e+01,-2.944223312447782792e+00
1.047000000000000064e+01,-1.230350299030861549e+01,-1.707669835866658730e+02,3.060338925324925086e+01,-2.531040996981153146e+00
1.048000000000000043e+01,-1.226407978614334837e+01,-1.723026614619263910e+02,3.049397497761767539e+01,-2.116087328488037045e+00
1.049000000000000021e+01,-1.222527777876311283e+01,-1.738352288430190242e+02,3.039245608737006066e+01,-1.699482870460353290e+00
1.050000000000000000e+01,-1.218707460861947034e+01,-1.753646176744936724e+02,3.029875132264518101e+01,-1.281337355986126747e+00
1.050999999999999979e+01,-1.214944709993720195e+01,-1.768907762883117130e+02,3.021277908778078469e+01,-8.617495375168432448e-01
1.051999999999999957e+01,-1.211237163974337605e+01,-1.784136697012676791e+02,3.013445865197393303e+01,-4.408071949884324603e-01
1.052999999999999936e+01,-1.207582455405876765e+01,-1.799332795684587722e+02,3.006371134362481357e+01,-1.858730167046331039e-02
1.053999999999999915e+01,-1.203978247429407844e+01,1.785503961986362071e+02,3.000046171627511526e+01,4.048436559758115671e-01
1.055000000000000071e+01,-1.200422268715476903e+01,1.770373441348795041e+02,2.994463866503681970e+01,8.294292111061341011e-01
1.056000000000000050e+01,-1.196912346173897035e+01,1.755275362246449049e+02,2.989617647375514053e+01,1.255122311419295977e+00
1.057000000000000028e+01,-1.193446434801264999e+01,1.740209311796571114e+02,2.985501577484355451e+01,1.681884588211880027e+00
1.058000000000000007e+01,-1.190022644145554764e+01,1.725174759608143233e+02,2.982110440573741883e+01,2.109685513859445027e+00
1.058999999999999986e+01,-1.186639260938261486e+01,1.710171075089537283e+02,2.979439814820214849e+01,2.538501464014769393e+00
1.059999999999999964e+01,-1.183294767524334112e+01,1.695197546458963416e+02,2.977486133925864564e+01,2.968314702455559395e+00
1.060999999999999943e+01,-1.179987855807362607e+01,1.680253401042371024e+02,2.976246734521010850e+01,3.399112307792631515e+00
1.061999999999999922e+01,-1.176717436519862758e+01,1.665337826423459262e+02,2.975719889311047339e+01,3.830885062127178831e+00
1.063000000000000078e+01,-1.173482643724469909e+01,1.650449991999537929e+02,2.975904825695596045e+01,4.263626322210751773e+00
1.064000000000000057e+01,-1.170282834548928719e+01,1.635589070495255157e+02,2.976801729884229886e+01,4.697330893709543709e+00
1.065000000000000036e+01,-1.167117584253888296e+01,1.620754258994098223e+02,2.978411736825306733e+01,5.131993928797978555e+00
1.066000000000000014e+01,-1.163986676825388500e+01,1.605944799064379822e+02,2.980736906546775344e+01,5.567609866528846041e+00
1.066999999999999993e+01,-1.160890091371553012e+01,1.591159995582144404e+02,2.983780187774584647e+01,6.004171434256870832e+00
1.067999999999999972e+01,-1.157827984683196476e+01,1.576399233886972979e+02,2.987545369939880402e+01,6.441668726869496098e+00
1.068999999999999950e+01,-1.154800670389371398e+01,1.561661994947319272e+02,2.992037024906240816e+01,6.880088378734924959e+00
1.069999999999999929e+01,-1.151808595199664964e+01,1.546947868258746155e+02,2.997260439938354537e+01,7.319412841154567140e+00
1.071000000000000085e+01,-1.148852312774197593e+01,1.532256562249743013e+02,3.003221543590739273e+01,7.759619775763647809e+00
1.072000000000000064e+01,-1.145932455799203353e+01,1.517587912024813193e+02,3.009926826317083481e+01,8.200681571796927471e+00
1.073000000000000043e+01,-1.143049706870037951e+01,1.502941884331486335e+02,3.017383257685760611e+01,8.642564992494559561e+00
1.074000000000000021e+01,-1.140204768794700740e+01,1.488318579695876736e+02,3.025598202134600001e+01,9.085230953206096416e+00
1.075000000000000000e+01,-1.137398334929507726e+01,1.473718231728798003e+02,3.034579335208121975e+01,9.528634431020318374e+00
1.075999999999999979e+01,-1.134631060144988268e+01,1.459141203660280439e+02,3.044334562193731486e+01,9.972724503048643996e+00
1.076999999999999957e+01,-1.131903532995290185e+01,1.444587982213581654e+02,3.054871941011460734e+01,1.041744450786373122e+01
1.077999999999999936e+01,-1.129216249629107338e+01,1.430059168979171318e+02,3.066199611116356394e+01,1.086273232209505402e+01
1.078999999999999915e+01,-1.126569589935763993e+01,1.415555469494468070e+02,3.078325730045712660e+01,1.130852074183133738e+01
1.080000000000000071e+01,-1.123963796367561230e+01,1.401077680275027433e+02,3.091258419087700204e+01,1.175473795632766638e+01
1.081000000000000050e+01,-1.121398955820341925e+01,1.386626674077546397e+02,3.105005719365978223e+01,1.220130809957523077e+01
1.082000000000000028e+01,-1.118874984889503033e+01,1.372203383703539146e+02,3.119575559429704370e+01,1.264815186360743837e+01
1.083000000000000007e+01,-1.116391618749827686e+01,1.357808784674991784e+02,3.134975735212723791e+01,1.309518715599924121e+01
1.083999999999999986e+01,-1.113948403835738965e+01,1.343443877129432735e+02,3.151213902982996018e+01,1.354232978289414291e+01
1.084999999999999964e+01,-1.111544694424997815e+01,1.329109667291467929e+02,3.168297585646683956e+01,1.398949413808779063e+01
1.085999999999999943e+01,-1.109179653154834000e+01,1.314807148881319847e+02,3.186234192504291229e+01,1.443659387821507245e+01
1.086999999999999922e+01,-1.106852255425876663e+01,1.300537284817841055e+02,3.205031052282686233e+01,1.488354256395986042e+01
1.088000000000000078e+01,-1.104561297577371271e+01,1.286300989564525139e+02,3.224695458990672137e+01,1.533025424742833032e+01
1.089000000000000057e+01,-1.102305408647808704e+01,1.272099112452000327e+02,3.245234729871310009e+01,1.577664398641923249e+01
1.090000000000000036e+01,-1.100083065469503474e+01,1.257932422289772774e+02,3.266656274456384779e+01,1.622262826728657359e+01
1.091000000000000014e+01,-1.097892610784579048e+01,1.243801593553988312e+02,3.288967673471538689e+01,1.666812531941767617e+01
1.091999999999999993e+01,-1.095732274014461005e+01,1.229707194406759783e+02,3.312176766100793657e+01,1.711305530604294489e+01
1.092999999999999972e+01,-1.093600194266016601e+01,1.215649676767012721e+02,3.336291743900539331e+01,1.755734037812625203e+01
1.093999999999999950e+01,-1.091494445116033774e+01,1.201629368612866671e+02,3.361321249462167060e+01,1.800090458044457975e+01
1.094999999999999929e+01,-1.089413060682509915e+01,1.187646468652388450e+02,3.387274477763317293e+01,1.844367360160632785e+01
1.096000000000000085e+01,-1.087354062466975435e+01,1.173701043453299206e+02,3.414161278025970603e+01,1.888557436265058342e+01
1.097000000000000064e+01,-1.085315486437590948e+01,1.159793027074117191e+02,3.441992253818958858e+01,1.932653444194979642e+01
1.098000000000000043e+01,-1.083295409818387789e+01,1.145922223189769369e+02,3.470778859106874847e+01,1.976648133735583102e+01
1.099000000000000021e+01,-1.081291977056229747e+01,1.132088309655110123e+02,3.500533487959103951e+01,2.020534156980932394e+01
1.100000000000000000e+01,-1.079303424453905080e+01,1.118290845400771190e+02,3.531269555693677376e+01,2.064303963590827351e+01
1.100999999999999979e+01,-1.077328102985340763e+01,1.104529279508754342e+02,3.563001569340759289e+01,2.107949682011396675e+01
1.101999999999999957e+01,-1.075364498846493078e+01,1.090802962270717416e+02,3.595745185469037608e+01,2.151462988030247203e+01
1.102999999999999936e+01,-1.073411251343003414e+01,1.077111157991501500e+02,3.629517253622890394e+01,2.194834962314681093e+01
1.103999999999999915e+01,-1.071467167771734275e+01,1.063453059264824816e+02,3.664335843864540010e+01,2.238055938828365399e+01
1.105000000000000071e+01,-1.069531235017132431e+01,1.049827802418057701e+02,3.700220257199765683e+01,2.281115346230411589e+01
1.106000000000000050e+01,-1.067602627653426062e+01,1.036234483799766934e+02,3.737191017980396168e+01,2.324001544524535490e+01
1.107000000000000028e+01,-1.065680712418363996e+01,1.022672176567301534e+02,3.775269847716563021e+01,2.366701659341559960e+01
1.108000000000000007e+01,-1.063765049001907315e+01,1.009139947623070697e+02,3.814479620087249145e+01,2.409201416300732035e+01
1.108999999999999986e+01,-1.061855387172116494e+01,9.956368743472937410e+01,3.854844297301796274e+01,2.451484977902393680e+01
1.109999999999999964e+01,-1.059951660338419366e+01,9.821620607818992710e+01,3.896388848328780341e+01,2.493534785355942063e+01
1.110999999999999943e+01,-1.058053975727938756e+01,9.687146529349986679e+01,3.939139149863405720e+01,2.535331407641283974e+01
1.111999999999999922e+01,-1.056162601421345215e+01,9.552938528971417043e+01,3.983121871242256162e+01,2.576853399942980261e+01
1.113000000000000078e+01,-1.054277950559640509e+01,9.418989314892375830e+01,4.028364344826419341e+01,2.618077173384103773e+01
1.114000000000000057e+01,-1.052400563090450980e+01,9.285292391964682679e+01,4.074894423653319109e+01,2.658976877727335975e+01
1.115000000000000036e+01,-1.050531085470870885e+01,9.151842151821610116e+01,4.122740328396569964e+01,2.699524298406921474e+01
1.116000000000000014e+01,-1.048670248782511472e+01,9.018633942190669472e+01,4.171930485866091942e+01,2.739688768913817896e+01
1.116999999999999993e+01,-1.046818845742570403e+01,8.885664114220595877e+01,4.222493361421102520e+01,2.779437099182584703e+01
1.117999999999999972e+01,-1.044977707111921994e+01,8.752930047145800074e+01,4.274457287751663870e+01,2.818733520230332346e+01
1.118999999999999950e+01,-1.043147678007454893e+01,8.620430150101582001e+01,4.327850292506143859e+01,2.857539644882188057e+01
1.119999999999999929e+01,-1.041329594621125665e+01,8.488163841390434072e+01,4.382699927197731427e+01,2.895814443992784248e+01
1.121000000000000085e+01,-1.039524261832959695e+01,8.356131505971025319e+01,4.439033099711458874e+01,2.933514237148295223e+01
1.122000000000000064e+01,-1.037732432180069431e+01,8.224334432390234895e+01,4.496875912550850529e+01,2.970592696417479317e+01
1.123000000000000043e+01,-1.035954786609373635e+01,8.092774730794313598e+01,4.556253508709999522e+01,3.007000861323821184e+01
1.124000000000000021e+01,-1.034191917399179417e+01,7.961455234030393058e+01,4.617189926733060190e+01,3.042687162844756799e+01
1.125000000000000000e+01,-1.032444313585004281e+01,7.830379384180238844e+01,4.679707966129019070e+01,3.077597453919157999e+01
1.125999999999999979e+01,-1.030712349169179376e+01,7.699551107144279172e+01,4.743829063850548522e+01,3.111675043673919561e+01
1.126999999999999957e+01,-1.028996274333061400e+01,7.568974678117068322e+01,4.809573182024253413e+01,3.144860732375150647e+01
1.127999999999999936e+01,-1.027296209806265637e+01,7.438654580956946916e+01,4.876958706545191546e+01,3.177092843983514925e+01
1.128999999999999915e+01,-1.025612144480535548e+01,7.308595364555776541e+01,4.946002355528276695e+01,3.208307253156681327e+01
1.130000000000000071e+01,-1.023943936287769851e+01,7.178801499353293991e+01,5.016719095957219565e+01,3.238437403608365628e+01
1.131000000000000050e+01,-1.022291316293782515e+01,7.049277237118288042e+01,5.089122066200875594e+01,3.267414314911344775e+01
1.132000000000000028e+01,-1.020653895892590413e+01,6.920026477035061419e+01,5.163222501394682951e+01,3.295166575131070630e+01
1.133000000000000007e+01,-1.019031176921733106e+01,6.791052640988534961e+01,5.239029658031666514e+01,3.321620317102884457e+01
1.133999999999999986e+01,-1.017422564458474810e+01,6.662358560740690905e+01,5.316550733493050274e+01,3.346699176722604108e+01
1.134999999999999964e+01,-1.015827382000836110e+01,6.533946379434539153e+01,5.395790775698219477e+01,3.370324232307787327e+01
1.135999999999999943e+01,-1.014244888687320589e+01,6.405817469556519939e+01,5.476752577590558957e+01,3.392413924901136113e+01
1.136999999999999922e+01,-1.012674298166066578e+01,6.277972369138106501e+01,5.559436550825483891e+01,3.412883960319605592e+01
1.138000000000000078e+01,-1.011114798688703686e+01,6.150410737588508425e+01,5.643840572814512768e+01,3.431647194790842548e+01
1.139000000000000057e+01,-1.009565573977499398e+01,6.023131332131445959e+01,5.729959801227454363e+01,3.448613507143556944e+01
1.140000000000000036e+01,-1.008025824396902337e+01,5.896132005375095275e+01,5.817786450187199421e+01,3.463689661709408796e+01
1.141000000000000014e+01,-1.006494787953011638e+01,5.769409724087577729e+01,5.907309522725324769e+01,3.476779167322897024e+01
1.141999999999999993e+01,-1.004971760647091727e+01,5.642960608787651466e+01,5.998514494618706294e+01,3.487782139042140983e+01
1.142999999999999972e+01,-1.003456115722197772e+01,5.516779993303295981e+01,6.091382945507564983e+01,3.496595170421866072e+01
1.143999999999999950e+01,-1.001947321365044274e+01,5.390862503009031315e+01,6.185892134210173765e+01,3.503111225313351440e+01
1.144999999999999929e+01,-1.000444956458282775e+01,5.265202150035754158e+01,6.282014516399612347e+01,3.507219559202670212e+01
1.146000000000000085e+01,-9.989487240205463081e+00,5.139792443366784624e+01,6.379717204285695686e+01,3.508805680987328657e+01
1.147000000000000064e+01,-9.974584620222158193e+00,5.014626511396794228e+01,6.478961369640084911e+01,3.507751366788384217e+01
1.148000000000000043e+01,-9.959741513227882592e+00,4.889697234248276914e+01,6.579701593392101699e+01,3.503934737857164805e+01
1.149000000000000021e+01,-9.944959205395790036e+00,4.764997382917153601e+01,6.681885167081816235e+01,3.497230414820514710e+01
1.150000000000000000e+01,-9.930240477258102771e+00,4.640519762163135908e+01,6.785451353648382167e+01,3.487509760375495205e+01
1.150999999999999979e+01,-9.915589588074436023e+00,4.516257353974797439e+01,6.890330617312181971e+01,3.474641222055372936e+01
1.151999999999999957e+01,-9.901012228003637006e+00,4.392203458424994977e+01,6.996443834628144032e+01,3.458490785811741830e+01
1.152999999999999936e+01,-9.886515439013921380e+00,4.268351828792542335e+01,7.103701501081179970e+01,3.438922549863983846e+01
1.153999999999999915e+01,-9.872107506159569112e+00,4.144696797955202783e+01,7.212002949797299323e+01,3.415799426539228278e+01
1.155000000000000071e+01,-9.857797821507748637e+00,4.021233393257397637e+01,7.321235600974932822e+01,3.388983977653109747e+01
1.156000000000000050e+01,-9.843596723598237119e+00,3.897957437314734364e+01,7.431274262418818921e+01,3.358339386368047741e+01
1.157000000000000028e+01,-9.829515315850249735e+00,3.774865632533764170e+01,7.541980502989792967e+01,3.323730565429742967e+01
1.158000000000000007e+01,-9.815565267781794390e+00,3.651955627486439226e+01,7.653202121778502942e+01,3.285025398259670482e+01
1.158999999999999986e+01,-9.801758603268845960e+00,3.529226063679559644e+01,7.764772736272460918e+01,3.242096105628616698e+01
1.159999999999999964e+01,-9.788107480338293698e+00,3.406676601688267425e+01,7.876511512625802425e+01,3.194820726631246899e+01
1.160999999999999943e+01,-9.774623967154564497e+00,3.284307926069453742e+01,7.988223060279626964e+01,3.143084698526500631e+01
1.161999999999999922e+01,-9.761319818925180414e+00,3.162121728926501874e+01,8.099697511551117657e+01,3.086782515827320239e+01
1.163000000000000078e+01,-9.748206260413542878e+00,3.040120672450265715e+01,8.210710804370276605e+01,3.025819444963634552e+01
1.164000000000000057e+01,-9.735293778613733906e+00,2.918308331203088812e+01,8.321025183077807696e+01,2.960113267067109888e+01
1.165000000000000036e+01,-9.722591929913621200e+00,2.796689115335648523e+01,8.430389928126638210e+01,2.889596018115605958e+01
1.166000000000000014e+01,-9.710109165758803229e+00,2.675268176319277913e+01,8.538542320714650202e+01,2.814215693008022967e+01
1.166999999999999993e+01,-9.697852680435476103e+00,2.554051297136649268e+01,8.645208842919376480e+01,2.733937878299266444e+01
1.167999999999999972e+01,-9.685828284126616339e+00,2.433044769188926182e+01,8.750106607961114946e+01,2.648747277466746652e+01
1.168999999999999950e+01,-9.674040303871510815e+00,2.312255258448894324e+01,8.852945008978068131e+01,2.558649092842896522e+01
1.169999999999999929e+01,-9.662491514484063515e+00,2.191689663606333127e+01,8.953427568393388469e+01,2.463670229820669633e+01
1.171000000000000085e+01,-9.651183100872177789e+00,2.071354969117086853e+01,9.051253963845175576e+01,2.363860291665272584e+01
1.172000000000000064e+01,-9.640114652559310215e+00,1.951258096170969480e+01,9.146122201020790499e+01,2.259292337218518298e+01
1.173000000000000043e+01,-9.629284190552771960e+00,1.831405754641215822e+01,9.237730898857891759e+01,2.150063378876637543e+01
1.174000000000000021e+01,-9.618688226041886224e+00,1.711804299063528134e+01,9.325781648712076333e+01,2.036294604295593658e+01
1.175000000000000000e+01,-9.608321849756034538e+00,1.592459591617813608e+01,9.409981406465502118e+01,1.918131312104208064e+01
1.175999999999999979e+01,-9.598178850179657218e+00,1.473376874952775850e+01,9.490044875330281116e+01,1.795742559204341759e+01
1.176999999999999957e+01,-9.588251858218709955e+00,1.354560657500513798e+01,9.565696837385769413e+01,1.669320524680852813e+01
1.177999999999999936e+01,-9.578532515356169341e+00,1.236014613682290175e+01,9.636674393690435636e+01,1.539079602587215767e+01
1.178999999999999915e+01,-9.569011661830105098e+00,1.117741501108793045e+01,9.702729076058226099e+01,1.405255242566795459e+01
1.180000000000000071e+01,-9.559679540931803388e+00,9.997430965327552599e+00,9.763628798123745867e+01,1.268102563087995982e+01
1.181000000000000050e+01,-9.550526015159858773e+00,8.820201519286591463e+00,9.819159618900430075e+01,1.127894766742744004e+01
1.182000000000000028e+01,-9.541540789691211444e+00,7.645723716542149440e+00,9.869127298358135647e+01,9.849213903650996471e+00
1.183000000000000007e+01,-9.532713638448292670e+00,6.473984112056469620e+00,9.913358631259139031e+01,8.394864245530635927e+00
1.183999999999999986e+01,-9.524034627958064547e+00,5.304958976172191143e+00,9.951702552227544629e+01,6.919063374850133563e+00
1.184999999999999964e+01,-9.515494334220687023e+00,4.138614710893195436e+00,9.984031011418782953e+01,5.425080367835081852e+00
1.185999999999999943e+01,-9.507084047932144344e+00,2.974908469644427012e+00,1.001023962587407112e+02,3.916268007453414857e+00
1.186999999999999922e+01,-9.498795963637068240e+00,1.813788967215494763e+00,1.003024811641073342e+02,2.396042067689521105e+00
1.188000000000000078e+01,-9.490623348722825980e+00,6.551974623449074997e-01,1.004400054351056610e+02,8.678608056185850295e-01
1.189000000000000057e+01,-9.482560688595919274e+00,-5.009311084916523438e-01,1.005146535801154926e+02,-6.647951496238303504e-01
1.190000000000000036e+01,-9.474603804900146642e+00,-1.654666870951822855e+00,1.005263528346000612e+02,-2.198442369377041850e+00
1.191000000000000014e+01,-9.466749944230544500e+00,-2.806083654112975001e+00,1.004752704681254301e+02,-3.729613562850842445e+00
1.191999999999999993e+01,-9.458997835454493242e+00,-3.955257563194074510e+00,1.003618097294372973e+02,-5.254875822164032151e+00
1.192999999999999972e+01,-9.451347714456227678e+00,-5.102265515303915144e+00,1.001866045634029518e+02,-6.770848149330678467e+00
1.193999999999999950e+01,-9.443801315855958833e+00,-6.247183770659069602e+00,9.995051320718881982e+01,-8.274218261490158710e+00
1.194999999999999929e+01,-9.436361832002450711e+00,-7.390086491790312628e+00,9.965461074393566321e+01,-9.761758682271079124e+00
1.196000000000000085e+01,-9.429033840278314926e+00,-8.531044362595020303e+00,9.930018066346890748e+01,-1.123034212846917157e+01
1.197000000000000064e+01,-9.421823200474040760e+00,-9.670123297659992900e+00,9.888870545409952229e+01,-1.267695619298489618e+01
1.198000000000000043e+01,-9.414736924660241257e+00,-1.080738327016604039e+01,9.842185622979680204e+01,-1.409871730885286212e+01
1.199000000000000021e+01,-9.407783022602897560e+00,-1.194287728388823666e+01,9.790148138485929508e+01,-1.549288395727067424e+01
1.200000000000000000e+01,-9.400970326308087266e+00,-1.307665051146083712e+01,9.732959426485840027e+01,-1.685686905741898656e+01
1.200999999999999979e+01,-9.394308297738891866e+00,-1.420873961720969625e+01,9.670835984856353207e+01,-1.818825145020580791e+01
1.201999999999999957e+01,-9.387806824107229886e+00,-1.533917227860867172e+01,9.604008045044675157e+01,-1.948478636461745950e+01
1.202999999999999936e+01,-9.381476005401136575e+00,-1.646796691587671191e+01,9.532718047619472657e+01,-2.074441473655932100e+01
1.203999999999999915e+01,-9.375325938957500327e+00,-1.759513263450009646e+01,9.457219029280301470e+01,-2.196527123797598335e+01
1.205000000000000071e+01,-9.369366505930962319e+00,-1.872066938067839814e+01,9.377772930817123154e+01,-2.314569087019875937e+01
1.206000000000000050e+01,-9.363607164441175357e+00,-1.984456830493294532e+01,9.294648839028289444e+01,-2.428421398072317672e+01
1.207000000000000028e+01,-9.358056754007815670e+00,-2.096681232450134047e+01,9.208121179051899219e+01,-2.537958957717767916e+01
1.208000000000000007e+01,-9.352723315608157506e+00,-2.208737687077652012e+01,9.118467876700771058e+01,-2.643077683565558544e+01
1.208999999999999986e+01,-9.347613931326977266e+00,-2.320623080399743188e+01,9.025968512996814752e+01,-2.743694473172415016e+01
1.209999999999999964e+01,-9.342734587117607958e+00,-2.432333747378217126e+01,8.930902494998085217e+01,-2.839746975978027166e+01
1.210999999999999943e+01,-9.338090061670749620e+00,-2.543865590093423634e+01,8.833547268073178316e+01,-2.931193174797743239e+01
1.211999999999999922e+01,-9.333683843801619417e+00,-2.655214205335541777e+01,8.734176594929323301e+01,-3.018010781960942523e+01
1.213000000000000078e+01,-9.329518080132096713e+00,-2.766375018688023601e+01,8.633058925927274174e+01,-3.100196459533744786e+01
1.214000000000000057e+01,-9.325593554172909805e+00,-2.877343422044534549e+01,8.530455883559194774e+01,-3.177764877188547032e+01
1.215000000000000036e+01,-9.321909697216725021e+00,-2.988114911428496256e+01,8.426620881508817718e+01,-3.250747624992599327e+01
1.216000000000000014e+01,-9.318464630749156541e+00,-3.098685221975164339e+01,8.321797895589114091e+01,-3.319192001522040414e+01
1.216999999999999993e+01,-9.315255239386344144e+00,-3.209050456997562861e+01,8.216220400209479635e+01,-3.383159700153497340e+01
1.217999999999999972e+01,-9.312277272666360517e+00,-3.319207208181567381e+01,8.110110480040680159e+01,-3.442725418065005272e+01
1.218999999999999950e+01,-9.309525473375419580e+00,-3.429152664146795360e+01,8.003678122388953398e+01,-3.497975413362136976e+01
1.219999999999999929e+01,-9.306993729486354283e+00,-3.538884704860077335e+01,7.897120691637819334e+01,-3.549006035843495965e+01
1.221000000000000085e+01,-9.304675246245889042e+00,-3.648401979695806574e+01,7.790622583116774535e+01,-3.595922256274912598e+01
1.222000000000000064e+01,-9.302562734474763673e+00,-3.757703967296537684e+01,7.684355050046362123e+01,-3.638836217731175537e+01
1.223000000000000043e+01,-9.300648610757153989e+00,-3.866791015789179653e+01,7.578476193897152768e+01,-3.677865830679112236e+01
1.224000000000000021e+01,-9.298925204899282093e+00,-3.975664362352019765e+01,7.473131105664485574e+01,-3.713133431129195117e+01
1.225000000000000000e+01,-9.297384969843179192e+00,-4.084326131593572740e+01,7.368452143256106979e+01,-3.744764518486694982e+01
1.225999999999999979e+01,-9.296020689133172255e+00,-4.192779312688233517e+01,7.264559328440793706e+01,-3.772886586806725262e+01
1.226999999999999957e+01,-9.294825677057948710e+00,-4.301027715703792609e+01,7.161560845615883864e+01,-3.797628060108049652e+01
1.227999999999999936e+01,-9.293793966727305289e+00,-4.409075908040974667e+01,7.059553624003869743e+01,-3.819117339332715488e+01
1.228999999999999915e+01,-9.292920481592926052e+00,-4.516929132373979883e+01,6.958623984748236069e+01,-3.837481965539975448e+01
1.230000000000000071e+01,-9.292201186278962410e+00,-4.624593207922043092e+01,6.858848334701819738e+01,-3.852847901072178161e+01
1.231000000000000050e+01,-9.291633213047097328e+00,-4.732074417283537571e+01,6.760293889432998071e+01,-3.865338927788104684e+01
1.232000000000000028e+01,-9.291214960769330844e+00,-4.839379381415215420e+01,6.663019409057676512e+01,-3.875076159076085958e+01
1.233000000000000007e+01,-9.290946163910575706e+00,-4.946514925632954629e+01,6.567075931873750960e+01,-3.882177660269357489e+01
1.233999999999999986e+01,-9.290827929713378452e+00,-5.053487939735354217e+01,6.472507492371413207e+01,-3.886758170315255256e+01
1.234999999999999964e+01,-9.290862742516601713e+00,-5.160305235503668086e+01,6.379351811953954154e+01,-3.888928916108652345e+01
1.235999999999999943e+01,-9.291054434905895221e+00,-5.266973404907548684e+01,6.287640952571534569e+01,-3.888797509794703444e+01
1.236999999999999922e+01,-9.291408126169324433e+00,-5.373498682339555899e+01,6.197401925393636901e+01,-3.886467918570463809e+01
1.238000000000000078e+01,-9.291930129297305996e+00,-5.479886814118572147e+01,6.108657248569071641e+01,-3.882040496058058920e+01
1.239000000000000057e+01,-9.292627828500982901e+00,-5.586142938339429520e+01,6.021425450005134650e+01,-3.875612064166784876e+01
1.240000000000000036e+01,-9.293509529910657818e+00,-5.692271477911487665e+01,5.935721512895663210e+01,-3.867276034484727631e+01
1.241000000000000014e+01,-9.294584288738551692e+00,-5.798276049328264747e+01,5.851557263406564857e+01,-3.857122558615235164e+01
1.241999999999999993e+01,-9.295861716733121227e+00,-5.904159389348509990e+01,5.768941701459250737e+01,-3.845238697469808642e+01
1.242999999999999972e+01,-9.297351774202462948e+00,-6.009923301361637016e+01,5.687881276908284889e+01,-3.831708600313339019e+01
1.243999999999999950e+01,-9.299064551234225817e+00,-6.115568622760694240e+01,5.608380114576565489e+01,-3.816613685294640135e+01
1.244999999999999929e+01,-9.301010042979058312e+00,-6.221095214171793231e+01,5.530440192571707314e+01,-3.800032814249552615e+01
1.246000000000000085e+01,-9.303197923992629015e+00,-6.326501970895719751e+01,5.454061479058969297e+01,-3.782042455698390881e+01
1.247000000000000064e+01,-9.305637326644941254e+00,-6.431786856422776566e+01,5.379242033203794193e+01,-3.762716831138626361e+01
1.248000000000000043e+01,-9.308336628507104749e+00,-6.536946957391484148e+01,5.305978076329514437e+01,-3.742128040923472554e+01
1.249000000000000021e+01,-9.311303253419087156e+00,-6.641978558890939155e+01,5.234264039469436369e+01,-3.720346167185048358e+01
1.250000000000000000e+01,-9.314543490632555489e+00,-6.746877238562817070e+01,5.164092593443354673e+01,-3.697439352379066690e+01
1.250999999999999979e+01,-9.318062336021297298e+00,-6.851637977551546044e+01,5.095454667374590940e+01,-3.673473853070372996e+01
1.251999999999999957e+01,-9.321863358864151294e+00,-6.956255285989909964e+01,5.028339461204323868e+01,-3.648514069525628400e+01
1.252999999999999936e+01,-9.325948597146734187e+00,-7.060723340397103698e+01,4.962734457280142664e+01,-3.622622552513482930e+01
1.253999999999999915e+01,-9.330318483708467170e+00,-7.165036130113952595e+01,4.898625435518806626e+01,-3.595859989422653769e+01
1.255000000000000071e+01,-9.334971804894617975e+00,-7.269187609710927234e+01,4.835996495993435218e+01,-3.568285172386968895e+01
1.256000000000000050e+01,-9.339905692672513027e+00,-7.373171854179855700e+01,4.774830092098378032e+01,-3.539954951551123230e+01
1.257000000000000028e+01,-9.345115650452058276e+00,-7.476983213665911876e+01,4.715107076721717760e+01,-3.510924176921756157e+01
1.258000000000000007e+01,-9.350595612125831124e+00,-7.580616464509211028e+01,4.656806763129586813e+01,-3.481245632431534176e+01
1.258999999999999986e+01,-9.356338033130651155e+00,-7.684066953449443815e+01,4.599907001555000363e+01,-3.450969965904589998e+01
1.259999999999999964e+01,-9.362334011642133191e+00,-7.787330731997032274e+01,4.544384271805746067e+01,-3.420145618561913636e+01
1.260999999999999943e+01,-9.368573437363799883e+00,-7.890404678191549692e+01,4.490213791573065549e+01,-3.388818757554245309e+01
1.261999999999999922e+01,-9.375045164774396866e+00,-7.993286603245920219e+01,4.437369639548651179e+01,-3.357033214772187790e+01
1.263000000000000078e+01,-9.381737207166700898e+00,-8.095975340909272688e+01,4.385824891950237259e+01,-3.324830434870645490e+01
1.264000000000000057e+01,-9.388636947358545370e+00,-8.198470817766914820e+01,4.335551770621753320e+01,-3.292249435071573060e+01
1.265000000000000036e+01,-9.395731360596114357e+00,-8.300774103122051883e+01,4.286521800518958258e+01,-3.259326778888663512e+01
1.266000000000000014e+01,-9.403007244907957585e+00,-8.402887437565759399e+01,4.238705974115764263e+01,-3.226096565463110011e+01
1.266999999999999993e+01,-9.410451454015344552e+00,-8.504814239826004041e+01,4.192074920072750643e+01,-3.192590435723870712e+01
1.267999999999999972e+01,-9.418051127866002403e+00,-8.606559091983372412e+01,4.146599073396289725e+01,-3.158837596101014711e+01
1.268999999999999950e+01,-9.425793915936562684e+00,-8.708127703640556661e+01,4.102248844281184148e+01,-3.124864860037596515e+01
1.269999999999999929e+01,-9.433668188644997343e+00,-8.809526856117850002e+01,4.058994782870618678e+01,-3.090696707076287453e+01
1.271000000000000085e+01,-9.441663232525005611e+00,-8.910764328211969598e+01,4.016807737276931789e+01,-3.056355358849322812e+01
1.272000000000000064e+01,-9.449769425235405862e+00,-9.011848805481579916e+01,3.975659002383245166e+01,-3.021860870885360129e+01
1.273000000000000043e+01,-9.457978386996552800e+00,-9.112789775403480519e+01,3.935520457179681131e+01,-2.987231238771741459e+01
1.274000000000000021e+01,-9.466283105654403229e+00,-9.213597411063923914e+01,3.896364688674040622e+01,-2.952482516883225472e+01
1.275000000000000000e+01,-9.474678033254290810e+00,-9.314282446304039809e+01,3.858165100745313225e+01,-2.917628947613857804e+01
1.275999999999999979e+01,-9.483159152742416609e+00,-9.414856045416122754e+01,3.820896006671486589e+01,-2.882683098833909696e+01
1.276999999999999957e+01,-9.491724014185946245e+00,-9.515329670584797839e+01,3.784532704450882790e+01,-2.847656007141226553e+01
1.277999999999999936e+01,-9.500371740690713551e+00,-9.615714950280592177e+01,3.749051534438423516e+01,-2.812557324388756896e+01
1.278999999999999915e+01,-9.509103004976850571e+00,-9.716023551740383368e+01,3.714429919225143806e+01,-2.777395464949020010e+01
1.280000000000000071e+01,-9.517919978326389696e+00,-9.816267060513716558e+01,3.680646386089747324e+01,-2.742177751220221893e+01
1.281000000000000050e+01,-9.526826254321022702e+00,-9.916456869818725295e+01,3.647680572735088589e+01,-2.706910554986151851e+01
1.282000000000000028e+01,-9.535826750425032472e+00,-1.001660408214179654e+02,3.615513217381218425e+01,-2.671599432408833863e+01
1.283000000000000007e+01,-9.544927591017437152e+00,-1.011671942514300895e+02,3.584126134609152103e+01,-2.636249250653519738e+01
1.283999999999999986e+01,-9.554135975926925539e+00,-1.021681318350084098e+02,3.553502178630139241e+01,-2.600864304413704886e+01
1.284999999999999964e+01,-9.563460038857341416e+00,-1.031689514786092019e+02,3.523625195884632433e+01,-2.565448420911032912e+01
1.285999999999999943e+01,-9.572908700305974961e+00,-1.041697458155385050e+02,3.494479969050597390e+01,-2.530005052282176337e+01
1.286999999999999922e+01,-9.582491519661697765e+00,-1.051706020523376992e+02,3.466052154656031803e+01,-2.494537354622535119e+01
1.288000000000000078e+01,-9.592218551127103865e+00,-1.061716019907230049e+02,3.438328216545917115e+01,-2.459048253324846556e+01
1.289000000000000057e+01,-9.602100207937700915e+00,-1.071728222164033042e+02,3.411295357446963550e+01,-2.423540494718501748e+01
1.290000000000000036e+01,-9.612147139058548007e+00,-1.081743344413168302e+02,3.384941450807685470e+01,-2.388016684373556231e+01
1.291000000000000014e+01,-9.622370122131194137e+00,-1.091762059814409440e+02,3.359254974968317242e+01,-2.352479312771630404e+01
1.291999999999999993e+01,-9.632779975934189665e+00,-1.101785003484394281e+02,3.334224951540217319e+01,-2.316930769355740694e+01
1.292999999999999972e+01,-9.643387495020895983e+00,-1.111812779301090899e+02,3.309840889653744966e+01,-2.281373346245171518e+01
1.293999999999999950e+01,-9.654203408525482644e+00,-1.121845967319957538e+02,3.286092737473185821e+01,-2.245809233132013105e+01
1.294999999999999929e+01,-9.665238364399078463e+00,-1.131885131506817856e+02,3.262970842086620848e+01,-2.210240505059322658e+01
1.296000000000000085e+01,-9.676502939570774231e+00,-1.141930827482029400e+02,3.240465918564539294e+01,-2.174669104911890471e+01
1.297000000000000064e+01,-9.688007675744636060e+00,-1.151983609968371667e+02,3.218569028653671893e+01,-2.139096822527162800e+01
1.298000000000000043e+01,-9.699763139760451125e+00,-1.162044039641199902e+02,3.197271569240422551e+01,-2.103525272356244358e+01
1.299000000000000021e+01,-9.711780006686973721e+00,-1.172112689094134481e+02,3.176565270390112516e+01,-2.067955871571419380e+01
1.300000000000000000e+01,-9.724069163098006285e+00,-1.182190147656084065e+02,3.156442202453236590e+01,-2.032389820431437499e+01
1.300999999999999979e+01,-9.736641827325380305e+00,-1.192277024825615257e+02,3.136894791435599927e+01,-1.996828086580520534e+01
1.301999999999999957e+01,-9.749509682905289409e+00,-1.202373952125604433e+02,3.117915841563573665e+01,-1.961271394777028831e+01
1.302999999999999936e+01,-9.762685020952140746e+00,-1.212481583224199397e+02,3.099498563744670676e+01,-1.925720223327344272e+01
1.303999999999999915e+01,-9.776180886820549532e+00,-1.222600592215948296e+02,3.081636608433642976e+01,-1.890174808247419236e+01
1.305000000000000071e+01,-9.790011226164168079e+00,-1.232731670008707852e+02,3.064324101269473744e+01,-1.854635155894340670e+01
1.306000000000000050e+01,-9.804191025376404411e+00,-1.242875518816028517e+02,3.047555679752456825e+01,-1.819101064512021182e+01
1.307000000000000028e+01,-9.818736441409685156e+00,-1.253032844809905555e+02,3.031326529185387031e+01,-1.783572154826172351e+01
1.308000000000000007e+01,-9.833664916118832977e+00,-1.263204349043594448e+02,3.015632416109543712e+01,-1.748047909512392550e+01
1.308999999999999986e+01,-9.848995270555665371e+00,-1.273390716807060556e+02,3.000469717523834134e+01,-1.712527721056675389e+01
1.309999999999999964e+01,-9.864747775055683121e+00,-1.283592605627232501e+02,2.985835444283203444e+01,-1.677010947237064542e+01
1.310999999999999943e+01,-9.880944191488650219e+00,-1.293810632170184647e+02,2.971727257225893126e+01,-1.641496973187065933e+01
1.311999999999999922e+01,-9.897607784685151344e+00,-1.304045358341219583e+02,2.958143474775364012e+01,-1.605985278763214197e+01
1.313000000000000078e+01,-9.914763300781675781e+00,-1.314297276910857590e+02,2.945083070994797581e+01,-1.570475509736278852e+01
1.314000000000000057e+01,-9.932436911031746973e+00,-1.324566797018574107e+02,2.932545663334988362e+01,-1.534967551164643140e+01
1.315000000000000036e+01,-9.950656120486241818e+00,-1.334854229921540991e+02,2.920531489601348696e+01,-1.499461601192614602e+01
1.316000000000000014e+01,-9.969449641834470910e+00,-1.345159775361733239e+02,2.909041373966455879e+01,-1.463958243449574681e+01
1.316999999999999993e+01,-9.988847235592375640e+00,-1.355483508921783198e+02,2.898076682161282491e+01,-1.428458516208757878e+01
1.317999999999999972e+01,-1.000887951870538828e+01,-1.365825370727645520e+02,2.887639266283868977e+01,-1.392963976497902934e+01
1.318999999999999950e+01,-1.002957774447845551e+01,-1.376185155834939167e+02,2.877731399960013903e+01,-1.357476757436395864e+01
1.319999999999999929e+01,-1.005097355753376220e+01,-1.386562506606366014e+02,2.868355704868912781e+01,-1.321999617202088473e+01
1.321000000000000085e+01,-1.007309872821030616e+01,-1.396956907350294159e+02,2.859515069900884399e+01,-1.286535978202867625e+01
1.322000000000000064e+01,-1.009598487144204526e+01,-1.407367681446828556e+02,2.851212564437646435e+01,-1.251089955236946771e+01
1.323000000000000043e+01,-1.011966315566998986e+01,-1.417793991138008209e+02,2.843451347433280674e+01,-1.215666371667651191e+01
1.324000000000000021e+01,-1.014416400774827132e+01,-1.428234840104607599e+02,2.836234574121777285e+01,-1.180270762905803217e+01
1.325000000000000000e+01,-1.016951682008762070e+01,-1.438689078894476268e+02,2.829565302281947936e+01,-1.144909366779362081e+01
1.325999999999999979e+01,-1.019574966643551051e+01,-1.449155413207454046e+02,2.823446400050454841e+01,-1.109589100669271033e+01
1.326999999999999957e+01,-1.022288903272265514e+01,-1.459632414981087720e+02,2.817880457288727669e+01,-1.074317525594715583e+01
1.327999999999999936e+01,-1.025095956930577401e+01,-1.470118536160549070e+02,2.812869702478876022e+01,-1.039102797734587114e+01
1.328999999999999915e+01,-1.027998387071287922e+01,-1.480612124976427424e+02,2.808415927049564687e+01,-1.003953608168153089e+01
1.330000000000000071e+01,-1.030998228865223254e+01,-1.491111444496640672e+02,2.804520418916369096e+01,-9.688791119004717345e+00
1.331000000000000050e+01,-1.034097278358501804e+01,-1.501614693164119103e+02,2.801183906865619733e+01,-9.338888475028777947e+00
1.332000000000000028e+01,-1.037297081959045641e+01,-1.512120026981556293e+02,2.798406517218476708e+01,-8.989926489394960640e+00
1.333000000000000007e+01,-1.040598930658070564e+01,-1.522625582958727648e+02,2.796187743987498209e+01,-8.642005513643390202e+00
1.333999999999999986e+01,-1.044003859315399652e+01,-1.533129503397795190e+02,2.794526433483680705e+01,-8.295226928554502166e+00
1.334999999999999964e+01,-1.047512651252492333e+01,-1.543629960558130279e+02,2.793420784053576256e+01,-7.949692141998309758e+00
1.335999999999999943e+01,-1.051125848304248223e+01,-1.554125181215391933e+02,2.792868361326235416e+01,-7.605501589524427786e+00
1.336999999999999922e+01,-1.054843766381665482e+01,-1.564613470610473485e+02,2.792866129034162981e+01,-7.262753760618299914e+00
1.338000000000000078e+01,-1.058666516493200405e+01,-1.575093235273226924e+02,2.793410495145250394e+01,-6.921544273816258475e+00
1.339000000000000057e+01,-1.062594031064860900e+01,-1.585563004204103095e+02,2.794497372709345484e+01,-6.581965023695796724e+00
1.340000000000000036e+01,-1.066626095288935261e+01,-1.596021447904613524e+02,2.796122254488563641e+01,-6.244103422125442115e+00
1.341000000000000014e+01,-1.070762383121133432e+01,-1.606467394765471965e+02,2.798280300111169794e+01,-5.908041755052138910e+00
1.341999999999999993e+01,-1.075002497437327165e+01,-1.616899844349310911e+02,2.800966434170487673e+01,-5.573856674536240341e+00
1.342999999999999972e+01,-1.079346013756568290e+01,-1.627317977143758867e+02,2.804175453389448336e+01,-5.241618843699892061e+00
1.343999999999999950e+01,-1.083792526839113712e+01,-1.637721160409808761e+02,2.807902140695463089e+01,-4.911392749763215271e+00
1.344999999999999929e+01,-1.088341699378993788e+01,-1.648108949809898434e+02,2.812141383805274941e+01,-4.583236697417433447e+00
1.346000000000000085e+01,-1.092993311933371459e+01,-1.658481086569175034e+02,2.816888295713367540e+01,-4.257202991463581832e+00
1.347000000000000064e+01,-1.097747313167723071e+01,-1.668837490001156709e+02,2.822138334316424135e+01,-3.933338313977688738e+00
1.348000000000000043e+01,-1.102603869449430896e+01,-1.679178245314215303e+02,2.827887418296651489e+01,-3.611684297304945890e+00
1.349000000000000021e+01,-1.107563412794902824e+01,-1.689503586706158842e+02,2.834132036334275995e+01,-3.292278290017695674e+00
1.350000000000000000e+01,-1.112626686168600543e+01,-1.699813875849067415e+02,2.840869346728075229e+01,-2.975154308667959935e+00
1.350999999999999979e+01,-1.117794785147792958e+01,-1.710109575962912629e+02,2.848097264575890719e+01,-2.660344163829668318e+00
1.351999999999999957e+01,-1.123069195005077603e+01,-1.720391221772051438e+02,2.855814533805769884e+01,-2.347878744654658512e+00
1.352999999999999936e+01,-1.128451822321902931e+01,-1.730659385730770907e+02,2.864020781552657979e+01,-2.037789442069220414e+00
1.353999999999999915e+01,-1.133945020329537812e+01,-1.740914640990148428e+02,2.872716552642706489e+01,-1.730109686916737832e+00
1.355000000000000071e+01,-1.139551607277733858e+01,-1.751157521655835865e+02,2.881903322273331725e+01,-1.424876575915580812e+00
1.356000000000000050e+01,-1.145274877253529056e+01,-1.761388480952905127e+02,2.891583485356184369e+01,-1.122132555336175841e+00
1.357000000000000028e+01,-1.151118603009958008e+01,-1.771607847967145233e+02,2.901760321413978616e+01,-8.219271299027401945e-01
1.358000000000000007e+01,-1.157087030513512715e+01,-1.781815783671011957e+02,2.912437934381965476e+01,-5.243185626476518646e-01
1.358999999999999986e+01,-1.163184865075933594e+01,-1.792012236965263412e+02,2.923621167150339417e+01,-2.293755303530106426e-01
1.359999999999999964e+01,-1.169417249095937983e+01,1.797803098526302108e+02,2.935315491184138281e+01,6.282130116874218295e-02
1.360999999999999943e+01,-1.175789731595410004e+01,1.787630826181571990e+02,2.947526872061060033e+01,3.521778173641391674e-01
1.361999999999999922e+01,-1.182308229888375450e+01,1.777471885922721810e+02,2.960261612264671882e+01,6.385851451536990186e-01
1.363000000000000078e+01,-1.188978983865316508e+01,1.767327590916078179e+02,2.973526173049400612e+01,9.219185256743360757e-01
1.364000000000000057e+01,-1.195808503507275589e+01,1.757199660822389262e+02,2.987326977646399229e+01,1.202036399759734087e+00
1.365000000000000036e+01,-1.202803510360199724e+01,1.747090251056153249e+02,3.001670198496164232e+01,1.478779733367651117e+00
1.366000000000000014e+01,-1.209970873798641122e+01,1.737001977587182466e+02,3.016561531568883581e+01,1.751971606627561240e+00
1.366999999999999993e+01,-1.217317542987522572e+01,1.726937936898838757e+02,3.032005961160513507e+01,2.021417086178180611e+00
1.367999999999999972e+01,-1.224850475510665149e+01,1.716901720803388685e+02,3.048007518826959128e+01,2.286903396049156267e+00
1.368999999999999950e+01,-1.232576563675693393e+01,1.706897425903024441e+02,3.064569040337830330e+01,2.548200397595195010e+00
1.369999999999999929e+01,-1.240502559527093851e+01,1.696929657573608665e+02,3.081691924691470419e+01,2.805061383967689892e+00
1.371000000000000085e+01,-1.248634999604317564e+01,1.687003528435280373e+02,3.099375899332859419e+01,3.057224189372753198e+00
1.372000000000000064e+01,-1.256980130471577795e+01,1.677124651358353447e+02,3.117618795753801209e+01,3.304412607972158078e+00
1.373000000000000043e+01,-1.265543836021893753e+01,1.667299127133583454e+02,3.136416339627784211e+01,3.546338111786520475e+00
1.374000000000000021e+01,-1.274331567522688147e+01,1.657533527012354284e+02,3.155761959539297479e+01,3.782701851411831129e+00
1.375000000000000000e+01,-1.283348277324765618e+01,1.647834870394158315e+02,3.175646618205219696e+01,4.013196917826840959e+00
1.375999999999999979e+01,-1.292598357103186224e+01,1.638210598006693033e+02,3.196058669852675393e+01,4.237510838097647614e+00
1.376999999999999957e+01,-1.302085581437922635e+01,1.628668540987806921e+02,3.216983747109597402e+01,4.455328272468842776e+00
1.377999999999999936e+01,-1.311813057475158928e+01,1.619216886339289658e+02,3.238404680378748424e+01,4.666333875249179641e+00
1.378999999999999915e+01,-1.321783181336756208e+01,1.609864139280916788e+02,3.260301452200881300e+01,4.870215277157175393e+00
1.380000000000000071e+01,-1.331997601865084491e+01,1.600619083089561343e+02,3.282651188566930500e+01,5.066666142522787908e+00
1.381000000000000050e+01,-1.342457192202042471e+01,1.591490737063259644e+02,3.305428188513482723e+01,5.255389251081867386e+00
1.382000000000000028e+01,-1.353162029603083560e+01,1.582488313304416181e+02,3.328603992633677677e+01,5.436099551202823399e+00
1.383000000000000007e+01,-1.364111383777044040e+01,1.573621173068643770e+02,3.352147490364004767e+01,5.608527129446406079e+00
1.383999999999999986e+01,-1.375303713918565940e+01,1.564898783477003121e+02,3.376025065076765941e+01,5.772420040512763251e+00
1.384999999999999964e+01,-1.386736674458689578e+01,1.556330675436817330e+02,3.400200775133224340e+01,5.927546942087242421e+00
1.385999999999999943e+01,-1.398407129398903770e+01,1.547926403659112111e+02,3.424636568153805172e+01,6.073699480977740706e+00
1.386999999999999922e+01,-1.410311174911903542e+01,1.539695509696047111e+02,3.449292524863136578e+01,6.210694380380154200e+00
1.388000000000000078e+01,-1.422444169687112847e+01,1.531647488946119893e+02,3.474127127998304587e+01,6.338375183197030971e+00
1.389000000000000057e+01,-1.434800772269835534e+01,1.523791762585236143e+02,3.499097550960052416e+01,6.456613613078223679e+00
1.390000000000000036e+01,-1.447374984390136632e+01,1.516137655372926929e+02,3.524159960173734873e+01,6.565310523223834238e+00
1.391000000000000014e+01,-1.460160199002848280e+01,1.508694380250546772e+02,3.549269824544398233e+01,6.664396412863326624e+00
1.391999999999999993e+01,-1.473149251466912801e+01,1.501471030587441646e+02,3.574382224972505639e+01,6.753831502494758610e+00
1.392999999999999972e+01,-1.486334471986105576e+01,1.494476580836199560e+02,3.599452156675422287e+01,6.833605371162528641e+00
1.393999999999999950e+01,-1.499707737120476736e+01,1.487719896224795662e+02,3.624434817059557901e+01,6.903736171906134089e+00
1.394999999999999929e+01,-1.513260517868921617e+01,1.481209751937483361e+02,3.649285872129565433e+01,6.964269454589802955e+00
1.396000000000000085e+01,-1.526983921527264521e+01,1.474954862013457273e+02,3.673961694912174636e+01,7.015276638169757994e+00
1.397000000000000064e+01,-1.540868724258254474e+01,1.468963917921144287e+02,3.698419570115591171e+01,7.056853186526317323e+00
1.398000000000000043e+01,-1.554905391081545218e+01,1.463245636444103752e+02,3.722617860227094866e+01,7.089116552801910665e+00
1.399000000000000021e+01,-1.569084079820267874e+01,1.457808816143178774e+02,3.746516129450771615e+01,7.112203966210672412e+00
1.400000000000000000e+01,-1.583394625441034087e+01,1.452662401239572603e+02,3.770075223269876830e+01,7.126270142091191140e+00
1.400999999999999979e+01,-1.597826501213808648e+01,1.447815551299085826e+02,3.793257302941559317e+01,7.131485000150457054e+00
1.401999999999999957e+01,-1.612368753212329864e+01,1.443277714592872485e+02,3.816025835842764735e+01,7.128031477125538196e+00
1.402999999999999936e+01,-1.627009904893738934e+01,1.439058702471999993e+02,3.838345544229355966e+01,7.116103518252357318e+00
1.403999999999999915e+01,-1.641737828853245063e+01,1.435168761528838104e+02,3.860182316582862683e+01,7.095904326938725859e+00
1.405000000000000071e+01,-1.656539583365005797e+01,1.431618639738213119e+02,3.881503087239114080e+01,7.067644943925537326e+00
1.406000000000000050e+01,-1.671401212013243054e+01,1.428419642185824898e+02,3.902275691360652132e+01,7.031543216180723199e+00
1.407000000000000028e+01,-1.686307505607242874e+01,1.425583671414844105e+02,3.922468703471606943e+01,6.987823202105621689e+00
1.408000000000000007e+01,-1.701241726685489297e+01,1.423123246871331276e+02,3.942051268672045694e+01,6.936715043728979957e+00
1.408999999999999986e+01,-1.716185298270374560e+01,1.421051497426088872e+02,3.960992936244612395e+01,6.878455318954079800e+00
1.409999999999999964e+01,-1.731117460164339050e+01,1.419382120525164055e+02,3.979263505628116349e+01,6.813287868142766435e+00
1.410999999999999943e+01,-1.746014898007810601e+01,1.418129301210315703e+02,3.996832894640274958e+01,6.741465070019294181e+00
1.411999999999999922e+01,-1.760851352570696449e+01,1.417307584105490434e+02,4.013671039372687943e+01,6.663249522714473905e+00
1.413000000000000078e+01,-1.775597219338310850e+01,1.416931691550836945e+02,4.029747834359583436e+01,6.578916067418935754e+00
1.414000000000000057e+01,-1.790219151374715878e+01,1.417016281464536291e+02,4.045033120451381592e+01,6.488754075253488907e+00
1.415000000000000036e+01,-1.804679681665729518e+01,1.417575639325396821e+02,4.059496726329658145e+01,6.393069903256523467e+00
1.416000000000000014e+01,-1.818936884582290858e+01,1.418623300013421158e+02,4.073108567822109904e+01,6.292189413422668132e+00
1.416999999999999993e+01,-1.832944099613531463e+01,1.420171597248786099e+02,4.085838807161018593e+01,6.186460440086134049e+00
1.417999999999999972e+01,-1.846649743871579830e+01,1.422231141160223729e+02,4.097658072139787322e+01,6.076255086059335397e+00
1.418999999999999950e+01,-1.859997242730451106e+01,1.424810228199222308e+02,4.108537732825758582e+01,5.961971727212397987e+00
1.419999999999999929e+01,-1.872925109886710615e+01,1.427914192258196238e+02,4.118450231165024178e+01,5.844036608831642887e+00
1.421000000000000085e+01,-1.885367208561205743e+01,1.431544711427713708e+02,4.127369456547856430e+01,5.722904925234835183e+00
1.422000000000000064e+01,-1.897253223859489424e+01,1.435699091193448282e+02,4.135271158281314996e+01,5.599061286674680282e+00
1.423000000000000043e+01,-1.908509371803891597e+01,1.440369551712551015e+02,4.142133384026251264e+01,5.473019494302111987e+00
1.424000000000000021e+01,-1.919059362642731159e+01,1.445542553605084777e+02,4.147936931684670014e+01,5.345321564436343209e+00
1.425000000000000000e+01,-1.928825624331619437e+01,1.451198202714069794e+02,4.152665801048255645e+01,5.216535967013075314e+00
1.425999999999999979e+01,-1.937730776533951627e+01,1.457309778604823407e+02,4.156307630805310538e+01,5.087255069041948019e+00
1.426999999999999957e+01,-1.945699326597675949e+01,1.463843433151904776e+02,4.158854106301452447e+01,4.958091801283067035e+00
1.427999999999999936e+01,-1.952659537892572672e+01,1.470758103388814959e+02,4.160301323789227013e+01,4.829675594077988521e+00
1.428999999999999915e+01,-1.958545399499097428e+01,1.478005676078452950e+02,4.160650097788288093e+01,4.702647655223518797e+00
1.430000000000000071e+01,-1.963298607003946117e+01,1.485531429849311564e+02,4.159906199594863097e+01,4.577655687811779117e+00
1.431000000000000050e+01,-1.966870449896268624e+01,1.493274764530604273e+02,4.158080516879780220e+01,4.455348167988657515e+00
1.432000000000000028e+01,-1.969223494507116712e+01,1.501170207581731404e+02,4.155189126631741914e+01,4.336368320599862436e+00
1.433000000000000007e+01,-1.970332954700154815e+01,1.509148666083460739e+02,4.151253276345786958e+01,4.221347943903928090e+00
1.433999999999999986e+01,-1.970187656560199230e+01,1.517138872054978265e+02,4.146299271218666149e+01,4.110901242313150128e+00
1.434999999999999964e+01,-1.968790527562799397e+01,1.525068951516202276e+02,4.140358268074334092e+01,4.005618828139350995e+00
1.435999999999999943e+01,-1.966158572945177951e+01,1.532868036115674215e+02,4.133465979682187452e+01,3.906062049521739965e+00
1.436999999999999922e+01,-1.962322338670286470e+01,1.540467831970026396e+02,4.125662295924531975e+01,3.812757792275630830e+00
1.438000000000000078e+01,-1.957324897130067143e+01,1.547804064222945613e+02,4.116990830809356794e+01,3.726193888854353986e+00
1.439000000000000057e+01,-1.951220424206269044e+01,1.554817727157319496e+02,4.107498406511101052e+01,3.646815248617718552e+00
1.440000000000000036e+01,-1.944072460896713750e+01,1.561456086836568318e+02,4.097234487380864465e+01,3.575020801082661404e+00
1.441000000000000014e+01,-1.935951967174324651e+01,1.567673403841587287e+02,4.086250578144710488e+01,3.511161318781393259e+00
1.441999999999999993e+01,-1.926935279448546723e+01,1.573431365077255180e+02,4.074599601276709393e+01,3.455538159853378311e+00
1.442999999999999972e+01,-1.917102076853696602e+01,1.578699233423681392e+02,4.062335268788633158e+01,3.408402943615844283e+00
1.443999999999999950e+01,-1.906533447672705961e+01,1.583453740346598408e+02,4.049511463440252612e+01,3.369958146108166464e+00
1.444999999999999929e+01,-1.895310128234542191e+01,1.587678758365670717e+02,4.036181643681467790e+01,3.340358577869819712e+00
1.446000000000000085e+01,-1.883510965417539396e+01,1.591364797190168190e+02,4.022398285545439478e+01,3.319713683774135227e+00
1.447000000000000064e+01,-1.871211632932460489e+01,1.594508369706623228e+02,4.008212373284909091e+01,3.308090585157536179e+00
1.448000000000000043e+01,-1.858483612724872813e+01,1.597111272625149923e+02,3.993672948854177918e+01,3.305517768195121775e+00
1.449000000000000021e+01,-1.845393437296212724e+01,1.599179822468922509e+02,3.978826728459237216e+01,3.311989309714995944e+00
1.450000000000000000e+01,-1.832002177002469878e+01,1.600724081762736262e+02,3.963717792400594675e+01,3.327469522495758003e+00
1.450999999999999979e+01,-1.818365148416314980e+01,1.601757103666794819e+02,3.948387352383196713e+01,3.351897896526520260e+00
1.451999999999999957e+01,-1.804531815231437264e+01,1.602294216646278358e+02,3.932873598423684314e+01,3.385194210571654594e+00
1.452999999999999936e+01,-1.790545851343938466e+01,1.602352364583875044e+02,3.917211625500863192e+01,3.427263689426861326e+00
1.453999999999999915e+01,-1.776445335986555563e+01,1.601949512341929562e+02,3.901433438210290205e+01,3.478002086225322476e+00
1.455000000000000071e+01,-1.762263052472971481e+01,1.601104122305137309e+02,3.885568029935200229e+01,3.537300575714147577e+00
1.456000000000000050e+01,-1.748026864670042002e+01,1.599834703896312931e+02,3.869641531459452466e+01,3.605050353262784668e+00
1.457000000000000028e+01,-1.733760148311439764e+01,1.598159435385794040e+02,3.853677422546659415e+01,3.681146845150374602e+00
1.458000000000000007e+01,-1.719482257368167666e+01,1.596095855390578322e+02,3.837696798807834142e+01,3.765493448094325846e+00
1.458999999999999986e+01,-1.705209008681472937e+01,1.593660620144316340e+02,3.821718685191870435e+01,3.858004729715313719e+00
1.459999999999999964e+01,-1.690953170811906148e+01,1.590869321777130665e+02,3.805760386668185902e+01,3.958609036376414814e+00
1.460999999999999943e+01,-1.676724945503421083e+01,1.587736362351361663e+02,3.789837866135452060e+01,4.067250470285880048e+00
1.461999999999999922e+01,-1.662532432293735241e+01,1.584274878152546933e+02,3.773966139290973842e+01,4.183890213601583419e+00
1.463000000000000078e+01,-1.648382068640228582e+01,1.580496708652859184e+02,3.758159676131896276e+01,4.308507193218345854e+00
1.464000000000000057e+01,-1.634279039515397969e+01,1.576412404588479603e+02,3.742432798933453597e+01,4.441098095609282481e+00
1.465000000000000036e+01,-1.620227651800895075e+01,1.572031269681582444e+02,3.726800066954807988e+01,4.581676756228810099e+00
1.466000000000000014e+01,-1.606231670019359115e+01,1.567361430669872107e+02,3.711276638749113488e+01,4.730272962190575470e+00
1.466999999999999993e+01,-1.592294611028722073e+01,1.562409930468340065e+02,3.695878603789365258e+01,4.886930719906529497e+00
1.467999999999999972e+01,-1.578419996292262972e+01,1.557182839477517007e+02,3.680623276141201217e+01,5.051706050772785339e+00
1.468999999999999950e+01,-1.564611561250540106e+01,1.551685380271836152e+02,3.665529444093055389e+01,5.224664387526559040e+00
1.469999999999999929e+01,-1.550873422168254478e+01,1.545922061155173424e+02,3.650617570960143610e+01,5.405877651332125389e+00
1.471000000000000085e+01,-1.537210201611839366e+01,1.539896814363297608e+02,3.635909943674053579e+01,5.595421094781357851e+00
1.472000000000000064e+01,-1.523627114426313156e+01,1.533613135027237320e+02,3.621430767211879242e+01,5.793369998709497537e+00
1.473000000000000043e+01,-1.510130016714481016e+01,1.527074217387708757e+02,3.607206204365749613e+01,5.999796310980996417e+00
1.474000000000000021e+01,-1.496725420866127010e+01,1.520283085165265504e+02,3.593264361760531500e+01,6.214765313246649825e+00
1.475000000000000000e+01,-1.483420480127872487e+01,1.513242713437085172e+02,3.579635224351378753e+01,6.438332397249406647e+00
1.475999999999999979e+01,-1.470222946538559228e+01,1.505956139839364312e+02,3.566350541837319810e+01,6.670540025780612226e+00
1.476999999999999957e+01,-1.457141106273052600e+01,1.498426563393387880e+02,3.553443671475552179e+01,6.911414945141342692e+00
1.477999999999999936e+01,-1.444183696540444117e+01,1.490657429728924512e+02,3.540949382651584187e+01,7.160965706320086888e+00
1.478999999999999915e+01,-1.431359808172988757e+01,1.482652501939702177e+02,3.528903629230976691e+01,7.419180541409510887e+00
1.480000000000000071e+01,-1.418678777928977830e+01,1.474415916738512919e+02,3.517343296182269796e+01,7.686025630491299054e+00
1.481000000000000050e+01,-1.406150074327980271e+01,1.465952225974199621e+02,3.506305927216047280e+01,7.961443782708598427e+00
1.482000000000000028e+01,-1.393783180555769974e+01,1.457266423920978866e+02,3.495829440239661068e+01,8.245353543908747085e+00
1.483000000000000007e+01,-1.381587477635530448e+01,1.448363961046499071e+02,3.485951837295293387e+01,8.537648732421608599e+00
1.483999999999999986e+01,-1.369572130679494570e+01,1.439250745204913642e+02,3.476710915352504827e+01,8.838198394555876192e+00
1.484999999999999964e+01,-1.357745980628611804e+01,1.429933131386401328e+02,3.468143983888815285e+01,9.146847162437191869e+00
1.485999999999999943e+01,-1.346117443472718733e+01,1.420417901284129982e+02,3.460287594642910847e+01,9.463415989115453897e+00
1.486999999999999922e+01,-1.334694418534714444e+01,1.410712234020282381e+02,3.453177288291536229e+01,9.787703229464701948e+00
1.488000000000000078e+01,-1.323484207011325076e+01,1.400823669407215561e+02,3.446847362114219493e+01,1.011948603038412564e+01
1.489000000000000057e+01,-1.312493441598892829e+01,1.390760065115748887e+02,3.441330661994225437e+01,1.045852199013209649e+01
1.490000000000000036e+01,-1.301728027702225887e+01,1.380529549086192844e+02,3.436658401384664074e+01,1.080455104422756918e+01
1.491000000000000014e+01,-1.291193096431974929e+01,1.370140468455368534e+02,3.432860009166537196e+01,1.115729753413910963e+01
1.491999999999999993e+01,-1.280892969342757581e+01,1.359601336191658731e+02,3.429963007656072449e+01,1.151647241480553596e+01
1.492999999999999972e+01,-1.270831134650203076e+01,1.348920776535420316e+02,3.427992921394901060e+01,1.188177555776050376e+01
1.493999999999999950e+01,-1.261010234489257797e+01,1.338107470239267229e+02,3.426973216787996535e+01,1.225289810810402535e+01
1.494999999999999929e+01,-1.251432062634546227e+01,1.327170100496183807e+02,3.426925272143532197e+01,1.262952485563667970e+01
1.496000000000000085e+01,-1.242097571994631622e+01,1.316117300336579490e+02,3.427868377220860197e+01,1.301133658299501406e+01
1.497000000000000064e+01,-1.233006891109194747e+01,1.304957602170765654e+02,3.429819761002761425e+01,1.339801235650321587e+01
1.498000000000000043e+01,-1.224159348820620252e+01,1.293699390053192531e+02,3.432794646078031064e+01,1.378923172854324797e+01
1.499000000000000021e+01,-1.215553506252823013e+01,1.282350855149648794e+02,3.436806327743313716e+01,1.418467682349985459e+01
1.500000000000000000e+01,-1.207187195208027752e+01,1.270919954799900893e+02,3.441866275705250189e+01,1.458403428266239743e+01
1.500999999999999979e+01,-1.199057562083472916e+01,1.259414375485283131e+02,3.447984256082208532e+01,1.498699704683632739e+01
1.501999999999999957e+01,-1.191161116412197885e+01,1.247841499934020817e+02,3.455168471264324381e+01,1.539326595878259774e+01
1.502999999999999936e+01,-1.183493783142160893e+01,1.236208378525518015e+02,3.463425715087277723e+01,1.580255117097085105e+01
1.503999999999999915e+01,-1.176050957786051754e+01,1.224521705088805561e+02,3.472761540708103922e+01,1.621457334744761880e+01
1.505000000000000071e+01,-1.168827563597698571e+01,1.212787797127953553e+02,3.483180438538343537e+01,1.662906465192668293e+01
1.506000000000000050e+01,-1.161818109960510625e+01,1.201012580449500433e+02,3.494686021589890146e+01,1.704576951744184043e+01
1.507000000000000028e+01,-1.155016751207694803e+01,1.189201578112082700e+02,3.507281215622506210e+01,1.746444519609672241e+01
1.508000000000000007e+01,-1.148417345134115308e+01,1.177359903567116248e+02,3.520968451550250222e+01,1.788486209054438802e+01
1.508999999999999986e+01,-1.142013510504830798e+01,1.165492257810955152e+02,3.535749857666864671e+01,1.830680387183056013e+01
1.509999999999999964e+01,-1.135798682916389879e+01,1.153602930323859681e+02,3.551627449388793423e+01,1.873006739108472729e+01
1.510999999999999943e+01,-1.129766168423864237e+01,1.141695803529240862e+02,3.568603314389532954e+01,1.915446239521225635e+01
1.511999999999999922e+01,-1.123909194409755052e+01,1.129774360469047281e+02,3.586679791209234480e+01,1.957981105915318309e+01
1.513000000000000078e+01,-1.118220957239668678e+01,1.117841695357667646e+02,3.605859639667876593e+01,2.000594734940021269e+01
1.514000000000000057e+01,-1.112694666324570392e+01,1.105900526648691766e+02,3.626146201686214710e+01,2.043271623521525271e+01
1.515000000000000036e+01,-1.107323584289042273e+01,1.093953212226492440e+02,3.647543551421512120e+01,2.085997276531664824e+01
1.516000000000000014e+01,-1.102101063029206429e+01,1.082001766318898461e+02,3.670056633949878488e+01,2.128758102864637891e+01
1.516999999999999993e+01,-1.097020575531033870e+01,1.070047877718849634e+02,3.693691392065661461e+01,2.171541301812828806e+01
1.517999999999999972e+01,-1.092075743408519806e+01,1.058092928902222951e+02,3.718454881113503774e+01,2.214334741605058454e+01
1.518999999999999950e+01,-1.087260360210072463e+01,1.046138015636492611e+02,3.744355372110745606e+01,2.257126831881735995e+01
1.519999999999999929e+01,-1.082568410628096345e+01,1.034183966691082475e+02,3.771402443744575095e+01,2.299906391729851407e+01
1.521000000000000085e+01,-1.077994085829600657e+01,1.022231363284240189e+02,3.799607064132091949e+01,2.342662514689086350e+01
1.522000000000000064e+01,-1.073531795202351269e+01,1.010280557934025580e+02,3.828981663496794852e+01,2.385384431867941046e+01
1.523000000000000043e+01,-1.069176174879986796e+01,9.983316924207268528e+01,3.859540199135300753e+01,2.428061373983218019e+01
1.524000000000000021e+01,-1.064922093467571607e+01,9.863847146148340528e+01,3.891298214208037365e+01,2.470682432763812031e+01
1.525000000000000000e+01,-1.060764655436683057e+01,9.744393939772018598e+01,3.924272891982619882e+01,2.513236421745865812e+01
1.525999999999999979e+01,-1.056699202691845585e+01,9.624953355948429135e+01,3.958483107175153748e+01,2.555711736047998883e+01
1.526999999999999957e+01,-1.052721314829991428e+01,9.505519926757722260e+01,3.993949475971021457e+01,2.598096210256959182e+01
1.527999999999999936e+01,-1.048826808618230011e+01,9.386086774877846040e+01,4.030694406153313025e+01,2.640376973095025903e+01
1.528999999999999915e+01,-1.045011737203484614e+01,9.266645707869787429e+01,4.068742148524710700e+01,2.682540297093522597e+01
1.530000000000000071e+01,-1.041272389541068222e+01,9.147187298412882228e+01,4.108118850474972561e+01,2.724571441073513256e+01
1.531000000000000050e+01,-1.037605290486694365e+01,9.027700952094552633e+01,4.148852612123481265e+01,2.766454482858034325e+01
1.532000000000000028e+01,-1.034007201940958609e+01,8.908174964864318213e+01,4.190973544958034580e+01,2.808172139316621951e+01
1.533000000000000007e+01,-1.030475125366915279e+01,8.788596572690833852e+01,4.234513832306830494e+01,2.849705570594854720e+01
1.533999999999999986e+01,-1.027006305922309792e+01,8.668951996315929875e+01,4.279507790323712157e+01,2.891034165217586249e+01
1.534999999999999964e+01,-1.023598238360646384e+01,8.549226484252787372e+01,4.325991927455142161e+01,2.932135302691566636e+01
1.535999999999999943e+01,-1.020248674761672625e+01,8.429404357333170594e+01,4.374004999596871812e+01,2.972984090279260272e+01
1.536999999999999922e+01,-1.016955634055258528e+01,8.309469058150013154e+01,4.423588057360532844e+01,3.013553070783313714e+01
1.538000000000000078e+01,-1.013717413205415241e+01,8.189403208678106694e+01,4.474784481063989716e+01,3.053811898475417053e+01
1.539000000000000057e+01,-1.010532599826265532e+01,8.069188679173960566e+01,4.527639998256972120e+01,3.093726980734005139e+01
1.540000000000000036e+01,-1.007400085912965970e+01,7.948806671168192395e+01,4.582202677810526126e+01,3.133261083521185952e+01
1.541000000000000014e+01,-1.004319082289230636e+01,7.828237816976958641e+01,4.638522893850316819e+01,3.172372899537070268e+01
1.541999999999999993e+01,-1.001289133303233214e+01,7.707462297675449747e+01,4.696653252123923039e+01,3.211016578737693550e+01
1.542999999999999972e+01,-9.983101312464610189e+00,7.586459980919897816e+01,4.756648470772236692e+01,3.249141221890732112e+01
1.543999999999999950e+01,-9.953823299289258131e+00,7.465210579384060452e+01,4.818565206948508006e+01,3.286690338966630520e+01
1.544999999999999929e+01,-9.925063568182716622e+00,7.343693829910235138e+01,4.882461820310346212e+01,3.323601275425675539e+01
1.546000000000000085e+01,-9.896832231437388216e+00,7.221889692789476101e+01,4.948398064120593176e+01,3.359804610849540296e+01
1.547000000000000064e+01,-9.869143313758911518e+00,7.099778569891419977e+01,5.016434694553117879e+01,3.395223535887578237e+01
1.548000000000000043e+01,-9.842014795220050516e+00,6.977341539691845185e+01,5.086632988830508850e+01,3.429773215128070518e+01
1.549000000000000021e+01,-9.815468617224251346e+00,6.854560606611426010e+01,5.159054163046749153e+01,3.463360145264542211e+01
1.550000000000000000e+01,-9.789530646947849135e+00,6.731418961499372244e+01,5.233758680980961486e+01,3.495881519796274972e+01
1.550999999999999979e+01,-9.764230596483763236e+00,6.607901249594628723e+01,5.310805445916501810e+01,3.527224613470325210e+01
1.551999999999999957e+01,-9.739601893781166808e+00,6.483993841880955245e+01,5.390250868486593561e+01,3.557266201725258981e+01
1.552999999999999936e+01,-9.715681503436233157e+00,6.359685105439805142e+01,5.472147804912098934e+01,3.585872032511318963e+01
1.553999999999999915e+01,-9.692509696414418841e+00,6.234965668196674926e+01,5.556544361732606774e+01,3.612896370005403668e+01
1.555000000000000071e+01,-9.670129768838926054e+00,6.109828673363301021e+01,5.643482565306805299e+01,3.638181631868314980e+01
1.556000000000000050e+01,-9.648587711038823400e+00,5.984270018893181486e+01,5.732996897031851091e+01,3.661558143743319249e+01
1.557000000000000028e+01,-9.627931829082909232e+00,5.858288577391209628e+01,5.825112698455644988e+01,3.682844036588480918e+01
1.558000000000000007e+01,-9.608212322006705719e+00,5.731886392145632669e+01,5.919844454276238110e+01,3.701845314064944148e+01
1.558999999999999986e+01,-9.589480818843423293e+00,5.605068845260170463e+01,6.017193965683354406e+01,3.718356118442686409e+01
1.559999999999999964e+01,-9.571789880388987370e+00,5.477844794264232320e+01,6.117148431599616742e+01,3.732159224168700007e+01
1.560999999999999943e+01,-9.555192471330357762e+00,5.350226674033035579e+01,6.219678461124942004e+01,3.743026788199679089e+01
1.561999999999999922e+01,-9.539741408966062153e+00,5.222230561361842405e+01,6.324736046809103129e+01,3.750721385208384362e+01
1.563000000000000078e+01,-9.525488795209897219e+00,5.093876200084388017e+01,6.432252535173951458e+01,3.754997353624435164e+01
1.564000000000000057e+01,-9.512485438924084491e+00,4.965186985195689573e+01,6.542136638004575389e+01,3.755602474920267753e+01
1.565000000000000036e+01,-9.500780275856190116e+00,4.836189905018441948e+01,6.654272535084137985e+01,3.752280003394101726e+01
1.566000000000000014e+01,-9.490419793575398444e+00,4.706915441034450254e+01,6.768518125929368523e+01,3.744771056735839210e+01
1.566999999999999993e+01,-9.481447468821954772e+00,4.577397425572329581e+01,6.884703494287100511e+01,3.732817368756428067e+01
1.567999999999999972e+01,-9.473903224605908946e+00,4.447672858098606952e+01,7.002629654182098307e+01,3.716164394766336443e+01
1.568999999999999950e+01,-9.467822914234911735e+00,4.317781681396280646e+01,7.122067649605500606e+01,3.694564747265268068e+01
1.569999999999999929e+01,-9.463237839217326197e+00,4.187766519425959189e+01,7.242758080907290719e+01,3.667781925068860005e+01
1.571000000000000085e+01,-9.460174307692540197e+00,4.057672379156071685e+01,7.364411128994750300e+01,3.635594283130439663e+01
1.572000000000000064e+01,-9.458653239682057290e+00,3.927546319113545792e+01,7.486707142990557884e+01,3.597799173701525888e+01
1.573000000000000043e+01,-9.458689825052765343e+00,3.797437087849497317e+01,7.609297847609128951e+01,3.554217172881121201e+01
1.574000000000000021e+01,-9.460293239615852556e+00,3.667394735942794881e+01,7.731808212884615727e+01,3.504696291011278930e+01
1.575000000000000000e+01,-9.463466424279934230e+00,3.537470205564691383e+01,7.853839010996281900e+01,3.449116051874441524e+01
1.575999999999999979e+01,-9.468205931603192127e+00,3.407714902017516323e+01,7.974970063040152013e+01,3.387391315459140628e+01
1.576999999999999957e+01,-9.474501843460318540e+00,3.278180252029726205e+01,8.094764153310855193e+01,3.319475713371895864e+01
1.577999999999999936e+01,-9.482337762848354501e+00,3.148917253933915816e+01,8.212771560974314866e+01,3.245364565876247553e+01
1.578999999999999915e+01,-9.491690882077119085e+00,3.019976025180359969e+01,8.328535130272987885e+01,3.165097155914015659e+01
1.580000000000000071e+01,-9.502532128740767803e+00,2.891405352924377326e+01,8.441595772270304110e+01,3.078758248799809039e+01
1.581000000000000050e+01,-9.514826389928366268e+00,2.763252253678154347e+01,8.551498265452565306e+01,2.986478766644201599e+01
1.582000000000000028e+01,-9.528532814093374270e+00,2.635561548208732319e+01,8.657797201202649262e+01,2.888435553461798833e+01
1.583000000000000007e+01,-9.543605188886143509e+00,2.508375457996234914e+01,8.760062905029514013e+01,2.784850199296736051e+01
1.583999999999999986e+01,-9.559992392041964493e+00,2.381733229608960656e+01,8.857887157026776492e+01,2.675986927954208383e+01
1.584999999999999964e+01,-9.577638911133307786e+00,2.255670793301767318e+01,8.950888536385957650e+01,2.562149591010442151e+01
1.585999999999999943e+01,-9.596485426654297157e+00,2.130220461974192503e+01,9.038717225368341701e+01,2.443677848323051194e+01
1.586999999999999922e+01,-9.616469451526338474e+00,2.005410676324897068e+01,9.121059127701032310e+01,2.320942649823485837e+01
1.588000000000000078e+01,-9.637526018732787136e+00,1.881265801595446518e+01,9.197639183950927588e+01,2.194341162593858741e+01
1.589000000000000057e+01,-9.659588407446360492e+00,1.757805980692539549e+01,9.268223800436365423e+01,2.064291309097041704e+01
1.590000000000000036e+01,-9.682588896738881346e+00,1.635047047717503688e+01,9.332622346519934808e+01,1.931226095477815718e+01
1.591000000000000014e+01,-9.706459534824313451e+00,1.513000505004933061e+01,9.390687715207069175e+01,1.795587912260791441e+01
1.591999999999999993e+01,-9.731132910819122017e+00,1.391673565690744852e+01,9.442315981265134894e+01,1.657822983485355905e+01
1.592999999999999972e+01,-9.756542915267907290e+00,1.271069262611325712e+01,9.487445227096492317e+01,1.518376125007646138e+01
1.593999999999999950e+01,-9.782625475229512091e+00,1.151186622987588137e+01,9.526053637208549674e+01,1.377685949666315146e+01
1.594999999999999929e+01,-9.809319249583305478e+00,1.032020906921642656e+01,9.558156985673670647e+01,1.236180628100032131e+01
1.596000000000000085e+01,-9.836566270448360072e+00,9.135639062482423967e+00,9.583805656425639086e+01,1.094274281336670462e+01
1.597000000000000064e+01,-9.864312517219532950e+00,7.958042987912702593e+00,9.603081343212164711e+01,9.523640471207928115e+00
1.598000000000000043e+01,-9.892508410737937297e+00,6.787280516245206563e+00,9.616093574740918370e+01,8.108278284858801754e+00
1.599000000000000021e+01,-9.921109216521001528e+00,5.623188655724359108e+00,9.622976201800948104e+01,6.700227022513244535e+00
1.600000000000000000e+01,-9.950075347753550403e+00,4.465586519698960366e+00,9.623883968116159338e+01,5.302839385225280644e+00
