f_GHz,S11_dB,S11_deg,ReZin_ohm,ImZin_ohm
1.000000000000000000e+00,-4.061206128663256143e-01,-1.343850570450635473e+02,1.375226964110987327e+00,-2.101222007809860770e+01
1.010000000000000009e+00,-4.104827232222693634e-01,-1.359230592467951055e+02,1.374688129909445333e+00,-2.022722691417650864e+01
1.020000000000000018e+00,-4.149980127151702836e-01,-1.374667328637475521e+02,1.375024785977807307e+00,-1.944786660718067495e+01
1.030000000000000027e+00,-4.196518729807958703e-01,-1.390163341753700479e+02,1.376174430970255935e+00,-1.867368922862232949e+01
1.040000000000000036e+00,-4.244368656745428625e-01,-1.405721504809439182e+02,1.378101674486797323e+00,-1.790423993186460905e+01
1.050000000000000044e+00,-4.293536333126590776e-01,-1.421344882811957007e+02,1.380799924421478808e+00,-1.713906439352693667e+01
1.060000000000000053e+00,-4.344113657073342960e-01,-1.437036603879814436e+02,1.384291663066500755e+00,-1.637771442423077417e+01
1.070000000000000062e+00,-4.396277973032791109e-01,-1.452799726808342200e+02,1.388627331403156751e+00,-1.561975342326788407e+01
1.080000000000000071e+00,-4.450287372805428743e-01,-1.468637112450625750e+02,1.393882913255522604e+00,-1.486476136822470906e+01
1.090000000000000080e+00,-4.506471605387101786e-01,-1.484551305992821426e+02,1.400156376813016301e+00,-1.411233906312195785e+01
1.100000000000000089e+00,-4.565219120254691010e-01,-1.500544436528331289e+02,1.407563186763415519e+00,-1.336211141507972044e+01
1.110000000000000098e+00,-4.626960978766423427e-01,-1.516618139302428574e+02,1.416231142959696765e+00,-1.261372956684434143e+01
1.120000000000000107e+00,-4.692152533126325298e-01,-1.532773504676826519e+02,1.426294829170368761e+00,-1.186687177704136253e+01
1.129999999999999893e+00,-4.761253883389975905e-01,-1.549011056337964192e+02,1.437889967114351020e+00,-1.112124300776273067e+01
1.139999999999999902e+00,-4.834710175502558993e-01,-1.565330759637610356e+02,1.451147966822764479e+00,-1.037657324611602050e+01
1.149999999999999911e+00,-4.912932796371518585e-01,-1.581732059305678035e+02,1.466190945544191271e+00,-9.632614649055810219e+00
1.159999999999999920e+00,-4.996282457981705005e-01,-1.598213944203908170e+02,1.483127455836382724e+00,-8.889137656165152279e+00
1.169999999999999929e+00,-5.085055047044579890e-01,-1.614775035376521828e+02,1.502049121616408689e+00,-8.145926260761875426e+00
1.179999999999999938e+00,-5.179470957449675561e-01,-1.631413692467814371e+02,1.523028331495800414e+00,-7.402772664237601496e+00
1.189999999999999947e+00,-5.279668429364116067e-01,-1.648128132669520483e+02,1.546117084481823056e+00,-6.659471561084758129e+00
1.199999999999999956e+00,-5.385701201746009303e-01,-1.664916555769171680e+02,1.571347026731581664e+00,-5.915814312432386757e+00
1.209999999999999964e+00,-5.497540555401404516e-01,-1.681777268615480239e+02,1.598730661936281772e+00,-5.171583264385470891e+00
1.219999999999999973e+00,-5.615081592709965097e-01,-1.698708802403990603e+02,1.628263664258904564e+00,-4.426546454690052812e+00
1.229999999999999982e+00,-5.738153378771058133e-01,-1.715710016607462762e+02,1.659928173479057634e+00,-3.680452928140189428e+00
1.239999999999999991e+00,-5.866532367462314879e-01,-1.732780184108897288e+02,1.693696908824438019e+00,-2.933028848814330569e+00
1.250000000000000000e+00,-5.999958364458254367e-01,-1.749919053105697913e+02,1.729537902423263107e+00,-2.183974556992997584e+00
1.260000000000000009e+00,-6.138152146214206351e-01,-1.767126882593653363e+02,1.767419626753879092e+00,-1.432962671989473469e+00
1.270000000000000018e+00,-6.280833766366334947e-01,-1.784404449649695437e+02,1.807316274051890659e+00,-6.796372909000715223e-01
1.280000000000000027e+00,-6.427740544088823560e-01,1.798246971757030224e+02,1.849212940243831760e+00,7.638572051186193201e-02
1.290000000000000036e+00,-6.578643745438643720e-01,1.780825659163255352e+02,1.893110472110285825e+00,8.355174026428336953e-01
1.300000000000000044e+00,-6.733363038633527475e-01,1.763329514483181697e+02,1.939029754065057842e+00,1.598193452278656501e+00
1.310000000000000053e+00,-6.891777924500941399e-01,1.745756157286903374e+02,1.987015239601692906e+00,2.364871205001261245e+00
1.320000000000000062e+00,-7.053835507918881920e-01,1.728103033306846896e+02,2.037137570909467676e+00,3.136026046419488011e+00
1.330000000000000071e+00,-7.219554175966268472e-01,1.710367532165830369e+02,2.089495176574058366e+00,3.912147479380502002e+00
1.340000000000000080e+00,-7.389022972348114893e-01,1.692547107826705997e+02,2.144214789286961409e+00,4.693735093800153635e+00
1.350000000000000089e+00,-7.562396692461736958e-01,1.674639395132684569e+02,2.201450880340886318e+00,5.481294693196295142e+00
1.360000000000000098e+00,-7.739886955480679287e-01,1.656642316045180507e+02,2.261384062451216259e+00,6.275334827154525286e+00
1.370000000000000107e+00,-7.921749725620773619e-01,1.638554169774712079e+02,2.324218564236007811e+00,7.076363962318417578e+00
1.379999999999999893e+00,-8.108269942138796038e-01,1.620373701900469712e+02,2.390178925911584429e+00,7.884888497304752164e+00
1.389999999999999902e+00,-8.299744066538816689e-01,1.602100148727841997e+02,2.459506104288882611e+00,8.701411791008458962e+00
1.399999999999999911e+00,-8.496461458590525151e-01,1.583733254469328813e+02,2.532453204456340146e+00,9.526434331288513135e+00
1.409999999999999920e+00,-8.698685545813233944e-01,1.565273260274232427e+02,2.609281074722544336e+00,1.036045512440771788e+01
1.419999999999999929e+00,-8.906635752857026134e-01,1.546720865595930547e+02,2.690254010199566004e+00,1.120397433721707259e+01
1.429999999999999938e+00,-9.120471109407688459e-01,1.528077163795422564e+02,2.775635809098584428e+00,1.205749717614865268e+01
1.439999999999999947e+00,-9.340276362014034994e-01,1.509343555167058355e+02,2.865686415052174585e+00,1.292153894154363591e+01
1.449999999999999956e+00,-9.566051282703663672e-01,1.490521641677935065e+02,2.960659359504183907e+00,1.379663115433146636e+01
1.459999999999999964e+00,-9.797703702968928452e-01,1.471613108589751562e+02,3.060800191499958522e+00,1.468332861592405969e+01
1.469999999999999973e+00,-1.003504661414688082e+00,1.452619598746639724e+02,3.166346049209659785e+00,1.558221723249481272e+01
1.479999999999999982e+00,-1.027779947339426458e+00,1.433542585642728682e+02,3.277526489400016452e+00,1.649392241251651470e+01
1.489999999999999991e+00,-1.052559364759883653e+00,1.414383251418767315e+02,3.394565649057310619e+00,1.741911783237629407e+01
1.500000000000000000e+00,-1.077798172486850170e+00,1.395142375678912003e+02,3.517685768777392141e+00,1.835853435985993087e+01
1.510000000000000009e+00,-1.103445023371693701e+00,1.375820240478602727e+02,3.647112061874666189e+00,1.931296893001981019e+01
1.520000000000000018e+00,-1.129443514232301160e+00,1.356416556034713210e+02,3.783078868153519458e+00,2.028329318300823303e+01
1.530000000000000027e+00,-1.155733937228999864e+00,1.336930410683207811e+02,3.925836988941061367e+00,2.127046169923844943e+01
1.540000000000000036e+00,-1.182255146023192705e+00,1.317360247401473998e+02,4.075662062556437704e+00,2.227551970374266688e+01
1.550000000000000044e+00,-1.208946444205715398e+00,1.297703867876950596e+02,4.232863809324723725e+00,2.329961015835895921e+01
1.560000000000000053e+00,-1.235749402302895650e+00,1.277958463704325425e+02,4.397795954990146861e+00,2.434398021635926668e+01
1.570000000000000062e+00,-1.262609513343547096e+00,1.258120672901376906e+02,4.570866633248470201e+00,2.540998707766405218e+01
1.580000000000000071e+00,-1.289477605431070595e+00,1.238186658622844050e+02,4.752549074036173771e+00,2.649910335166102016e+01
1.590000000000000080e+00,-1.316310942665621431e+00,1.218152205796278764e+02,4.943392405564738468e+00,2.761292210618989529e+01
1.600000000000000089e+00,-1.343073962474580885e+00,1.198012830471600267e+02,5.144032435557862826e+00,2.875316185259165280e+01
1.610000000000000098e+00,-1.369738617051480922e+00,1.177763896023751187e+02,5.355202330683002998e+00,2.992167178499859759e+01
1.620000000000000107e+00,-1.396284308078876490e+00,1.157400730016513251e+02,5.577743182016812185e+00,3.112043765473626422e+01
1.629999999999999893e+00,-1.422697425989641218e+00,1.136918735546380788e+02,5.812614527276971366e+00,3.235158871588496510e+01
1.639999999999999902e+00,-1.448970526422901139e+00,1.116313491238351077e+02,6.060904995944708773e+00,3.361740622455071303e+01
1.649999999999999911e+00,-1.475101196020237815e+00,1.095580834738462386e+02,6.323843349805123637e+00,3.492033401198777653e+01
1.659999999999999920e+00,-1.501090676186264794e+00,1.074716925499132003e+02,6.602810307775748733e+00,3.626299168107045290e+01
1.669999999999999929e+00,-1.526942326014552265e+00,1.053718283824582613e+02,6.899351669868694081e+00,3.764819099826333115e+01
1.679999999999999938e+00,-1.552660013631184110e+00,1.032581804465293942e+02,7.215193391541527390e+00,3.907895607140027749e+01
1.689999999999999947e+00,-1.578246528396889836e+00,1.011304744446556612e+02,7.552259408725283230e+00,4.055854791998654463e+01
1.699999999999999956e+00,-1.603702104690834407e+00,9.898846862103090416e+01,7.912693179340411831e+00,4.209049406241922497e+01
1.709999999999999964e+00,-1.629023141598402225e+00,9.683194784687735535e+01,8.298884094949610102e+00,4.367862376666447943e+01
1.719999999999999973e+00,-1.654201192194733272e+00,9.466071583480447771e+01,8.713500134498161742e+00,4.532710964074077964e+01
1.729999999999999982e+00,-1.679222281894023672e+00,9.247458593849962938e+01,9.159528391865299213e+00,4.704051627998408946e+01
1.739999999999999991e+00,-1.704066598292926837e+00,9.027337106886797358e+01,9.640325424831306833e+00,4.882385674254292951e+01
1.750000000000000000e+00,-1.728708575937113467e+00,8.805687330572857263e+01,1.015967976448493282e+01,5.068265769564592915e+01
1.760000000000000009e+00,-1.753117379396777142e+00,8.582487380353421713e+01,1.072188941697302766e+01,5.262303416521083221e+01
1.770000000000000018e+00,-1.777257767884051542e+00,8.357712357970167716e+01,1.133185781861912567e+01,5.465177493159083610e+01
1.780000000000000027e+00,-1.801091305310254409e+00,8.131333573558430317e+01,1.199521251781523645e+01,5.677643974392780279e+01
1.790000000000000036e+00,-1.824577862061654621e+00,7.903317959460137843e+01,1.271845191656841578e+01,5.900546967015536381e+01
1.800000000000000044e+00,-1.847677339708035715e+00,7.673627715245044101e+01,1.350912679821059648e+01,6.134831204782423697e+01
1.810000000000000053e+00,-1.870351538101179267e+00,7.442220212465653617e+01,1.437606521466047482e+01,6.381556162963957490e+01
1.820000000000000062e+00,-1.892566076492853133e+00,7.209048175204880238e+01,1.532965177016953362e+01,6.641911958440381625e+01
1.830000000000000071e+00,-1.914292276864001163e+00,6.974060139110459033e+01,1.638217564371770152e+01,6.917237194424845370e+01
1.840000000000000080e+00,-1.935508918855088911e+00,6.737201178020657721e+01,1.754826615007788249e+01,7.209038875506170996e+01
1.850000000000000089e+00,-1.956203781527871000e+00,6.498413874187576766e+01,1.884544068137168438e+01,7.519014437468094059e+01
1.860000000000000098e+00,-1.976374897408743836e+00,6.257639496208721397e+01,2.029479809708987048e+01,7.849075771606054275e+01
1.870000000000000107e+00,-1.996031458331627206e+00,6.014819338748495881e+01,2.192190187873119811e+01,8.201374815787256978e+01
1.879999999999999893e+00,-2.015194329733554390e+00,5.769896170532933155e+01,2.375791280437047703e+01,8.578329735773748155e+01
1.889999999999999902e+00,-2.033896149273061393e+00,5.522815732349332762e+01,2.584105215397763544e+01,8.982649765900049488e+01
1.899999999999999911e+00,-2.052181005819871285e+00,5.273528225114986157e+01,2.821850576625972096e+01,9.417355141998122292e+01
1.909999999999999920e+00,-2.070103714830499708e+00,5.021989729528378632e+01,3.094891965180086402e+01,9.885785775051003554e+01
1.919999999999999929e+00,-2.087728724742850428e+00,4.768163503213158805e+01,3.410569323892588756e+01,1.039158758793670501e+02
1.929999999999999938e+00,-2.105128705283751067e+00,4.512021108253612312e+01,3.778135135548522783e+01,1.093865741114366870e+02
1.939999999999999947e+00,-2.122382881674157673e+00,4.253543331092723889e+01,4.209337525507823585e+01,1.153101366770439142e+02
1.949999999999999956e+00,-2.139575188073868262e+00,3.992720867310190869e+01,4.719199786433696886e+01,1.217253673500244986e+02
1.959999999999999964e+00,-2.156792318940950359e+00,3.729554755155835721e+01,5.327060955510014395e+01,1.286648289157473641e+02
1.969999999999999973e+00,-2.174121758269901505e+00,3.464056553227989355e+01,6.057953812332711152e+01,1.361460726106652430e+02
1.979999999999999982e+00,-2.191649864139382675e+00,3.196248268748727739e+01,6.944394224766460866e+01,1.441561438733870375e+02
1.989999999999999991e+00,-2.209460080064112653e+00,2.926162052982489570e+01,8.028608512504241901e+01,1.526245898226889608e+02
2.000000000000000000e+00,-2.227631335866556483e+00,2.653839689063076790e+01,9.365059266579856967e+01,1.613770165069425389e+02
2.009999999999999787e+00,-2.246236689804401276e+00,2.379331904550689103e+01,1.102267532675714534e+02,1.700564949365257235e+02
2.020000000000000018e+00,-2.265342251179554900e+00,2.102697546268771944e+01,1.308508798200752210e+02,1.779943497202518472e+02
2.029999999999999805e+00,-2.285006409267212213e+00,1.824002658306309499e+01,1.564475164571700248e+02,1.840093865812787328e+02
2.040000000000000036e+00,-2.305279380742724538e+00,1.543319505543885306e+01,1.878219525112873214e+02,1.861311928967329266e+02
2.049999999999999822e+00,-2.326203074387031666e+00,1.260725584763976137e+01,2.251506921650245090e+02,1.813211561601953008e+02
2.060000000000000053e+00,-2.347811259176254328e+00,9.763026634828619876e+00,2.669999629275847042e+02,1.654797437196644978e+02
2.069999999999999840e+00,-2.370130010294604350e+00,6.901358832696719681e+00,3.089824256942227407e+02,1.343881669489571777e+02
2.080000000000000071e+00,-2.393178397466820595e+00,4.023129596941544150e+00,3.431027444214578850e+02,8.627140787927170607e+01
2.089999999999999858e+00,-2.416969371544515077e+00,1.129235053817410961e+00,3.598932091829788646e+02,2.516287045916437393e+01
2.100000000000000089e+00,-2.441510798702919871e+00,-1.779415038272064375e+00,3.538077607733305854e+02,-3.857480912267765660e+01
2.109999999999999876e+00,-2.466806587066247669e+00,-4.701901066863162448e+00,3.273410702460890320e+02,-9.322244079749633272e+01
2.120000000000000107e+00,-2.492857848188414938e+00,-7.637295728084076529e+00,2.889978374611300183e+02,-1.320066174994186667e+02
2.129999999999999893e+00,-2.519664035626829168e+00,-1.058466459388857750e+01,2.476760646252631943e+02,-1.546546858266848119e+02
2.140000000000000124e+00,-2.547224004858674284e+00,-1.354306517743635219e+01,2.091535470429523116e+02,-1.646447317792318756e+02
2.149999999999999911e+00,-2.575536942934866236e+00,-1.651154465956480166e+01,1.759092201737200298e+02,-1.661600617840173015e+02
2.160000000000000142e+00,-2.604603122409531402e+00,-1.948913650196919889e+01,1.483436315157076422e+02,-1.625979662360666680e+02
2.169999999999999929e+00,-2.634424442011149559e+00,-2.247485622630368951e+01,1.259063778553420008e+02,-1.562850205568899469e+02
2.180000000000000160e+00,-2.665004725953820763e+00,-2.546769668082725957e+01,1.077562923932959933e+02,-1.486746326024295399e+02
2.189999999999999947e+00,-2.696349764376510638e+00,-2.846662314570474805e+01,9.306277599682366031e+01,-1.406234578321880520e+02
2.200000000000000178e+00,-2.728467088748032676e+00,-3.147056864340132876e+01,8.111259108586430955e+01,-1.326128763689252423e+02
2.209999999999999964e+00,-2.761365487755171877e+00,-3.447842982107486165e+01,7.132931075297328505e+01,-1.248985311330923906e+02
2.220000000000000195e+00,-2.795054280758534127e+00,-3.748906375737922758e+01,6.325988188574487481e+01,-1.176039707124448768e+02
2.229999999999999982e+00,-2.829542376920502367e+00,-4.050128601712412291e+01,5.655235503737990399e+01,-1.107771738536543182e+02
2.240000000000000213e+00,-2.864837158176780640e+00,-4.351387023481418481e+01,5.093413055968733971e+01,-1.044240239180232521e+02
2.250000000000000000e+00,-2.900943232975696340e+00,-4.652554945370567907e+01,4.619365889376458512e+01,-9.852790766316205406e+01
2.259999999999999787e+00,-2.937861114840111476e+00,-4.953501938250646219e+01,4.216599002398511686e+01,-9.306107900778721387e+01
2.270000000000000018e+00,-2.975585885070239911e+00,-5.254094365931043598e+01,3.872169655255014931e+01,-8.799116533525092620e+01
2.279999999999999805e+00,-3.014105902113429991e+00,-5.554196113406072044e+01,3.575849728210691580e+01,-8.328481680705320400e+01
2.290000000000000036e+00,-3.053401621148190692e+00,-5.853669509910671565e+01,3.319495391626740854e+01,-7.890967982171797246e+01
2.299999999999999822e+00,-3.093444586180600364e+00,-6.152376431464372786e+01,3.096572757432026179e+01,-7.483539237662860444e+01
2.310000000000000053e+00,-3.134196653390503684e+00,-6.450179559439243349e+01,2.901799857311095820e+01,-7.103401426545832464e+01
2.319999999999999840e+00,-3.175609498589090585e+00,-6.746943763924547000e+01,2.730875157068664549e+01,-6.748013680366372569e+01
2.330000000000000071e+00,-3.217624453494070114e+00,-7.042537573529116912e+01,2.580270525872514753e+01,-6.415081699815665672e+01
2.339999999999999858e+00,-3.260172705174270824e+00,-7.336834687028103019e+01,2.447072382291252168e+01,-6.102542165202313384e+01
2.350000000000000089e+00,-3.303175880602146730e+00,-7.629715477201006024e+01,2.328859025989707376e+01,-5.808543137859790306e+01
2.359999999999999876e+00,-3.346547023997306525e+00,-7.921068433615462823e+01,2.223605302751972701e+01,-5.531423323167774697e+01
2.370000000000000107e+00,-3.390191958862884825e+00,-8.210791489280586575e+01,2.129608041398386931e+01,-5.269691793025530302e+01
2.379999999999999893e+00,-3.434011009745900012e+00,-8.498793176311363595e+01,2.045427373706769458e+01,-5.022009006834143463e+01
2.390000000000000124e+00,-3.477901041365480506e+00,-8.784993558264700653e+01,1.969840272577295792e+01,-4.787169521639035707e+01
2.399999999999999911e+00,-3.521757755562144876e+00,-9.069324891817784362e+01,1.901803543123841322e+01,-4.564086521195459767e+01
2.410000000000000142e+00,-3.565478170371094713e+00,-9.351731978054000649e+01,1.840424165506813026e+01,-4.351778145840373924e+01
2.419999999999999929e+00,-3.608963191356497013e+00,-9.632172173763564160e+01,1.784935381526647546e+01,-4.149355524831304365e+01
2.430000000000000160e+00,-3.652120174152101661e+00,-9.910615045650810373e+01,1.734677285673216218e+01,-3.956012372615001027e+01
2.439999999999999947e+00,-3.694865369903041596e+00,-1.018704166478536024e+02,1.689080958986659908e+01,-3.771015993525421095e+01
2.450000000000000178e+00,-3.737126142847080779e+00,-1.046144355446372742e+02,1.647655395005607204e+01,-3.593699535576845960e+01
2.459999999999999964e+00,-3.778842852257712437e+00,-1.073382132111393901e+02,1.609976628889834771e+01,-3.423455337340129034e+01
2.470000000000000195e+00,-3.819970299749049669e+00,-1.100418301409360424e+02,1.575678606328994746e+01,-3.259729218951020613e+01
2.479999999999999982e+00,-3.860478657499500255e+00,-1.127254227523766446e+02,1.544445427406232696e+01,-3.102015577249447631e+01
2.490000000000000213e+00,-3.900353812870634762e+00,-1.153891635183979218e+02,1.516004678926253035e+01,-2.949853154971838620e+01
2.500000000000000000e+00,-3.939597089357940618e+00,-1.180332405651166283e+02,1.490121631702537641e+01,-2.802821364429981088e+01
2.509999999999999787e+00,-3.978224331630010990e+00,-1.206578376333035436e+02,1.466594130401149165e+01,-2.660537057086745705e+01
2.520000000000000018e+00,-4.016264372135133875e+00,-1.232631153135414621e+02,1.445248045223588207e+01,-2.522651641856752391e+01
2.529999999999999805e+00,-4.053756926764990887e+00,-1.258491944373462985e+02,1.425933188725657175e+01,-2.388848466789356095e+01
2.540000000000000036e+00,-4.090749995719128229e+00,-1.284161424333907746e+02,1.408519628666525847e+01,-2.258840390949892551e+01
2.549999999999999822e+00,-4.127296871472639239e+00,-1.309639633435864425e+02,1.392894349892328165e+01,-2.132367485652528671e+01
2.560000000000000053e+00,-4.163452877285067188e+00,-1.334925920438659261e+02,1.378958235612190109e+01,-2.009194816507993764e+01
2.569999999999999840e+00,-4.199271975966269110e+00,-1.360018930364632581e+02,1.366623351636605221e+01,-1.889110269797948050e+01
2.580000000000000071e+00,-4.234803398928644214e+00,-1.384916639827784763e+02,1.355810526767239921e+01,-1.771922398241895635e+01
2.589999999999999858e+00,-4.270088449523127494e+00,-1.409616439372628065e+02,1.346447229057215900e+01,-1.657458272083383477e+01
2.600000000000000089e+00,-4.305157632184718253e+00,-1.434115260317248044e+02,1.338465741561114797e+01,-1.545561331438812935e+01
2.609999999999999876e+00,-4.340028250136004573e+00,-1.458409741539302331e+02,1.331801642870521007e+01,-1.436089244930928999e+01
2.620000000000000107e+00,-4.374702599610269083e+00,-1.482496429715603767e+02,1.326392597521926398e+01,-1.328911787720159943e+01
2.629999999999999893e+00,-4.409166868164361652e+00,-1.506372004790195263e+02,1.322177459533249611e+01,-1.223908759126059387e+01
2.640000000000000124e+00,-4.443390819137516878e+00,-1.530033520963246190e+02,1.319095689063880350e+01,-1.120967966069348520e+01
2.649999999999999911e+00,-4.477328314233846029e+00,-1.553478652322914684e+02,1.317087077634861103e+01,-1.019983303499230765e+01
2.660000000000000142e+00,-4.510918692236661975e+00,-1.576705931444193425e+02,1.316091771597709226e+01,-9.208529666813213055e+00
2.669999999999999929e+00,-4.544088984844152357e+00,-1.599714968913188216e+02,1.316050576720988907e+01,-8.234778325224247908e+00
2.680000000000000160e+00,-4.576756911639900061e+00,-1.622506641861766354e+02,1.316905519048622430e+01,-7.277600477531095180e+00
2.689999999999999947e+00,-4.608834556681583372e+00,-1.645083240268764087e+02,1.318600628845949174e+01,-6.336018605003881810e+00
2.700000000000000178e+00,-4.640232590861604223e+00,-1.667448561038258106e+02,1.321082905887547199e+01,-5.409047282974041693e+00
2.709999999999999964e+00,-4.670864869150754828e+00,-1.689607941715714787e+02,1.324303416088305951e+01,-4.495687297071048860e+00
2.720000000000000195e+00,-4.700653202413517917e+00,-1.711568228126273254e+02,1.328218462185363080e+01,-3.594922984341151206e+00
2.729999999999999982e+00,-4.729532082093620637e+00,-1.733337673147618716e+02,1.332790765561052737e+01,-2.705722882138308805e+00
2.740000000000000213e+00,-4.757453124966145808e+00,-1.754925767143504629e+02,1.337990593067767087e+01,-1.827043642879645269e+00
2.750000000000000000e+00,-4.784389006153550561e+00,-1.776343004113561506e+02,1.343796762489823493e+01,-9.578370353405207815e-01
2.759999999999999787e+00,-4.810336662796875551e+00,-1.797600591148948865e+02,1.350197463477967474e+01,-9.705971160196107117e-02
2.770000000000000018e+00,-4.835319578275628416e+00,1.781289887915809800e+02,1.357190837567671515e+01,7.563147170325310586e-01
2.779999999999999805e+00,-4.859388996680615413e+00,1.760316840937891811e+02,1.364785271066798344e+01,1.603281871533962066e+00
2.790000000000000036e+00,-4.882623967230911965e+00,1.739469052137186509e+02,1.372999367661128645e+01,2.444791734522110627e+00
2.799999999999999822e+00,-4.905130175374256218e+00,1.718736065880755177e+02,1.381861582736572736e+01,3.281733448907321105e+00
2.810000000000000053e+00,-4.927037577611772079e+00,1.698108552149822970e+02,1.391409517648992278e+01,4.114920540384816583e+00
2.819999999999999840e+00,-4.948496916542321600e+00,1.677578636931483231e+02,1.401688888398333255e+01,4.945077302770934935e+00
2.830000000000000071e+00,-4.969675247283258379e+00,1.657140182367389230e+02,1.412752198345722832e+01,5.772827033240464090e+00
2.839999999999999858e+00,-4.990750652921279951e+00,1.636789003859898060e+02,1.424657157887349079e+01,6.598682721764356884e+00
2.850000000000000089e+00,-5.011906362511093782e+00,1.616523014289695084e+02,1.437464904770369856e+01,7.423040693018012171e+00
2.859999999999999876e+00,-5.033324508990350665e+00,1.596342288815727386e+02,1.451238086716909770e+01,8.246177578163742083e+00
2.870000000000000107e+00,-5.055179775948638543e+00,1.576249047184585095e+02,1.466038873227718042e+01,9.068250866230412655e+00
2.879999999999999893e+00,-5.077633182188529659e+00,1.556247553870949787e+02,1.481926966125500300e+01,9.889303156863125110e+00
2.890000000000000124e+00,-5.100826242896172147e+00,1.536343939542761916e+02,1.498957678977086516e+01,1.070927011233406567e+01
2.899999999999999911e+00,-5.124875727861850194e+00,1.516545950184454625e+02,1.517180154445611073e+01,1.152799198875916709e+01
2.910000000000000142e+00,-5.149869212520167494e+00,1.496862632660144357e+02,1.536635786234698209e+01,1.234522851410335953e+01
2.919999999999999929e+00,-5.175861588386397649e+00,1.477303967541893144e+02,1.557356908793819095e+01,1.316067677187600715e+01
2.930000000000000160e+00,-5.202872667131412499e+00,1.457880461683047599e+02,1.579365813332156776e+01,1.397399164197953425e+01
2.939999999999999947e+00,-5.230885977949798260e+00,1.438602714315310322e+02,1.602674142680823977e+01,1.478480824218265433e+01
2.950000000000000178e+00,-5.259848821436668764e+00,1.419480971421061781e+02,1.627282709704712715e+01,1.559276570513986826e+01
2.959999999999999964e+00,-5.289673604923707195e+00,1.400524683793097438e+02,1.653181773752886485e+01,1.639753151951670773e+01
2.970000000000000195e+00,-5.320240443972984679e+00,1.381742084529669512e+02,1.680351796540022491e+01,1.719882556560586906e+01
2.979999999999999982e+00,-5.351400972384205090e+00,1.363139801678879337e+02,1.708764682548076408e+01,1.799644289510236561e+01
2.990000000000000213e+00,-5.382983258852197750e+00,1.344722521270235234e+02,1.738385489545195028e+01,1.879027425326798095e+01
3.000000000000000000e+00,-5.414797683087082092e+00,1.326492714961075592e+02,1.769174572624683961e+01,1.958032333258496038e+01
3.009999999999999787e+00,-5.446643579278647174e+00,1.308450444888378570e+02,1.801090101298364132e+01,2.036671979248560049e+01
3.020000000000000018e+00,-5.478316412537266089e+00,1.290593255979509308e+02,1.834090865193992670e+01,2.114972718915248961e+01
3.029999999999999805e+00,-5.509615217374808083e+00,1.272916162910227911e+02,1.868139261788092753e+01,2.192974513678204929e+01
3.040000000000000036e+00,-5.540349999868009689e+00,1.255411735143666903e+02,1.903204341555360557e+01,2.270730526408843630e+01
3.049999999999999822e+00,-5.570348790420998952e+00,1.238070279161651399e+02,1.939264774076205455e+01,2.348306082621756019e+01
3.060000000000000053e+00,-5.599464035138161044e+00,1.220880112320300270e+02,1.976311594781892822e+01,2.425777016393979224e+01
3.069999999999999840e+00,-5.627578032891057624e+00,1.203827918016004475e+02,2.014350597227061002e+01,2.503227454418017572e+01
3.080000000000000071e+00,-5.654607162918162899e+00,1.186899167383085967e+02,2.053404250268325626e+01,2.580747124048127716e+01
3.089999999999999858e+00,-5.680504703151020074e+00,1.170078588927682404e+02,2.093513042522904755e+01,2.658428299096996383e+01
3.100000000000000089e+00,-5.705262109448206331e+00,1.153350664675681116e+02,2.134736186293542914e+01,2.736362518083604556e+01
3.109999999999999876e+00,-5.728908705884519392e+00,1.136700129845892917e+02,2.177151647383170285e+01,2.814637221937508116e+01
3.120000000000000107e+00,-5.751509820309255616e+00,1.120112452913069632e+02,2.220855503109450879e+01,2.893332461058452409e+01
3.129999999999999893e+00,-5.773163481134595543e+00,1.103574274224431804e+02,2.265960665580769984e+01,2.972517815308838607e+01
3.140000000000000124e+00,-5.793995864551146013e+00,1.087073783964990241e+02,2.312595038467998876e+01,3.052249656041622572e+01
3.149999999999999911e+00,-5.814155740864586086e+00,1.070601023995556318e+02,2.360899201267177716e+01,3.132568858335116246e+01
3.160000000000000142e+00,-5.833808210702398078e+00,1.054148102587833478e+02,2.411023734315455869e+01,3.213499046249686586e+01
3.169999999999999929e+00,-5.853128044591305645e+00,1.037709315982878451e+02,2.463126310268971153e+01,3.295045426186527493e+01
3.180000000000000160e+00,-5.872292942854521414e+00,1.021281175632110632e+02,2.517368683682755304e+01,3.377194235112774123e+01
3.189999999999999947e+00,-5.891477018554996725e+00,1.004862344614726055e+02,2.573913710481542338e+01,3.459912802887915717e+01
3.200000000000000178e+00,-5.910844777154117047e+00,9.884534908023913147e+01,2.632922524391894825e+01,3.543150202058361486e+01
3.209999999999999964e+00,-5.930545826197404224e+00,9.720570676866994120e+01,2.694551988691354794e+01,3.626838434704087888e+01
3.220000000000000195e+00,-5.950710500403215697e+00,9.556770363074159036e+01,2.758952529574288448e+01,3.710894084328065645e+01
3.229999999999999982e+00,-5.971446535511325315e+00,9.393185434041811277e+01,2.826266442389173861e+01,3.795220341344658976e+01
3.240000000000000213e+00,-5.992836871130585052e+00,9.229875718010568164e+01,2.896626744024808531e+01,3.879709293472910758e+01
3.250000000000000000e+00,-6.014938610951237941e+00,9.066905791963444017e+01,2.970156623670808571e+01,3.964244357523933360e+01
3.259999999999999787e+00,-6.037783119762582196e+00,8.904341410588448014e+01,3.046969519870801335e+01,4.048702717261926409e+01
3.270000000000000018e+00,-6.061377191916838214e+00,8.742246123151844017e+01,3.127169824206781001e+01,4.132957624130907703e+01
3.279999999999999805e+00,-6.085705186015722745e+00,8.580678210309217491e+01,3.210854181437861143e+01,4.216880414852041525e+01
3.290000000000000036e+00,-6.110731986289570372e+00,8.419688054089313312e+01,3.298113323310037259e+01,4.300342103485174050e+01
3.299999999999999822e+00,-6.136406622974416081e+00,8.259316032113005690e+01,3.389034339977702359e+01,4.383214416653628831e+01
3.310000000000000053e+00,-6.162666362602630343e+00,8.099591002130664208e+01,3.483703260994963813e+01,4.465370160003125477e+01
3.319999999999999840e+00,-6.189441065214077220e+00,7.940529415813787750e+01,3.582207789505645934e+01,4.546682831723531137e+01
3.330000000000000071e+00,-6.216657599780205601e+00,7.782135072206494897e+01,3.684640011091200762e+01,4.627025434427626038e+01
3.339999999999999858e+00,-6.244244112224275334e+00,7.624399492309817106e+01,3.791098885072081970e+01,4.706268478317672788e+01
3.350000000000000089e+00,-6.272133952660237100e+00,7.467302868123738335e+01,3.901692322760795406e+01,4.784277214056825045e+01
3.359999999999999876e+00,-6.300269089782374543e+00,7.310815513457605164e+01,4.016538665332928559e+01,4.860908180189984051e+01
3.370000000000000107e+00,-6.328602870079315323e+00,7.154899721357493547e+01,4.135767393774760592e+01,4.936005194134190788e+01
3.379999999999999893e+00,-6.357102016457627514e+00,6.999511915449781441e+01,4.259518933952654152e+01,5.009394954544172407e+01
3.390000000000000124e+00,-6.385747803063882344e+00,6.844604971012849148e+01,4.387943459504761989e+01,5.080882453508263552e+01
3.399999999999999911e+00,-6.414536388205855921e+00,6.690130576966741671e+01,4.521198641561154830e+01,5.150246417441261571e+01
3.410000000000000142e+00,-6.443478332580636625e+00,6.536041512553030941e+01,4.659446344418416430e+01,5.217235004409584320e+01
3.419999999999999929e+00,-6.472597372725705789e+00,6.382293722087558763e+01,4.802848317255626398e+01,5.281561982462006455e+01
3.430000000000000160e+00,-6.501928557093892280e+00,6.228848087111128251e+01,4.951560980906575793e+01,5.342903598602691062e+01
3.439999999999999947e+00,-6.531515882206858414e+00,6.075671816390189406e+01,5.105729452976748206e+01,5.400896322187644927e+01
3.450000000000000178e+00,-6.561409587354728679e+00,5.922739399045504882e+01,5.265480991902319374e+01,5.455135611062036105e+01
3.459999999999999964e+00,-6.591663277378350116e+00,5.770033092932165886e+01,5.430918068881692307e+01,5.505175805347730034e+01
3.470000000000000195e+00,-6.622331044028885394e+00,5.617542947542653309e+01,5.602111294213194270e+01,5.550531204421083231e+01
3.479999999999999982e+00,-6.653464747751013597e+00,5.465266386539379795e+01,5.779092429932650532e+01,5.590678329652945422e+01
3.490000000000000213e+00,-6.685111604552846032e+00,5.313207398142270677e+01,5.961847712556885881e+01,5.625059321752287644e+01
3.500000000000000000e+00,-6.717312198391899969e+00,5.161375400880310593e+01,6.150311687490093959e+01,5.653086370477269185e+01
3.509999999999999787e+00,-6.750099009965071062e+00,5.009783866860816914e+01,6.344361720316778275e+01,5.674147030061674002e+01
3.520000000000000018e+00,-6.783495519806636231e+00,4.858448794228517897e+01,6.543813301036912833e+01,5.687610240413946627e+01
3.529999999999999805e+00,-6.817515909038791122e+00,4.707387124679321033e+01,6.748416198099646124e+01,5.692832856552406895e+01
3.540000000000000036e+00,-6.852165346781632138e+00,4.556615200819314282e+01,6.957851454487847320e+01,5.689166490937815013e+01
3.549999999999999822e+00,-6.887440820784604512e+00,4.406147352094013314e+01,7.171729154589155542e+01,5.675964498202269937e+01
3.560000000000000053e+00,-6.923332438803835309e+00,4.255994687422874279e+01,7.389586836215677579e+01,5.652588979991531204e+01
3.569999999999999840e+00,-6.959825103954379699e+00,4.106164158194835068e+01,7.610888385828424418e+01,5.618417757061593676e+01
3.580000000000000071e+00,-6.996900448839401321e+00,3.956657937699241501e+01,7.835023245494434718e+01,5.572851340755837413e+01
3.589999999999999858e+00,-7.034538901578520687e+00,3.807473143311572272e+01,8.061305784471038294e+01,5.515320027281442350e+01
3.600000000000000089e+00,-7.072721752512882709e+00,3.658601906870129739e+01,8.288974750608099384e+01,5.445291323355414193e+01
3.609999999999999876e+00,-7.111433093591603694e+00,3.510031777801901853e+01,8.517192816548750045e+01,5.362277976193120566e+01
3.620000000000000107e+00,-7.150661513086770782e+00,3.361746423854533106e+01,8.745046367057909720e+01,5.265846909299975920e+01
3.629999999999999893e+00,-7.190401445754628362e+00,3.213726576911766131e+01,8.971545824836464078e+01,5.155629344433712902e+01
3.640000000000000124e+00,-7.230654101846162973e+00,3.065951157354697898e+01,9.195626965366672323e+01,5.031332309547119053e+01
3.649999999999999911e+00,-7.271427926061933888e+00,2.918398500641197657e+01,9.416153804683303008e+01,4.892751588668796359e+01
3.660000000000000142e+00,-7.312738567925478606e+00,2.771047604814773280e+01,9.631923733040832758e+01,4.739785966686395113e+01
3.669999999999999929e+00,-7.354608376197685260e+00,2.623879317815800505e+01,9.841675588236228123e+01,4.572452373300049544e+01
3.680000000000000160e+00,-7.397065459894733408e+00,2.476877388703525185e+01,1.004410129477221005e+02,4.390901259037595139e+01
3.689999999999999947e+00,-7.440142385321299123e+00,2.330029316819137364e+01,1.023786152682378656e+02,4.195431273766622837e+01
3.700000000000000178e+00,-7.483874600635415320e+00,2.183326946835844851e+01,1.042160558333787463e+02,3.986502102182184615e+01
3.709999999999999964e+00,-7.528298695517111838e+00,2.036766774609156982e+01,1.059399530623121137e+02,3.764744180556436959e+01
3.720000000000000195e+00,-7.573450612639538448e+00,1.890349947652174833e+01,1.075373245695499804e+02,3.530964009782065460e+01
3.729999999999999982e+00,-7.619363929419822767e+00,1.744081963722167217e+01,1.089958853663988805e+02,3.286143915864366249e+01
3.740000000000000213e+00,-7.666068322995638340e+00,1.597972090222476105e+01,1.103043564500633806e+02,3.031435397842365731e+01
3.750000000000000000e+00,-7.713588318991430270e+00,1.452032544773737577e+01,1.114527668086216181e+02,2.768145630193867035e+01
3.759999999999999787e+00,-7.761942406227081648e+00,1.306277492393432560e+01,1.124327304382996715e+02,2.497717214463123980e+01
3.770000000000000018e+00,-7.811142576196838050e+00,1.160721926413089733e+01,1.132376803837871648e+02,2.221701845268552589e+01
3.779999999999999805e+00,-7.861194319248992812e+00,1.015380507918852260e+01,1.138630441825098387e+02,1.941729098426511158e+01
3.790000000000000036e+00,-7.912097080427031415e+00,8.702664416958509008e+00,1.143063492398137981e+02,1.659471991538699953e+01
3.799999999999999822e+00,-7.963845148493133408e+00,7.253904651776257317e+00,1.145672521234276644e+02,1.376611248967060241e+01
3.810000000000000053e+00,-8.016428923389806727e+00,5.807600207653890401e+00,1.146474918680747521e+02,1.094800284952722791e+01
3.819999999999999840e+00,-8.069836481933567285e+00,4.363786713389353089e+00,1.145507733492711537e+02,8.156327916335106565e+00
3.830000000000000071e+00,-8.124055340421353577e+00,2.922458043200150790e+00,1.142825918764529405e+02,5.406145048501656447e+00
3.839999999999999858e+00,-8.179074297445833253e+00,1.483566519965266117e+00,1.138500137845858546e+02,2.711402682896566496e+00
3.850000000000000089e+00,-8.234885231688155116e+00,4.702635917285592076e-02,1.132614296316925646e+02,8.476990983159848891e-02
3.859999999999999876e+00,-8.291484728568120133e+00,-1.387279778407137787e+00,1.125262965809712057e+02,-2.462474352967681135e+00
3.870000000000000107e+00,-8.348875416731726062e+00,-2.819491465794970342e+00,1.116548848672996286e+02,-4.920496600803097031e+00
3.879999999999999893e+00,-8.407066910297563922e+00,-4.249758954693421131e+00,1.106580403257351577e+02,-7.280916005409635794e+00
3.890000000000000124e+00,-8.466076274891911169e+00,-5.678230086041282654e+00,1.095469713125548168e+02,-9.536773551527396364e+00
3.899999999999999911e+00,-8.525927963588355141e+00,-7.105036492356869182e+00,1.083330645150863063e+02,-1.168247373136837020e+01
3.910000000000000142e+00,-8.586653201296881477e+00,-8.530279995469024712e+00,1.070277306028343389e+02,-1.371370904430213322e+01
3.919999999999999929e+00,-8.648288830943739569e+00,-9.954020125611840797e+00,1.056422777819906145e+02,-1.562737611306917884e+01
3.930000000000000160e+00,-8.710875669784801545e+00,-1.137626365249848526e+01,1.041878092981996247e+02,-1.742149014408703067e+01
3.939999999999999947e+00,-8.774456457206955662e+00,-1.279695692702530074e+01,1.026751398627782379e+02,-1.909510209722601104e+01
3.950000000000000178e+00,-8.839073504337036979e+00,-1.421598168845414101e+01,1.011147258010998797e+02,-2.064822062772291389e+01
3.959999999999999964e+00,-8.904766178903630092e+00,-1.563315480417514181e+01,9.951660428540672854e+01,-2.208173889015242608e+01
3.970000000000000195e+00,-8.971568374663762668e+00,-1.704823218780115113e+01,9.789033810217922849e+01,-2.339736483363000374e+01
3.979999999999999982e+00,-9.039506122316909753e+00,-1.846091689836547545e+01,9.624496377531291103e+01,-2.459755275576716471e+01
3.990000000000000213e+00,-9.108595497624671466e+00,-1.987087117165064853e+01,9.458894228804466309e+01,-2.568543361853200224e+01
4.000000000000000000e+00,-9.178840972299560974e+00,-2.127773188724973963e+01,9.293011292150569602e+01,-2.666474188714619586e+01
4.009999999999999787e+00,-9.250234334371976175e+00,-2.268112874471989215e+01,9.127565171198176586e+01,-2.753973730761680017e+01
4.019999999999999574e+00,-9.322754277797191236e+00,-2.408070422146038325e+01,8.963203664003643212e+01,-2.831512093747147318e+01
4.030000000000000249e+00,-9.396366726966821403e+00,-2.547613422533630967e+01,8.800502188052719532e+01,-2.899594573343313542e+01
4.040000000000000036e+00,-9.471025921818164051e+00,-2.686714824727530271e+01,8.639962329251545725e+01,-2.958752294221721968e+01
4.049999999999999822e+00,-9.546676245017728490e+00,-2.825354777257997796e+01,8.482011687867513672e+01,-3.009532633024681658e+01
4.059999999999999609e+00,-9.623254726233399836e+00,-2.963522173236152923e+01,8.327005128260300637e+01,-3.052489685593843660e+01
4.070000000000000284e+00,-9.700694112172760342e+00,-3.101215787371032206e+01,8.175227461272623941e+01,-3.088175070234110819e+01
4.080000000000000071e+00,-9.778926347571815114e+00,-3.238444910111321917e+01,8.026897506988444775e+01,-3.117129364795484747e+01
4.089999999999999858e+00,-9.857886274621971978e+00,-3.375229408995296865e+01,7.882173408421627414e+01,-3.139874458246740119e+01
4.099999999999999645e+00,-9.937515329457157875e+00,-3.511599178822685730e+01,7.741158998964677096e+01,-3.156907060909503571e+01
4.110000000000000320e+00,-1.001776499715201751e+01,-3.647592979160317128e+01,7.603910971728375046e+01,-3.168693565950589175e+01
4.120000000000000107e+00,-1.009859978360718458e+01,-3.783256698047944155e+01,7.470446559375845652e+01,-3.175666392459969245e+01
4.129999999999999893e+00,-1.017999947535793837e+01,-3.918641122167080226e+01,7.340751409736665778e+01,-3.178221871547118127e+01
4.139999999999999680e+00,-1.026196048733175381e+01,-4.053799333405402194e+01,7.214787335694052217e+01,-3.176719665078548616e+01
4.150000000000000355e+00,-1.034449614327840905e+01,-4.188783886804518630e+01,7.092499627400624718e+01,-3.171483635372332088e+01
4.160000000000000142e+00,-1.042763579211609226e+01,-4.323643952573593197e+01,6.973823640235900712e+01,-3.162804016631730164e+01
4.169999999999999929e+00,-1.051142273274182060e+01,-4.458422622853975525e+01,6.858690412059989683e+01,-3.150940678366432479e+01
4.179999999999999716e+00,-1.059591099601705366e+01,-4.593154590539645454e+01,6.747031116632838632e+01,-3.136127220697836293e+01
4.190000000000000391e+00,-1.068116111121678991e+01,-4.727864401782411363e+01,6.638780224196455038e+01,-3.118575604266267831e+01
4.200000000000000178e+00,-1.076723506067866332e+01,-4.862565465741937487e+01,6.533877311970188373e+01,-3.098480995991104692e+01
4.209999999999999964e+00,-1.085419069643957357e+01,-4.997259975315448344e+01,6.432267542739593580e+01,-3.076026507934145116e+01
4.219999999999999751e+00,-1.094207595259046606e+01,-5.131939852210380337e+01,6.333900904356828931e+01,-3.051387520638778739e+01
4.230000000000000426e+00,-1.103092323386820084e+01,-5.266588780381081847e+01,6.238730372206197217e+01,-3.024735313923923030e+01
4.240000000000000213e+00,-1.112074439221895616e+01,-5.401185335290660561e+01,6.146709216239307239e+01,-2.996239775235655145e+01
4.250000000000000000e+00,-1.121152671672882306e+01,-5.535707154485830017e+01,6.057787720551423405e+01,-2.966071015189231019e+01
4.259999999999999787e+00,-1.130323035664228648e+01,-5.670136029435915503e+01,5.971909614282098033e+01,-2.934399787968000339e+01
4.269999999999999574e+00,-1.139578757038128209e+01,-5.804463731489191503e+01,5.889008526802270183e+01,-2.901396686566777205e+01
4.280000000000000249e+00,-1.148910414366858745e+01,-5.938698318525612763e+01,5.809004777854561752e+01,-2.867230155428034877e+01
4.290000000000000036e+00,-1.158306324528288123e+01,-6.072870606476465127e+01,5.731802795683461937e+01,-2.832063432341738718e+01
4.299999999999999822e+00,-1.167753188844930179e+01,-6.207040435282208790e+01,5.657289424959010660e+01,-2.796050594878433415e+01
4.309999999999999609e+00,-1.177237003958016182e+01,-6.341302317022576318e+01,5.585333343354184166e+01,-2.759331942215812106e+01
4.320000000000000284e+00,-1.186744226654655421e+01,-6.475790030671005582e+01,5.515785752687317967e+01,-2.722028989717321679e+01
4.330000000000000071e+00,-1.196263165172983811e+01,-6.610679729325428866e+01,5.448482448912516674e+01,-2.684239389990621305e+01
4.339999999999999858e+00,-1.205785552065662358e+01,-6.746191157394930826e+01,5.383247305929490523e+01,-2.646032119200847532e+01
4.349999999999999645e+00,-1.215308236908905570e+01,-6.882586640819164359e+01,5.319897132136927809e+01,-2.607443279453026364e+01
4.360000000000000320e+00,-1.224834922738942566e+01,-7.020167613530766459e+01,5.258247777251238375e+01,-2.568472864769683284e+01
4.370000000000000107e+00,-1.234377859964666868e+01,-7.159268574236867266e+01,5.198121282536308740e+01,-2.529082816764328712e+01
4.379999999999999893e+00,-1.243959407393088057e+01,-7.300248520367041749e+01,5.139353784128317670e+01,-2.489196653733216635e+01
4.389999999999999680e+00,-1.253613373188629510e+01,-7.443480067095504182e+01,5.081803802255312519e+01,-2.448700891525837164e+01
4.400000000000000355e+00,-1.263386059548547813e+01,-7.589336611599942728e+01,5.025360486141627803e+01,-2.407448385945153646e+01
4.410000000000000142e+00,-1.273336953077454226e+01,-7.738178027898371170e+01,4.969951343529530163e+01,-2.365263617042377220e+01
4.419999999999999929e+00,-1.283539026682022133e+01,-7.890335459190268352e+01,4.915548973120355214e+01,-2.321949811395884566e+01
4.429999999999999716e+00,-1.294078645780305337e+01,-8.046095800743849225e+01,4.862176344150010010e+01,-2.277297668725538315e+01
4.440000000000000391e+00,-1.305055098683357961e+01,-8.205686431959789218e+01,4.809910232659960627e+01,-2.231095336315217992e+01
4.450000000000000178e+00,-1.316579795047754331e+01,-8.369260663920267973e+01,4.758882526909584243e+01,-2.183139172461085309e+01
4.459999999999999964e+00,-1.328775194618021338e+01,-8.536884228112697315e+01,4.709279247460347761e+01,-2.133244771633399139e+01
4.469999999999999751e+00,-1.341773539164975304e+01,-8.708522957646238183e+01,4.661337278323788524e+01,-2.081257699311009901e+01
4.480000000000000426e+00,-1.355715462628375789e+01,-8.884031620744514157e+01,4.615338958152836568e+01,-2.027063408459129334e+01
4.490000000000000213e+00,-1.370748547948642582e+01,-9.063143673203288131e+01,4.571604817447684610e+01,-1.970595880861296223e+01
4.500000000000000000e+00,-1.387025884534312681e+01,-9.245461514000250247e+01,4.530484853339781637e+01,-1.911844646877441534e+01
4.509999999999999787e+00,-1.404704658624027758e+01,-9.430446663588921297e+01,4.492348796042772818e+01,-1.850859973099777633e+01
4.519999999999999574e+00,-1.423944780609691207e+01,-9.617409139750373015e+01,4.457575834834391060e+01,-1.787756151922164705e+01
4.530000000000000249e+00,-1.444907518632383869e+01,-9.805495179246845794e+01,4.426544237466853815e+01,-1.722712962728932240e+01
4.540000000000000036e+00,-1.467754065206028358e+01,-9.993672340978056923e+01,4.399621222354724637e+01,-1.655975485788591328e+01
4.549999999999999822e+00,-1.492643910369888260e+01,-1.018071092525148913e+02,4.377153339531763976e+01,-1.587852525626287381e+01
4.559999999999999609e+00,-1.519732825847090396e+01,-1.036516055775081639e+02,4.359457498479330440e+01,-1.518713934424103407e+01
4.570000000000000284e+00,-1.549170172044857097e+01,-1.054532073330418456e+02,4.346812663149850664e+01,-1.448987116863949254e+01
4.580000000000000071e+00,-1.581095112188776497e+01,-1.071920413755537425e+02,4.339452130105168237e+01,-1.379152949256080518e+01
4.589999999999999858e+00,-1.615631140193147530e+01,-1.088449175588885396e+02,4.337556225490432382e+01,-1.309741264496288693e+01
4.599999999999999645e+00,-1.652878082057172549e+01,-1.103847931442991381e+02,4.341245208624689411e+01,-1.241325949017597985e+01
4.610000000000000320e+00,-1.692900394529742414e+01,-1.117801579829404801e+02,4.350572159844879394e+01,-1.174519578015516608e+01
4.620000000000000107e+00,-1.735710146857834957e+01,-1.129943721802850973e+02,4.365515661478667653e+01,-1.109967390796362707e+01
4.629999999999999893e+00,-1.781242548814286764e+01,-1.139850338143169353e+02,4.385972155655193916e+01,-1.048340289533549097e+01
4.639999999999999680e+00,-1.829321378970627876e+01,-1.147035363173314551e+02,4.411747982166717463e+01,-9.903264434085995660e+00
4.650000000000000355e+00,-1.879611455000912557e+01,-1.150951134655389581e+02,4.442551263342392787e+01,-9.366210092450449665e+00
4.660000000000000142e+00,-1.931556030075592645e+01,-1.150998855372892677e+02,4.477984007797427068e+01,-8.879134550313022345e+00
4.669999999999999929e+00,-1.984299995666313166e+01,-1.146557159935971413e+02,4.517535043200966527e+01,-8.448720126230867322e+00
4.679999999999999716e+00,-2.036607145084288106e+01,-1.137039987153477796e+02,4.560574644682446177e+01,-8.081249106911636559e+00
4.690000000000000391e+00,-2.086793920718876905e+01,-1.121995906579862208e+02,4.606351974624192991e+01,-7.782382681087957721e+00
4.700000000000000178e+00,-2.132723085652644457e+01,-1.101254750279274646e+02,4.653996653169112818e+01,-7.556908752917748551e+00
4.709999999999999964e+00,-2.171920089052332514e+01,-1.075106668377321739e+02,4.702525885693764707e+01,-7.408465575727304575e+00
4.719999999999999751e+00,-2.201868547398387932e+01,-1.044461073481236753e+02,4.750858523234867903e+01,-7.339253800400989292e+00
4.730000000000000426e+00,-2.220477252242659105e+01,-1.010895258498459128e+02,4.797837163387706738e+01,-7.349755669038955830e+00
4.740000000000000213e+00,-2.226590333266261723e+01,-9.765079293202443012e+01,4.842258866095225756e+01,-7.438485848771114739e+00
4.750000000000000000e+00,-2.220316214754975093e+01,-9.435764525727758212e+01,4.882914249260871031e+01,-7.601802616518803291e+00
4.759999999999999787e+00,-2.202998291435726230e+01,-9.141390832899014640e+01,4.918633686988422227e+01,-7.833809422445894732e+00
4.769999999999999574e+00,-2.176844017462059711e+01,-8.896769145338758733e+01,4.948338171928937612e+01,-8.126374035525044448e+00
4.780000000000000249e+00,-2.144408195769886305e+01,-8.709999229126937337e+01,4.971091304372193775e+01,-8.469284760606901941e+00
4.790000000000000036e+00,-2.108147082250660276e+01,-8.583186686931449572e+01,4.986148059784880360e+01,-8.850550750673280120e+00
4.799999999999999822e+00,-2.070152003999715618e+01,-8.514113689740585755e+01,4.992995684407645030e+01,-9.256837497143271420e+00
4.809999999999999609e+00,-2.032055959824385383e+01,-8.498003298696953323e+01,4.991382429113851771e+01,-9.674011540939423170e+00
4.820000000000000284e+00,-1.995052820138426597e+01,-8.528916400761559657e+01,4.981330884033456385e+01,-1.008775337272531480e+01
4.830000000000000071e+00,-1.959968414117121327e+01,-8.600675405250935057e+01,4.963134295029647092e+01,-1.048418741514117158e+01
4.839999999999999858e+00,-1.927343495455800593e+01,-8.707390209796160718e+01,4.937336163237626607e+01,-1.085047507679397150e+01
4.849999999999999645e+00,-1.897508801677827606e+01,-8.843709509689469428e+01,4.904695307125007986e+01,-1.117532181003377545e+01
4.860000000000000320e+00,-1.870645448325776883e+01,-9.004905286874813442e+01,4.866140068901622584e+01,-1.144936085360551736e+01
4.870000000000000107e+00,-1.846830446854243490e+01,-9.186866542382506395e+01,4.822716234135296531e+01,-1.166539245383810908e+01
4.879999999999999893e+00,-1.826069673197619281e+01,-9.386049808746260226e+01,4.775533413328246013e+01,-1.181847469074350876e+01
4.889999999999999680e+00,-1.808321146620185260e+01,-9.599413692877827486e+01,4.725714168715111896e+01,-1.190587758179623812e+01
4.900000000000000355e+00,-1.793511190288180046e+01,-9.824351870969925926e+01,4.674349236529810980e+01,-1.192692370983541039e+01
4.910000000000000142e+00,-1.781545521148434119e+01,-1.005863142887244379e+02,4.622461026721637722e+01,-1.188274519841663412e+01
4.919999999999999929e+00,-1.772316803148277842e+01,-1.030033927538466116e+02,4.570976402750554257e+01,-1.177598854606914358e+01
4.929999999999999716e+00,-1.765709775546248395e+01,-1.054783718127891916e+02,4.520708724705782799e+01,-1.161049656734719271e+01
4.940000000000000391e+00,-1.761604747565398554e+01,-1.079972494453184737e+02,4.472348377572503608e+01,-1.139099182315212921e+01
4.950000000000000178e+00,-1.759880017376040939e+01,-1.105481073461306636e+02,4.426460530747568356e+01,-1.112277983408066007e+01
4.959999999999999964e+00,-1.760413607247151546e+01,-1.131208753048353799e+02,4.383488659539706589e+01,-1.081148420073344063e+01
4.969999999999999751e+00,-1.763084589289337956e+01,-1.157071457580197773e+02,4.343762348305065046e+01,-1.046282028605917880e+01
4.980000000000000426e+00,-1.767774192886091811e+01,-1.183000284516817686e+02,4.307508021577848467e+01,-1.008240976182848492e+01
4.990000000000000213e+00,-1.774366824770545392e+01,-1.208940360491409791e+02,4.274861451787369049e+01,-9.675635197454043990e+00
5.000000000000000000e+00,-1.782751087965387171e+01,-1.234849924301890809e+02,4.245881120013721954e+01,-9.247531880635619927e+00
5.009999999999999787e+00,-1.792820851112497849e+01,-1.260699563035297501e+02,4.220561725002192333e+01,-8.802712997030072373e+00
5.019999999999999574e+00,-1.804476391590721818e+01,-1.286471536166283443e+02,4.198847324977335660e+01,-8.345323910725845451e+00
5.030000000000000249e+00,-1.817625612204681573e+01,-1.312159131451822134e+02,4.180643748016722583e+01,-7.879021338404673003e+00
5.040000000000000036e+00,-1.832185311176667852e+01,-1.337766006341383047e+02,4.165830019627458825e+01,-7.406973495334339574e+00
5.049999999999999822e+00,-1.848082468566125058e+01,-1.363305479867202905e+02,4.154268635793052056e+01,-6.931877658681811383e+00
5.059999999999999609e+00,-1.865255499517068927e+01,-1.388799752752016730e+02,4.145814563919359585e+01,-6.455991942703207087e+00
5.070000000000000284e+00,-1.883655416618928413e+01,-1.414279047617309288e+02,4.140322891340571232e+01,-5.981178357380688482e+00
5.080000000000000071e+00,-1.903246840884519742e+01,-1.439780676181583772e+02,4.137655069221894877e+01,-5.508954411311741239e+00
5.089999999999999858e+00,-1.924008803841902093e+01,-1.465348055381546430e+02,4.137683725119726574e+01,-5.040550633337137931e+00
5.099999999999999645e+00,-1.945935291930590338e+01,-1.491029708409119792e+02,4.140296044388582430e+01,-4.576971455321241500e+00
5.110000000000000320e+00,-1.969035498056404521e+01,-1.516878298691242435e+02,4.145395751142151397e+01,-4.119056958163517912e+00
5.120000000000000107e+00,-1.993333762385454122e+01,-1.542949753984131007e+02,4.152903753676732634e+01,-3.667543071134057087e+00
5.129999999999999893e+00,-2.018869203278706337e+01,-1.569302543513383625e+02,4.162757555670226850e+01,-3.223117960057662934e+00
5.139999999999999680e+00,-2.045695057378001991e+01,-1.595997173474504791e+02,4.174909570595357167e+01,-2.786472560027752454e+00
5.150000000000000355e+00,-2.073877762882202802e+01,-1.623095965776441574e+02,4.189324509769203786e+01,-2.358343507251784210e+00
5.160000000000000142e+00,-2.103495829815010865e+01,-1.650663182735037822e+02,4.205976041631789997e+01,-1.939547094066156774e+00
5.169999999999999929e+00,-2.134638543735183802e+01,-1.678765557957898693e+02,4.224842939159961475e+01,-1.531003293584676905e+00
5.179999999999999716e+00,-2.167404543346362900e+01,-1.707473292567137264e+02,4.245904942597136511e+01,-1.133749353156381590e+00
5.190000000000000391e+00,-2.201900296399718115e+01,-1.736861577853015888e+02,4.269138565622370152e+01,-7.489429152052029526e-01
5.200000000000000178e+00,-2.238238470383814871e+01,-1.767012711937139500e+02,4.294513065138008301e+01,-3.778550691043760512e-01
5.209999999999999964e+00,-2.276536151987361833e+01,-1.798018890188610044e+02,4.321986778934821416e+01,-2.185415224409731696e-02
5.219999999999999751e+00,-2.316912807481706693e+01,1.770014232467368060e+02,4.351504012671061616e+01,3.176185086814388159e-01
5.230000000000000426e+00,-2.359487787071190112e+01,1.736963085023976987e+02,4.382992628854452732e+01,6.390794008211286847e-01
5.240000000000000213e+00,-2.404377047073361950e+01,1.702680679616518944e+02,4.416362456574287876e+01,9.410383865094509304e-01
5.250000000000000000e+00,-2.451688574582724911e+01,1.666989891015779790e+02,4.451504602071092620e+01,1.222037024482954815e+00
5.259999999999999787e+00,-2.501515720339508775e+01,1.629675330444294161e+02,4.488291697214038578e+01,1.480687507424186755e+00
5.269999999999999574e+00,-2.553927234955986947e+01,1.590473658488018316e+02,4.526579076076436081e+01,1.715710005801761806e+00
5.280000000000000249e+00,-2.608952207459011419e+01,1.549062305700708748e+02,4.566206819993328736e+01,1.925966235595724996e+00
5.290000000000000036e+00,-2.666557266603626886e+01,1.505046885738786955e+02,4.607002560413049963e+01,2.110487206031870677e+00
5.299999999999999822e+00,-2.726612300508756448e+01,1.457948276836153241e+02,4.648784879080168508e+01,2.268493367573264141e+00
5.309999999999999609e+00,-2.788839686356896053e+01,1.407191728516663716e+02,4.691367100079060037e+01,2.399405778128982369e+00
5.320000000000000284e+00,-2.852741076500791806e+01,1.352102914157864575e+02,4.734561232178881340e+01,2.502847433375007480e+00
5.330000000000000071e+00,-2.917496504391460377e+01,1.291920213867618941e+02,4.778181797144357290e+01,2.578634546819619455e+00
5.339999999999999858e+00,-2.981835999448932029e+01,1.225839002037650260e+02,4.822049274225619797e+01,2.626758281580871657e+00
5.349999999999999645e+00,-3.043899577377637655e+01,1.153110995784319357e+02,4.865992905851339856e+01,2.647358177884458375e+00
5.360000000000000320e+00,-3.101134168829553417e+01,1.073223766342775463e+02,4.909852645845074903e+01,2.640689225562886655e+00
5.370000000000000107e+00,-3.150325143985297061e+01,9.861679083427654291e+01,4.953480088328916509e+01,2.607085132056645271e+00
5.379999999999999893e+00,-3.187896364832432283e+01,8.927427893635790213e+01,4.996738289637877983e+01,2.546920769840995913e+00
5.389999999999999680e+00,-3.210560680161054847e+01,7.947594745920098092e+01,5.039500481725902148e+01,2.460577001062250968e+00
5.400000000000000355e+00,-3.216192796697515632e+01,6.949444631211036949e+01,5.081647766839207492e+01,2.348411038633801962e+00
5.410000000000000142e+00,-3.204524123373546018e+01,5.964537230992566208e+01,5.123065972022473602e+01,2.210735202398586452e+00
5.419999999999999929e+00,-3.177231090171109074e+01,5.021709650739740738e+01,5.163641920721597955e+01,2.047806380456722586e+00
5.429999999999999716e+00,-3.137357509932760280e+01,4.141431348794341716e+01,5.203259440580529116e+01,1.859827745236524388e+00
5.440000000000000391e+00,-3.088441814859465495e+01,3.333902291627844505e+01,5.241795466100116130e+01,1.646963354250490008e+00
5.450000000000000178e+00,-3.033791225269114022e+01,2.600540501307306940e+01,5.279116608420023482e+01,1.409365251089791160e+00
5.459999999999999964e+00,-2.976100276915649800e+01,1.936965274656411040e+01,5.315076550158816815e+01,1.147211643695602801e+00
5.469999999999999751e+00,-2.917367511636154376e+01,1.335848096693260523e+01,5.349514580781301021e+01,8.607537470951459602e-01
5.480000000000000426e+00,-2.858977232129720392e+01,7.889364843452776554e+00,5.382255518771779634e+01,5.503680088073984455e-01
5.490000000000000213e+00,-2.801836637652240825e+01,2.882300564200409809e+00,5.413111174012335169e+01,2.166097566360713489e-01
5.500000000000000000e+00,-2.746509018236860911e+01,-1.734577430576417667e+00,5.441883391927564162e+01,-1.397361146271497434e-01
5.509999999999999787e+00,-2.693321053210017624e+01,-6.023084676313827934e+00,5.468368596725829178e+01,-5.176119126512612745e-01
5.519999999999999574e+00,-2.642441490189593623e+01,-1.003502473007318585e+01,5.492363622908765564e+01,-9.156556261184193302e-01
5.530000000000000249e+00,-2.593935779634754368e+01,-1.381311200119083082e+01,5.513672502354538807e+01,-1.332184749499905951e+00
5.540000000000000036e+00,-2.547802727069431938e+01,-1.739220119737699832e+01,5.532113770133715747e+01,-1.765198112304195099e+00
5.549999999999999822e+00,-2.503998503972842116e+01,-2.080053873935975162e+01,5.547527777412095418e+01,-2.212397077925282840e+00
5.559999999999999609e+00,-2.462452098314317439e+01,-2.406091256536454281e+01,5.559783464699496136e+01,-2.671225960187495474e+00
5.570000000000000284e+00,-2.423075116983735100e+01,-2.719165882582183613e+01,5.568784060729483087e+01,-3.138929893504267099e+00
5.580000000000000071e+00,-2.385767943561896232e+01,-3.020752255062159009e+01,5.574471234255005925e+01,-3.612626841596511262e+00
5.589999999999999858e+00,-2.350423601645678318e+01,-3.312038533325573297e+01,5.576827335185171108e+01,-4.089389105527911461e+00
5.599999999999999645e+00,-2.316930222880900914e+01,-3.593987788950373385e+01,5.575875508971777350e+01,-4.566328746197812372e+00
5.610000000000000320e+00,-2.285172713601729910e+01,-3.867389503029293252e+01,5.571677639976144292e+01,-5.040680883901834441e+00
5.620000000000000107e+00,-2.255034008813061064e+01,-4.132902817763137193e+01,5.564330258246838667e+01,-5.509878936542169647e+00
5.629999999999999893e+00,-2.226396163685812013e+01,-4.391092752817421285e+01,5.553958711241609336e+01,-5.971616501109012098e+00
5.639999999999999680e+00,-2.199141437465598514e+01,-4.642460302389029891e+01,5.540710040671570624e+01,-6.423891698361603453e+00
5.650000000000000355e+00,-2.173153457061398797e+01,-4.887467073639456316e+01,5.524745101873585895e+01,-6.865031264557416080e+00
5.660000000000000142e+00,-2.148318497432745744e+01,-5.126554924866984209e+01,5.506230511348151424e+01,-7.293693331352486098e+00
5.669999999999999929e+00,-2.124526877020734261e+01,-5.360160918425555110e+01,5.485331005589750930e+01,-7.708849522160336143e+00
5.679999999999999716e+00,-2.101674435484166992e+01,-5.588727820853929984e+01,5.462202744633391660e+01,-8.109748560055173527e+00
5.690000000000000391e+00,-2.079664036527317350e+01,-5.812710359709762287e+01,5.436988004424812004e+01,-8.495864907231229779e+00
5.700000000000000178e+00,-2.058407020598469117e+01,-6.032577478356966338e+01,5.409811583212287900e+01,-8.866836954142407023e+00
5.709999999999999964e+00,-2.037824521403445388e+01,-6.248810907199499098e+01,5.380779109596268484e+01,-9.222399899664184275e+00
5.719999999999999751e+00,-2.017848557397807951e+01,-6.461900478720176011e+01,5.349977294369295322e+01,-9.562318695811882208e+00
5.730000000000000426e+00,-1.998422815245229955e+01,-6.672336736274635882e+01,5.317476024661488054e+01,-9.886326280155678603e+00
5.740000000000000213e+00,-1.979503056467415689e+01,-6.880601502782801049e+01,5.283332065918895637e+01,-1.019407181238861604e+01
5.750000000000000000e+00,-1.961057100004130405e+01,-7.087157165537634285e+01,5.247594022623243859e+01,-1.048508280840894358e+01
5.759999999999999787e+00,-1.943064360027252135e+01,-7.292435481094575778e+01,5.210308119270674609e+01,-1.075874397812578387e+01
5.769999999999999574e+00,-1.925514947261907395e+01,-7.496826699629127688e+01,5.171524304896983182e+01,-1.101429428802319599e+01
5.780000000000000249e+00,-1.908408370118004171e+01,-7.700669749175536083e+01,5.131302162041951220e+01,-1.125084236768144308e+01
5.790000000000000036e+00,-1.891751896201184380e+01,-7.904244112804941835e+01,5.089716117276812213e+01,-1.146739895751948701e+01
5.799999999999999822e+00,-1.875558653019603739e+01,-8.107763888736816682e+01,5.046859505427858750e+01,-1.166292376086724047e+01
5.809999999999999609e+00,-1.859845557708427677e+01,-8.311374361290434365e+01,5.002847130263042885e+01,-1.183638292789350643e+01
5.820000000000000284e+00,-1.844631169249361236e+01,-8.515151246959405285e+01,4.957816083921660066e+01,-1.198681256324355893e+01
5.830000000000000071e+00,-1.829933553855791217e+01,-8.719102629987882835e+01,4.911924725713342355e+01,-1.211338319128124930e+01
5.839999999999999858e+00,-1.815768246523068541e+01,-8.923173476461090559e+01,4.865349865686043529e+01,-1.221546007410722368e+01
5.849999999999999645e+00,-1.802146381141922049e+01,-9.127252520361557231e+01,4.818282336298449309e+01,-1.229265465524587242e+01
5.860000000000000320e+00,-1.789073049937227822e+01,-9.331181249077975792e+01,4.770921254272983703e+01,-1.234486314798078510e+01
5.870000000000000107e+00,-1.776545941877906287e+01,-9.534764674739977863e+01,4.723467364492041298e+01,-1.237228931527010012e+01
5.879999999999999893e+00,-1.764554300114244612e+01,-9.737783553749451926e+01,4.676115912699457766e+01,-1.237544968655867450e+01
5.889999999999999680e+00,-1.753078230807426507e+01,-9.940007700980592631e+01,4.629049512203211947e+01,-1.235516070650104581e+01
5.900000000000000355e+00,-1.742088389664135661e+01,-1.014121002874595376e+02,4.582431454258686188e+01,-1.231250850207838887e+01
5.910000000000000142e+00,-1.731546067271857225e+01,-1.034118091711718534e+02,4.536399868009882397e+01,-1.224880300169226643e+01
5.919999999999999929e+00,-1.721403688743500027e+01,-1.053974248800474527e+02,4.491063071238951920e+01,-1.216551898763741235e+01
5.929999999999999716e+00,-1.711605735812528195e+01,-1.073676231104043524e+02,4.446496375511956245e+01,-1.206422728924593812e+01
5.940000000000000391e+00,-1.702090088997050543e+01,-1.093216601979063398e+02,4.402740525491212509e+01,-1.194651973248796395e+01
5.950000000000000178e+00,-1.692789772713956609e+01,-1.112594827173415553e+02,4.359801867363374583e+01,-1.181393167533192567e+01
5.959999999999999964e+00,-1.683635066833004146e+01,-1.131818145817840673e+02,4.317654258663578304e+01,-1.166786600610052815e+01
5.969999999999999751e+00,-1.674555924581525801e+01,-1.150902157654087006e+02,4.276242652663418653e+01,-1.150952239071454741e+01
5.980000000000000426e+00,-1.665484610519973785e+01,-1.169871073258306637e+02,4.235488215238586207e+01,-1.133983534020925887e+01
5.990000000000000213e+00,-1.656358446232380999e+01,-1.188757585596870996e+02,4.195294760818068625e+01,-1.115942433535433054e+01
6.000000000000000000e+00,-1.647122529081656239e+01,-1.207602339327871164e+02,4.155556227367020483e+01,-1.096855878257945882e+01
6.009999999999999787e+00,-1.637732274979353164e+01,-1.226452998213568151e+02,4.116164850420557286e+01,-1.076713997169353654e+01
6.019999999999999574e+00,-1.628155633415637027e+01,-1.245362938999972897e+02,4.077019646629708660e+01,-1.055470145215764788e+01
6.030000000000000249e+00,-1.618374834598035505e+01,-1.264389629190720967e+02,4.038034783175270803e+01,-1.033042834615566008e+01
6.040000000000000036e+00,-1.608387555082384068e+01,-1.283592772606215533e+02,3.999147396504632468e+01,-1.009319510132633724e+01
6.049999999999999822e+00,-1.598207427927564162e+01,-1.303032326706958486e+02,3.960324437440512924e+01,-9.841620109008365702e+00
6.059999999999999609e+00,-1.587863871975282137e+01,-1.322766506286012032e+02,3.921568163267739493e+01,-9.574134556421702413e+00
6.070000000000000284e+00,-1.577401266433033733e+01,-1.342849887577143591e+02,3.882919971310401053e+01,-9.289061942517161441e+00
6.080000000000000071e+00,-1.566877544987464788e+01,-1.363331715122992591e+02,3.844462369236724442e+01,-8.984703970352610369e+00
6.089999999999999858e+00,-1.556362322310927837e+01,-1.384254492701309971e+02,3.806318997298878770e+01,-8.659428123302548741e+00
6.099999999999999645e+00,-1.545934690905277087e+01,-1.405652912371167247e+02,3.768652746019687072e+01,-8.311752196816541982e+00
6.110000000000000320e+00,-1.535680835998598326e+01,-1.427553146099786545e+02,3.731662136703097588e+01,-7.940421406679742944e+00
6.120000000000000107e+00,-1.525691611364958788e+01,-1.449972496199839895e+02,3.695576238884057574e+01,-7.544474394620392488e+00
6.129999999999999893e+00,-1.516060202151598446e+01,-1.472919376949464265e+02,3.660648477869003159e+01,-7.123295423513975599e+00
6.139999999999999680e+00,-1.506879975945717831e+01,-1.496393582169533261e+02,3.627149730018334139e+01,-6.676651185723765813e+00
6.150000000000000355e+00,-1.498242594592561971e+01,-1.520386782873049469e+02,3.595361111208922011e+01,-6.204711813435923595e+00
6.160000000000000142e+00,-1.490236430474398865e+01,-1.544883195010629890e+02,3.565566837483353169e+01,-5.708056758809567199e+00
6.169999999999999929e+00,-1.482945304972637324e+01,-1.569860358708993431e+02,3.538047482613121986e+01,-5.187667106550951424e+00
6.179999999999999716e+00,-1.476447545477530454e+01,-1.595289975750653468e+02,3.513073884048742457e+01,-4.644906528199032714e+00
6.190000000000000391e+00,-1.470815341362376394e+01,-1.621138759825603302e+02,3.490901866280107413e+01,-4.081493459947552971e+00
6.200000000000000178e+00,-1.466114368749192032e+01,-1.647369262917302990e+02,3.471767868190700312e+01,-3.499467193390166653e+00
6.209999999999999964e+00,-1.462403648038971049e+01,-1.673940649977874955e+02,3.455885486076312674e+01,-2.901150447686682732e+00
6.219999999999999751e+00,-1.459735596130970592e+01,-1.700809402047828485e+02,3.443442881819830603e+01,-2.289110695819494889e+00
6.230000000000000426e+00,-1.458156235983259386e+01,-1.727929934743601450e+02,3.434600959030645839e+01,-1.666122106765722810e+00
6.240000000000000213e+00,-1.457705528692268970e+01,-1.755255124389367722e+02,3.429492179342104663e+01,-1.035129496937079452e+00
6.250000000000000000e+00,-1.458417796749711570e+01,-1.782736738013003333e+02,3.428219875395511451e+01,-3.992152067615334365e-01
6.259999999999999787e+00,-1.460322210899657414e+01,1.789674233911448198e+02,3.430857914114432106e+01,2.384306317254893670e-01
6.269999999999999574e+00,-1.463443316568336527e+01,1.762027341515623675e+02,3.437450570965851426e+01,8.745363693368986002e-01
6.280000000000000249e+00,-1.467801578827862663e+01,1.734372535208783859e+02,3.448012490258851415e+01,1.505771925280809942e+00
6.290000000000000036e+00,-1.473413927058828676e+01,1.706760119719263571e+02,3.462528625705645879e+01,2.128769223404794797e+00
6.299999999999999822e+00,-1.480294281761962694e+01,1.679240801608493143e+02,3.480954077546742553e+01,2.740140727904256224e+00
6.309999999999999609e+00,-1.488454046261623986e+01,1.651865829956769005e+02,3.503213766218076586e+01,3.336496982623915031e+00
6.320000000000000284e+00,-1.497902545302999933e+01,1.624687230592831781e+02,3.529201907116273418e+01,3.914464168118187093e+00
6.330000000000000071e+00,-1.508647390739628769e+01,1.597758134837538648e+02,3.558781276329187904e+01,4.470702762466894242e+00
6.339999999999999858e+00,-1.520694751599989836e+01,1.571133204111435191e+02,3.591782283468317161e+01,5.001928429354038919e+00
6.349999999999999645e+00,-1.534049501750003763e+01,1.544869151763235493e+02,3.628001895414535483e+01,5.504936259501833185e+00
6.360000000000000320e+00,-1.548715213038775573e+01,1.519025362930817096e+02,3.667202484329304468e+01,5.976629453246874668e+00
6.370000000000000107e+00,-1.564693955097286349e+01,1.493664611913706324e+02,3.709110704924540158e+01,6.414053441356812435e+00
6.379999999999999893e+00,-1.581985854693886040e+01,1.468853874091268779e+02,3.753416539474133629e+01,6.814436281636103487e+00
6.389999999999999680e+00,-1.600588357570093123e+01,1.444665225402512192e+02,3.799772683378510152e+01,7.175235920454695382e+00
6.400000000000000355e+00,-1.620495123869211795e+01,1.421176816148935131e+02,3.847794477245071221e+01,7.494194550216638717e+00
6.410000000000000142e+00,-1.641694474667804471e+01,1.398473896452953511e+02,3.897060620210837811e+01,7.769399808191569612e+00
6.419999999999999929e+00,-1.664167292110424157e+01,1.376649856794574021e+02,3.947114919147434620e+01,7.999351939672953549e+00
6.429999999999999716e+00,-1.687884260279713544e+01,1.355807226897420321e+02,3.997469333882510512e+01,8.183035294334679577e+00
6.440000000000000391e+00,-1.712802320431745429e+01,1.336058547569708708e+02,4.047608563395259296e+01,8.319991665433439820e+00
6.450000000000000178e+00,-1.738860206778160133e+01,1.317526990187798503e+02,4.096996375936789292e+01,8.410392070638279094e+00
6.459999999999999964e+00,-1.765972934885412116e+01,1.300346544412255696e+02,4.145083812238663512e+01,8.455102694377979233e+00
6.469999999999999751e+00,-1.794025145867318116e+01,1.284661524067551284e+02,4.191319283071781143e+01,8.455739976996646590e+00
6.480000000000000426e+00,-1.822863284048251842e+01,1.270625053627575767e+02,4.235160442176299966e+01,8.414709378712410981e+00
6.490000000000000213e+00,-1.852286729467763848e+01,1.258396098173829216e+02,4.276087550163521200e+01,8.335222304481186839e+00
6.500000000000000000e+00,-1.882038252410437451e+01,1.248134502583638294e+02,4.313617867593996635e+01,8.221286169575025227e+00
6.509999999999999787e+00,-1.911794540043063861e+01,1.239993442301790623e+02,4.347320444922701910e+01,8.077663689663062030e+00
6.519999999999999574e+00,-1.941158087997596127e+01,1.234108714152586117e+02,4.376830536166113461e+01,7.909799195224127111e+00
6.530000000000000249e+00,-1.969652434051416634e+01,1.230584496382353450e+02,4.401862775611175493e+01,7.723712007101118715e+00
6.540000000000000036e+00,-1.996723431352256384e+01,1.229475689295629479e+02,4.422222242977516515e+01,7.525859478389396173e+00
6.549999999999999822e+00,-2.021749767879767745e+01,1.230767804972379196e+02,4.437812614775391751e+01,7.322974934190002116e+00
6.559999999999999609e+00,-2.044065821847136277e+01,1.234356609946228502e+02,4.448640759437518710e+01,7.121888103246948987e+00
6.570000000000000284e+00,-2.062998686675503279e+01,1.240031138030069400e+02,4.454817369246448777e+01,6.929337415918684684e+00
6.580000000000000071e+00,-2.077918438778539567e+01,1.247464784158322999e+02,4.456553508839473920e+01,6.751784484674034914e+00
6.589999999999999858e+00,-2.088296652938937825e+01,1.256219218456397044e+02,4.454153264929372824e+01,6.595241041768463042e+00
6.599999999999999645e+00,-2.093763916449514895e+01,1.265764146343520906e+02,4.448002968218723652e+01,6.465117581420241066e+00
6.610000000000000320e+00,-2.094154591419673750e+01,1.275512423713062304e+02,4.438557692681745692e+01,6.366101081609076395e+00
6.620000000000000107e+00,-2.089528176036945695e+01,1.284865688487600437e+02,4.426325894506118175e+01,6.302066720241665365e+00
6.629999999999999893e+00,-2.080161743101637128e+01,1.293262283650173003e+02,4.411853120521511329e+01,6.276025774636607046e+00
6.639999999999999680e+00,-2.066515359917915617e+01,1.300218465651922770e+02,4.395705694843739053e+01,6.290109232064616585e+00
6.650000000000000355e+00,-2.049179013978937647e+01,1.305356118123970077e+02,4.378455195500051644e+01,6.345584325465623898e+00
6.660000000000000142e+00,-2.028812772297304079e+01,1.308414299431502741e+02,4.360664380924919215e+01,6.442899440238936570e+00
6.669999999999999929e+00,-2.006091037559476575e+01,1.309246074434600189e+02,4.342875044023499953e+01,6.581751710926426746e+00
6.679999999999999716e+00,-1.981658124089854311e+01,1.307804752036692264e+02,4.325598082875813333e+01,6.761171138718416351e+00
6.690000000000000391e+00,-1.956098013504792377e+01,1.304124436589782476e+02,4.309305901927410787e+01,6.979615132469874084e+00
6.700000000000000178e+00,-1.929917656735204545e+01,1.298299143095845238e+02,4.294427109537703302e+01,7.235067878746452408e+00
6.709999999999999964e+00,-1.903541200151667212e+01,1.290463392627385417e+02,4.281343364431329945e+01,7.525139732179984442e+00
6.719999999999999751e+00,-1.877311888428452846e+01,1.280775838501057819e+02,4.270388146499451665e+01,7.847162743254803452e+00
6.730000000000000426e+00,-1.851498653377550951e+01,1.269406418720085128e+02,4.261847183630652580e+01,8.198279386315086015e+00
6.740000000000000213e+00,-1.826305053640383136e+01,1.256526869853290833e+02,4.255960250052405058e+01,8.575522427470678721e+00
6.750000000000000000e+00,-1.801878952523476940e+01,1.242304111064532464e+02,4.252924055939279668e+01,8.975884625273300443e+00
6.759999999999999787e+00,-1.778321940012178715e+01,1.226895907452265106e+02,4.252895965620386676e+01,9.396377562171474906e+00
6.769999999999999574e+00,-1.755697964650849130e+01,1.210448250798026777e+02,4.255998306230277706e+01,9.834079361988594670e+00
6.780000000000000249e+00,-1.734040948404361160e+01,1.193093982692662820e+02,4.262323055055951215e+01,1.028617137539135307e+01
6.790000000000000036e+00,-1.713361344298274247e+01,1.174952287015003662e+02,4.271936718636263208e+01,1.074996413902863601e+01
6.799999999999999822e+00,-1.693651697753974972e+01,1.156128773766504878e+02,4.284885237883354847e+01,1.122291306612365958e+01
6.809999999999999609e+00,-1.674891317959118453e+01,1.136715955249495380e+02,4.301198770467318866e+01,1.170262443710799971e+01
6.820000000000000284e+00,-1.657050177549403358e+01,1.116793976645119670e+02,4.320896214841319249e+01,1.218685235407358292e+01
6.830000000000000071e+00,-1.640092152516453794e+01,1.096431507753628694e+02,4.343989350724810805e+01,1.267348742116169902e+01
6.839999999999999858e+00,-1.623977699368097305e+01,1.075686733833069297e+02,4.370486480146931996e+01,1.316053802539066453e+01
6.849999999999999645e+00,-1.608666049103715068e+01,1.054608404128236998e+02,4.400395462908475963e+01,1.364610522190523234e+01
6.860000000000000320e+00,-1.594116980939735839e+01,1.033236909551789040e+02,4.433726051997003736e+01,1.412835237043771741e+01
6.870000000000000107e+00,-1.580292224706196613e+01,1.011605368358125219e+02,4.470491449159116826e+01,1.460547081701918160e+01
6.879999999999999893e+00,-1.567156530180224827e+01,9.897407023911917179e+01,4.510709019077410886e+01,1.507564305472061861e+01
6.889999999999999680e+00,-1.554678434420633693e+01,9.676646880435060893e+01,4.554400122484141633e+01,1.553700491668154626e+01
6.900000000000000355e+00,-1.542830754106492819e+01,9.453949665452084616e+01,4.601589053677318475e+01,1.598760844220578470e+01
6.910000000000000142e+00,-1.531590828399402682e+01,9.229459984181985988e+01,4.652301095561454503e+01,1.642538710309214167e+01
6.919999999999999929e+00,-1.520940538250452434e+01,9.003299474286895077e+01,4.706559734607790091e+01,1.684812507656512537e+01
6.929999999999999716e+00,-1.510866129624224641e+01,8.775574804695506259e+01,4.764383108082503071e+01,1.725343220012229040e+01
6.940000000000000391e+00,-1.501357870115955784e+01,8.546384716235485257e+01,4.825779785678293621e+01,1.763872614145514817e+01
6.950000000000000178e+00,-1.492409570295064469e+01,8.315826011661322070e+01,4.890744016587876786e+01,1.800122316339834327e+01
6.959999999999999964e+00,-1.484018002360724608e+01,8.083998433132705941e+01,4.959250600463815317e+01,1.833793865940570456e+01
6.969999999999999751e+00,-1.476182249050221706e+01,7.851008398913985786e+01,5.031249565993948636e+01,1.864569837789706241e+01
6.980000000000000426e+00,-1.468903015069027695e+01,7.616971605626173414e+01,5.106660863199323330e+01,1.892116094121567826e+01
6.990000000000000213e+00,-1.462181931629906551e+01,7.382014535540596967e+01,5.185369293904793153e+01,1.916085189359625574e+01
7.000000000000000000e+00,-1.456020882124427374e+01,7.146274938316398107e+01,5.267219917544334606e+01,1.936120908062110146e+01
7.009999999999999787e+00,-1.450421373701816208e+01,6.909901381985100954e+01,5.352014174435480243e+01,1.951863867250828122e+01
7.019999999999999574e+00,-1.445383975822293721e+01,6.673051988233250142e+01,5.439506963367335146e+01,1.962958060514542424e+01
7.030000000000000249e+00,-1.440907842901152947e+01,6.435892482032122075e+01,5.529404892139741889e+01,1.969058164666082433e+01
7.040000000000000036e+00,-1.436990334145442461e+01,6.198593695758255961e+01,5.621365886223606623e+01,1.969837373695174776e+01
7.049999999999999822e+00,-1.433626739735774791e+01,5.961328673732098338e+01,5.715000290556825746e+01,1.964995473945385740e+01
7.059999999999999609e+00,-1.430810118694160415e+01,5.724269525261902203e+01,5.809873532782652461e+01,1.954266834556447208e+01
7.070000000000000284e+00,-1.428531250129435115e+01,5.487584173429441847e+01,5.905510335272327893e+01,1.937427964435829253e+01
7.080000000000000071e+00,-1.426778696053736972e+01,5.251433143419080807e+01,6.001400372871887612e+01,1.914304287143212946e+01
7.089999999999999858e+00,-1.425538970590466370e+01,5.015966528359504650e+01,6.097005180802285906e+01,1.884775812382999050e+01
7.099999999999999645e+00,-1.424796807122949005e+01,4.781321262334630973e+01,6.191766031856375463e+01,1.848781438973151126e+01
7.110000000000000320e+00,-1.424535511764079843e+01,4.547618819143981739e+01,6.285112434263250236e+01,1.806321707298820201e+01
7.120000000000000107e+00,-1.424737388497434409e+01,4.314963441133426159e+01,6.376470861098282228e+01,1.757459923425206227e+01
7.129999999999999893e+00,-1.425384218532956737e+01,4.083440984564113307e+01,6.465273316435801121e+01,1.702321692428844457e+01
7.139999999999999680e+00,-1.426457773964111908e+01,3.853118446267877317e+01,6.550965376252153760e+01,1.641093012383768368e+01
7.150000000000000355e+00,-1.427940343875367901e+01,3.624044210754555451e+01,6.633013412055562696e+01,1.574017178803083894e+01
7.160000000000000142e+00,-1.429815249816800105e+01,3.396249027901165363e+01,6.710910805579727878e+01,1.501390819012842037e+01
7.169999999999999929e+00,-1.432067327221609432e+01,3.169747699728076995e+01,6.784183081958646255e+01,1.423559406769852309e+01
7.179999999999999716e+00,-1.434683350046836736e+01,2.944541421898547284e+01,6.852392011439613384e+01,1.340912594165569693e+01
7.190000000000000391e+00,-1.437652377763207312e+01,2.720620693211184005e+01,6.915138839365641843e+01,1.253879641269226042e+01
7.200000000000000178e+00,-1.440966006820484857e+01,2.497968676493927376e+01,6.972066885435296513e+01,1.162925131101164666e+01
7.209999999999999964e+00,-1.444618512786379227e+01,2.276564869029991911e+01,7.022863794152448236e+01,1.068545040924695222e+01
7.219999999999999751e+00,-1.448606874318373805e+01,2.056388921844114392e+01,7.067263712288456645e+01,9.712631168604865195e+00
7.230000000000000426e+00,-1.452930675709295727e+01,1.837424436362056213e+01,7.105049615944470531e+01,8.716273854131006971e+00
7.240000000000000213e+00,-1.457591890618101615e+01,1.619662565043858038e+01,7.136055915952935891e+01,7.702065496782529053e+00
7.250000000000000000e+00,-1.462594555397043550e+01,1.403105249808804444e+01,7.160171348382304757e+01,6.675859734609071339e+00
7.259999999999999787e+00,-1.467944345805033812e+01,1.187767947935002155e+01,7.177342023693032047e+01,5.643629616211947031e+00
7.269999999999999574e+00,-1.473648075549118630e+01,9.736817185055102186e+00,7.187574382724680788e+01,4.611411013307329831e+00
7.280000000000000249e+00,-1.479713138788717686e+01,7.608945718014186177e+00,7.190937708872711198e+01,3.585235310629446559e+00
7.290000000000000036e+00,-1.486146921325607373e+01,5.494720174495887122e+00,7.187565789202216138e+01,2.571051398911693209e+00
7.299999999999999822e+00,-1.492956206630774219e+01,3.394967827293011720e+00,7.177657313113120097e+01,1.574638516977229896e+00
7.309999999999999609e+00,-1.500146603149448765e+01,1.310677084826889605e+00,7.161474648720886194e+01,6.015129703768783420e-01
7.320000000000000284e+00,-1.507722018557050703e+01,-7.570213488834519611e-01,7.139340739816027792e+01,-3.431670046180477218e-01
7.330000000000000071e+00,-1.515684204921306844e+01,-2.806880359108466116e+00,7.111634008378069893e+01,-1.254693132273461353e+00
7.339999999999999858e+00,-1.524032396175004322e+01,-4.837568294917645062e+00,7.078781311913098762e+01,-2.128890339353277650e+00
7.349999999999999645e+00,-1.532763056019710568e+01,-6.847705510529904949e+00,7.041249171265991436e+01,-2.962186205274504935e+00
7.360000000000000320e+00,-1.541869750436449849e+01,-8.835904020396975866e+00,6.999533633155472501e+01,-3.751662271762002288e+00
7.370000000000000107e+00,-1.551343154420696990e+01,-1.080080852579693484e+01,6.954149245784368816e+01,-4.495084084870954122e+00
7.379999999999999893e+00,-1.561171197415366052e+01,-1.274113692859085489e+01,6.905617694201953327e+01,-5.190908338695001234e+00
7.389999999999999680e+00,-1.571339346220430322e+01,-1.465571836098231984e+01,6.854456659952019493e+01,-5.838267085901713394e+00
7.400000000000000355e+00,-1.581831017977935616e+01,-1.654352673979541066e+01,6.801169438809242251e+01,-6.436930504628422867e+00
7.410000000000000142e+00,-1.592628109294770944e+01,-1.840370791328134104e+01,6.746235778443691800e+01,-6.987251021240620474e+00
7.419999999999999929e+00,-1.603711620889310652e+01,-2.023559862148577437e+01,6.690104295685139846e+01,-7.490092583991850184e+00
7.429999999999999716e+00,-1.615062350651738043e+01,-2.203873574942439362e+01,6.633186713311565086e+01,-7.946749512550435490e+00
7.440000000000000391e+00,-1.626661622111558003e+01,-2.381285472201160758e+01,6.575854031285184931e+01,-8.358859607394803604e+00
7.450000000000000178e+00,-1.638492010506765340e+01,-2.555787636874916302e+01,6.518434627687391014e+01,-8.728316122740229943e+00
7.459999999999999964e+00,-1.650538025474435599e+01,-2.727388216124219866e+01,6.461214178284606646e+01,-9.057182842846939863e+00
7.469999999999999751e+00,-1.662786708322889240e+01,-2.896107837179000200e+01,6.404437195929159543e+01,-9.347615922097586960e+00
7.480000000000000426e+00,-1.675228103279950176e+01,-3.061975037870284666e+01,6.348309924560377482e+01,-9.601795423454916545e+00
7.490000000000000213e+00,-1.687855566232502014e+01,-3.225020900632866017e+01,6.293004278104709215e+01,-9.821868681568824755e+00
7.500000000000000000e+00,-1.700665881231362064e+01,-3.385273138326315490e+01,6.238662491353452566e+01,-1.000990678052094296e+01
7.509999999999999787e+00,-1.713659164121182243e+01,-3.542749928068161580e+01,6.185402146335798790e+01,-1.016787461675610160e+01
7.519999999999999574e+00,-1.726838543511437152e+01,-3.697453821235959026e+01,6.133321251742668778e+01,-1.029761425132072006e+01
7.530000000000000249e+00,-1.740209621193736567e+01,-3.849366071087516161e+01,6.082503082267390226e+01,-1.040084057146595953e+01
7.540000000000000036e+00,-1.753779726204396283e+01,-3.998441713043457213e+01,6.033020526780018145e+01,-1.047914770417400199e+01
7.549999999999999822e+00,-1.767556988222357717e+01,-4.144605707372020476e+01,5.984939746266393001e+01,-1.053402417296038784e+01
7.559999999999999609e+00,-1.781549266195855807e+01,-4.287750412171941861e+01,5.938323001377975885e+01,-1.056687447933765966e+01
7.570000000000000284e+00,-1.795762976519464971e+01,-4.427734599586705144e+01,5.893230571902067538e+01,-1.057904463063542444e+01
7.580000000000000071e+00,-1.810201871477564595e+01,-4.564384163898733249e+01,5.849721752931488084e+01,-1.057184912812589950e+01
7.589999999999999858e+00,-1.824865822984147101e+01,-4.697494600048850089e+01,5.807854971440035996e+01,-1.054659706674942576e+01
7.599999999999999645e+00,-1.839749668984456221e+01,-4.826835257862140338e+01,5.767687119063690204e+01,-1.050461526444943416e+01
7.610000000000000320e+00,-1.854842180398187779e+01,-4.952155302360600331e+01,5.729272239391841737e+01,-1.044726671141706476e+01
7.620000000000000107e+00,-1.870125205281888014e+01,-5.073191234443830666e+01,5.692659739008148279e+01,-1.037596307748586355e+01
7.629999999999999893e+00,-1.885573043925479908e+01,-5.189675748649407439e+01,5.657892309838865685e+01,-1.029217050623344853e+01
7.639999999999999680e+00,-1.901152103618016653e+01,-5.301347625401370323e+01,5.625003755980543474e+01,-1.019740842360234190e+01
7.650000000000000355e+00,-1.916820874339810743e+01,-5.407962274773090883e+01,5.594016911877717035e+01,-1.009324156643319270e+01
7.660000000000000142e+00,-1.932530256019710535e+01,-5.509302469906896960e+01,5.564941821977756575e+01,-9.981265866687612842e+00
7.669999999999999929e+00,-1.948224253571359910e+01,-5.605188736205115418e+01,5.537774326720936102e+01,-9.863089191217248697e+00
7.679999999999999716e+00,-1.963841037221692076e+01,-5.695488805840260937e+01,5.512495168038197590e+01,-9.740308222172824770e+00
7.690000000000000391e+00,-1.979314342669027482e+01,-5.780125517678207814e+01,5.489069691519829064e+01,-9.614482962884022044e+00
7.700000000000000178e+00,-1.994575159111178309e+01,-5.859082553916200453e+01,5.467448184027782787e+01,-9.487110466166434719e+00
7.709999999999999964e+00,-2.009553624898711632e+01,-5.932407469879838402e+01,5.447566846488682302e+01,-9.359599407471121069e+00
7.719999999999999751e+00,-2.024181023275017566e+01,-6.000211602372640840e+01,5.429349363479887813e+01,-9.233247066876165476e+00
7.730000000000000426e+00,-2.038391748030125328e+01,-6.062666637656086976e+01,5.412708995450343252e+01,-9.109220145533075907e+00
7.740000000000000213e+00,-2.052125095021415291e+01,-6.119997875351608485e+01,5.397551087418155191e+01,-8.988540628857352388e+00
7.750000000000000000e+00,-2.065326734229053685e+01,-6.172474520222358763e+01,5.383775861204124880e+01,-8.872077627278354583e+00
7.759999999999999787e+00,-2.077949731020759572e+01,-6.220397639607042350e+01,5.371281338170386732e+01,-8.760545785282964459e+00
7.769999999999999574e+00,-2.089955015384495240e+01,-6.264086702212122759e+01,5.359966227470300026e+01,-8.654510464232062716e+00
7.780000000000000249e+00,-2.101311242428545967e+01,-6.303865824305025001e+01,5.349732612224531891e+01,-8.554399492013688544e+00
7.790000000000000036e+00,-2.111994042414392680e+01,-6.340050957959838485e+01,5.340488273681464193e+01,-8.460520855671742169e+00
7.799999999999999822e+00,-2.121984718080403809e+01,-6.372939241031476598e+01,5.332148511568286864e+01,-8.373085318052497783e+00
7.809999999999999609e+00,-2.131268504241863582e+01,-6.402801584584719308e+01,5.324637347000505372e+01,-8.292232594376827137e+00
7.820000000000000284e+00,-2.139832553073464538e+01,-6.429879312241308753e+01,5.317888031145221106e+01,-8.218059456714387423e+00
7.830000000000000071e+00,-2.147663842797800626e+01,-6.454385313039331606e+01,5.311842826146832408e+01,-8.150647966903150632e+00
7.839999999999999858e+00,-2.154747224259111249e+01,-6.476509759313969994e+01,5.306452071755420974e+01,-8.090091987997970691e+00
7.849999999999999645e+00,-2.161063817535172049e+01,-6.496430011085367084e+01,5.301672598346688403e+01,-8.036520198301165152e+00
7.860000000000000320e+00,-2.166589949445620533e+01,-6.514323914243658464e+01,5.297465591177015654e+01,-7.990114027822703413e+00
7.870000000000000107e+00,-2.171296783834450039e+01,-6.530385333756397870e+01,5.293794048594884316e+01,-7.951119242201697190e+00
7.879999999999999893e+00,-2.175150741928668907e+01,-6.544840474387069662e+01,5.290620005871104325e+01,-7.919850292919415224e+00
7.889999999999999680e+00,-2.178114742757557210e+01,-6.557963357513835945e+01,5.287901714387569285e+01,-7.896687008277693209e+00
7.900000000000000355e+00,-2.180150217474380980e+01,-6.570088770002442402e+01,5.285590972038236401e+01,-7.882063687108209926e+00
7.910000000000000142e+00,-2.181219771922338424e+01,-6.581621103072561141e+01,5.283630794566520450e+01,-7.876451145923697439e+00
7.919999999999999929e+00,-2.181290296294674746e+01,-6.593037770625846861e+01,5.281953599632632290e+01,-7.880332731101579391e+00
7.929999999999999716e+00,-2.180336258323180587e+01,-6.604886336007314185e+01,5.280480046709953257e+01,-7.894175714397096755e+00
7.940000000000000391e+00,-2.178342876840973830e+01,-6.617775057477736311e+01,5.279118637949199666e+01,-7.918399819676040785e+00
7.950000000000000178e+00,-2.175308864368048489e+01,-6.632357230500045375e+01,5.277766139796114686e+01,-7.953344861769746643e+00
7.959999999999999964e+00,-2.171248455606426120e+01,-6.649310377743265121e+01,5.276308834609854159e+01,-7.999239598754779301e+00
7.969999999999999751e+00,-2.166192502864564418e+01,-6.669311919524176346e+01,5.274624558356477877e+01,-8.056173894403823255e+00
7.980000000000000426e+00,-2.160188512378035242e+01,-6.693013357147805209e+01,5.272585427556800397e+01,-8.124076150236190230e+00
7.990000000000000213e+00,-2.153299604394804589e+01,-6.721015154520749491e+01,5.270061109313699887e+01,-8.202697694723706690e+00
8.000000000000000000e+00,-2.145602488590589019e+01,-6.753844387790216786e+01,5.266922445950730491e+01,-8.291605416957258612e+00
8.009999999999999787e+00,-2.137184638962489913e+01,-6.791936875770524296e+01,5.263045214136697325e+01,-8.390183419545842014e+00
8.019999999999999574e+00,-2.128140916652733239e+01,-6.835624974311690494e+01,5.258313780654275149e+01,-8.497643868034236547e+00
8.029999999999999361e+00,-2.118569919112695743e+01,-6.885131608018521376e+01,5.252624415812429248e+01,-8.613046570265913360e+00
8.039999999999999147e+00,-2.108570330234436341e+01,-6.940570516793822264e+01,5.245888042388659755e+01,-8.735326176917668661e+00
8.050000000000000711e+00,-2.098237514666051240e+01,-7.001952188457859449e+01,5.238032232883232098e+01,-8.863325307598445946e+00
8.060000000000000497e+00,-2.087660549827710810e+01,-7.069194578314206012e+01,5.229002318985459397e+01,-8.995831429341997421e+00
8.070000000000000284e+00,-2.076919831176260445e+01,-7.142137496089692661e+01,5.218761540942960409e+01,-9.131614993682102721e+00
8.080000000000000071e+00,-2.066085328646394714e+01,-7.220559457799383551e+01,5.207290235937814060e+01,-9.269466209886930486e+00
8.089999999999999858e+00,-2.055215520943867347e+01,-7.304195825772647765e+01,5.194584137560609349e+01,-9.408227912853064367e+00
8.099999999999999645e+00,-2.044356992603879775e+01,-7.392757159202137984e+01,5.180651926661566620e+01,-9.546822271834498608e+00
8.109999999999999432e+00,-2.033544647089150814e+01,-7.485946837371919571e+01,5.165512231282007605e+01,-9.684269557601393075e+00
8.119999999999999218e+00,-2.022802466610985306e+01,-7.583477172996697391e+01,5.149190315133377283e+01,-9.819697800455035264e+00
8.130000000000000782e+00,-2.012144733894633930e+01,-7.685083388206085431e+01,5.131714716853637270e+01,-9.952342877145500921e+00
8.140000000000000568e+00,-2.001577620766825660e+01,-7.790534973883585224e+01,5.113114104490311007e+01,-1.008153930240298912e+01
8.150000000000000355e+00,-1.991101041641312008e+01,-7.899644094199213384e+01,5.093414591590963880e+01,-1.020670271183364264e+01
8.160000000000000142e+00,-1.980710665849737850e+01,-8.012270835766841515e+01,5.072637724769577261e+01,-1.032730565394469657e+01
8.169999999999999929e+00,-1.970399981190332284e+01,-8.128325239027881821e+01,5.050799300760781563e+01,-1.044284881560078482e+01
8.179999999999999716e+00,-1.960162302524987155e+01,-8.247766190411630305e+01,5.027909107756551776e+01,-1.055283015376432942e+01
8.189999999999999503e+00,-1.949992624539885000e+01,-8.370597396193574014e+01,5.003971615766943160e+01,-1.065671457504158681e+01
8.199999999999999289e+00,-1.939889227655398685e+01,-8.496860797299268597e+01,4.978987568653104745e+01,-1.075390678293477897e+01
8.210000000000000853e+00,-1.929854960913831974e+01,-8.626627909594027699e+01,4.952956361206956615e+01,-1.084372970154083049e+01
8.220000000000000639e+00,-1.919898145246004617e+01,-8.759989675528045439e+01,4.925879022950094566e+01,-1.092541049552182209e+01
8.230000000000000426e+00,-1.910033063836507949e+01,-8.897045479723601602e+01,4.897761580652529290e+01,-1.099807566244560419e+01
8.240000000000000213e+00,-1.900280031712619788e+01,-9.037892005169717891e+01,4.868618537848958283e+01,-1.106075600925541380e+01
8.250000000000000000e+00,-1.890665062061759727e+01,-9.182612584638414432e+01,4.838476194917484463e+01,-1.111240158467351158e+01
8.259999999999999787e+00,-1.881219169914513145e+01,-9.331267635779009595e+01,4.807375539420485211e+01,-1.115190587788380228e+01
8.269999999999999574e+00,-1.871977372750676238e+01,-9.483886665475429822e+01,4.775374463646632961e+01,-1.117813787076858389e+01
8.279999999999999361e+00,-1.862977460902036242e+01,-9.640462200978416263e+01,4.742549113061068056e+01,-1.118997990693096156e+01
8.289999999999999147e+00,-1.854258617708142154e+01,-9.800945865679166502e+01,4.708994232202891084e+01,-1.118636887071729902e+01
8.300000000000000711e+00,-1.845859970391662586e+01,-9.965246679685283482e+01,4.674822448311202550e+01,-1.116633789614448879e+01
8.310000000000000497e+00,-1.837819148397245073e+01,-1.013323154097294321e+02,4.640162511251112676e+01,-1.112905577354433184e+01
8.320000000000000284e+00,-1.830170917775212658e+01,-1.030472773973390019e+02,4.605156584276925713e+01,-1.107386139350778897e+01
8.330000000000000071e+00,-1.822945949573011504e+01,-1.047952728047939246e+02,4.569956747251421803e+01,-1.100029094345146419e+01
8.339999999999999858e+00,-1.816169768545078966e+01,-1.065739273357235248e+02,4.534720926674735608e+01,-1.090809611207543917e+01
8.349999999999999645e+00,-1.809861916973468965e+01,-1.083806430717692848e+02,4.499608501518073211e+01,-1.079725220708333566e+01
8.359999999999999432e+00,-1.804035357804724882e+01,-1.102126781728253349e+02,4.464775848711228434e+01,-1.066795579089663804e+01
8.369999999999999218e+00,-1.798696132045954954e+01,-1.120672323190592579e+02,4.430372087561268302e+01,-1.052061212784821542e+01
8.380000000000000782e+00,-1.793843277444342732e+01,-1.139415347055084169e+02,4.396535260512153087e+01,-1.035581336254680274e+01
8.390000000000000568e+00,-1.789469008625626145e+01,-1.158329314742139644e+02,4.363389151872290483e+01,-1.017430887352332824e+01
8.400000000000000355e+00,-1.785559152628317747e+01,-1.177389695431242131e+02,4.331040900467370136e+01,-9.976969644507514445e+00
8.410000000000000142e+00,-1.782093827615125292e+01,-1.196574738601920274e+02,4.299579510709489938e+01,-9.764748757696546377e+00
8.419999999999999929e+00,-1.779048345996609370e+01,-1.215866151885542195e+02,4.269075313010749539e+01,-9.538640240982532603e+00
8.429999999999999716e+00,-1.776394315950313540e+01,-1.235249656433784224e+02,4.239580371847732465e+01,-9.299638504323869626e+00
8.439999999999999503e+00,-1.774100907295417073e+01,-1.254715393922714100e+02,4.211129790400310924e+01,-9.048700493660234656e+00
8.449999999999999289e+00,-1.772136239129015678e+01,-1.274258162414023303e+02,4.183743816189912224e+01,-8.786712489561157469e+00
8.460000000000000853e+00,-1.770468838107096232e+01,-1.293877462955198325e+02,4.157430613706355871e+01,-8.514463196929286326e+00
8.470000000000000639e+00,-1.769069108608060503e+01,-1.313577345237397651e+02,4.132189538568319875e+01,-8.232624424902011739e+00
8.480000000000000426e+00,-1.767910750283696331e+01,-1.333366048832109811e+02,4.108014724166152121e+01,-7.941740255171598761e+00
8.490000000000000213e+00,-1.766972055754083470e+01,-1.353255446197822778e+02,4.084898776857071567e+01,-7.642225155463895803e+00
8.500000000000000000e+00,-1.766237022359064568e+01,-1.373260304189368526e+02,4.062836370477766224e+01,-7.334371028372985712e+00
8.509999999999999787e+00,-1.765696217513156796e+01,-1.393397391366978013e+02,4.041827535911017577e+01,-7.018362713126696129e+00
8.519999999999999574e+00,-1.765347347388202337e+01,-1.413684467988014148e+02,4.021880457033273615e+01,-6.694301001981195931e+00
8.529999999999999361e+00,-1.765195492840571490e+01,-1.434139203169020789e+02,4.003013610328219585e+01,-6.362231819474875927e+00
8.539999999999999147e+00,-1.765252993606090826e+01,-1.454778068487846383e+02,3.985257120757851368e+01,-6.022179868089434507e+00
8.550000000000000711e+00,-1.765538980264776470e+01,-1.475615258729640118e+02,3.968653249275539707e+01,-5.674184791937241457e+00
8.560000000000000497e+00,-1.766078571574491463e+01,-1.496661688455124590e+02,3.953255975020356061e+01,-5.318337769130262238e+00
8.570000000000000284e+00,-1.766901770794481408e+01,-1.517924107916126673e+02,3.939129684588637303e+01,-4.954816422968034928e+00
8.580000000000000071e+00,-1.768042107200024304e+01,-1.539404374280161392e+02,3.926347028495052882e+01,-4.583916040976850681e+00
8.589999999999999858e+00,-1.769535077291341096e+01,-1.561098905135164898e+02,3.914986047898997867e+01,-4.206075297406672853e+00
8.599999999999999645e+00,-1.771416444015015657e+01,-1.582998331910803529e+02,3.905126710389684064e+01,-3.821894968212861787e+00
8.609999999999999432e+00,-1.773720452054340768e+01,-1.605087362188670852e+02,3.896847020516936766e+01,-3.432148481029537734e+00
8.619999999999999218e+00,-1.776478013824518598e+01,-1.627344852684646810e+02,3.890218888294820232e+01,-3.037783527504532621e+00
8.630000000000000782e+00,-1.779714915483870996e+01,-1.649744089470136714e+02,3.885303947564793958e+01,-2.639914355332463103e+00
8.640000000000000568e+00,-1.783450086437569126e+01,-1.672253268904342747e+02,3.882149517138863359e+01,-2.239804732122436359e+00
8.650000000000000355e+00,-1.787693970812992461e+01,-1.694836171583955320e+02,3.880784892738613223e+01,-1.838841920967086319e+00
8.660000000000000142e+00,-1.792447036371903124e+01,-1.717453021882907933e+02,3.881218148613716323e+01,-1.438502325360348832e+00
8.669999999999999929e+00,-1.797698456117761978e+01,-1.740061526610886915e+02,3.883433615693063246e+01,-1.040309753954409722e+00
8.679999999999999716e+00,-1.803425000869898298e+01,-1.762618087040363264e+02,3.887390188825427373e+01,-6.457875337415129868e-01
8.689999999999999503e+00,-1.809590187232630498e+01,-1.785079177999703290e+02,3.893020598852262282e+01,-2.564059750381125213e-01
8.699999999999999289e+00,-1.816143734044173641e+01,1.792597115172789302e+02,3.900231764780916421e+01,1.264730286413772720e-01
8.710000000000000853e+00,-1.823021390257626351e+01,1.770449417287297535e+02,3.908906315344324156e+01,5.016521975476772033e-01
8.720000000000000639e+00,-1.830145206281579817e+01,1.748511267492734191e+02,3.918905335567678350e+01,8.681535112409637378e-01
8.730000000000000426e+00,-1.837424326355991511e+01,1.726809247953832482e+02,3.930072350645411206e+01,1.225268703574988738e+00
8.740000000000000213e+00,-1.844756378195988944e+01,1.705361097348540227e+02,3.942238505343445354e+01,1.572602822991255644e+00
8.750000000000000000e+00,-1.852029524208447597e+01,1.684173892046996741e+02,3.955228832656180771e+01,1.910108001382026410e+00
8.759999999999999787e+00,-1.859125212631837698e+01,1.663242401110541948e+02,3.968869432965485800e+01,2.238104664520451870e+00
8.769999999999999574e+00,-1.865921624668303380e+01,1.642547741560795771e+02,3.982995309164206788e+01,2.557287713657668160e+00
8.779999999999999361e+00,-1.872297755037688205e+01,1.622056472864617831e+02,3.997458530980413371e+01,2.868715739948498822e+00
8.789999999999999147e+00,-1.878137991758076808e+01,1.601720268889958163e+02,4.012136341477942381e+01,3.173782103341277416e+00
8.800000000000000711e+00,-1.883336983863307168e+01,1.581476286922128338e+02,4.026938779261767110e+01,3.474167684177042581e+00
8.810000000000000497e+00,-1.887804514715465487e+01,1.561248313959702614e+02,4.041815379097040761e+01,3.771776231521462908e+00
8.820000000000000284e+00,-1.891470047610102512e+01,1.540948711267789122e+02,4.056760536651182747e+01,4.068654387929261596e+00
8.830000000000000071e+00,-1.894286593266050645e+01,1.520481104439427043e+02,4.071817181103262584e+01,4.366899546618115302e+00
8.839999999999999858e+00,-1.896233575304932373e+01,1.499743687839948052e+02,4.087078488897804363e+01,4.668559572295870375e+00
8.849999999999999645e+00,-1.897318442209739686e+01,1.478632942041055003e+02,4.102687484745875679e+01,4.975528987782513290e+00
8.859999999999999432e+00,-1.897576885273678116e+01,1.457047513579071278e+02,4.118834500239206164e+01,5.289446428963606728e+00
8.869999999999999218e+00,-1.897071655609743246e+01,1.434891987808643421e+02,4.135752582443148384e+01,5.611597984659805860e+00
8.880000000000000782e+00,-1.895890107804610381e+01,1.412080301594250784e+02,4.153711051265607068e+01,5.942830504039333661e+00
8.890000000000000568e+00,-1.894140711406455324e+01,1.388538589912229781e+02,4.173007484542426226e+01,6.283478158460612306e+00
8.900000000000000355e+00,-1.891948847297674519e+01,1.364207329865656391e+02,4.193958457192216827e+01,6.633304606241582135e+00
8.910000000000000142e+00,-1.889452235928656521e+01,1.339042724393261210e+02,4.216889374168324878e+01,6.991462159525433151e+00
8.919999999999999929e+00,-1.886796329737705591e+01,1.313017343135580859e+02,4.242123720034344103e+01,7.356468515308253409e+00
8.929999999999999716e+00,-1.884129952014355425e+01,1.286120099247921473e+02,4.269972008757462589e+01,7.726200984402225913e+00
8.939999999999999503e+00,-1.881601392519914384e+01,1.258355682518304093e+02,4.300720666458034458e+01,8.097907790508317660e+00
8.949999999999999289e+00,-1.879355090538772544e+01,1.229743589646936499e+02,4.334621029211701426e+01,8.468235930518252630e+00
8.960000000000000853e+00,-1.877528960573845751e+01,1.200316894344850738e+02,4.371878598993050957e+01,8.833275257115463575e+00
8.970000000000000639e+00,-1.876252352602543283e+01,1.170120887589399956e+02,4.412642683190443194e+01,9.188618797745599309e+00
8.980000000000000426e+00,-1.875644591511289860e+01,1.139211697217478871e+02,4.456996553828011542e+01,9.529439760876019960e+00
8.990000000000000213e+00,-1.875814009395233839e+01,1.107654970889127668e+02,4.504948305269165587e+01,9.850586078798070133e+00
9.000000000000000000e+00,-1.876857367870882598e+01,1.075524681063683090e+02,4.556422663221000136e+01,1.014669355904172399e+01
9.009999999999999787e+00,-1.878859562233476410e+01,1.042902087439875771e+02,4.611254098062812545e+01,1.041231862186850776e+01
9.019999999999999574e+00,-1.881893501754796816e+01,1.009874872548801221e+02,4.669181711294842785e+01,1.064209105526083121e+01
9.029999999999999361e+00,-1.886020067557914359e+01,9.765364501313250400e+01,4.729846478839817792e+01,1.083088611279322322e+01
9.039999999999999147e+00,-1.891288058879205636e+01,9.429854331978825144e+01,4.792791526826375303e+01,1.097401355472988094e+01
9.050000000000000711e+00,-1.897734048463494716e+01,9.093252384918785935e+01,4.857466157317757194e+01,1.106741890866429578e+01
9.060000000000000497e+00,-1.905382077420043174e+01,8.756637955070119972e+01,4.923234303891865693e+01,1.110788943355663427e+01
9.070000000000000284e+00,-1.914243128873998501e+01,8.421133202533314943e+01,4.989387952836651152e+01,1.109325427648436779e+01
9.080000000000000071e+00,-1.924314328592152634e+01,8.087901056924025056e+01,5.055165796323388605e+01,1.102256552431977532e+01
9.089999999999999858e+00,-1.935577830460854898e+01,7.758142713641925070e+01,5.119776986703131172e+01,1.089624480153738340e+01
9.099999999999999645e+00,-1.947999356885647515e+01,7.433094036189601184e+01,5.182429356764706085e+01,1.071617933208040263e+01
9.109999999999999432e+00,-1.961526381167454502e+01,7.114020047988057627e+01,5.242360907687213967e+01,1.048575249268483134e+01
9.119999999999999218e+00,-1.976085963687223668e+01,6.802206549816912684e+01,5.298872819032432346e+01,1.020979716627901723e+01
9.130000000000000782e+00,-1.991582289947077555e+01,6.498947746551846194e+01,5.351361795261365017e+01,9.894465652584306881e+00
9.140000000000000568e+00,-2.007894010209115265e+01,6.205528633624473400e+01,5.399349323480668517e+01,9.547017079998317612e+00
9.150000000000000355e+00,-2.024871551411942505e+01,5.923200822171916968e+01,5.442505449360192671e+01,9.175531335054037285e+00
9.160000000000000142e+00,-2.042334664421290213e+01,5.653150538299045991e+01,5.480665013026225552e+01,8.788566321856977837e+00
9.169999999999999929e+00,-2.060070581872597728e+01,5.396457808786183108e+01,5.513834900213053203e+01,8.394781636299175176e+00
9.179999999999999716e+00,-2.077833285224140525e+01,5.154046457564255945e+01,5.542191677000127470e+01,8.002555430914263468e+00
9.189999999999999503e+00,-2.095344494467668994e+01,4.926625602671435900e+01,5.566069869223768052e+01,7.619621740115010589e+00
9.199999999999999289e+00,-2.112297066050939520e+01,4.714624943729619844e+01,5.585941985145382915e+01,7.252752806305378108e+00
9.210000000000000853e+00,-2.128361464815627357e+01,4.518128242810015394e+01,5.602392041805958200e+01,6.907505555995247626e+00
9.220000000000000639e+00,-2.143195806475209508e+01,4.336811814231283080e+01,5.616084760948190535e+01,6.588044318548212708e+00
9.230000000000000426e+00,-2.156459599309131647e+01,4.169897073379146235e+01,5.627732721739794641e+01,6.297044344233702517e+00
9.240000000000000213e+00,-2.167830735524987773e+01,4.016127502883168177e+01,5.638063619347169464e+01,6.035673772126871839e+00
9.250000000000000000e+00,-2.177024552577001515e+01,3.873779895289435871e+01,5.647789444703579420e+01,5.803646245841335372e+00
9.259999999999999787e+00,-2.183813051116585413e+01,3.740716727564399235e+01,5.657578955617281480e+01,5.599332806099548421e+00
9.269999999999999574e+00,-2.188041840859305509e+01,3.614480931470786373e+01,5.668034336883575719e+01,5.419920039069793027e+00
9.279999999999999361e+00,-2.189642315804108819e+01,3.492427013946180381e+01,5.679672516345659972e+01,5.261601450223643006e+00
9.289999999999999147e+00,-2.188637066059099467e+01,3.371875244430417951e+01,5.692911260244166272e+01,5.119790197144397759e+00
9.300000000000000711e+00,-2.185137560059505546e+01,3.250270631395875398e+01,5.708059934545691050e+01,4.989343119314547437e+00
9.310000000000000497e+00,-2.179334425773627260e+01,3.125327315738344325e+01,5.725314686740704673e+01,4.864787955029521882e+00
9.320000000000000284e+00,-2.171481860570649758e+01,2.995142188398004635e+01,5.744757755868520377e+01,4.740547347462864991e+00
9.330000000000000071e+00,-2.161878483770140136e+01,2.858267902210489453e+01,5.766360628413701050e+01,4.611154464420096133e+00
9.339999999999999858e+00,-2.150847156190562259e+01,2.713742960057395948e+01,5.789990791597688258e+01,4.471455685666047231e+00
9.349999999999999645e+00,-2.138715973550139182e+01,2.561083146769600560e+01,5.815421862125433705e+01,4.316795879206097197e+00
9.359999999999999432e+00,-2.125801988230060857e+01,2.400242871192549643e+01,5.842346861625673426e+01,4.143181439669527677e+00
9.369999999999999218e+00,-2.112398462823202649e+01,2.231556636106338232e+01,5.870394352372937163e+01,3.947415731825087981e+00
9.380000000000000782e+00,-2.098765799183231451e+01,2.055670306734407049e+01,5.899147031951231668e+01,3.727201157897810813e+00
9.390000000000000568e+00,-2.085125820859972379e+01,1.873469945972357564e+01,5.928162219488655893e+01,3.481202048436264462e+00
9.400000000000000355e+00,-2.071658834192072618e+01,1.686013572223556878e+01,5.956993468014029958e+01,3.209063225441774136e+00
9.410000000000000142e+00,-2.058502819310850640e+01,1.494468897286573394e+01,5.985212337634558821e+01,2.911380575769427548e+00
9.419999999999999929e+00,-2.045754150524103210e+01,1.300058261195249720e+01,6.012429200110324956e+01,2.589622337355076187e+00
9.429999999999999716e+00,-2.033469360836291173e+01,1.104010712242482306e+01,6.038311855497405389e+01,2.246002907804982573e+00
9.439999999999999503e+00,-2.021667604916055438e+01,9.075204533472629009e+00,6.062600757667252793e+01,1.883314533235621591e+00
9.449999999999999289e+00,-2.010333610392356718e+01,7.117105935401079719e+00,6.085119785311960783e+01,1.504725792328849288e+00
9.460000000000000853e+00,-1.999421022669046621e+01,5.176011936142625558e+00,6.105781756542403826e+01,1.113558864258116010e+00
9.470000000000000639e+00,-1.988856135153697124e+01,3.260808759801072210e+00,6.124588245285855237e+01,7.130597022846321131e-01
9.480000000000000426e+00,-1.978542050930861151e+01,1.378816946876407989e+00,6.141623675431022633e+01,3.061760997417581343e-01
9.490000000000000213e+00,-1.968363341622966445e+01,-4.644254194194236685e-01,6.157044092791090861e+01,-1.046418969281691230e-01
9.500000000000000000e+00,-1.958191253965927814e+01,-2.265338080689434097e+00,6.171061393987797317e+01,-5.176066072705938215e-01
9.509999999999999787e+00,-1.947889465821993227e+01,-4.022421491207670563e+00,6.183924083611910305e+01,-9.317125904171308370e-01
9.519999999999999574e+00,-1.937320315495264111e+01,-5.736313521635296730e+00,6.195895811900245320e+01,-1.346805428224519208e+00
9.529999999999999361e+00,-1.926351330553159613e+01,-7.409765977632368106e+00,6.207233010144420149e+01,-1.763596641101516926e+00
9.539999999999999147e+00,-1.914861779655098317e+01,-9.047529551686734450e+00,6.218162903835168720e+01,-2.183625266180075020e+00
9.550000000000000711e+00,-1.902748882643675188e+01,-1.065614153636791528e+01,6.228863070573125782e+01,-2.609169399866523076e+00
9.560000000000000497e+00,-1.889933261627939842e+01,-1.224361899924901564e+01,6.239443552645349200e+01,-3.043113128204030016e+00
9.570000000000000284e+00,-1.876363217109522452e+01,-1.381907004118837179e+01,6.249932362119564289e+01,-3.488775770807269083e+00
9.580000000000000071e+00,-1.862017477716731406e+01,-1.539224555241518644e+01,6.260265050317304514e+01,-3.949711390608734884e+00
9.589999999999999858e+00,-1.846906196074369433e+01,-1.697306164044311316e+01,6.270278862914892670e+01,-4.429487270801561571e+00
9.599999999999999645e+00,-1.831070128979929734e+01,-1.857112698365613568e+01,6.279711863801023952e+01,-4.931450724590622059e+00
9.609999999999999432e+00,-1.814578119065484074e+01,-2.019530884552273520e+01,6.288207272120803282e+01,-5.458494313123705588e+00
9.619999999999999218e+00,-1.797523155746184997e+01,-2.185336645120016996e+01,6.295323098525138761e+01,-6.012830328815037539e+00
9.630000000000000782e+00,-1.780017408629946374e+01,-2.355167193754855504e+01,6.300546968912097157e+01,-6.595786156016973045e+00
9.640000000000000568e+00,-1.762186681271504440e+01,-2.529502884313176025e+01,6.303315773130352540e+01,-7.207632626781430574e+00
9.650000000000000355e+00,-1.744164725842935226e+01,-2.708658797011464614e+01,6.303039470397977340e+01,-7.847457432986691295e+00
9.660000000000000142e+00,-1.726087800928581117e+01,-2.892785198080082765e+01,6.299128037398590862e+01,-8.513094692495187132e+00
9.669999999999999929e+00,-1.708089763720967369e+01,-3.081875423654338775e+01,6.291020192491549068e+01,-9.201119603195492047e+00
9.679999999999999716e+00,-1.690297884667808148e+01,-3.275779441345549259e+01,6.278212219823448947e+01,-9.906913607801325128e+00
9.689999999999999503e+00,-1.672829474441390829e+01,-3.474221304044503000e+01,6.260285009155295199e+01,-1.062480071709261331e+01
9.699999999999999289e+00,-1.655789331723829960e+01,-3.676818865748811760e+01,6.236927377481717372e+01,-1.134824996030181765e+01
9.710000000000000853e+00,-1.639267961355400516e+01,-3.883104402563652258e+01,6.207953887550761607e+01,-1.207013297352226999e+01
9.720000000000000639e+00,-1.623340476367429375e+01,-4.092545103449743493e+01,6.173315737976722772e+01,-1.278302030520288923e+01
9.730000000000000426e+00,-1.608066081356991717e+01,-4.304562710677940629e+01,6.133103845070433380e+01,-1.347949594921722571e+01
9.740000000000000213e+00,-1.593488033872098519e+01,-4.518551864176959754e+01,6.087543907027752255e+01,-1.415246760181344143e+01
9.750000000000000000e+00,-1.579633989905522462e+01,-4.733896919194828001e+01,6.036983949466830524e+01,-1.479545056229505740e+01
9.759999999999999787e+00,-1.566516654670619779e+01,-4.949987158330247183e+01,5.981875500598972906e+01,-1.540280603692686867e+01
9.769999999999999574e+00,-1.554134676872117815e+01,-5.166230411185885885e+01,5.922750047748689184e+01,-1.596991943327269858e+01
9.779999999999999361e+00,-1.542473740986162589e+01,-5.382065136714174258e+01,5.860192724936848663e+01,-1.649331030880362903e+01
9.789999999999999147e+00,-1.531507825805101142e+01,-5.596971025997050475e+01,5.794815251474845041e+01,-1.697067207629270769e+01
9.800000000000000711e+00,-1.521200607580333042e+01,-5.810478158423408956e+01,5.727229999592218235e+01,-1.740084551766269527e+01
9.810000000000000497e+00,-1.511506991962362889e+01,-6.022174703316426303e+01,5.658026760800809285e+01,-1.778373495477086053e+01
9.820000000000000284e+00,-1.502374760479115778e+01,-6.231713112608215965e+01,5.587753368821736188e+01,-1.812017918535868333e+01
9.830000000000000071e+00,-1.493746314766021932e+01,-6.438814707873214616e+01,5.516900887125038366e+01,-1.841179092309879906e+01
9.839999999999999858e+00,-1.485560495757110644e+01,-6.643272535608362261e+01,5.445893638123099123e+01,-1.866077863510459522e+01
9.849999999999999645e+00,-1.477754446486516571e+01,-6.844952355402563171e+01,5.375083979302458914e+01,-1.886976366081184864e+01
9.859999999999999432e+00,-1.470265477264768528e+01,-7.043791641975572304e+01,5.304751441193310768e+01,-1.904160370126917101e+01
9.869999999999999218e+00,-1.463032882266942103e+01,-7.239796526749853456e+01,5.235105638742465572e+01,-1.917923155283647674e+01
9.880000000000000782e+00,-1.455999648622098874e+01,-7.433036677068358244e+01,5.166292245000622074e+01,-1.928551562361199245e+01
9.890000000000000568e+00,-1.449113994511119508e+01,-7.623638206976072240e+01,5.098401260811745317e+01,-1.936314652510828438e+01
9.900000000000000355e+00,-1.442330672890369136e+01,-7.811774824384788474e+01,5.031476810946719525e+01,-1.941455199848920898e+01
9.910000000000000142e+00,-1.435611983097624034e+01,-7.997657533988115119e+01,4.965527731573121173e+01,-1.944184066629280849e+01
9.919999999999999929e+00,-1.428928443918351121e+01,-8.181523320165604218e+01,4.900538274855433230e+01,-1.944677360327760240e+01
9.929999999999999716e+00,-1.422259098068059835e+01,-8.363623316036266431e+01,4.836478336091329311e+01,-1.943076147860658054e+01
9.939999999999999503e+00,-1.415591438109747635e+01,-8.544211012661119753e+01,4.773312702304924926e+01,-1.939488401848842614e+01
9.949999999999999289e+00,-1.408920965637322453e+01,-8.723531069075798428e+01,4.711008925611105980e+01,-1.933992776527475854e+01
9.960000000000000853e+00,-1.402250416906424491e+01,-8.901809247557052629e+01,4.649543537392603554e+01,-1.926643756995607148e+01
9.970000000000000639e+00,-1.395588706848488769e+01,-9.079243923025080676e+01,4.588906437252497739e+01,-1.917477696291560818e+01
9.980000000000000426e+00,-1.388949657830269757e+01,-9.255999509271239845e+01,4.529103409462751273e+01,-1.906519251630533418e+01
9.990000000000000213e+00,-1.382350588528196411e+01,-9.432202019445389851e+01,4.470156833617296854e+01,-1.893787754525361677e+01
1.000000000000000000e+01,-1.375810841525353112e+01,-9.607936846748110327e+01,4.412104759035653956e+01,-1.879303098208753653e+01
1.000999999999999979e+01,-1.369350326060526513e+01,-9.783248725462001971e+01,4.354998597856808829e+01,-1.863090796429419882e+01
1.001999999999999957e+01,-1.362988145657873673e+01,-9.958143721782484192e+01,4.298899754478342317e+01,-1.845185954863489641e+01
1.002999999999999936e+01,-1.356741370353509346e+01,-1.013259301448994307e+02,4.243875545705639496e+01,-1.825635993055518824e+01
1.003999999999999915e+01,-1.350624001203775393e+01,-1.030653815996439988e+02,4.189994775784042957e+01,-1.804502053254934779e+01
1.005000000000000071e+01,-1.344646161882141655e+01,-1.047989749400777839e+02,4.137323315002668522e+01,-1.781859125287335033e+01
1.006000000000000050e+01,-1.338813539369101413e+01,-1.065257330189475056e+02,4.085919993560690955e+01,-1.757794997408070614e+01
1.007000000000000028e+01,-1.333127083626308895e+01,-1.082445938441592830e+02,4.035833069152135977e+01,-1.732408207441388370e+01
1.008000000000000007e+01,-1.327582965041973395e+01,-1.099544865764906376e+02,3.987097463214229975e+01,-1.705805214008880455e+01
1.008999999999999986e+01,-1.322172778429340312e+01,-1.116544044461112009e+02,3.939732892849148982e+01,-1.678097033894473356e+01
1.009999999999999964e+01,-1.316883973406499564e+01,-1.133434714562120860e+02,3.893742958182168934e+01,-1.649395599819080616e+01
1.010999999999999943e+01,-1.311700482999897233e+01,-1.150210001003275977e+02,3.849115182363466658e+01,-1.619810085464271765e+01
1.011999999999999922e+01,-1.306603515260983173e+01,-1.166865377477032553e+02,3.805821946327895944e+01,-1.589443424414290185e+01
1.013000000000000078e+01,-1.301572466642552328e+01,-1.183398998511430449e+02,3.763822214450825498e+01,-1.558389219796507952e+01
1.014000000000000057e+01,-1.296585911060575214e+01,-1.199811887066896219e+02,3.723063911156847183e+01,-1.526729204580264643e+01
1.015000000000000036e+01,-1.291622615302637556e+01,-1.216107971410095701e+02,3.683486782555537786e+01,-1.494531371150955223e+01
1.016000000000000014e+01,-1.286662530139246208e+01,-1.232293972069071373e+02,3.645025561192044705e+01,-1.461848844941033754e+01
1.016999999999999993e+01,-1.281687707540789845e+01,-1.248379147035977894e+02,3.607613245778043165e+01,-1.428719532331692932e+01
1.017999999999999972e+01,-1.276683098085827872e+01,-1.264374910669175023e+02,3.571184311022331315e+01,-1.395166529377314824e+01
1.018999999999999950e+01,-1.271637189051510397e+01,-1.280294348464432233e+02,3.535677675021492661e+01,-1.361199236794719170e+01
1.019999999999999929e+01,-1.266542452624291393e+01,-1.296151655481737066e+02,3.501039272501674304e+01,-1.326815089817426241e+01
1.021000000000000085e+01,-1.261395584687065075e+01,-1.311961530229105506e+02,3.467224110571843454e+01,-1.292001780694214652e+01
1.022000000000000064e+01,-1.256197526990341018e+01,-1.327738557826658337e+02,3.434197718145535561e+01,-1.256739828478620069e+01
1.023000000000000043e+01,-1.250953278273366465e+01,-1.343496616088917506e+02,3.401936938897299001e+01,-1.221005336699944444e+01
1.024000000000000021e+01,-1.245671512063658604e+01,-1.359248335772734606e+02,3.370430058186131816e+01,-1.184772775423349955e+01
1.025000000000000000e+01,-1.240364029502347698e+01,-1.375004641865376698e+02,3.339676294168620529e+01,-1.148017630318145166e+01
1.025999999999999979e+01,-1.235045083844756775e+01,-1.390774396845897627e+02,3.309684719669805730e+01,-1.110718777096254506e+01
1.026999999999999957e+01,-1.229730618761789174e+01,-1.406564159886487744e+02,3.280472711857099455e+01,-1.072860463713945478e+01
1.027999999999999936e+01,-1.224437465014858262e+01,-1.422378068567844593e+02,3.252064049456171801e+01,-1.034433813037246175e+01
1.028999999999999915e+01,-1.219182539590146952e+01,-1.438217842439686081e+02,3.224486790951245752e+01,-9.954377927920408098e+00
1.030000000000000071e+01,-1.213982088299451156e+01,-1.454082901155191792e+02,3.197771071528367059e+01,-9.558796349063829467e+00
1.031000000000000050e+01,-1.208851007694756063e+01,-1.469970584310227935e+02,3.171946951847293761e+01,-9.157747202599157532e+00
1.032000000000000028e+01,-1.203802275493463370e+01,-1.485876455746170564e+02,3.147042439149313964e+01,-8.751459751834605783e+00
1.033000000000000007e+01,-1.198846511161028161e+01,-1.501794672017175571e+02,3.123081782301892062e+01,-8.340228511194746730e+00
1.033999999999999986e+01,-1.193991680377742171e+01,-1.517718392957290234e+02,3.100084119001692073e+01,-7.924399775844118921e+00
1.034999999999999964e+01,-1.189242949260360938e+01,-1.533640211714444774e+02,3.078062527419690397e+01,-7.504355904866319982e+00
1.035999999999999943e+01,-1.184602686745740385e+01,-1.549552582110487720e+02,3.057023507876007784e+01,-7.080498429941846972e+00
1.036999999999999922e+01,-1.180070606706729563e+01,-1.565448222590827925e+02,3.036966894243129644e+01,-6.653231049680379705e+00
1.038000000000000078e+01,-1.175644035323383640e+01,-1.581320478202817412e+02,3.017886170966397330e+01,-6.222943502077270317e+00
1.039000000000000057e+01,-1.171318284095412210e+01,-1.597163624861400990e+02,2.999769150833931164e+01,-5.789997192900993461e+00
1.040000000000000036e+01,-1.167087104756532945e+01,-1.612973103509994814e+02,2.982598951627753081e+01,-5.354713305786193978e+00
1.041000000000000014e+01,-1.162943199337172118e+01,-1.628745675552066245e+02,2.966355197022553725e+01,-4.917363940233528297e+00
1.041999999999999993e+01,-1.158878756818755029e+01,-1.644479494994644995e+02,2.951015358863059035e+01,-4.478166626346114398e+00
1.042999999999999972e+01,-1.154885987322766994e+01,-1.660174096967820390e+02,2.936556154382666506e+01,-4.037282359662928144e+00
1.043999999999999950e+01,-1.150957625646497817e+01,-1.675830306496298192e+02,2.922954913010924116e+01,-3.594817095536397389e+00
1.044999999999999929e+01,-1.147087378210537345e+01,-1.691450075406541202e+02,2.910190832978113562e+01,-3.150826449724724476e+00
1.046000000000000085e+01,-1.143270291062431809e+01,-1.707036258844277938e+02,2.898246057600457348e+01,-2.705323179562016733e+00
1.047000000000000064e+01,-1.139503021338496325e+01,-1.722592345841346742e+02,2.887106514357159526e+01,-2.258286876869957993e+00
1.048000000000000043e+01,-1.135784000278058059e+01,-1.738122160517919497e+02,2.876762475885016457e+01,-1.809675197108328470e+00
1.049000000000000021e+01,-1.132113482182536046e+01,-1.753629551691106485e+02,2.867208819871604675e+01,-1.359435884664509375e+00
1.050000000000000000e+01,-1.128493480224815215e+01,-1.769118088803441537e+02,2.858444983446210230e+01,-9.075188347164661051e-01
1.050999999999999979e+01,-1.124927596324860346e+01,-1.784590781181655075e+02,2.850474625913651749e+01,-4.538874579526452901e-01
1.051999999999999957e+01,-1.121420758011933927e+01,1.799950164235077636e+02,2.843305030445903725e+01,1.471317252011095566e-03
1.052999999999999936e+01,-1.117978879942910098e+01,1.784503534247296557e+02,2.836946289658931875e+01,4.585389654846735441e-01
1.053999999999999915e+01,-1.114608471276747004e+01,1.769069240677990251e+02,2.831410331077151454e+01,9.172596341129307662e-01
1.055000000000000071e+01,-1.111316212260558878e+01,1.753648386107625754e+02,2.826709845803650722e+01,1.377537035408875621e+00
1.056000000000000050e+01,-1.108108524117755067e+01,1.738243262378026941e+02,2.822857187030800219e+01,1.839234071863911746e+00
1.057000000000000028e+01,-1.104991155701272731e+01,1.722857283866098612e+02,2.819863304379601843e+01,2.302175144351850555e+00
1.058000000000000007e+01,-1.101968808526612875e+01,1.707494860902566813e+02,2.817736775725551723e+01,2.766150941723077850e+00
1.058999999999999986e+01,-1.099044818929838385e+01,1.692161221617905653e+02,2.816482990622514038e+01,3.230925377204278082e+00
1.059999999999999964e+01,-1.096220912435841655e+01,1.676862192828847924e+02,2.816103529272664474e+01,3.696244227599129850e+00
1.060999999999999943e+01,-1.093497041210929233e+01,1.661603952269631463e+02,2.816595768881349571e+01,4.161844949938115157e+00
1.061999999999999922e+01,-1.090871310941249739e+01,1.646392765495780282e+02,2.817952735878991533e+01,4.627467099424163344e+00
1.063000000000000078e+01,-1.088339998836086231e+01,1.631234721146481093e+02,2.820163208579542768e+01,5.092862753317685787e+00
1.064000000000000057e+01,-1.085897659893091571e+01,1.616135477966298026e+02,2.823212061044369747e+01,5.557806357595537428e+00
1.065000000000000036e+01,-1.083537314253231543e+01,1.601100036094402128e+02,2.827080825866818614e+01,6.022103455488967860e+00
1.066000000000000014e+01,-1.081250704575185750e+01,1.586132543676708622e+02,2.831748441885092760e+01,6.485597827036225560e+00
1.066999999999999993e+01,-1.079028609021840523e+01,1.571236147902957896e+02,2.837192143025237456e+01,6.948176663208554871e+00
1.067999999999999972e+01,-1.076861192817550439e+01,1.556412897190607509e+02,2.843388437072320230e+01,7.409773512563226916e+00
1.068999999999999950e+01,-1.074738379534902855e+01,1.541663698523763060e+02,2.850314118586207357e+01,7.870368867202535590e+00
1.069999999999999929e+01,-1.072650222415646049e+01,1.526988331023402168e+02,2.857947258727545048e+01,8.329988391481901289e+00
1.071000000000000085e+01,-1.070587256201811677e+01,1.512385513812643012e+02,2.866268116599960081e+01,8.788698933956462511e+00
1.072000000000000064e+01,-1.068540811182809236e+01,1.497853023305524403e+02,2.875259921823490217e+01,9.246602592483831984e+00
1.073000000000000043e+01,-1.066503273425256815e+01,1.483387852357922725e+02,2.884909486203748585e+01,9.703829216220151821e+00
1.074000000000000021e+01,-1.064468278347765562e+01,1.468986401443615080e+02,2.895207613109442590e+01,1.016052781902580726e+01
1.075000000000000000e+01,-1.062430828764401980e+01,1.454644690308897736e+02,2.906149285879959265e+01,1.061685744038527446e+01
1.075999999999999979e+01,-1.060387333014954869e+01,1.440358577537232918e+02,2.917733630458527827e+01,1.107297801799401249e+01
1.076999999999999957e+01,-1.058335563544674507e+01,1.426123975196927347e+02,2.929963661589609814e+01,1.152904182862097393e+01
1.077999999999999936e+01,-1.056274540982184540e+01,1.411937046271106340e+02,2.942845835408868993e+01,1.198518601115884152e+01
1.078999999999999915e+01,-1.054204353084015722e+01,1.397794373843615574e+02,2.956389443213750567e+01,1.244152661082180877e+01
1.080000000000000071e+01,-1.052125921588723401e+01,1.383693092944285752e+02,2.970605890872641552e+01,1.289815448136121390e+01
1.081000000000000050e+01,-1.050040732826516710e+01,1.369630978404437087e+02,2.985507915119686118e+01,1.335513325976411814e+01
1.082000000000000028e+01,-1.047950549705614520e+01,1.355606484867656718e+02,3.001108791505935258e+01,1.381249949316919867e+01
1.083000000000000007e+01,-1.045857123365785135e+01,1.341618738055100835e+02,3.017421588868110405e+01,1.427026485918285736e+01
1.083999999999999986e+01,-1.043761922353001026e+01,1.327667479312069077e+02,3.034458521881023785e+01,1.472842028684444315e+01
1.084999999999999964e+01,-1.041665895696523592e+01,1.313752968189743910e+02,3.052230446820354715e+01,1.518694166408120694e+01
1.085999999999999943e+01,-1.039569283888375217e+01,1.299875850193841416e+02,3.070746536487623857e+01,1.564579671556362328e+01
1.086999999999999922e+01,-1.037471488643910966e+01,1.286036998740707133e+02,3.090014158884966378e+01,1.610495255820469396e+01
1.088000000000000078e+01,-1.035371008657778980e+01,1.272237341714884877e+02,3.110038971326259372e+01,1.656438339451133146e+01
1.089000000000000057e+01,-1.033265444572409386e+01,1.258477683765301549e+02,3.130825227964363577e+01,1.702407778947163308e+01
1.090000000000000036e+01,-1.031151572262866800e+01,1.244758535586461363e+02,3.152376284984007171e+01,1.748404499585074134e+01
1.091000000000000014e+01,-1.029025479526108278e+01,1.231079960910806932e+02,3.174695274757873875e+01,1.794431984513971656e+01
1.091999999999999993e+01,-1.026882757551658187e+01,1.217441450820190170e+02,3.197785908878968186e+01,1.840496580458135156e+01
1.092999999999999972e+01,-1.024718735339207143e+01,1.203841833326749509e+02,3.221653360897175133e+01,1.886607591041113707e+01
1.093999999999999950e+01,-1.022528742692987258e+01,1.190279224060338947e+02,3.246305173432127589e+01,1.932777141764398010e+01
1.094999999999999929e+01,-1.020308385712750798e+01,1.176751021441723282e+02,3.271752131582535839e+01,1.979019814971290003e+01
1.096000000000000085e+01,-1.018053817929652816e+01,1.163253947051507993e+02,3.298009045478557510e+01,2.025352067814055701e+01
1.097000000000000064e+01,-1.015761990467056819e+01,1.149784129178068639e+02,3.325095389461522188e+01,2.071791460362122450e+01
1.098000000000000043e+01,-1.013430865847735340e+01,1.136337224908268553e+02,3.353035753500490301e+01,2.118355733589562462e+01
1.099000000000000021e+01,-1.011059582260698164e+01,1.122908573779389627e+02,3.381860073586020121e+01,2.165061787187491760e+01
1.100000000000000000e+01,-1.008648558115944738e+01,1.109493374093990212e+02,3.411603621271919451e+01,2.211924614244535192e+01
1.100999999999999979e+01,-1.006199530364066774e+01,1.096086871641489893e+02,3.442306747385056553e+01,2.258956253323205843e+01
1.101999999999999957e+01,-1.003715524099377276e+01,1.082684549862659367e+02,3.474014390211444692e+01,2.306164818090634583e+01
1.102999999999999936e+01,-1.001200755128445152e+01,1.069282310481180645e+02,3.506775373191438661e+01,2.353553660466726072e+01
1.103999999999999915e+01,-9.986604711901833298e+00,1.055876634302674972e+02,3.540641530375336288e+01,2.401120715523886062e+01
1.105000000000000071e+01,-9.961007410950061924e+00,1.042464713187915351e+02,3.575666708786478409e+01,2.448858065626827951e+01
1.106000000000000050e+01,-9.935282039839382406e+00,1.029044546040655916e+02,3.611905704770835968e+01,2.496751748227502432e+01
1.107000000000000028e+01,-9.909497930249619557e+00,1.015614993874380758e+02,3.649413195944147503e+01,2.544781817132779267e+01
1.108000000000000007e+01,-9.883724490612104674e+00,1.002175791479635905e+02,3.688242731252375961e+01,2.592922651795570133e+01
1.108999999999999986e+01,-9.858028399712713608e+00,9.887275157412383919e+01,3.728445838914925048e+01,2.641143494101916289e+01
1.109999999999999964e+01,-9.832471008276202795e+00,9.752715130971647284e+01,3.770071305778843396e+01,2.689409178057245242e+01
1.110999999999999943e+01,-9.807106084320389883e+00,9.618097908507616012e+01,3.813164672193155269e+01,2.737681005468164486e+01
1.111999999999999922e+01,-9.781978015946190652e+00,9.483448789320536321e+01,3.857767974371684261e+01,2.785917710843646233e+01
1.113000000000000078e+01,-9.757120557611258960e+00,9.348796701680753074e+01,3.903919751929116444e+01,2.834076451871055724e+01
1.114000000000000057e+01,-9.732556174522452253e+00,9.214172481098566436e+01,3.951655322541412829e+01,2.882113758415239957e+01
1.115000000000000036e+01,-9.708296006318013482e+00,9.079607119457004671e+01,4.001007309289357039e+01,2.929986373361668228e+01
1.116000000000000014e+01,-9.684340437414238778e+00,8.945130080006957485e+01,4.052006390072058650e+01,2.977651922933560158e+01
1.116999999999999993e+01,-9.660680228904586997e+00,8.810767767966996189e+01,4.104682223459015944e+01,3.025069362318150823e+01
1.117999999999999972e+01,-9.637298137263822895e+00,8.676542236595309987e+01,4.159064492436490923e+01,3.072199154275001476e+01
1.118999999999999950e+01,-9.614170919735741450e+00,8.542470194630490710e+01,4.215183997604361821e+01,3.119003153362151437e+01
1.119999999999999929e+01,-9.591271606421029716e+00,8.408562363626674596e+01,4.273073725288597302e+01,3.165444185750225259e+01
1.121000000000000085e+01,-9.568571905773204378e+00,8.274823213796300081e+01,4.332769814359336635e+01,3.211485333325474301e+01
1.122000000000000064e+01,-9.546044604230392139e+00,8.141251085535107279e+01,4.394312348633166465e+01,3.257088949761957508e+01
1.123000000000000043e+01,-9.523665822492096922e+00,8.007838681981547779e+01,4.457745909623356084e+01,3.302215454227207658e+01
1.124000000000000021e+01,-9.501417000520726575e+00,7.874573896971800480e+01,4.523119836777347302e+01,3.346821964131186178e+01
1.125000000000000000e+01,-9.479286500277833483e+00,7.741440923826647236e+01,4.590488158560131637e+01,3.390860840689870059e+01
1.125999999999999979e+01,-9.457270738585609848e+00,7.608421574696806999e+01,4.659909176865550506e+01,3.434278229109049363e+01
1.126999999999999957e+01,-9.435374790978352522e+00,7.475496728694045601e+01,4.731444708091062523e+01,3.477012678228587106e+01
1.127999999999999936e+01,-9.413612439239226859e+00,7.342647820475008302e+01,4.805159005485856483e+01,3.518993922162196242e+01
1.128999999999999915e+01,-9.392005668512586780e+00,7.209858279739974307e+01,4.881117407717276535e+01,3.560141898823898288e+01
1.130000000000000071e+01,-9.370583652342046932e+00,7.077114836296551914e+01,4.959384776689621788e+01,3.600366067592293007e+01
1.131000000000000050e+01,-9.349381293676852778e+00,6.944408614595893425e+01,5.040023802303409894e+01,3.639565071367564997e+01
1.132000000000000028e+01,-9.328437415003524080e+00,6.811735955302565060e+01,5.123093262060054087e+01,3.677626767822885512e+01
1.133000000000000007e+01,-9.307792709849296742e+00,6.679098918561550136e+01,5.208646328414627646e+01,3.714428631842480399e+01
1.133999999999999986e+01,-9.287487579972827589e+00,6.546505443038627448e+01,5.296729016023436287e+01,3.749838507230224138e+01
1.134999999999999964e+01,-9.267559987108711539e+00,6.413969155297263569e+01,5.387378854260393268e+01,3.783715662136111035e+01
1.135999999999999943e+01,-9.248043445157897224e+00,6.281508844404926606e+01,5.480623857609873539e+01,3.815912080727938616e+01
1.136999999999999922e+01,-9.228965268653007925e+00,6.149147635682778201e+01,5.576481848125725094e+01,3.846273904907839380e+01
1.138000000000000078e+01,-9.210345176981435955e+00,6.016911914216205304e+01,5.674960160766812578e+01,3.874642925791176395e+01
1.139000000000000057e+01,-9.192194332310087646e+00,5.884830062309374199e+01,5.776055735141633818e+01,3.900858016577806353e+01
1.140000000000000036e+01,-9.174514863707475598e+00,5.752931084869783973e+01,5.879755567474516909e+01,3.924756397503737304e+01
1.141000000000000014e+01,-9.157299902008805503e+00,5.621243202338654044e+01,5.986037466264142637e+01,3.946174630585607446e+01
1.141999999999999993e+01,-9.140534120982174215e+00,5.489792492024631798e+01,6.094871026273803949e+01,3.964949257226330559e+01
1.142999999999999972e+01,-9.124194751806683712e+00,5.358601655539744257e+01,6.206218710486368195e+01,3.980917015216509469e+01
1.143999999999999950e+01,-9.108253011211754568e+00,5.227688982646055393e+01,6.320036910814685172e+01,3.993914602350933052e+01
1.144999999999999929e+01,-9.092675860230079010e+00,5.097067570566512273e+01,6.436276847814397684e+01,4.003777990180460478e+01
1.146000000000000085e+01,-9.077427991643769900e+00,4.966744843237253804e+01,6.554885169116457178e+01,4.010341331073478699e+01
1.147000000000000064e+01,-9.062473930944371148e+00,4.836722397812408047e+01,6.675804116845465330e+01,4.013435541963157505e+01
1.148000000000000043e+01,-9.047780128825262835e+00,4.706996186873419674e+01,6.798971156163334228e+01,4.012886685768949491e+01
1.149000000000000021e+01,-9.033316923414551169e+00,4.577557025276277614e+01,6.924317989604708146e+01,4.008514303284261615e+01
1.150000000000000000e+01,-9.019060257784420997e+00,4.448391391521197136e+01,7.051768923446502413e+01,4.000129871305120588e+01
1.150999999999999979e+01,-9.004993052457976432e+00,4.319482476104141710e+01,7.181238600527314020e+01,3.987535574399605309e+01
1.151999999999999957e+01,-8.991106152939309482e+00,4.190811414606731944e+01,7.312629165566191602e+01,3.970523576156134737e+01
1.152999999999999936e+01,-8.977398797547104792e+00,4.062358632266089131e+01,7.445826980507386850e+01,3.948875960046878930e+01
1.153999999999999915e+01,-8.963878579497666976e+00,3.934105220172779838e+01,7.580699054899797318e+01,3.922365480220486234e+01
1.155000000000000071e+01,-8.950560907455560766e+00,3.806034261525456941e+01,7.717089395975362720e+01,3.890757219625649554e+01
1.156000000000000050e+01,-8.937467998719252904e+00,3.678132029636810785e+01,7.854815511347779022e+01,3.853811198886584322e+01
1.157000000000000028e+01,-8.924627466929893060e+00,3.550388987409314012e+01,7.993665311012372854e+01,3.811285917268899937e+01
1.158000000000000007e+01,-8.912070589952922006e+00,3.422800530224533588e+01,8.133394652200560415e+01,3.762942740716972168e+01
1.158999999999999986e+01,-8.899830361960230363e+00,3.295367429794893610e+01,8.273725749167620336e+01,3.708550985878790129e+01
1.159999999999999964e+01,-8.887939445702773611e+00,3.168095954488674693e+01,8.414346629898402341e+01,3.647893488393729200e+01
1.160999999999999943e+01,-8.876428145930914226e+00,3.040997660822843685e+01,8.554911764155137632e+01,3.580772393922129027e+01
1.161999999999999922e+01,-8.865322522762548729e+00,2.914088870067848802e+01,8.695043915045249605e+01,3.507014876773195056e+01
1.163000000000000078e+01,-8.854642754814598504e+00,2.787389862109504790e+01,8.834337183879392796e+01,3.426478478255900484e+01
1.164000000000000057e+01,-8.844401846765787667e+00,2.660923834872347626e+01,8.972361131702319881e+01,3.339055768535641988e+01
1.165000000000000036e+01,-8.834604755667239573e+00,2.534715690879535188e+01,9.108665778058561102e+01,3.244678073451337497e+01
1.166000000000000014e+01,-8.825247985946667484e+00,2.408790722241784721e+01,9.242787206614198681e+01,3.143318070604465575e+01
1.166999999999999993e+01,-8.816319676001830530e+00,2.283173271063083121e+01,9.374253456417382324e+01,3.034991143414013237e+01
1.167999999999999972e+01,-8.807800170983574262e+00,2.157885443643810675e+01,9.502590353947364576e+01,2.919755481190836122e+01
1.168999999999999950e+01,-8.799663048316180181e+00,2.032945953879891476e+01,9.627326949546775836e+01,2.797711018556688956e+01
1.169999999999999929e+01,-8.791876536172731349e+00,1.908369164022076347e+01,9.748000264066723730e+01,2.668997407944118194e+01
1.171000000000000085e+01,-8.784405241955777655e+00,1.784164379802475153e+01,9.864159125490256486e+01,2.533791303165836695e+01
1.172000000000000064e+01,-8.777212089154730279e+00,1.660335442386874760e+01,9.975366974921946905e+01,2.392303289725890281e+01
1.173000000000000043e+01,-8.770260347919514032e+00,1.536880642409200348e+01,1.008120363709568466e+02,2.244774820564899187e+01
1.174000000000000021e+01,-8.763515638205863212e+00,1.413792962405630682e+01,1.018126617034826893e+02,2.091475499708444730e+01
1.175000000000000000e+01,-8.756947784980951610e+00,1.291060634360613335e+01,1.027516902149523474e+02,1.932701000552838622e+01
1.175999999999999979e+01,-8.750532412892855660e+00,1.168667979978934035e+01,1.036254379922382753e+02,1.768771814575758228e+01
1.176999999999999957e+01,-8.744252182707178633e+00,1.046596483899756080e+01,1.044303903438540573e+02,1.600032908638352325e+01
1.177999999999999936e+01,-8.738097592925175405e+00,9.248260355158429036e+00,1.051632030905745836e+02,1.426854236720609848e+01
1.178999999999999915e+01,-8.732067296093630304e+00,8.033362643396587899e+00,1.058207110482347417e+02,1.249631919060320939e+01
1.180000000000000071e+01,-8.726167908787616057e+00,6.821078877245756900e+00,1.063999464552806558e+02,1.068789783153681583e+01
1.181000000000000050e+01,-8.720413325211847422e+00,5.611239886516205644e+00,1.068981689679855123e+02,8.847808710053520542e+00
1.182000000000000028e+01,-8.714823574822171182e+00,4.403711453277183274e+00,1.073129074432240770e+02,6.980884671225124904e+00
1.183000000000000007e+01,-8.709423292340861877e+00,3.198403432537447966e+00,1.076420121927762636e+02,5.092262000537391309e+00
1.183999999999999986e+01,-8.704239892249280075e+00,1.995276136139550127e+00,1.078837148880704007e+02,3.187368199594148521e+00
1.184999999999999964e+01,-8.699301557819957509e+00,7.943435844302332294e-01,1.080366919910049717e+02,1.271893534077148669e+00
1.185999999999999943e+01,-8.694635165953606304e+00,-4.043265803477320008e-01,1.081001266440186157e+02,-6.482552378239034852e-01
1.186999999999999922e+01,-8.690264272923629463e+00,-1.600616524148422704e+00,1.080737634984328963e+02,-2.567018876257868065e+00
1.188000000000000078e+01,-8.686207282492080850e+00,-2.794364799766714036e+00,1.079579510719247821e+02,-4.478265555743113246e+00
1.189000000000000057e+01,-8.682475907070656973e+00,-3.985375691361660699e+00,1.077536669181799311e+02,-6.375883112173552192e+00
1.190000000000000036e+01,-8.679074015374503404e+00,-5.173430777356447408e+00,1.074625221093026823e+02,-8.253878713213312679e+00
1.191000000000000014e+01,-8.675996937384585550e+00,-6.358302031321150238e+00,1.070867431536617858e+02,-1.010648008296095135e+01
1.191999999999999993e+01,-8.673231270678073201e+00,-7.539765686587035276e+00,1.066291313256507038e+02,-1.192823203580197422e+01
1.192999999999999972e+01,-8.670755202764832248e+00,-8.717616040638205277e+00,1.060930012666106705e+02,-1.371408231012875056e+01
1.193999999999999950e+01,-8.668539333567029104e+00,-9.891678372747419346e+00,1.054821024224800112e+02,-1.545945151211286372e+01
1.194999999999999929e+01,-8.666547952251647757e+00,-1.106182019358368329e+01,1.048005282330585288e+02,-1.716028328571083250e+01
1.196000000000000085e+01,-8.664740694938565468e+00,-1.222796013705933404e+01,1.040526188474694180e+02,-1.881307246633946662e+01
1.197000000000000064e+01,-8.663074485975066352e+00,-1.339007393846816818e+01,1.032428634404715666e+02,-2.041487076924207855e+01
1.198000000000000043e+01,-8.661505646981321860e+00,-1.454819711255988146e+01,1.023758079418058031e+02,-2.196327132037373886e+01
1.199000000000000021e+01,-8.659992045999292287e+00,-1.570242414173136147e+01,1.014559732245820527e+02,-2.345637488600047860e+01
1.200000000000000000e+01,-8.658495154774852764e+00,-1.685290419703486720e+01,1.004877876360750975e+02,-2.489274186155135027e+01
1.200999999999999979e+01,-8.656981886005247873e+00,-1.799983363048971441e+01,9.947553633334449330e+01,-2.627133485213190056e+01
1.201999999999999957e+01,-8.655426094327598463e+00,-1.914344568264333546e+01,9.842332835707142635e+01,-2.759145697901329797e+01
1.202999999999999936e+01,-8.653809644394431899e+00,-2.028399803073768126e+01,9.733508088557070437e+01,-2.885269088868620457e+01
1.203999999999999915e+01,-8.652122975502575031e+00,-2.142175894755812493e+01,9.621451878493326149e+01,-3.005484287467713145e+01
1.205000000000000071e+01,-8.650365123328922934e+00,-2.255699293853650644e+01,9.506518651176867252e+01,-3.119789562886364820e+01
1.206000000000000050e+01,-8.648543193386769801e+00,-2.368994676749110795e+01,9.389046870141670809e+01,-3.228197202023336132e+01
1.207000000000000028e+01,-8.646671315602281638e+00,-2.482083676588819898e+01,9.269361542254088704e+01,-3.330731106662567242e+01
1.208000000000000007e+01,-8.644769142596734568e+00,-2.594983824725346366e+01,9.147776810140891257e+01,-3.427425603139073473e+01
1.208999999999999986e+01,-8.642859983637089627e+00,-2.707707772199825769e+01,9.024598248790302080e+01,-3.518325344682909162e+01
1.209999999999999964e+01,-8.640968689857938756e+00,-2.820262843684842835e+01,8.900124569551100251e+01,-3.603486092952296360e+01
1.210999999999999943e+01,-8.639119422764947487e+00,-2.932650955851065078e+01,8.774648522302368292e+01,-3.682976097758245970e+01
1.211999999999999922e+01,-8.637333446215540889e+00,-3.044868909644621269e+01,8.648456886574955149e+01,-3.756877756864675888e+01
1.213000000000000078e+01,-8.635627081604340560e+00,-3.156909042877498806e+01,8.521829545202878364e+01,-3.825289232333583556e+01
1.214000000000000057e+01,-8.634009956967345190e+00,-3.268760207247719052e+01,8.395037730286500732e+01,-3.888325724560483820e+01
1.215000000000000036e+01,-8.632483663758863557e+00,-3.380409013742205815e+01,8.268341612644137228e+01,-3.946120155642342553e+01
1.216000000000000014e+01,-8.631040911179994168e+00,-3.491841273496413578e+01,8.141987466221522141e+01,-3.998823083650905374e+01
1.216999999999999993e+01,-8.629665238515620729e+00,-3.603043548563297804e+01,8.016204674250720075e+01,-4.046601751030368632e+01
1.217999999999999972e+01,-8.628331312619783589e+00,-3.714004719420826461e+01,7.891202853068725176e+01,-4.089638255511542297e+01
1.218999999999999950e+01,-8.627005802319185790e+00,-3.824717473917021238e+01,7.767169353707453183e+01,-4.128126912863960030e+01
1.219999999999999929e+01,-8.625648786072341423e+00,-3.935179625940074288e+01,7.644267364060465297e+01,-4.162270950850957263e+01
1.221000000000000085e+01,-8.624215615775694843e+00,-4.045395181347011260e+01,7.522634780564631285e+01,-4.192278727924040282e+01
1.222000000000000064e+01,-8.622659130197007471e+00,-4.155375083225306554e+01,7.402383953709552600e+01,-4.218359705392923331e+01
1.223000000000000043e+01,-8.620932088073576693e+00,-4.265137587707040723e+01,7.283602342333742286e+01,-4.240720416830011885e+01
1.224000000000000021e+01,-8.618989675149531848e+00,-4.374708244305813309e+01,7.166354043276331254e+01,-4.259560673800937991e+01
1.225000000000000000e+01,-8.616791932689876532e+00,-4.484119479793202601e+01,7.050682100523798113e+01,-4.275070224518557183e+01
1.225999999999999979e+01,-8.614305958145065389e+00,-4.593409810425873729e+01,6.936611445573782930e+01,-4.287426044583867935e+01
1.226999999999999957e+01,-8.611507741868690502e+00,-4.702622732163790431e+01,6.824152281353224225e+01,-4.296790390174975727e+01
1.227999999999999936e+01,-8.608383526621622650e+00,-4.811805360626772199e+01,6.713303697651339519e+01,-4.303309687849593246e+01
1.228999999999999915e+01,-8.604930607796758224e+00,-4.921006910267091428e+01,6.604057297610005151e+01,-4.307114275692591576e+01
1.230000000000000071e+01,-8.601157529949173153e+00,-5.030277114173740927e+01,6.496400622331343300e+01,-4.308318952015589787e+01
1.231000000000000050e+01,-8.597083676821526410e+00,-5.139664691043849132e+01,6.390320183131252207e+01,-4.307024234176428479e+01
1.232000000000000028e+01,-8.592738294748279770e+00,-5.249215963610987501e+01,6.285803946499728312e+01,-4.303318184946636649e+01
1.233000000000000007e+01,-8.588159030086137236e+00,-5.358973723215609652e+01,6.182843162678543081e+01,-4.297278630273186906e+01
1.233999999999999986e+01,-8.583390097253362327e+00,-5.468976418783509530e+01,6.081433481474550717e+01,-4.288975572530873848e+01
1.234999999999999964e+01,-8.578480222502671282e+00,-5.579257726293646158e+01,5.981575354500184005e+01,-4.278473598740225015e+01
1.235999999999999943e+01,-8.573480527676329288e+00,-5.689846528311839791e+01,5.883273777240633251e+01,-4.265834093893701606e+01
1.236999999999999922e+01,-8.568442526534198578e+00,-5.800767304065661278e+01,5.786537473052589320e+01,-4.251117094456733980e+01
1.238000000000000078e+01,-8.563416403157756207e+00,-5.912040900708156954e+01,5.691377660718445242e+01,-4.234382654125219148e+01
1.239000000000000057e+01,-8.558449727492066117e+00,-6.023685627745825855e+01,5.597806574619193754e+01,-4.215691639906574295e+01
1.240000000000000036e+01,-8.553586738032203485e+00,-6.135718590882139267e+01,5.505835920090006397e+01,-4.195105927767649945e+01
1.241000000000000014e+01,-8.548868287324328463e+00,-6.248157160365521889e+01,5.415475445399627574e+01,-4.172688019371385337e+01
1.241999999999999993e+01,-8.544332504174169785e+00,-6.361020453696755794e+01,5.326731796544294184e+01,-4.148500150781359963e+01
1.242999999999999972e+01,-8.540016179494415383e+00,-6.474330704321339169e+01,5.239607793223532894e+01,-4.122603006824972027e+01
1.243999999999999950e+01,-8.535956833175260883e+00,-6.588114387438631070e+01,5.154102226384281948e+01,-4.095054188104420945e+01
1.244999999999999929e+01,-8.532195370071786300e+00,-6.702402981649169078e+01,5.070210232595911037e+01,-4.065906599284743095e+01
1.246000000000000085e+01,-8.528779187152824903e+00,-6.817233260743438450e+01,4.987924251610947834e+01,-4.035206936016952994e+01
1.247000000000000064e+01,-8.525765554034741456e+00,-6.932647032949121524e+01,4.907235524232763879e+01,-4.002994443304223893e+01
1.248000000000000043e+01,-8.523225058333832038e+00,-7.048690274322477478e+01,4.828136041428430048e+01,-3.969300100764687045e+01
1.249000000000000021e+01,-8.521244887924382283e+00,-7.165411637130969780e+01,4.750620815611145531e+01,-3.934146361323004015e+01
1.250000000000000000e+01,-8.519931716060149540e+00,-7.282860351014141997e+01,4.674690313914978645e+01,-3.897547531309573543e+01
1.250999999999999979e+01,-8.519413963325686012e+00,-7.401083572088492701e+01,4.600352873322929526e+01,-3.859510834312073513e+01
1.251999999999999957e+01,-8.519843232416942413e+00,-7.520123270488410583e+01,4.527626910261326287e+01,-3.820038151485842803e+01
1.252999999999999936e+01,-8.521394746595680303e+00,-7.640012777679598344e+01,4.456542743518097893e+01,-3.779128380854990610e+01
1.253999999999999915e+01,-8.524266668034233163e+00,-7.760773139124586351e+01,4.387143868916115252e+01,-3.736780311098433316e+01
1.255000000000000071e+01,-8.528678225015937642e+00,-7.882409433939278642e+01,4.319487555880429142e+01,-3.692995865020945701e+01
1.256000000000000050e+01,-8.534866633354676324e+00,-8.004907230175831501e+01,4.253644677641007377e+01,-3.647783537588708924e+01
1.257000000000000028e+01,-8.543082853547229405e+00,-8.128229342230540055e+01,4.189698735129667995e+01,-3.601161835559770452e+01
1.258000000000000007e+01,-8.553586277425610618e+00,-8.252313046316214695e+01,4.127744085791159279e+01,-3.553162521819060515e+01
1.258999999999999986e+01,-8.566638483425556672e+00,-8.377067892350930833e+01,4.067883438333952739e+01,-3.503833477719572187e+01
1.259999999999999964e+01,-8.582496235960352493e+00,-8.502374227858587119e+01,4.010224718829962853e+01,-3.453241019877290796e+01
1.260999999999999943e+01,-8.601403930811503784e+00,-8.628082523643774948e+01,3.954877449059375039e+01,-3.401471541560188427e+01
1.261999999999999922e+01,-8.623585705050677674e+00,-8.754013564122624302e+01,3.901948802125059501e+01,-3.348632389686927269e+01
1.263000000000000078e+01,-8.649237437891240887e+00,-8.879959539010933156e+01,3.851539511938918992e+01,-3.294851932598357536e+01
1.264000000000000057e+01,-8.678518869846303829e+00,-9.005686048843959668e+01,3.803739812388667474e+01,-3.240278817232539410e+01
1.265000000000000036e+01,-8.711546063848459198e+00,-9.130935015181529479e+01,3.758625570264619853e+01,-3.185080453607014661e+01
1.266000000000000014e+01,-8.748384425801027930e+00,-9.255428467356992428e+01,3.716254755775345586e+01,-3.129440796908869871e+01
1.266999999999999993e+01,-8.789042495298913238e+00,-9.378873160674481824e+01,3.676664368707918129e+01,-3.073557521420711680e+01
1.267999999999999972e+01,-8.833466711282122574e+00,-9.500965964983562628e+01,3.639867910131668083e+01,-3.017638695531422499e+01
1.268999999999999950e+01,-8.881537352600805235e+00,-9.621399946179911922e+01,3.605853461870865573e+01,-2.961899073827164486e+01
1.269999999999999929e+01,-8.933065849283277515e+00,-9.739871044903628672e+01,3.574582411047637720e+01,-2.906556122205188331e+01
1.271000000000000085e+01,-8.987793655010245075e+00,-9.856085235188362503e+01,3.545988836275343914e+01,-2.851825887104239143e+01
1.272000000000000064e+01,-9.045392862142790591e+00,-9.969766020118549932e+01,3.519979556134239118e+01,-2.797918812497728069e+01
1.273000000000000043e+01,-9.105468723957482524e+00,-1.008066209145452206e+02,3.496434829108964237e+01,-2.745035600311855717e+01
1.274000000000000021e+01,-9.167564220266534392e+00,-1.018855494644012225e+02,3.475209686239153228e+01,-2.693363203072964041e+01
1.275000000000000000e+01,-9.231166758042094855e+00,-1.029326621960006349e+02,3.456135871867257947e+01,-2.643071032919078078e+01
1.275999999999999979e+01,-9.295717034376458798e+00,-1.039466445360155973e+02,3.439024362367768362e+01,-2.594307468987555154e+01
1.276999999999999957e+01,-9.360620002983173649e+00,-1.049267100587391468e+02,3.423668425942257443e+01,-2.547196745236190196e+01
1.277999999999999936e+01,-9.425257777881398624e+00,-1.058726477238245849e+02,3.409847177090729531e+01,-2.501836301916776151e+01
1.278999999999999915e+01,-9.489004182706951340e+00,-1.067848541295595908e+02,3.397329566362815711e+01,-2.458294684608391378e+01
1.280000000000000071e+01,-9.551240519081453328e+00,-1.076643478968479002e+02,3.385878729295244227e+01,-2.416610073007256787e+01
1.281000000000000050e+01,-9.611371994521867634e+00,-1.085127638539113661e+02,3.375256598709461997e+01,-2.376789515576000511e+01
1.282000000000000028e+01,-9.668844134690765202e+00,-1.093323255448480751e+02,3.365228663259738795e+01,-2.338808933930756240e+01
1.283000000000000007e+01,-9.723158423237197923e+00,-1.101257957122609099e+02,3.355568734512038986e+01,-2.302613941308375800e+01
1.283999999999999986e+01,-9.773886381086999364e+00,-1.108964057358875408e+02,3.346063567644792869e+01,-2.268121492278328688e+01
1.284999999999999964e+01,-9.820681328024557288e+00,-1.116477664327156134e+02,3.336517170035865831e+01,-2.235222346772235724e+01
1.285999999999999943e+01,-9.863287168263202176e+00,-1.123837639938190307e+02,3.326754630256812817e+01,-2.203784292372221998e+01
1.286999999999999922e+01,-9.901543705144366214e+00,-1.131084459905134594e+02,3.316625309383496045e+01,-2.173656027548731373e+01
1.288000000000000078e+01,-9.935388205471021195e+00,-1.138259031810784592e+02,3.306005258022032933e+01,-2.144671568874414547e+01
1.289000000000000057e+01,-9.964853180448097092e+00,-1.145401531813597416e+02,3.294798755637803112e+01,-2.116655011209842385e+01
1.290000000000000036e+01,-9.990060601766492354e+00,-1.152550318789250383e+02,3.282938911788772174e+01,-2.089425445308427598e+01
1.291000000000000014e+01,-1.001121300098414046e+01,-1.159740977906011636e+02,3.270387318484243622e+01,-2.062801825301654191e+01
1.291999999999999993e+01,-1.002858208429185005e+01,-1.167005534717632713e+02,3.257132794903386497e+01,-2.036607580932239259e+01
1.292999999999999972e+01,-1.004249561623662501e+01,-1.174371867165254457e+02,3.243189315445848564e+01,-2.010674786469811082e+01
1.293999999999999950e+01,-1.005332337729995196e+01,-1.181863328002431075e+02,3.228593255033189280e+01,-1.984847728600744787e+01
1.294999999999999929e+01,-1.006146298302814834e+01,-1.189498575674873138e+02,3.213400117976993187e+01,-1.958985756408018375e+01
1.296000000000000085e+01,-1.006732627624460541e+01,-1.197291598939962256e+02,3.197680936038588584e+01,-1.932965343963662974e+01
1.297000000000000064e+01,-1.007132688366739792e+01,-1.205251910447870642e+02,3.181518526476570230e+01,-1.906681345642234149e+01
1.298000000000000043e+01,-1.007386938132063037e+01,-1.213384877620967615e+02,3.165003792380704439e+01,-1.880047471680913418e+01
1.299000000000000021e+01,-1.007534035639898562e+01,-1.221692155529410684e+02,3.148232227220258395e+01,-1.852996052983364805e+01
1.300000000000000000e+01,-1.007610150123707271e+01,-1.230172185795610034e+02,3.131300756068887026e+01,-1.825477196863661078e+01
1.300999999999999979e+01,-1.007648473867311623e+01,-1.238820727371608541e+02,3.114305010726339162e+01,-1.797457457673776915e+01
1.301999999999999957e+01,-1.007678926440485689e+01,-1.247631388714734015e+02,3.097337098368147323e+01,-1.768918157543602732e+01
1.302999999999999936e+01,-1.007728030436852329e+01,-1.256596135820207678e+02,3.080483886578023345e+01,-1.739853493310039667e+01
1.303999999999999915e+01,-1.007818932431538528e+01,-1.265705756190122173e+02,3.063825794279067338e+01,-1.710268557457352756e+01
1.305000000000000071e+01,-1.007971539317932397e+01,-1.274950264653391514e+02,3.047436050116234441e+01,-1.680177385400901002e+01
1.306000000000000050e+01,-1.008202738884209992e+01,-1.284319242629853477e+02,3.031380358461654723e+01,-1.649601120852561920e+01
1.307000000000000028e+01,-1.008526674120164124e+01,-1.293802107678777418e+02,3.015716898937334989e+01,-1.618566367473464851e+01
1.308000000000000007e+01,-1.008955042953257220e+01,-1.303388314795034830e+02,3.000496578108703360e+01,-1.587103770565569327e+01
1.308999999999999986e+01,-1.009497398552796632e+01,-1.313067494786447469e+02,2.985763451263519030e+01,-1.555246848937156301e+01
1.309999999999999964e+01,-1.010161429681136092e+01,-1.322829538105843596e+02,2.971555237080476530e+01,-1.523031075724567529e+01
1.310999999999999943e+01,-1.010953205497170870e+01,-1.332664634681936207e+02,2.957903857418572002e+01,-1.490493188937595193e+01
1.311999999999999922e+01,-1.011877374433674603e+01,-1.342563281589313533e+02,2.944835947208152405e+01,-1.457670698535935827e+01
1.313000000000000078e+01,-1.012937311997539069e+01,-1.352516270844290602e+02,2.932373294249719464e+01,-1.424601547322352246e+01
1.314000000000000057e+01,-1.014135217323537397e+01,-1.362514669263909752e+02,2.920533184414384209e+01,-1.391323877929339048e+01
1.315000000000000036e+01,-1.015472162815228785e+01,-1.372549801261814935e+02,2.909328643166138306e+01,-1.357875857484633819e+01
1.316000000000000014e+01,-1.016948105032291672e+01,-1.382613243783644066e+02,2.898768578506280491e+01,-1.324295514741887914e+01
1.316999999999999993e+01,-1.018561867972576529e+01,-1.392696840434945216e+02,2.888857842560440403e+01,-1.290620550945649470e+01
1.317999999999999972e+01,-1.020311111936052129e+01,-1.402792739370077584e+02,2.879597238474421772e+01,-1.256888094722815374e+01
1.318999999999999950e+01,-1.022192302182608614e+01,-1.412893456844840046e+02,2.870983505652725043e+01,-1.223134382029619793e+01
1.319999999999999929e+01,-1.024200691592383983e+01,-1.422991965644212939e+02,2.863009319473207981e+01,-1.189394353777881896e+01
1.321000000000000085e+01,-1.026330330540602453e+01,-1.433081805030671205e+02,2.855663341457374571e+01,-1.155701175377731005e+01
1.322000000000000064e+01,-1.028574115288495605e+01,-1.443157206559597512e+02,2.848930352667829879e+01,-1.122085693283861829e+01
1.323000000000000043e+01,-1.030923883487678694e+01,-1.453213228202986613e+02,2.842791497201892881e+01,-1.088575853029482943e+01
1.324000000000000021e+01,-1.033370562054236608e+01,-1.463245887818974040e+02,2.837224654545817160e+01,-1.055196110603760040e+01
1.325000000000000000e+01,-1.035904368878323112e+01,-1.473252286189124902e+02,2.832204949838849828e+01,-1.021966873936564291e+01
1.325999999999999979e+01,-1.038515065810654825e+01,-1.483230709677570758e+02,2.827705400435876726e+01,-9.889040134104886803e+00
1.326999999999999957e+01,-1.041192256345888190e+01,-1.493180703076171199e+02,2.823697686258577022e+01,-9.560184795891320420e+00
1.327999999999999936e+01,-1.043925717653944574e+01,-1.503103104382165327e+02,2.820153021005774008e+01,-9.233160627637589712e+00
1.328999999999999915e+01,-1.046705753347984924e+01,-1.513000035064665667e+02,2.817043092056130149e+01,-8.907973226698567615e+00
1.330000000000000071e+01,-1.049523550861593257e+01,-1.522874841726136310e+02,2.814341029483958678e+01,-8.584577081695295320e+00
1.331000000000000050e+01,-1.052371525748244352e+01,-1.532731987823804900e+02,2.812022359575557218e+01,-8.262878763481573685e+00
1.332000000000000028e+01,-1.055243634772201133e+01,-1.542576897114251722e+02,2.810065895998290841e+01,-7.942742089814410100e+00
1.333000000000000007e+01,-1.058135640418870160e+01,-1.552415753520925250e+02,2.808454522585253343e+01,-7.623995124476529384e+00
1.333999999999999986e+01,-1.061045311415148973e+01,-1.562255264982794927e+02,2.807175825599436081e+01,-7.306438756989923178e+00
1.334999999999999964e+01,-1.063972546920929396e+01,-1.572102401306239301e+02,2.806222540156963774e+01,-6.989856506831887195e+00
1.335999999999999943e+01,-1.066919416040569502e+01,-1.581964117919333432e+02,2.805592784817552854e+01,-6.674025113702778178e+00
1.336999999999999922e+01,-1.069890108936172268e+01,-1.591847078565828326e+02,2.805290069594018121e+01,-6.358725419151451952e+00
1.338000000000000078e+01,-1.072890800770304232e+01,-1.601757390283438269e+02,2.805323075029559732e+01,-6.043753019084351585e+00
1.339000000000000057e+01,-1.075929434606096180e+01,-1.611700363463410213e+02,2.805705212687110617e+01,-5.728928173440535510e+00
1.340000000000000036e+01,-1.079015433895853349e+01,-1.621680308433132325e+02,2.806453989508385760e+01,-5.414104498168399893e+00
1.341000000000000014e+01,-1.082159358986263342e+01,-1.631700377952272163e+02,2.807590209205944021e+01,-5.099176032713844009e+00
1.341999999999999993e+01,-1.085372524918642156e+01,-1.641762462428554556e+02,2.809137052445882077e+01,-4.784082368489293913e+00
1.342999999999999972e+01,-1.088666599554044723e+01,-1.651867141736377107e+02,2.811119083539103514e+01,-4.468811633589071519e+00
1.343999999999999950e+01,-1.092053201645985361e+01,-1.662013694466921265e+02,2.813561234373794662e+01,-4.153401248687158542e+00
1.344999999999999929e+01,-1.095543517947659495e+01,-1.672200162450422738e+02,2.816487816304478642e+01,-3.837936490665416756e+00
1.346000000000000085e+01,-1.099147956879773247e+01,-1.682423465645323120e+02,2.819921607787008710e+01,-3.522547016456696767e+00
1.347000000000000064e+01,-1.102875853859125677e+01,-1.692679560125397416e+02,2.823883060021006486e+01,-3.207401603142558066e+00
1.348000000000000043e+01,-1.106735240289356881e+01,-1.702963630016773493e+02,2.828389655175296369e+01,-2.892701446049516179e+00
1.349000000000000021e+01,-1.110732684652407798e+01,-1.713270302904856521e+02,2.833455442469757202e+01,-2.578672420446430191e+00
1.350000000000000000e+01,-1.114873210317707475e+01,-1.723593877474962994e+02,2.839090767056818976e+01,-2.265556751982949812e+00
1.350999999999999979e+01,-1.119160290801119118e+01,-1.733928551969277123e+02,2.845302195890330665e+01,-1.953604555214463190e+00
1.351999999999999957e+01,-1.123595919434805168e+01,-1.744268642413259442e+02,2.852092634172284491e+01,-1.643065688757263221e+00
1.352999999999999936e+01,-1.128180746911427690e+01,-1.754608780446319827e+02,2.859461616072183787e+01,-1.334182341306319630e+00
1.353999999999999915e+01,-1.132914277082609900e+01,-1.764944081928721857e+02,2.867405744706820059e+01,-1.027182707471008927e+00
1.355000000000000071e+01,-1.137795108846603398e+01,-1.775270279222617660e+02,2.875919249267688826e+01,-7.222760395261197397e-01
1.356000000000000050e+01,-1.142821210059331527e+01,-1.785583812078367316e+02,2.884994622024150246e+01,-4.196492749358800567e-01
1.357000000000000028e+01,-1.147990208233418485e+01,-1.795881874305373742e+02,2.894623294956467774e+01,-1.194653446529966301e-01
1.358000000000000007e+01,-1.153299682411036287e+01,1.793837584236864586e+02,2.904796315116931993e+01,1.781368310186596249e-01
1.358999999999999986e+01,-1.158747441036969583e+01,1.783575898444096310e+02,2.915504979495326054e+01,4.730407482777434502e-01
1.359999999999999964e+01,-1.164331771906584656e+01,1.773333767470348334e+02,2.926741394063171953e+01,7.651493051264569578e-01
1.360999999999999943e+01,-1.170051652261343733e+01,1.763111366871714836e+02,2.938498927542493178e+01,1.054380619519231788e+00
1.361999999999999922e+01,-1.175906909747467033e+01,1.752908485748461658e+02,2.950772537920268945e+01,1.340662992186424374e+00
1.363000000000000078e+01,-1.181898328088630379e+01,1.742724680128963257e+02,2.963558958328914272e+01,1.623929363676493320e+00
1.364000000000000057e+01,-1.188027694761411190e+01,1.732559433266574160e+02,2.976856738079556308e+01,1.904111630041642300e+00
1.365000000000000036e+01,-1.194297791485158200e+01,1.722412313526392040e+02,2.990666143767467133e+01,2.181135172995937399e+00
1.366000000000000014e+01,-1.200712331720236392e+01,1.712283121118776990e+02,3.004988933871117140e+01,2.454913929286346885e+00
1.366999999999999993e+01,-1.207275852391497395e+01,1.702172016046093859e+02,3.019828027585104024e+01,2.725346272962615224e+00
1.367999999999999972e+01,-1.213993569526245864e+01,1.692079621187616567e+02,3.035187094299769583e+01,2.992311917073213756e+00
1.368999999999999950e+01,-1.220871209267436264e+01,1.682007096342001944e+02,3.051070093823766172e+01,3.255669963023045899e+00
1.369999999999999929e+01,-1.227914826695839245e+01,1.671956181145665710e+02,3.067480798942476738e+01,3.515258141994946239e+00
1.371000000000000085e+01,-1.235130625028420326e+01,1.661929206945875990e+02,3.084422331170551956e+01,3.770893209357164100e+00
1.372000000000000064e+01,-1.242524787072156478e+01,1.651929079788401395e+02,3.101896737702518791e+01,4.022372375569528202e+00
1.373000000000000043e+01,-1.250103329370928940e+01,1.641959238551040698e+02,3.119904632839331526e+01,4.269475590940238874e+00
1.374000000000000021e+01,-1.257871987403037295e+01,1.632023593804524069e+02,3.138444920944234084e+01,4.511968450997352775e+00
1.375000000000000000e+01,-1.265836137614323320e+01,1.622126454123791177e+02,3.157514610719272952e+01,4.749605457430038591e+00
1.375999999999999979e+01,-1.274000759178417219e+01,1.612272447245009346e+02,3.177108722821945364e+01,4.982133358457145889e+00
1.376999999999999957e+01,-1.282370435343517734e+01,1.602466443635628082e+02,3.197220285113438365e+01,5.209294302630638640e+00
1.377999999999999936e+01,-1.290949391241608879e+01,1.592713489712601529e+02,3.217840402699166447e+01,5.430828570630243490e+00
1.378999999999999915e+01,-1.299741562280428475e+01,1.583018757132746259e+02,3.238958383900757099e+01,5.646476698316691412e+00
1.380000000000000071e+01,-1.308750684879383464e+01,1.573387513339073678e+02,3.260561898834542660e+01,5.855980867716975347e+00
1.381000000000000050e+01,-1.317980399492208399e+01,1.563825116952450003e+02,3.282637144708873222e+01,6.059085516173679409e+00
1.382000000000000028e+01,-1.327434354700129937e+01,1.554337039744313245e+02,3.305168991515874666e+01,6.255537192245370193e+00
1.383000000000000007e+01,-1.337116300740047237e+01,1.544928914925216361e+02,3.328141083559130209e+01,6.445083764266548165e+00
1.383999999999999986e+01,-1.347030161193255360e+01,1.535606609458964442e+02,3.351535876150923343e+01,6.627473157820276128e+00
1.384999999999999964e+01,-1.357180072694891315e+01,1.526376316191866351e+02,3.375334592596063032e+01,6.802451856088568505e+00
1.385999999999999943e+01,-1.367570384377559911e+01,1.517244659895281984e+02,3.399517093871953222e+01,6.969763437236062842e+00
1.386999999999999922e+01,-1.378205611234011307e+01,1.508218809972514975e+02,3.424061661709021820e+01,7.129147441808274976e+00
1.388000000000000078e+01,-1.389090338529987889e+01,1.499306591671859508e+02,3.448944704469384703e+01,7.280338858239575828e+00
1.389000000000000057e+01,-1.400229077644612730e+01,1.490516587245938354e+02,3.474140403658453380e+01,7.423068485231075542e+00
1.390000000000000036e+01,-1.411626077066336471e+01,1.481858218641098972e+02,3.499620326420156857e+01,7.557064377038052783e+00
1.391000000000000014e+01,-1.423285095522670751e+01,1.473341803995176065e+02,3.525353035332810947e+01,7.682054504419175700e+00
1.391999999999999993e+01,-1.435209147174835209e+01,1.464978581440558116e+02,3.551303730698730732e+01,7.797770674586892881e+00
1.392999999999999972e+01,-1.447400231280687777e+01,1.456780695396307408e+02,3.577433961884914737e+01,7.903953653810390279e+00
1.393999999999999950e+01,-1.459859060565368694e+01,1.448761142608688886e+02,3.603701442864348792e+01,8.000359333234364101e+00
1.394999999999999929e+01,-1.472584803612186199e+01,1.440933677563948265e+02,3.630060002850349576e+01,8.086765679566743970e+00
1.396000000000000085e+01,-1.485574856802332633e+01,1.433312679439717954e+02,3.656459695930189469e+01,8.162980125257506714e+00
1.397000000000000064e+01,-1.498824660629913197e+01,1.425912985358284857e+02,3.682847084219088174e+01,8.228846985095685795e+00
1.398000000000000043e+01,-1.512327573568750516e+01,1.418749697227730735e+02,3.709165697798385253e+01,8.284254444338330359e+00
1.399000000000000021e+01,-1.526074814071823837e+01,1.411837971769140552e+02,3.735356662281981954e+01,8.329140652756073848e+00
1.400000000000000000e+01,-1.540055477782430060e+01,1.405192805287456110e+02,3.761359472132362214e+01,8.363498482610205897e+00
1.400999999999999979e+01,-1.554256632707820529e+01,1.398828826203614426e+02,3.787112875776876564e+01,8.387378567481473368e+00
1.401999999999999957e+01,-1.568663490083721790e+01,1.392760109177197592e+02,3.812555828149335468e+01,8.400890331283083157e+00
1.402999999999999936e+01,-1.583259643134393002e+01,1.387000024669302434e+02,3.837628458447443336e+01,8.404200838075407631e+00
1.403999999999999915e+01,-1.598027360170863709e+01,1.381561136898406232e+02,3.862272996471685360e+01,8.397531436066701716e+00
1.405000000000000071e+01,-1.612947912805066863e+01,1.376455161234745788e+02,3.886434600498397884e+01,8.381152323624931455e+00
1.406000000000000050e+01,-1.628001914891130042e+01,1.371692989119823380e+02,3.910062033551458427e+01,8.355375319679705370e+00
1.407000000000000028e+01,-1.643169643584563744e+01,1.367284784617671960e+02,3.933108143139111235e+01,8.320545263137834269e+00
1.408000000000000007e+01,-1.658431311099420569e+01,1.363240151819903190e+02,3.955530111615088629e+01,8.277030583684718223e+00
1.408999999999999986e+01,-1.673767254775539470e+01,1.359568366750349071e+02,3.977289459545765737e+01,8.225213668784002508e+00
1.409999999999999964e+01,-1.689158014299876598e+01,1.356278661451032690e+02,3.998351801756597013e+01,8.165481690471159126e+00
1.410999999999999943e+01,-1.704584268585878348e+01,1.353380541961084020e+02,4.018686373804421663e+01,8.098218545635544885e+00
1.411999999999999922e+01,-1.720026610970250758e+01,1.350884116351542730e+02,4.038265364086154108e+01,8.023798503785229741e+00
1.413000000000000078e+01,-1.735465149919303585e+01,1.348800404294255770e+02,4.057063102260924836e+01,7.942582049703518443e+00
1.414000000000000057e+01,-1.750878933053902742e+01,1.347141596235546785e+02,4.075055166881210056e+01,7.854914261729221359e+00
1.415000000000000036e+01,-1.766245204556440385e+01,1.345921228470993469e+02,4.092217483079048179e+01,7.761125889681705914e+00
1.416000000000000014e+01,-1.781538519360535133e+01,1.345154240554418834e+02,4.108525484132727001e+01,7.661537102199909910e+00
1.416999999999999993e+01,-1.796729751324523860e+01,1.344856883716402081e+02,4.123953408410694976e+01,7.556463675453652939e+00
1.417999999999999972e+01,-1.811785046201041283e+01,1.345046453442062955e+02,4.138473795600104665e+01,7.446225208175791366e+00
1.418999999999999950e+01,-1.826664782957407596e+01,1.345740826140021511e+02,4.152057233703554573e+01,7.331154785551377451e+00
1.419999999999999929e+01,-1.841322618143703949e+01,1.346957788967401655e+02,4.164672391805385132e+01,7.211609388934197007e+00
1.421000000000000085e+01,-1.855704696699569922e+01,1.348714163366708760e+02,4.176286354139009660e+01,7.087980269592325300e+00
1.422000000000000064e+01,-1.869749117812095562e+01,1.351024736652395575e+02,4.186865249842409753e+01,6.960702479628638528e+00
1.423000000000000043e+01,-1.883385744919737093e+01,1.353901031836027187e+02,4.196375151435162110e+01,6.830262785284409333e+00
1.424000000000000021e+01,-1.896536443217727808e+01,1.357349963294942370e+02,4.204783195028721110e+01,6.697205276460010737e+00
1.425000000000000000e+01,-1.909115814474885298e+01,1.361372443934698993e+02,4.212058858096914804e+01,6.562134126795553080e+00
1.425999999999999979e+01,-1.921032476217994756e+01,1.365962026663698623e+02,4.218175317648765343e+01,6.425713142312512893e+00
1.426999999999999957e+01,-1.932190899607110524e+01,1.371103677151470208e+02,4.223110803967182392e+01,6.288661950956944580e+00
1.427999999999999936e+01,-1.942493778038028296e+01,1.376772783299900880e+02,4.226849863441052690e+01,6.151748914976494120e+00
1.428999999999999915e+01,-1.951844848870822346e+01,1.382934506702180784e+02,4.229384448708261601e+01,6.015781075574999193e+00
1.430000000000000071e+01,-1.960152038062780733e+01,1.389543569997541113e+02,4.230714765111841302e+01,5.881591646896193737e+00
1.431000000000000050e+01,-1.967330748375968241e+01,1.396544549911619981e+02,4.230849818599868684e+01,5.750025747376507290e+00
1.432000000000000028e+01,-1.973307074190119792e+01,1.403872709206679303e+02,4.229807630445824884e+01,5.621925176875332220e+00
1.433000000000000007e+01,-1.978020707835334591e+01,1.411455354470053294e+02,4.227615106925681232e+01,5.498113107909746056e+00
1.433999999999999986e+01,-1.981427310062234426e+01,1.419213655853803857e+02,4.224307575529494585e+01,5.379379554107575956e+00
1.434999999999999964e+01,-1.983500153402077615e+01,1.427064816635902389e+02,4.219928021519958605e+01,5.266468409729326616e+00
1.435999999999999943e+01,-1.984230909337194504e+01,1.434924442498117116e+02,4.214526077918996805e+01,5.160066727345006043e+00
1.436999999999999922e+01,-1.983629530791699480e+01,1.442708939302384863e+02,4.208156836838173120e+01,5.060796727937661998e+00
1.438000000000000078e+01,-1.981723268869223986e+01,1.450337767772129780e+02,4.200879559428139487e+01,4.969210833850258524e+00
1.439000000000000057e+01,-1.978554943819995415e+01,1.457735403988041014e+02,4.192756365061634938e+01,4.885789797123958778e+00
1.440000000000000036e+01,-1.974180653029893406e+01,1.464832892321102804e+02,4.183850977665154858e+01,4.810943781362218452e+00
1.441000000000000014e+01,-1.968667135325385686e+01,1.471568925797270992e+02,4.174227598846925247e+01,4.745016060524752888e+00
1.441999999999999993e+01,-1.962089018233723081e+01,1.477890440057454668e+02,4.163949964515611413e+01,4.688288836840233564e+00
1.442999999999999972e+01,-1.954526155406978560e+01,1.483752753614791686e+02,4.153080625241504009e+01,4.640990562669911057e+00
1.443999999999999950e+01,-1.946061221579702050e+01,1.489119323398328731e+02,4.141680472062659391e+01,4.603304084179011824e+00
1.444999999999999929e+01,-1.936777680659881895e+01,1.493961207537046789e+02,4.129808510238773067e+01,4.575374910393108507e+00
1.446000000000000085e+01,-1.926758187483252271e+01,1.498256336475215278e+02,4.117521865022933270e+01,4.557318948130010483e+00
1.447000000000000064e+01,-1.916083432684526144e+01,1.501988690388966745e+02,4.104875987137783255e+01,4.549229126283389490e+00
1.448000000000000043e+01,-1.904831398173497803e+01,1.505147468361145968e+02,4.091925012385369342e+01,4.551180453998835418e+00
1.449000000000000021e+01,-1.893076960593252167e+01,1.507726316261809245e+02,4.078722220492039696e+01,4.563233206126314556e+00
1.450000000000000000e+01,-1.880891762533351041e+01,1.509722659064876211e+02,4.065320533395846070e+01,4.585434094229086988e+00
1.450999999999999979e+01,-1.868344265235489132e+01,1.511137162199081843e+02,4.051772992893681646e+01,4.617815449948479589e+00
1.451999999999999957e+01,-1.855499900113043310e+01,1.511973327574114876e+02,4.038133161725562559e+01,4.660392607499002970e+00
1.452999999999999936e+01,-1.842421247152744002e+01,1.512237214503566918e+02,4.024455400319837395e+01,4.713159812297571527e+00
1.453999999999999915e+01,-1.829168183602888220e+01,1.511937264556596290e+02,4.010794982819196974e+01,4.776085093848985608e+00
1.455000000000000071e+01,-1.815797963875372290e+01,1.511084202542066350e+02,3.997208029713323896e+01,4.849104616078493635e+00
1.456000000000000050e+01,-1.802365209235572507e+01,1.509690983066118974e+02,3.983751249341523248e+01,4.932117053262315309e+00
1.457000000000000028e+01,-1.788921802009387108e+01,1.507772752808834014e+02,3.970481495575053543e+01,5.024978533609398390e+00
1.458000000000000007e+01,-1.775516692573711097e+01,1.505346802059566755e+02,3.957455163066913428e+01,5.127498647511395724e+00
1.458999999999999986e+01,-1.762195637664119729e+01,1.502432484288853800e+02,3.944727453608818024e+01,5.239437938327396793e+00
1.459999999999999964e+01,-1.749000895316501669e+01,1.499051088793517010e+02,3.932351556601024356e+01,5.360507187337965718e+00
1.460999999999999943e+01,-1.735970905192782610e+01,1.495225658002383682e+02,3.920377792892420388e+01,5.490368679724685563e+00
1.461999999999999922e+01,-1.723139983522964158e+01,1.490980747286412793e+02,3.908852774020819254e+01,5.628639504344819855e+00
1.463000000000000078e+01,-1.710538059975161929e+01,1.486342130657566827e+02,3.897818628157115484e+01,5.774896805898732666e+00
1.464000000000000057e+01,-1.698190480057692753e+01,1.481336460303853357e+02,3.887312340048674741e+01,5.928684782402420694e+00
1.465000000000000036e+01,-1.686117891757960052e+01,1.475990891377649916e+02,3.877365245365915314e+01,6.089523111050270110e+00
1.466000000000000014e+01,-1.674336229557600575e+01,1.470332685824120347e+02,3.868002710624296725e+01,6.256916397490353887e+00
1.466999999999999993e+01,-1.662856803157674079e+01,1.464388810375086791e+02,3.859244018917097208e+01,6.430364181484894637e+00
1.467999999999999972e+01,-1.651686492522207672e+01,1.458185544250519570e+02,3.851102469738285095e+01,6.609370998463503177e+00
1.468999999999999950e+01,-1.640828045427788950e+01,1.451748111727294486e+02,3.843585688895097263e+01,6.793455992553291800e+00
1.469999999999999929e+01,-1.630280468745287692e+01,1.445100353667630202e+02,3.836696132587618280e+01,6.982161601772266302e+00
1.471000000000000085e+01,-1.620039500286510048e+01,1.438264450449268566e+02,3.830431758805466558e+01,7.175060888266292736e+00
1.472000000000000064e+01,-1.610098144313457524e+01,1.431260706589382892e+02,3.824786829839487723e+01,7.371763162622805510e+00
1.473000000000000043e+01,-1.600447250816440459e+01,1.424107404781753417e+02,3.819752802422902960e+01,7.571917647109578375e+00
1.474000000000000021e+01,-1.591076116515778338e+01,1.416820734150157932e+02,3.815319257200745540e+01,7.775215032873788346e+00
1.475000000000000000e+01,-1.581973084324895495e+01,1.409414794350167881e+02,3.811474817149656502e+01,7.981386904656030623e+00
1.475999999999999979e+01,-1.573126117824345194e+01,1.401901673842477010e+02,3.808208005364802062e+01,8.190203126708542669e+00
1.476999999999999957e+01,-1.564523328198540142e+01,1.394291597350286906e+02,3.805507996266353388e+01,8.401467398528962960e+00
1.477999999999999936e+01,-1.556153433101425243e+01,1.386593134364603372e+02,3.803365220559937399e+01,8.615011291953507566e+00
1.478999999999999915e+01,-1.548006129995628299e+01,1.378813457750014777e+02,3.801771792848538212e+01,8.830687165982570974e+00
1.480000000000000071e+01,-1.540072370530952739e+01,1.370958639204090446e+02,3.800721741128357678e+01,9.048360417336409611e+00
1.481000000000000050e+01,-1.532344527288047153e+01,1.363033966689713452e+02,3.800211028875973085e+01,9.267901559557339297e+00
1.482000000000000028e+01,-1.524816449443350663e+01,1.355044268107730829e+02,3.800237372347351084e+01,9.489178629582593061e+00
1.483000000000000007e+01,-1.517483409289840424e+01,1.346994225467740591e+02,3.800799867331550530e+01,9.712050398180755550e+00
1.483999999999999986e+01,-1.510341946740312835e+01,1.338888664645550364e+02,3.801898450243787408e+01,9.936360811370741786e+00
1.484999999999999964e+01,-1.503389623620126692e+01,1.330732807418645507e+02,3.803533227491561775e+01,1.016193501758332296e+01
1.485999999999999943e+01,-1.496624703451555760e+01,1.322532474720002256e+02,3.805703714025207063e+01,1.038857724484349276e+01
1.486999999999999922e+01,-1.490045775337216938e+01,1.314294232775236253e+02,3.808408026561800597e+01,1.061607068957343714e+01
1.488000000000000078e+01,-1.483651342351466518e+01,1.306025476793040241e+02,3.811642078991513216e+01,1.084417947006827809e+01
1.489000000000000057e+01,-1.477439395522947052e+01,1.297734449964088412e+02,3.815398826944766597e+01,1.107265258957336762e+01
1.490000000000000036e+01,-1.471406994100694021e+01,1.289430198503598888e+02,3.819667605574251468e+01,1.130122975202075253e+01
1.491000000000000014e+01,-1.465549871470022936e+01,1.281122466192112199e+02,3.824433599568399700e+01,1.152964878290310757e+01
1.491999999999999993e+01,-1.459862083998827131e+01,1.272821534211763179e+02,3.829677477636334970e+01,1.175765433251171110e+01
1.492999999999999972e+01,-1.454335717450307186e+01,1.264538013967513166e+02,3.835375215627900758e+01,1.198500748176035735e+01
1.493999999999999950e+01,-1.448960662594029891e+01,1.256282601993654282e+02,3.841498123541361309e+01,1.221149583381287407e+01
1.494999999999999929e+01,-1.443724468469537214e+01,1.248065806975909737e+02,3.848013082405684315e+01,1.243694365842803151e+01
1.496000000000000085e+01,-1.438612278564318459e+01,1.239897659400165111e+02,3.854882987861233801e+01,1.266122165990702797e+01
1.497000000000000064e+01,-1.433606852085135053e+01,1.231787414415300503e+02,3.862067388629055387e+01,1.288425596251953742e+01
1.498000000000000043e+01,-1.428688669623718965e+01,1.223743258226365214e+02,3.869523300333655413e+01,1.310603594712306474e+01
1.499000000000000021e+01,-1.423836119906413167e+01,1.215772027773489867e+02,3.877206168639115447e+01,1.332662062656548052e+01
1.500000000000000000e+01,-1.419025762012819492e+01,1.207878952656848810e+02,3.885070950614937857e+01,1.354614331197955046e+01
1.500999999999999979e+01,-1.414232655472419431e+01,1.200067427290703961e+02,3.893073279817753019e+01,1.376481439343084467e+01
1.501999999999999957e+01,-1.409430749008007133e+01,1.192338820154363646e+02,3.901170678817801019e+01,1.398292213262253902e+01
1.502999999999999936e+01,-1.404593317391683982e+01,1.184692325796022203e+02,3.909323782775484801e+01,1.420083143850884788e+01
1.503999999999999915e+01,-1.399693434906426504e+01,1.177124863971799016e+02,3.917497539049674060e+01,1.441898066508689169e+01
1.505000000000000071e+01,-1.394704473252090615e+01,1.169631028998638556e+02,3.925662350474686946e+01,1.463787653121704224e+01
1.506000000000000050e+01,-1.389600611385425211e+01,1.162203091095361884e+02,3.933795133589583060e+01,1.485808731267391813e+01
1.507000000000000028e+01,-1.384357344716965343e+01,1.154831050205287539e+02,3.941880267407508853e+01,1.508023449538636029e+01
1.508000000000000007e+01,-1.378951981283121064e+01,1.147502741557216837e+02,3.949910412933617465e+01,1.530498310555902641e+01
1.508999999999999986e+01,-1.373364112940442183e+01,1.140203991046603846e+02,3.957887188243758203e+01,1.553303094771934845e+01
1.509999999999999964e+01,-1.367576050268239918e+01,1.132918817414839339e+02,3.965821688252475496e+01,1.576509698720769492e+01
1.510999999999999943e+01,-1.361573210691195968e+01,1.125629677180079398e+02,3.973734842118379618e+01,1.600190911139104699e+01
1.511999999999999922e+01,-1.355344450328749950e+01,1.118317747330018221e+02,3.981657604446922250e+01,1.624419149650808336e+01
1.513000000000000078e+01,-1.348882331232717213e+01,1.110963239928588848e+02,3.989630979033893965e+01,1.649265179714740981e+01
1.514000000000000057e+01,-1.342183316986401920e+01,1.103545742019014142e+02,3.997705875916683027e+01,1.674796836526303778e+01
1.515000000000000036e+01,-1.335247891108894081e+01,1.096044573533230846e+02,4.005942804104729049e+01,1.701077769717723953e+01
1.516000000000000014e+01,-1.328080594341320797e+01,1.088439155359018145e+02,4.014411403731051564e+01,1.728166230126288383e+01
1.516999999999999993e+01,-1.320689978683714294e+01,1.080709379293283376e+02,4.023189822705919738e+01,1.756113917625508591e+01
1.517999999999999972e+01,-1.313088477989806080e+01,1.072835971352472058e+02,4.032363944453319959e+01,1.784964908987324250e+01
1.518999999999999950e+01,-1.305292196981315911e+01,1.064800839850389735e+02,4.042026475124077223e+01,1.814754684849114952e+01
1.519999999999999929e+01,-1.297320622664695122e+01,1.056587399820229791e+02,4.052275900904634653e+01,1.845509274930340737e+01
1.521000000000000085e+01,-1.289196264252284330e+01,1.048180865773747286e+02,4.063215328709118523e+01,1.877244540493198599e+01
1.522000000000000064e+01,-1.280944229725417038e+01,1.039568505466823751e+02,4.074951226622996359e+01,1.909965612475183505e+01
1.523000000000000043e+01,-1.272591749036058495e+01,1.030739848271249599e+02,4.087592083862753611e+01,1.943666502570685140e+01
1.524000000000000021e+01,-1.264167655539458579e+01,1.021686842913516955e+02,4.101247013590723611e+01,1.978329902661709383e+01
1.525000000000000000e+01,-1.255701838503740930e+01,1.012403960692619194e+02,4.116024325500578129e+01,2.013927185299488087e+01
1.525999999999999979e+01,-1.247224680396120533e+01,1.002888241776345666e+02,4.132030098475036795e+01,2.050418614365487358e+01
1.526999999999999957e+01,-1.238766493068137464e+01,9.931392837372817439e+01,4.149366786613276759e+01,2.087753770579047696e+01
1.527999999999999936e+01,-1.230356966945857344e+01,9.831591730624313641e+01,4.168131894321962250e+01,2.125872191201104044e+01
1.528999999999999915e+01,-1.222024646901615696e+01,9.729523618949664865e+01,4.188416757763526732e+01,2.164704217158777411e+01
1.530000000000000071e+01,-1.213796447676211088e+01,9.625254936939614936e+01,4.210305470541580064e+01,2.204172033989731361e+01
1.531000000000000050e+01,-1.205697220595436825e+01,9.518871827910801642e+01,4.233873990876329430e+01,2.244190885597748064e+01
1.532000000000000028e+01,-1.197749381935358848e+01,9.410477539603508035e+01,4.259189465458300106e+01,2.284670432011443353e+01
1.533000000000000007e+01,-1.189972611696480342e+01,9.300189490875244758e+01,4.286309801465839797e+01,2.325516214380392555e+01
1.533999999999999986e+01,-1.182383629789552693e+01,9.188136088288204917e+01,4.315283512694630019e+01,2.366631182651263288e+01
1.534999999999999964e+01,-1.174996054749057350e+01,9.074453377888266914e+01,4.346149858235423835e+01,2.407917234142398399e+01
1.535999999999999943e+01,-1.167820348090662819e+01,8.959281622273395840e+01,4.378939282584715897e+01,2.449276705076407268e+01
1.536999999999999922e+01,-1.160863845322877097e+01,8.842761896242413400e+01,4.413674154537314820e+01,2.490613752607958631e+01
1.538000000000000078e+01,-1.154130872411726472e+01,8.725032795785925543e+01,4.450369788914804303e+01,2.531835562622177704e+01
1.539000000000000057e+01,-1.147622944183927451e+01,8.606227354729327317e+01,4.489035720544493557e+01,2.572853319198741318e+01
1.540000000000000036e+01,-1.141339038754277979e+01,8.486470260649832653e+01,4.529677184555379199e+01,2.613582875693319352e+01
1.541000000000000014e+01,-1.135275939612031593e+01,8.365875456376681996e+01,4.572296741848370516e+01,2.653945075296099176e+01
1.541999999999999993e+01,-1.129428634561498512e+01,8.244544205053117025e+01,4.616895974546874726e+01,2.693865680874271007e+01
1.542999999999999972e+01,-1.123790758378640398e+01,8.122563685044231363e+01,4.663477164475465031e+01,2.733274889784980033e+01
1.543999999999999950e+01,-1.118355063941659466e+01,8.000006165718347972e+01,4.712044859397027352e+01,2.772106428711651205e+01
1.544999999999999929e+01,-1.113113904866668058e+01,7.876928796360083140e+01,4.762607227907006546e+01,2.810296245629141509e+01
1.546000000000000085e+01,-1.108059711491655008e+01,7.753374018533232004e+01,4.815177105377014755e+01,2.847780839611211690e+01
1.547000000000000064e+01,-1.103185441555504021e+01,7.629370587813593829e+01,4.869772640666082708e+01,2.884495292985905124e+01
1.548000000000000043e+01,-1.098484987246596312e+01,7.504935165028332733e+01,4.926417466594283212e+01,2.920371092790595924e+01
1.549000000000000021e+01,-1.093953521531803119e+01,7.380074411344507723e+01,4.985140336090749713e+01,2.955333848045194856e+01
1.550000000000000000e+01,-1.089587768844209315e+01,7.254787497355934534e+01,5.045974189755942518e+01,2.989301024625900638e+01
1.550999999999999979e+01,-1.085386188254864237e+01,7.129068915375047766e+01,5.108954648248909791e+01,3.022179829296015896e+01
1.551999999999999957e+01,-1.081349061050623916e+01,7.002911468028030129e+01,5.174117953082316745e+01,3.053865377854436147e+01
1.552999999999999936e+01,-1.077478478985383248e+01,6.876309296242608582e+01,5.241498410608955538e+01,3.084239278874540702e+01
1.553999999999999915e+01,-1.073778234111672880e+01,6.749260806689611059e+01,5.311125424671727302e+01,3.113168753935769928e+01
1.555000000000000071e+01,-1.070253615747563813e+01,6.621771363001862198e+01,5.383020232068682986e+01,3.140506397725674859e+01
1.556000000000000050e+01,-1.066911124504737352e+01,6.493855616417603471e+01,5.457192480215061181e+01,3.166090657282460796e+01
1.557000000000000028e+01,-1.063758117136041470e+01,6.365539369114701174e+01,5.533636806794701357e+01,3.189747079551457176e+01
1.558000000000000007e+01,-1.060802399046182742e+01,6.236860886208980048e+01,5.612329595472235866e+01,3.211290341130745674e+01
1.558999999999999986e+01,-1.058051783504023469e+01,6.107871598712934258e+01,5.693226088588855305e+01,3.230527034597716352e+01
1.559999999999999964e+01,-1.055513637827528051e+01,5.978636168079901125e+01,5.776258035935673263e+01,3.247259143459189090e+01
1.560999999999999943e+01,-1.053194437081490342e+01,5.849231911748540114e+01,5.861332047012977853e+01,3.261288094256573089e+01
1.561999999999999922e+01,-1.051099345187918921e+01,5.719747616952652436e+01,5.948328791697991846e+01,3.272419231880947166e+01
1.563000000000000078e+01,-1.049231841895900530e+01,5.590281795858248870e+01,6.037103160418634928e+01,3.280466525425769220e+01
1.564000000000000057e+01,-1.047593411908570538e+01,5.460940457962090022e+01,6.127485449940038365e+01,3.285257280135704860e+01
1.565000000000000036e+01,-1.046183309743139844e+01,5.331834495070096835e+01,6.219283585829953154e+01,3.286636609708683210e+01
1.566000000000000014e+01,-1.044998410724352667e+01,5.203076789659779422e+01,6.312286329937717255e+01,3.284471415867066213e+01
1.566999999999999993e+01,-1.044033154984868439e+01,5.074779168783992134e+01,6.406267354455376051e+01,3.278653631769653742e+01
1.567999999999999972e+01,-1.043279587563347377e+01,4.947049332669330113e+01,6.500989998273198012e+01,3.269102514489694045e+01
1.568999999999999950e+01,-1.042727493741060130e+01,4.819987889593448216e+01,6.596212462271957122e+01,3.255765819875454525e+01
1.569999999999999929e+01,-1.042364624731614242e+01,4.693685626233052943e+01,6.691693154195215243e+01,3.238619759086920169e+01
1.571000000000000085e+01,-1.042177004848594990e+01,4.568221135192019489e+01,6.787195866725630822e+01,3.217667716165136227e+01
1.572000000000000064e+01,-1.042149307455736817e+01,4.443658908606138169e+01,6.882494469050708119e+01,3.192937794247117722e+01
1.573000000000000043e+01,-1.042265283521068397e+01,4.320047988486206947e+01,6.977376815200764781e+01,3.164479346923189595e+01
1.574000000000000021e+01,-1.042508223645100784e+01,4.197421240942140486e+01,7.071647621809150053e+01,3.132358732311094585e+01
1.575000000000000000e+01,-1.042861432226431972e+01,4.075795293145644393e+01,7.165130140802611436e+01,3.096654592395326588e+01
1.575999999999999979e+01,-1.043308691179258219e+01,3.955171139794930468e+01,7.257666543259233549e+01,3.057453001944993431e+01
1.576999999999999957e+01,-1.043834690510570873e+01,3.835535391389406357e+01,7.349117031473302575e+01,3.014842844921334830e+01
1.577999999999999936e+01,-1.044425404230916499e+01,3.716862101712759880e+01,7.439357798036606084e+01,2.968911759536572603e+01
1.578999999999999915e+01,-1.045068392558718173e+01,3.599115078797778722e+01,7.528278044138988889e+01,2.919742946893325453e+01
1.580000000000000071e+01,-1.045753015126647689e+01,3.482250554710942936e+01,7.615776345743032039e+01,2.867413066188338888e+01
1.581000000000000050e+01,-1.046470544739355546e+01,3.366220067053711773e+01,7.701756708898471970e+01,2.811991347969870603e+01
1.582000000000000028e+01,-1.047214176888308934e+01,3.250973391091962839e+01,7.786124679571904039e+01,2.753539953735874946e+01
1.583000000000000007e+01,-1.047978936334932065e+01,3.136461357279331708e+01,7.868783866852665199e+01,2.692115503984114966e+01
1.583999999999999986e+01,-1.048761488209055415e+01,3.022638395227356867e+01,7.949633201702977203e+01,2.627771596489031225e+01
1.584999999999999964e+01,-1.049559866803190999e+01,2.909464661684762277e+01,8.028565189341746589e+01,2.560562050360966779e+01
1.585999999999999943e+01,-1.050373140171464037e+01,2.796907635735701803e+01,8.105465326800013770e+01,2.490544546501212864e+01
1.586999999999999922e+01,-1.051201032428448556e+01,2.684943097468142881e+01,8.180212754784044193e+01,2.417784297062616972e+01
1.588000000000000078e+01,-1.052043528047102150e+01,2.573555444515194779e+01,8.252682102724655522e+01,2.342357369213301510e+01
1.589000000000000057e+01,-1.052900483341650606e+01,2.462737341591071427e+01,8.322746376686662018e+01,2.264353313442282811e+01
1.590000000000000036e+01,-1.053771269666073351e+01,2.352488738827178949e+01,8.390280640951337432e+01,2.183876802896061164e+01
1.591000000000000014e+01,-1.054654470734583072e+01,2.242815332915550997e+01,8.455166164561421738e+01,2.101048074183034231e+01
1.591999999999999993e+01,-1.055547653030792965e+01,2.133726578612861857e+01,8.517294651837084984e+01,2.016002065433607271e+01
1.592999999999999972e+01,-1.056447223731279905e+01,2.025233385252695939e+01,8.576572156759313259e+01,1.928886265477422413e+01
1.593999999999999950e+01,-1.057348385186966944e+01,1.917345652131452738e+01,8.632922298309563303e+01,1.839857408307976527e+01
1.594999999999999929e+01,-1.058245189069491232e+01,1.810069806966397721e+01,8.686288447071298435e+01,1.749077258258891732e+01
1.596000000000000085e+01,-1.059130687113416336e+01,1.703406512422179375e+01,8.736634638690647137e+01,1.656707822549830667e+01
1.597000000000000064e+01,-1.059997169294710950e+01,1.597348696738301221e+01,8.783945079766800745e+01,1.562906389790749273e+01
1.598000000000000043e+01,-1.060836474622475478e+01,1.491880045942657063e+01,8.828222236263080447e+01,1.467820819136693800e+01
1.599000000000000021e+01,-1.061640354826846533e+01,1.386974067680378653e+01,8.869483621837464682e+01,1.371585492157806740e+01
1.600000000000000000e+01,-1.062400867431012230e+01,1.282593801539503353e+01,8.907757521557147129e+01,1.274318289161295503e+01
