f_GHz,S11_dB,S11_deg,ReZin_ohm,ImZin_ohm
1.000000000000000000e+00,-4.253503368641158300e-01,-1.293789696786767252e+02,1.497568495994348936e+00,-2.362878153584464513e+01
1.010000000000000009e+00,-4.342620733076328898e-01,-1.308845644519499842e+02,1.510372196637022935e+00,-2.282992081422130326e+01
1.020000000000000018e+00,-4.439986247119681040e-01,-1.323964050637135017e+02,1.526039317651618044e+00,-2.203730105024093433e+01
1.030000000000000027e+00,-4.545850252731367669e-01,-1.339144474395819771e+02,1.544583237185308322e+00,-2.125062167699442384e+01
1.040000000000000036e+00,-4.660459762754843305e-01,-1.354386443359051100e+02,1.566020322743910675e+00,-2.046958912741379066e+01
1.050000000000000044e+00,-4.784058380127941823e-01,-1.369689455259131705e+02,1.590370076722455783e+00,-1.969391634144761483e+01
1.060000000000000053e+00,-4.916886232952299984e-01,-1.385052979852790997e+02,1.617655289099577676e+00,-1.892332230275493288e+01
1.070000000000000062e+00,-5.059179924931819228e-01,-1.400476460766516027e+02,1.647902197467983498e+00,-1.815753160294060820e+01
1.080000000000000071e+00,-5.211172500677608843e-01,-1.415959317327518363e+02,1.681140654653105804e+00,-1.739627403151630247e+01
1.090000000000000080e+00,-5.373093425362934772e-01,-1.431500946376628463e+02,1.717404304248228097e+00,-1.663928418992416880e+01
1.100000000000000089e+00,-5.545168578207576582e-01,-1.447100724059769448e+02,1.756730764470363138e+00,-1.588630112810875872e+01
1.110000000000000098e+00,-5.727620259264203373e-01,-1.462758007594993899e+02,1.799161820813888646e+00,-1.513706800226449900e+01
1.120000000000000107e+00,-5.920667208982117735e-01,-1.478472137012400367e+02,1.844743628052336604e+00,-1.439133175252532482e+01
1.129999999999999893e+00,-6.124524640025165168e-01,-1.494242436864557249e+02,1.893526922209956886e+00,-1.364884279949738222e+01
1.139999999999999902e+00,-6.339404280824868509e-01,-1.510068217905357244e+02,1.945567243196153484e+00,-1.290935475866862170e+01
1.149999999999999911e+00,-6.565514430360313014e-01,-1.525948778735503311e+02,2.000925168867512927e+00,-1.217262417186018197e+01
1.159999999999999920e+00,-6.803060023662557132e-01,-1.541883407413108102e+02,2.059666561353688419e+00,-1.143841025501410691e+01
1.169999999999999929e+00,-7.052242707556015677e-01,-1.557871383028118260e+02,2.121862826556152104e+00,-1.070647466174312612e+01
1.179999999999999938e+00,-7.313260926159158570e-01,-1.573911977239536952e+02,2.187591187802198522e+00,-9.976581262199097466e+00
1.189999999999999947e+00,-7.586310015683233043e-01,-1.590004455774617895e+02,2.256934974712018427e+00,-9.248495936951194096e+00
1.199999999999999956e+00,-7.871582308081186419e-01,-1.606148079889437952e+02,2.329983928413271954e+00,-8.521986385701403321e+00
1.209999999999999964e+00,-8.169267243116283828e-01,-1.622342107790430816e+02,2.406834524316677104e+00,-7.796821950806993584e+00
1.219999999999999973e+00,-8.479551488434737827e-01,-1.638585796016667473e+02,2.487590313747299664e+00,-7.072773455726974134e+00
1.229999999999999982e+00,-8.802619067246119089e-01,-1.654878400782841368e+02,2.572362285810350979e+00,-6.349613058663661214e+00
1.239999999999999991e+00,-9.138651493230900424e-01,-1.671219179283068854e+02,2.661269250956693977e+00,-5.627114121834519977e+00
1.250000000000000000e+00,-9.487827912313073764e-01,-1.687607390955787423e+02,2.754438247802804884e+00,-4.905051096982283809e+00
1.260000000000000009e+00,-9.850325250953919642e-01,-1.704042298710177477e+02,2.852004974852421437e+00,-4.183199427917305258e+00
1.270000000000000018e+00,-1.022631837064127858e+00,-1.720523170114668119e+02,2.954114248862425463e+00,-3.461335471086078641e+00
1.280000000000000027e+00,-1.061598022826710119e+00,-1.737049278548227278e+02,3.060920491693448930e+00,-2.739236435375622225e+00
1.290000000000000036e+00,-1.101948204210245974e+00,-1.753619904315263511e+02,3.172588247585948817e+00,-2.016680342598532683e+00
1.300000000000000044e+00,-1.143699346310195653e+00,-1.770234335725093615e+02,3.289292732905524375e+00,-1.293446010359206699e+00
1.310000000000000053e+00,-1.186868275128195371e+00,-1.786891870137039859e+02,3.411220420504213813e+00,-5.693130592826701752e-01
1.320000000000000062e+00,-1.231471695694063007e+00,1.796408185027644890e+02,3.538569660949550055e+00,1.559380531052891594e-01
1.330000000000000071e+00,-1.277526210650320238e+00,1.779666511305728136e+02,3.671551342976411281e+00,8.825259692188669458e-01
1.340000000000000080e+00,-1.325048339279435661e+00,1.762883778242401434e+02,3.810389595618273617e+00,1.610668335972291754e+00
1.350000000000000089e+00,-1.374054536955926498e+00,1.746060642470608855e+02,3.955322534572050852e+00,2.340581673644768657e+00
1.360000000000000098e+00,-1.424561215007249304e+00,1.729197746817655172e+02,4.106603055442279882e+00,3.072481205179008690e+00
1.370000000000000107e+00,-1.476584760969181342e+00,1.712295719437330774e+02,4.264499676591934296e+00,3.806580641535688869e+00
1.379999999999999893e+00,-1.530141559223346270e+00,1.695355172965675479e+02,4.429297434396818112e+00,4.543091918166168419e+00
1.389999999999999902e+00,-1.585248012006455820e+00,1.678376703698389463e+02,4.601298833752663242e+00,5.282224877042471789e+00
1.399999999999999911e+00,-1.641920560782604843e+00,1.661360890787765356e+02,4.780824856713680404e+00,6.024186887995285566e+00
1.409999999999999920e+00,-1.700175707971943950e+00,1.644308295456893063e+02,4.968216032142019678e+00,6.769182402344628535e+00
1.419999999999999929e+00,-1.760030039031063698e+00,1.627219460228758976e+02,5.163833569212324726e+00,7.517412430959983460e+00
1.429999999999999938e+00,-1.821500244882352293e+00,1.610094908167718302e+02,5.368060557533349986e+00,8.269073937946853192e+00
1.439999999999999947e+00,-1.884603144691658683e+00,1.592935142130670272e+02,5.581303236510357202e+00,9.024359140115683076e+00
1.449999999999999956e+00,-1.949355708995588188e+00,1.575740644025121924e+02,5.803992336362242099e+00,9.783454701237065620e+00
1.459999999999999964e+00,-2.015775083182063554e+00,1.558511874071153329e+02,6.036584492912527189e+00,1.054654080881543976e+01
1.469999999999999973e+00,-2.083878611329837760e+00,1.541249270064130883e+02,6.279563737872355667e+00,1.131379011970904358e+01
1.479999999999999982e+00,-2.153683860414965512e+00,1.523953246634820857e+02,6.533443065805870198e+00,1.208536655937832016e+01
1.489999999999999991e+00,-2.225208644894535404e+00,1.506624194503388310e+02,6.798766078286071490e+00,1.286142395784529668e+01
1.500000000000000000e+00,-2.298471051680515576e+00,1.489262479723505805e+02,7.076108704883687039e+00,1.364210450358589455e+01
1.510000000000000009e+00,-2.373489465518808572e+00,1.471868442912631281e+02,7.366080999542117702e+00,1.442753699454093130e+01
1.520000000000000018e+00,-2.450282594791570734e+00,1.454442398464224482e+02,7.669329009541111297e+00,1.521783486321715273e+01
1.530000000000000027e+00,-2.528869497763157614e+00,1.436984633737436639e+02,7.986536712584450193e+00,1.601309395044772899e+01
1.540000000000000036e+00,-2.609269609293187742e+00,1.419495408219525245e+02,8.318428015510281881e+00,1.681338999979035265e+01
1.550000000000000044e+00,-2.691502768042929539e+00,1.401974952655932611e+02,8.665768805644383121e+00,1.761877584176344769e+01
1.560000000000000053e+00,-2.775589244204252903e+00,1.384423468142654201e+02,9.029369042823281788e+00,1.842927823416372846e+01
1.570000000000000062e+00,-2.861549767783822418e+00,1.366841125175156435e+02,9.410084876513375107e+00,1.924489432158916102e+01
1.580000000000000071e+00,-2.949405557478078421e+00,1.349228062647717934e+02,9.808820768143176494e+00,2.006558767403702248e+01
1.590000000000000080e+00,-3.039178350178292298e+00,1.331584386796673130e+02,1.022653159363271236e+01,2.089128386109824120e+01
1.600000000000000089e+00,-3.130890431148562136e+00,1.313910170080539217e+02,1.066422469501621073e+01,2.172186551488897166e+01
1.610000000000000098e+00,-3.224564664923159629e+00,1.296205449989548697e+02,1.112296184286374867e+01,2.255716683152772362e+01
1.620000000000000107e+00,-3.320224526973764689e+00,1.278470227776560648e+02,1.160386106275495699e+01,2.339696745779526665e+01
1.629999999999999893e+00,-3.417894136200963828e+00,1.260704467100712236e+02,1.210809826916393384e+01,2.424098570675559472e+01
1.639999999999999902e+00,-3.517598288308866117e+00,1.242908092574545265e+02,1.263690863858989388e+01,2.508887104375702037e+01
1.649999999999999911e+00,-3.619362490125897835e+00,1.225080988204631893e+02,1.319158764041098664e+01,2.594019578262669157e+01
1.659999999999999920e+00,-3.723212994939432807e+00,1.207222995714931670e+02,1.377349162854287457e+01,2.679444593133086627e+01
1.669999999999999929e+00,-3.829176838916731995e+00,1.189333912741274020e+02,1.438403787934584166e+01,2.765101112729190902e+01
1.679999999999999938e+00,-3.937281878689691261e+00,1.171413490884402933e+02,1.502470394115391095e+01,2.850917360542170798e+01
1.689999999999999947e+00,-4.047556830185580878e+00,1.153461433608016051e+02,1.569702613813502801e+01,2.936809614734757901e+01
1.699999999999999956e+00,-4.160031308791658056e+00,1.135477393967053388e+02,1.640259704583042577e+01,3.022680896900288516e+01
1.709999999999999964e+00,-4.274735870946678062e+00,1.117460972150269356e+02,1.714306172763071601e+01,3.108419551659939728e+01
1.719999999999999973e+00,-4.391702057257758085e+00,1.099411712819707532e+02,1.792011249072617929e+01,3.193897715903083778e+01
1.729999999999999982e+00,-4.510962437246846868e+00,1.081329102228189925e+02,1.873548188698173078e+01,3.278969678918093678e+01
1.739999999999999991e+00,-4.632550655836525699e+00,1.063212565094205075e+02,1.959093364923069203e+01,3.363470137881620303e+01
1.750000000000000000e+00,-4.756501481690601274e+00,1.045061461211725486e+02,2.048825121746511257e+01,3.447212357329033949e+01
1.760000000000000009e+00,-4.882850857530540267e+00,1.026875081770385520e+02,2.142922347353534818e+01,3.529986246489539070e+01
1.770000000000000018e+00,-5.011635952554270190e+00,1.008652645359136386e+02,2.241562726898471070e+01,3.611556374918853862e+01
1.780000000000000027e+00,-5.142895217089112236e+00,9.903932936239290541e+01,2.344920630089776736e+01,3.691659954886641515e+01
1.790000000000000036e+00,-5.276668439615620265e+00,9.720960865470938472e+01,2.453164586827414695e+01,3.770004828653301132e+01
1.800000000000000044e+00,-5.412996806303248754e+00,9.537599973129340469e+01,2.566454303049734165e+01,3.846267510252824451e+01
1.810000000000000053e+00,-5.551922963202947869e+00,9.353839067204496871e+01,2.684937169504921073e+01,3.920091344788005472e+01
1.820000000000000062e+00,-5.693491081243982954e+00,9.169665971001727200e+01,2.808744218994904784e+01,3.991084863559313334e+01
1.830000000000000071e+00,-5.837746924184563646e+00,8.985067456876666370e+01,2.937985493489433964e+01,4.058820430483048369e+01
1.840000000000000080e+00,-5.984737919665274575e+00,8.800029174012573208e+01,3.072744792228316157e+01,4.122833293923680742e+01
1.850000000000000089e+00,-6.134513233512862485e+00,8.614535569660468184e+01,3.213073786466589610e+01,4.182621177743945395e+01
1.860000000000000098e+00,-6.287123847437009694e+00,8.428569803200339550e+01,3.358985506866334703e+01,4.237644565229982163e+01
1.870000000000000107e+00,-6.442622640255427413e+00,8.242113652311910243e+01,3.510447236675759797e+01,4.287327848358929572e+01
1.879999999999999893e+00,-6.601064472770846514e+00,8.055147410465268365e+01,3.667372878610467524e+01,4.331061530973739337e+01
1.889999999999999902e+00,-6.762506276406571537e+00,7.867649774853688882e+01,3.829614906340083991e+01,4.368205685644297631e+01
1.899999999999999911e+00,-6.927007145685025513e+00,7.679597723792092268e+01,3.996956062796959230e+01,4.398094867637806260e+01
1.909999999999999920e+00,-7.094628434602761935e+00,7.490966382493104447e+01,4.169101026573249413e+01,4.420044682334834363e+01
1.919999999999999929e+00,-7.265433856915755051e+00,7.301728876007409497e+01,4.345668332904313758e+01,4.433360181102232644e+01
1.929999999999999938e+00,-7.439489590297316823e+00,7.111856167973402876e+01,4.526182904359414749e+01,4.437346221456122919e+01
1.939999999999999947e+00,-7.616864384264729892e+00,6.921316883661435782e+01,4.710069614109065839e+01,4.431319866970538612e+01
1.949999999999999956e+00,-7.797629671687300146e+00,6.730077115617910977e+01,4.896648365626736421e+01,4.414624818255673944e+01
1.959999999999999964e+00,-7.981859683583051535e+00,6.538100210010127000e+01,5.085131219426968840e+01,4.386647757345139809e+01
1.969999999999999973e+00,-8.169631566778853937e+00,6.345346531542860902e+01,5.274622121128564345e+01,4.346836355106428584e+01
1.979999999999999982e+00,-8.361025503843727336e+00,6.151773204556715058e+01,5.464119776219602187e+01,4.294718538913136285e+01
1.989999999999999991e+00,-8.556124834499245324e+00,5.957333827623165945e+01,5.652524166096857527e+01,4.229922453494011592e+01
2.000000000000000000e+00,-8.755016177455342330e+00,5.761978158617909429e+01,5.838647099562977871e+01,4.152196383244996980e+01
2.009999999999999787e+00,-8.957789551302646203e+00,5.565651766875848239e+01,6.021227039541740567e+01,4.061427754756824982e+01
2.020000000000000018e+00,-9.164538492700199157e+00,5.368295648604028258e+01,6.198948236836403680e+01,3.957660222153639751e+01
2.029999999999999805e+00,-9.375360169611550276e+00,5.169845801245668326e+01,6.370463948329285131e+01,3.841107774544507691e+01
2.040000000000000036e+00,-9.590355486741927393e+00,4.970232751942698712e+01,6.534423230548424044e+01,3.712164812699877103e+01
2.049999999999999822e+00,-9.809629179587577852e+00,4.769381034628420934e+01,6.689500502825009676e+01,3.571411234971836279e+01
2.060000000000000053e+00,-1.003328989259209436e+01,4.567208609589095403e+01,6.834426795161732571e+01,3.419611757100125971e+01
2.069999999999999840e+00,-1.026145023577250193e+01,4.363626218554819047e+01,6.968021365512889531e+01,3.257708963484274989e+01
2.080000000000000071e+00,-1.049422681277996539e+01,4.158536667508972329e+01,7.089222219813055403e+01,3.086809933834323161e+01
2.089999999999999858e+00,-1.073174021163249492e+01,3.951834028435440871e+01,7.197114020793715383e+01,2.908166682622329802e+01
2.100000000000000089e+00,-1.097411494722172165e+01,3.743402750148658953e+01,7.290951943539701574e+01,2.723151054182193320e+01
2.109999999999999876e+00,-1.122147934205735176e+01,3.533116667171442771e+01,7.370180228710962922e+01,2.533225093500611536e+01
2.120000000000000107e+00,-1.147396532844896200e+01,3.320837894344199981e+01,7.434444485459329144e+01,2.339908222168345731e+01
2.129999999999999893e+00,-1.173170815128947808e+01,3.106415593476783954e+01,7.483597178542662220e+01,2.144742757524871024e+01
2.140000000000000124e+00,-1.199484594561347706e+01,2.889684596916436377e+01,7.517696160764515412e+01,1.949259399143220151e+01
2.149999999999999911e+00,-1.226351915693015115e+01,2.670463871442709802e+01,7.536996540223634611e+01,1.754944263606603272e+01
2.160000000000000142e+00,-1.253786976470035341e+01,2.448554804483329761e+01,7.541936560414323765e+01,1.563208884643873198e+01
2.169999999999999929e+00,-1.281804025989952933e+01,2.223739293380338466e+01,7.533118485114957252e+01,1.375364333382034765e+01
2.180000000000000160e+00,-1.310417231597497434e+01,1.995777617485707012e+01,7.511285695402904139e+01,1.192600284702667324e+01
2.189999999999999947e+00,-1.339640507817649606e+01,1.764406072472943166e+01,7.477297312474981084e+01,1.015969496948654616e+01
2.200000000000000178e+00,-1.369487297863017083e+01,1.529334346764056107e+01,7.432101659873553956e+01,8.463778192141507617e+00
2.209999999999999964e+00,-1.399970296296655548e+01,1.290242621898414299e+01,7.376709785977863021e+01,6.845795235545434565e+00
2.220000000000000195e+00,-1.431101098804670357e+01,1.046778382727091028e+01,7.312170103681529554e+01,5.311775007202257370e+00
2.229999999999999982e+00,-1.462889761853926629e+01,7.985529305189617233e+00,7.239544994243790654e+01,3.866276698560008995e+00
2.240000000000000213e+00,-1.495344251198444141e+01,5.451376038220853815e+00,7.159889991593894365e+01,2.512468381012407104e+00
2.250000000000000000e+00,-1.528469753685413757e+01,2.860597301852476182e+00,7.074235934168343931e+01,1.252232004805815535e+00
2.259999999999999787e+00,-1.562267821564407733e+01,2.079835926243759625e-01,6.983574261127229477e+01,8.628683651144751499e-02
2.270000000000000018e+00,-1.596735312557219899e+01,-2.512201320375976099e+00,6.888845450356501487e+01,-9.856760439191335488e-01
2.279999999999999805e+00,-1.631863082464944270e+01,-5.306264141382698085e+00,6.790930453330368266e+01,-1.964854669427230860e+00
2.290000000000000036e+00,-1.667634380456886589e+01,-8.181123298860358162e+00,6.690644878239368154e+01,-2.853197946475077629e+00
2.299999999999999822e+00,-1.704022891143713991e+01,-1.114434428944458944e+01,6.588735605702240150e+01,-3.653272528830194599e+00
2.310000000000000053e+00,-1.740990363385440176e+01,-1.420416418534958147e+01,6.485879486360953194e+01,-4.368137980891795280e+00
2.319999999999999840e+00,-1.778483765665611571e+01,-1.736949836485114673e+01,6.382683760884285817e+01,-5.001232397862904300e+00
2.330000000000000071e+00,-1.816431915127653696e+01,-2.064991993467926434e+01,6.279687854159699612e+01,-5.556269773206208740e+00
2.339999999999999858e+00,-1.854741547013748360e+01,-2.405559909669185714e+01,6.177366220791930118e+01,-6.037149677351667520e+00
2.350000000000000089e+00,-1.893292830328569565e+01,-2.759718592253938851e+01,6.076131953206647296e+01,-6.447879237770484551e+00
2.359999999999999876e+00,-1.931934403388795829e+01,-3.128561588832806706e+01,5.976340902351537210e+01,-6.792506980344760414e+00
2.370000000000000107e+00,-1.970478110666164540e+01,-3.513181367581851333e+01,5.878296100843962790e+01,-7.075067789532057283e+00
2.379999999999999893e+00,-2.008693781210003948e+01,-3.914626828849421258e+01,5.782252317006665265e+01,-7.299538050745418616e+00
2.390000000000000124e+00,-2.046304606106559021e+01,-4.333845331881498453e+01,5.688420603942447684e+01,-7.469799932302181311e+00
2.399999999999999911e+00,-2.082983943311399599e+01,-4.771607295898412104e+01,5.596972739672126806e+01,-7.589613726757043821e+00
2.410000000000000142e+00,-2.118354674588146835e+01,-5.228413050293257669e+01,5.508045481957739042e+01,-7.662597184872441680e+00
2.419999999999999929e+00,-2.151992494890052754e+01,-5.704384503858491229e+01,5.421744584691342084e+01,-7.692210824836166694e+00
2.430000000000000160e+00,-2.183434613815783365e+01,-6.199148545662716714e+01,5.338148541842046768e+01,-7.681748272211218698e+00
2.439999999999999947e+00,-2.212195132224396588e+01,-6.711724604263019955e+01,5.257312040272394427e+01,-7.634330772664059239e+00
2.450000000000000178e+00,-2.237787660565344794e+01,-7.240434445250316742e+01,5.179269114698038834e+01,-7.552905112260565268e+00
2.459999999999999964e+00,-2.259754486295882714e+01,-7.782856135106069928e+01,5.104036007140861386e+01,-7.440244273532582220e+00
2.470000000000000195e+00,-2.277699892695067874e+01,-8.335843589613423887e+01,5.031613739878738301e+01,-7.298950245765269074e+00
2.479999999999999982e+00,-2.291323483643012437e+01,-8.895626098327336706e+01,4.961990415558329914e+01,-7.131458492505322155e+00
2.490000000000000213e+00,-2.300448224091185878e+01,-9.457988420743788538e+01,4.895143261200698959e+01,-6.940043656655650928e+00
2.500000000000000000e+00,-2.305038010769058587e+01,-1.001851432653637772e+02,4.831040434634157776e+01,-6.726826152971350226e+00
2.509999999999999787e+00,-2.305201221534084155e+01,-1.057286042927314043e+02,4.769642612724587138e+01,-6.493779359133982076e+00
2.520000000000000018e+00,-2.301179499350575242e+01,-1.111701896350034247e+02,4.710904380882622178e+01,-6.242737170063563212e+00
2.529999999999999805e+00,-2.293324091426107003e+01,-1.164753118658292408e+02,4.654775442907281047e+01,-5.975401726186419182e+00
2.540000000000000036e+00,-2.282064339445815193e+01,-1.216162607034626575e+02,4.601201669436045449e+01,-5.693351165619694676e+00
2.549999999999999822e+00,-2.267873747271996621e+01,-1.265727667024637242e+02,4.550126002237141876e+01,-5.398047283334622470e+00
2.560000000000000053e+00,-2.251238432981899962e+01,-1.313318277305620541e+02,4.501489230397898211e+01,-5.090843008020323524e+00
2.569999999999999840e+00,-2.232631221692377466e+01,-1.358869880143088835e+02,4.455230653207566860e+01,-4.772989630272459038e+00
2.580000000000000071e+00,-2.212492842005711680e+01,-1.402372936270738535e+02,4.411288643258001230e+01,-4.445643734518952783e+00
2.589999999999999858e+00,-2.191220187324354285e+01,-1.443861272090293539e+02,4.369601122031082241e+01,-4.109873802364527151e+00
2.600000000000000089e+00,-2.169160640994654088e+01,-1.483400737897729016e+02,4.330105959034604268e+01,-3.766666467321469369e+00
2.609999999999999876e+00,-2.146611038220567735e+01,-1.521079119375541495e+02,4.292741304407041980e+01,-3.416932410667610220e+00
2.620000000000000107e+00,-2.123819808890493022e+01,-1.556997747405674204e+02,4.257445863846812273e+01,-3.061511895856199761e+00
2.629999999999999893e+00,-2.100991044499113514e+01,-1.591264893246257941e+02,4.224159123738940025e+01,-2.701179944848491665e+00
2.640000000000000124e+00,-2.078289520537307311e+01,-1.623990817614269986e+02,4.192821533453389549e+01,-2.336651164264481828e+00
2.649999999999999911e+00,-2.055845994201951754e+01,-1.655284234628373383e+02,4.163374650973045732e+01,-1.968584232607071050e+00
2.660000000000000142e+00,-2.033762341598674794e+01,-1.685249919312817326e+02,4.135761257272841362e+01,-1.597586062236766580e+00
2.669999999999999929e+00,-2.012116284716979209e+01,-1.713987199394971412e+02,4.109925444210198719e+01,-1.224215651438797181e+00
2.680000000000000160e+00,-1.990965589155937110e+01,-1.741589105811521847e+02,4.085812680095533977e+01,-8.489876429908210786e-01
2.689999999999999947e+00,-1.970351698875084168e+01,-1.768141997203806568e+02,4.063369856584916562e+01,-4.723756062334267258e-01
2.700000000000000178e+00,-1.950302825661197659e+01,-1.793725513578838502e+02,4.042545320069003623e+01,-9.481505987092737897e-02
2.709999999999999964e+00,-1.930836538839948346e+01,1.781587250652856369e+02,4.023288890317770239e+01,2.832937473248947069e-01
2.720000000000000195e+00,-1.911961913152493509e+01,1.757729435192785843e+02,4.005551868773902413e+01,6.615832810020034760e-01
2.729999999999999982e+00,-1.893681295588706703e+01,1.734640022090381706e+02,3.989287038563946908e+01,1.039716374425625034e+00
2.740000000000000213e+00,-1.875991749395594965e+01,1.712263404472444108e+02,3.974448658010602031e+01,1.417384074439384412e+00
2.750000000000000000e+00,-1.858886228125933471e+01,1.690548943574302996e+02,3.960992449177715713e+01,1.794303664856996994e+00
2.759999999999999787e+00,-1.842354526117213709e+01,1.669450532415643806e+02,3.948875582757586500e+01,2.170216852611790870e+00
2.770000000000000018e+00,-1.826384045171012360e+01,1.648926177681354659e+02,3.938056660414397214e+01,2.544888102683364739e+00
2.779999999999999805e+00,-1.810960410970259460e+01,1.628937606595568468e+02,3.928495695524991049e+01,2.918103108521190148e+00
2.790000000000000036e+00,-1.796067967180674430e+01,1.609449902283799361e+02,3.920154093105799831e+01,3.289667385389968057e+00
2.799999999999999822e+00,-1.781690170320628397e+01,1.590431168896813574e+02,3.912994629580063588e+01,3.659404974756099271e+00
2.810000000000000053e+00,-1.767809904344281335e+01,1.571852226314571794e+02,3.906981432920139241e+01,4.027157248516942012e+00
2.819999999999999840e+00,-1.754409730411236268e+01,1.553686333333346852e+02,3.902079963594278667e+01,4.392781802540056901e+00
2.830000000000000071e+00,-1.741472084434814960e+01,1.535908937699483658e+02,3.898256996653184103e+01,4.756151429624489779e+00
2.839999999999999858e+00,-1.728979432629298074e+01,1.518497451070219313e+02,3.895480605208647518e+01,5.117153162621957740e+00
2.850000000000000089e+00,-1.716914393334102229e+01,1.501431046871103661e+02,3.893720145482140538e+01,5.475687379061140447e+00
2.859999999999999876e+00,-1.705259831809424043e+01,1.484690479020882776e+02,3.892946243535394046e+01,5.831666959203142042e+00
2.870000000000000107e+00,-1.693998933410182062e+01,1.468257919566470946e+02,3.893130783736174294e+01,6.185016490023047098e+00
2.879999999999999893e+00,-1.683115259500252137e+01,1.452116813383985345e+02,3.894246898960192027e+01,6.535671508160852738e+00
2.890000000000000124e+00,-1.672592789622202503e+01,1.436251748237046684e+02,3.896268962483685527e+01,6.883577775417661471e+00
2.899999999999999911e+00,-1.662415952752006731e+01,1.420648338627613327e+02,3.899172581480141986e+01,7.228690580888893713e+00
2.910000000000000142e+00,-1.652569649913196059e+01,1.405293122018862562e+02,3.902934591998538139e+01,7.570974064328631847e+00
2.919999999999999929e+00,-1.643039269975557204e+01,1.390173466148795001e+02,3.907533055268840627e+01,7.910400555827028057e+00
2.930000000000000160e+00,-1.633810700099908075e+01,1.375277486284036002e+02,3.912947255153238046e+01,8.246949927357581700e+00
2.939999999999999947e+00,-1.624870331996108064e+01,1.360593971384158465e+02,3.919157696538329816e+01,8.580608952212156026e+00
2.950000000000000178e+00,-1.616205064923111578e+01,1.346112318256968194e+02,3.926146104443956375e+01,8.911370668790363325e+00
2.959999999999999964e+00,-1.607802306166965423e+01,1.331822472884618094e+02,3.933895423608531416e+01,9.239233745644133577e+00
2.970000000000000195e+00,-1.599649969576514685e+01,1.317714878189433421e+02,3.942389818298303794e+01,9.564201845099013610e+00
2.979999999999999982e+00,-1.591736472610297604e+01,1.303780427587603867e+02,3.951614672078837032e+01,9.886282983179476958e+00
2.990000000000000213e+00,-1.584050732246067739e+01,1.290010423749201891e+02,3.961556587280813346e+01,1.020548888395421727e+01
3.000000000000000000e+00,-1.576582160022185519e+01,1.276396542044938514e+02,3.972203383889270611e+01,1.052183432679149711e+01
3.009999999999999787e+00,-1.569320656413957948e+01,1.262930798214789263e+02,3.983544097584729116e+01,1.083533648536736216e+01
3.020000000000000018e+00,-1.562256604695104656e+01,1.249605519841582435e+02,3.995568976666774574e+01,1.114601425760516662e+01
3.029999999999999805e+00,-1.555380864392393292e+01,1.236413321254730988e+02,4.008269477594955532e+01,1.145388758603978729e+01
3.040000000000000036e+00,-1.548684764408278802e+01,1.223347081526287781e+02,4.021638258888091855e+01,1.175897676839158734e+01
3.049999999999999822e+00,-1.542160095860439561e+01,1.210399925253836386e+02,4.035669173131146437e+01,1.206130175840650942e+01
3.060000000000000053e+00,-1.535799104667221116e+01,1.197565205853180004e+02,4.050357256848263177e+01,1.236088145726507115e+01
3.069999999999999840e+00,-1.529594483893062318e+01,1.184836491108698198e+02,4.065698718011287838e+01,1.265773299608828673e+01
3.080000000000000071e+00,-1.523539365857176975e+01,1.172207550751337521e+02,4.081690920964410907e+01,1.295187101026706600e+01
3.089999999999999858e+00,-1.517627314001311412e+01,1.159672345853518181e+02,4.098332368557752403e+01,1.324330690652074871e+01
3.100000000000000089e+00,-1.511852314507759765e+01,1.147225019847617489e+02,4.115622681294750862e+01,1.353204812374347021e+01
3.109999999999999876e+00,-1.506208767656401903e+01,1.134859890990004203e+02,4.133562573310425137e+01,1.381809738883204375e+01
3.120000000000000107e+00,-1.500691478909031495e+01,1.122571446106503572e+02,4.152153825009213506e+01,1.410145196880093366e+01
3.129999999999999893e+00,-1.495295649710111263e+01,1.110354335467663134e+02,4.171399252202113672e+01,1.438210292058707651e+01
3.140000000000000124e+00,-1.490016867995196215e+01,1.098203368653628331e+02,4.191302671592860918e+01,1.466003434002667305e+01
3.149999999999999911e+00,-1.484851098401253822e+01,1.086113511278974357e+02,4.211868862471771990e+01,1.493522261155283637e+01
3.160000000000000142e+00,-1.479794672176646486e+01,1.074079882457559876e+02,4.233103524483309599e+01,1.520763566022193203e+01
3.169999999999999929e+00,-1.474844276792596887e+01,1.062097752896629999e+02,4.255013231339344770e+01,1.547723220772699193e+01
3.180000000000000160e+00,-1.469996945262284704e+01,1.050162543518005833e+02,4.277605380354396658e+01,1.574396103410469472e+01
3.189999999999999947e+00,-1.465250045178001947e+01,1.038269824512358070e+02,4.300888137681607759e+01,1.600776024689409383e+01
3.200000000000000178e+00,-1.460601267481178134e+01,1.026415314740376203e+02,4.324870379129098552e+01,1.626855655956030233e+01
3.209999999999999964e+00,-1.456048614984273293e+01,1.014594881402140061e+02,4.349561626435495754e+01,1.652626458106120211e+01
3.220000000000000195e+00,-1.451590390667348274e+01,1.002804539903215186e+02,4.374971978880904544e+01,1.678078611851657342e+01
3.229999999999999982e+00,-1.447225185775796241e+01,9.910404538528982243e+01,4.401112040106030321e+01,1.703200949503624884e+01
3.240000000000000213e+00,-1.442951867748797845e+01,9.792989351368062501e+01,4.427992840006969288e+01,1.727980888488514921e+01
3.250000000000000000e+00,-1.438769568010784816e+01,9.675764440124028454e+01,4.455625751567602322e+01,1.752404366831213878e+01
3.259999999999999787e+00,-1.434677669660459998e+01,9.558695891823003876e+01,4.484022402485283720e+01,1.776455780854703193e+01
3.270000000000000018e+00,-1.430675795093521785e+01,9.441751278061427399e+01,4.513194581439199027e+01,1.800117925368589766e+01
3.279999999999999805e+00,-1.426763793596541596e+01,9.324899654175628427e+01,4.543154138845206802e+01,1.823371936643440350e+01
3.290000000000000036e+00,-1.422941728950022622e+01,9.208111557181450735e+01,4.573912881936303876e+01,1.846197238497281390e+01
3.299999999999999822e+00,-1.419209867078869713e+01,9.091359002254628763e+01,4.605482464005046950e+01,1.868571491854109823e+01
3.310000000000000053e+00,-1.415568663788165260e+01,8.974615477570930011e+01,4.637874267643968551e+01,1.890470548172323362e+01
3.319999999999999840e+00,-1.412018752621380813e+01,8.857855937370604238e+01,4.671099281822908722e+01,1.911868407183546736e+01
3.330000000000000071e+00,-1.408560932876944349e+01,8.741056793153015292e+01,4.705167972649531549e+01,1.932737179429614116e+01
3.339999999999999858e+00,-1.405196157817521829e+01,8.624195902946942738e+01,4.740090147671230625e+01,1.953047054137051930e+01
3.350000000000000089e+00,-1.401925523104433147e+01,8.507252558636263018e+01,4.775874813595278567e+01,1.972766273024553740e+01
3.359999999999999876e+00,-1.398750255487483152e+01,8.390207471353541280e+01,4.812530027329253812e+01,1.991861110698676995e+01
3.370000000000000107e+00,-1.395671701777964557e+01,8.273042754981561586e+01,4.850062740277714823e+01,2.010295862356732854e+01
3.379999999999999893e+00,-1.392691318130033373e+01,8.155741907828696924e+01,4.888478635873902789e+01,2.028032839581875635e+01
3.390000000000000124e+00,-1.389810659652828839e+01,8.038289792565169023e+01,4.927781960378936077e+01,2.045032375083944132e+01
3.399999999999999911e+00,-1.387031370372855221e+01,7.920672614526064592e+01,4.967975347046056100e+01,2.061252837308876806e+01
3.410000000000000142e+00,-1.384355173563184138e+01,7.802877898502258347e+01,5.009059633825470570e+01,2.076650655908747112e+01
3.419999999999999929e+00,-1.381783862453108469e+01,7.684894464152988292e+01,5.051033674877093205e+01,2.091180359131869793e+01
3.430000000000000160e+00,-1.379319291328918595e+01,7.566712400183470777e+01,5.093894146265175493e+01,2.104794624256492241e+01
3.439999999999999947e+00,-1.376963367033626184e+01,7.448323037437837968e+01,5.137635346331313002e+01,2.117444342250152189e+01
3.450000000000000178e+00,-1.374718040870622993e+01,7.329718921062848835e+01,5.182248991381013070e+01,2.129078697887618432e+01
3.459999999999999964e+00,-1.372585300913625161e+01,7.210893781899740418e+01,5.227724007475084989e+01,2.139645266600794571e+01
3.470000000000000195e+00,-1.370567164722663556e+01,7.091842507262462902e+01,5.274046319290002316e+01,2.149090129361214707e+01
3.479999999999999982e+00,-1.368665672463482430e+01,6.972561111259132360e+01,5.321198637201578663e+01,2.157358006906583725e+01
3.490000000000000213e+00,-1.366882880425479563e+01,6.853046704810576273e+01,5.369160243952912026e+01,2.164392414613684679e+01
3.500000000000000000e+00,-1.365220854931232175e+01,6.733297465515769886e+01,5.417906782489621520e+01,2.170135839287317836e+01
3.509999999999999787e+00,-1.363681666628754030e+01,6.613312607508474628e+01,5.467410046781287036e+01,2.174529939074835383e+01
3.520000000000000018e+00,-1.362267385155937305e+01,6.493092351442815868e+01,5.517637777695477297e+01,2.177515767624071685e+01
3.529999999999999805e+00,-1.360980074165073006e+01,6.372637894738860354e+01,5.568553466246332562e+01,2.179034023475378845e+01
3.540000000000000036e+00,-1.359821786694005752e+01,6.251951382210721420e+01,5.620116166800194435e+01,2.179025325511700828e+01
3.549999999999999822e+00,-1.358794560869302259e+01,6.131035877192097416e+01,5.672280323080430975e+01,2.177430515080555296e+01
3.560000000000000053e+00,-1.357900415925778859e+01,6.009895333265001227e+01,5.724995610067516338e+01,2.174190985145217780e+01
3.569999999999999840e+00,-1.357141348525914459e+01,5.888534566688925764e+01,5.778206795131089279e+01,2.169249036516041684e+01
3.580000000000000071e+00,-1.356519329361945125e+01,5.766959229618568372e+01,5.831853621950780564e+01,2.162548260855209392e+01
3.589999999999999858e+00,-1.356036300022897478e+01,5.645175784189321888e+01,5.885870720973089476e+01,2.154033949737791787e+01
3.600000000000000089e+00,-1.355694170108378671e+01,5.523191477540997596e+01,5.940187550302894692e+01,2.143653528589359780e+01
3.609999999999999876e+00,-1.355494814570627149e+01,5.401014317841352153e+01,5.994728371030110736e+01,2.131357013807083689e+01
3.620000000000000107e+00,-1.355440071266134083e+01,5.278653051362798010e+01,6.049412261033275229e+01,2.117097490811019256e+01
3.629999999999999893e+00,-1.355531738698021904e+01,5.156117140657289610e+01,6.104153171271793354e+01,2.100831610170510899e+01
3.640000000000000124e+00,-1.355771573930349305e+01,5.033416743866389709e+01,6.158860028465722536e+01,2.082520098315330515e+01
3.649999999999999911e+00,-1.356161290655559526e+01,4.910562695196347960e+01,6.213436887855655755e+01,2.062128278682464000e+01
3.660000000000000142e+00,-1.356702557396380904e+01,4.787566486580340097e+01,6.267783139426386896e+01,2.039626598480207775e+01
3.669999999999999929e+00,-1.357396995823648567e+01,4.664440250543538014e+01,6.321793770557646042e+01,2.014991155586610461e+01
3.680000000000000160e+00,-1.358246179171740131e+01,4.541196744279967135e+01,6.375359687527944885e+01,1.988204219457043109e+01
3.689999999999999947e+00,-1.359251630733490401e+01,4.417849334943988282e+01,6.428368097639692280e+01,1.959254739315953131e+01
3.700000000000000178e+00,-1.360414822416747782e+01,4.294411986153609462e+01,6.480702952955211060e+01,1.928138832371956113e+01
3.709999999999999964e+00,-1.361737173344979901e+01,4.170899245696898561e+01,6.532245455738252815e+01,1.894860244346747891e+01
3.720000000000000195e+00,-1.363220048484584979e+01,4.047326234428113878e+01,6.582874624691638132e+01,1.859430774270733266e+01
3.729999999999999982e+00,-1.364864757281872087e+01,3.923708636334712452e+01,6.632467919982455840e+01,1.821870655294604902e+01
3.740000000000000213e+00,-1.366672552292896903e+01,3.800062689752002143e+01,6.680901923869144809e+01,1.782208883219587747e+01
3.750000000000000000e+00,-1.368644627789611690e+01,3.676405179697356118e+01,6.728053072513198174e+01,1.740483484579009499e+01
3.759999999999999787e+00,-1.370782118326004273e+01,3.552753431291923647e+01,6.773798433299586463e+01,1.696741716427676039e+01
3.770000000000000018e+00,-1.373086097248142678e+01,3.429125304232962890e+01,6.818016520736917130e+01,1.651040190524660289e+01
3.779999999999999805e+00,-1.375557575132187438e+01,3.305539188276000573e+01,6.860588142796126476e+01,1.603444915337004062e+01
3.790000000000000036e+00,-1.378197498134643872e+01,3.182013999681827343e+01,6.901397268413684571e+01,1.554031250245720486e+01
3.799999999999999822e+00,-1.381006746239220995e+01,3.058569178578702008e+01,6.940331905871792628e+01,1.502883767494309986e+01
3.810000000000000053e+00,-1.383986131384822116e+01,2.935224687186185477e+01,6.977284980912452284e+01,1.450096018768362249e+01
3.819999999999999840e+00,-1.387136395459214100e+01,2.812001008842085170e+01,7.012155202783164043e+01,1.395770204809356052e+01
3.830000000000000071e+00,-1.390458208143041929e+01,2.688919147769470541e+01,7.044847905981934844e+01,1.340016748114994094e+01
3.839999999999999858e+00,-1.393952164588836240e+01,2.566000629515625420e+01,7.075275855297491034e+01,1.282953770524115811e+01
3.850000000000000089e+00,-1.397618782919680314e+01,2.443267501989323875e+01,7.103360001847761396e+01,1.224706479281290328e+01
3.859999999999999876e+00,-1.401458501532233925e+01,2.320742337017200185e+01,7.129030178218259550e+01,1.165406466975233357e+01
3.870000000000000107e+00,-1.405471676188705032e+01,2.198448232333559460e+01,7.152225721495570099e+01,1.105190932493900924e+01
3.879999999999999893e+00,-1.409658576882414849e+01,2.076408813911304918e+01,7.172896013971121931e+01,1.044201831783638212e+01
3.890000000000000124e+00,-1.414019384461511564e+01,1.954648238534327120e+01,7.191000932539743928e+01,9.825849686886879653e+00
3.899999999999999911e+00,-1.418554186995386779e+01,1.833191196503170417e+01,7.206511199307095694e+01,9.204890374316164525e+00
3.910000000000000142e+00,-1.423262975868330926e+01,1.712062914357895238e+01,7.219408627612037321e+01,8.580646293334135422e+00
3.919999999999999929e+00,-1.428145641584988645e+01,1.591289157491189599e+01,7.229686259518945235e+01,7.954632171278568364e+00
3.930000000000000160e+00,-1.433201969272254139e+01,1.470896232515406510e+01,7.237348392787663443e+01,7.328361306752182891e+00
3.939999999999999947e+00,-1.438431633862348491e+01,1.350910989234840542e+01,7.242410497329780128e+01,6.703335380090742923e+00
3.950000000000000178e+00,-1.443834194942036930e+01,1.231360822062536720e+01,7.244899023150198047e+01,6.081034454554332669e+00
3.959999999999999964e+00,-1.449409091253237847e+01,1.112273670706824547e+01,7.244851103695606298e+01,5.462907300529511900e+00
3.970000000000000195e+00,-1.455155634830719436e+01,9.936780199385562895e+00,7.242314160331577000e+01,4.850362166970517031e+00
3.979999999999999982e+00,-1.461073004763093586e+01,8.756028982332917820e+00,7.237345415299422768e+01,4.244758113577532299e+00
3.990000000000000213e+00,-1.467160240564121310e+01,7.580778750658291543e+00,7.230011321919805312e+01,3.647397004197897363e+00
4.000000000000000000e+00,-1.473416235142291697e+01,6.411330566158888189e+00,7.220386921980441741e+01,3.059516247082803897e+00
4.009999999999999787e+00,-1.479839727357771650e+01,5.247990796233321653e+00,7.208555141146707967e+01,2.482282351427327338e+00
4.019999999999999574e+00,-1.486429294157421488e+01,4.091071031106523037e+00,7.194606033852829796e+01,1.916785352586612090e+00
4.030000000000000249e+00,-1.493183342280327075e+01,2.940887976673928872e+00,7.178635989466299350e+01,1.364034141002857803e+00
4.040000000000000036e+00,-1.500100099528500586e+01,1.797763319677892380e+00,7.160746911575228069e+01,8.249527126998196236e-01
4.049999999999999822e+00,-1.507177605600110049e+01,6.620235616730076877e-01,7.141045382043606082e+01,3.003773426521981205e-01
4.059999999999999609e+00,-1.514413702485670754e+01,-4.660001820149680118e-01,7.119641821036604767e+01,-2.089453331673665759e-01
4.070000000000000284e+00,-1.521806024431415949e+01,-1.585972422410010463e+00,7.096649653565779658e+01,-7.023593553978894066e-01
4.080000000000000071e+00,-1.529351987478263908e+01,-2.697553580426760078e+00,7.072184492276903711e+01,-1.179299639376586661e+00
4.089999999999999858e+00,-1.537048778589993248e+01,-3.800400318456868209e+00,7.046363345236044040e+01,-1.639291385183251348e+00
4.099999999999999645e+00,-1.544893344389900491e+01,-4.894165924898452147e+00,7.019303856401374730e+01,-2.081948759830842377e+00
4.110000000000000320e+00,-1.552882379531925316e+01,-5.978500756803196481e+00,6.991123585334474910e+01,-2.506972918512869075e+00
4.120000000000000107e+00,-1.561012314739786966e+01,-7.053052746071766244e+00,6.961939331541201170e+01,-2.914149436569421603e+00
4.129999999999999893e+00,-1.569279304556253685e+01,-8.117467974875433256e+00,6.931866507670544308e+01,-3.303345226702798509e+00
4.139999999999999680e+00,-1.577679214854309819e+01,-9.171391326194502369e+00,6.901018564668680710e+01,-3.674505017081219904e+00
4.150000000000000355e+00,-1.586207610172755977e+01,-1.021446721554452353e+01,6.869506470908879692e+01,-4.027647465485450162e+00
4.160000000000000142e+00,-1.594859740950788485e+01,-1.124634041009399787e+01,6.837438246315559809e+01,-4.362860982767655216e+00
4.169999999999999929e+00,-1.603630530749304484e+01,-1.226665694144760188e+01,6.804918551587948627e+01,-4.680299335812274641e+00
4.179999999999999716e+00,-1.612514563561150638e+01,-1.327506511836462622e+01,6.772048331815891231e+01,-4.980177096130760539e+00
4.190000000000000391e+00,-1.621506071328314746e+01,-1.427121664558705127e+01,6.738924513073645528e+01,-5.262764995398986123e+00
4.200000000000000178e+00,-1.630598921801022172e+01,-1.525476785474641339e+01,6.705639749979884812e+01,-5.528385243863956688e+00
4.209999999999999964e+00,-1.639786606891820497e+01,-1.622538105297619282e+01,6.672282221722875306e+01,-5.777406861794591286e+00
4.219999999999999751e+00,-1.649062231696980163e+01,-1.718272599437928605e+01,6.638935473664821529e+01,-6.010241068211660043e+00
4.230000000000000426e+00,-1.658418504377550207e+01,-1.812648147882253724e+01,6.605678301354177506e+01,-6.227336765145616404e+00
4.240000000000000213e+00,-1.667847727113121792e+01,-1.905633708168141638e+01,6.572584673580479375e+01,-6.429176149786685279e+00
4.250000000000000000e+00,-1.677341788362466701e+01,-1.997199501706356983e+01,6.539723690995390371e+01,-6.616270481202582765e+00
4.259999999999999787e+00,-1.686892156686024080e+01,-2.087317213571455810e+01,6.507159576786622779e+01,-6.789156022908825250e+00
4.269999999999999574e+00,-1.696489876405770758e+01,-2.175960205720318541e+01,6.474951695918002770e+01,-6.948390177538994905e+00
4.280000000000000249e+00,-1.706125565397163513e+01,-2.263103743409764235e+01,6.443154599530230087e+01,-7.094547825236856120e+00
4.290000000000000036e+00,-1.715789415325298251e+01,-2.348725234364298231e+01,6.411818091223000238e+01,-7.228217873201428390e+00
4.299999999999999822e+00,-1.725471194652192608e+01,-2.432804479993858848e+01,6.380987312101236597e+01,-7.350000020081623120e+00
4.309999999999999609e+00,-1.735160254753246178e+01,-2.515323937677883492e+01,6.350702841658210929e+01,-7.460501735640257870e+00
4.320000000000000284e+00,-1.744845539487662833e+01,-2.596268992816775878e+01,6.321000811778306172e+01,-7.560335453279193985e+00
4.330000000000000071e+00,-1.754515598568486112e+01,-2.675628239006969267e+01,6.291913031365982079e+01,-7.650115970627057393e+00
4.339999999999999858e+00,-1.764158605072084640e+01,-2.753393764323259774e+01,6.263467119338864819e+01,-7.730458051410771247e+00
4.349999999999999645e+00,-1.773762377413077829e+01,-2.829561441298383784e+01,6.235686643956611874e+01,-7.801974220241350899e+00
4.360000000000000320e+00,-1.783314406087628612e+01,-2.904131217778215301e+01,6.208591266689706600e+01,-7.865272740706464205e+00
4.370000000000000107e+00,-1.792801885454622379e+01,-2.977107405413346441e+01,6.182196889059370903e+01,-7.920955766254533792e+00
4.379999999999999893e+00,-1.802211750779684607e+01,-3.048498962130976153e+01,6.156515801098887408e+01,-7.969617652735077051e+00
4.389999999999999680e+00,-1.811530720710184994e+01,-3.118319764529772797e+01,6.131556830295621552e+01,-8.011843421105565355e+00
4.400000000000000355e+00,-1.820745345280082716e+01,-3.186588865767496515e+01,6.107325490070007135e+01,-8.048207358687916368e+00
4.410000000000000142e+00,-1.829842059461290660e+01,-3.253330734183064266e+01,6.083824127031888906e+01,-8.079271747433445228e+00
4.419999999999999929e+00,-1.838807242183719382e+01,-3.318575467629025866e+01,6.061052066424586116e+01,-8.105585707902177361e+00
4.429999999999999716e+00,-1.847627280639877156e+01,-3.382358978304725383e+01,6.039005755322896363e+01,-8.127684148057737090e+00
4.440000000000000391e+00,-1.856288639573402932e+01,-3.444723142794116200e+01,6.017678903292429027e+01,-8.146086806498837873e+00
4.450000000000000178e+00,-1.864777935126262420e+01,-3.505715912042003879e+01,5.997062620344283346e+01,-8.161297380368830900e+00
4.459999999999999964e+00,-1.873082012689118159e+01,-3.565391376165972304e+01,5.977145552131351280e+01,-8.173802728891168101e+00
4.469999999999999751e+00,-1.881188028067185769e+01,-3.623809779310737156e+01,5.957914012430627082e+01,-8.184072144248714764e+00
4.480000000000000426e+00,-1.889083531143527495e+01,-3.681037480217436553e+01,5.939352113040350645e+01,-8.192556682346438635e+00
4.490000000000000213e+00,-1.896756551097760735e+01,-3.737146854807996732e+01,5.921441891291799209e+01,-8.199688546856419791e+00
4.500000000000000000e+00,-1.904195682125496347e+01,-3.792216137871225357e+01,5.904163435433781615e+01,-8.205880520825894919e+00
4.509999999999999787e+00,-1.911390168507357856e+01,-3.846329201876336157e+01,5.887495008193728552e+01,-8.211525441025660399e+00
4.519999999999999574e+00,-1.918329987801306658e+01,-3.899575272015503202e+01,5.871413168853035813e+01,-8.216995711115284706e+00
4.530000000000000249e+00,-1.925005930882564797e+01,-3.952048577766178283e+01,5.855892894196935572e+01,-8.222642850595201836e+00
4.540000000000000036e+00,-1.931409677536164082e+01,-4.003847942537558424e+01,5.840907698710390861e+01,-8.228797077393018355e+00
4.549999999999999822e+00,-1.937533866320589127e+01,-4.055076314285550154e+01,5.826429754392696481e+01,-8.235766922787076894e+00
4.559999999999999609e+00,-1.943372157469719141e+01,-4.105840241307247140e+01,5.812430010554157889e+01,-8.243838878194454267e+00
4.570000000000000284e+00,-1.948919287684514146e+01,-4.156249298711524887e+01,5.798878313939673035e+01,-8.253277074135297653e+00
4.580000000000000071e+00,-1.954171115784982149e+01,-4.206415472262448674e+01,5.785743529496288318e+01,-8.264322992425375602e+00
4.589999999999999858e+00,-1.959124658344474312e+01,-4.256452507359717430e+01,5.772993662065517384e+01,-8.277195213334071155e+00
4.599999999999999645e+00,-1.963778114608424730e+01,-4.306475231812979843e+01,5.760595979237015030e+01,-8.292089200068085475e+00
4.610000000000000320e+00,-1.968130880202652122e+01,-4.356598861749984763e+01,5.748517135548620161e+01,-8.309177123500429474e+00
4.620000000000000107e+00,-1.972183549356415355e+01,-4.406938300440210554e+01,5.736723298159591167e+01,-8.328607730541131460e+00
4.629999999999999893e+00,-1.975937905594381760e+01,-4.457607440001191179e+01,5.725180274059849239e+01,-8.350506259948609511e+00
4.639999999999999680e+00,-1.979396901082646565e+01,-4.508718475873133258e+01,5.713853638808848956e+01,-8.374974409687990118e+00
4.650000000000000355e+00,-1.982564625038165929e+01,-4.560381243603514889e+01,5.702708866724677961e+01,-8.402090360159530036e+00
4.660000000000000142e+00,-1.985446261821522995e+01,-4.612702586892001477e+01,5.691711462367688057e+01,-8.431908857735960439e+00
4.669999999999999929e+00,-1.988048039522642796e+01,-4.665785765031215249e+01,5.680827093084862867e+01,-8.464461363058793708e+00
4.679999999999999716e+00,-1.990377170012078167e+01,-4.719729906874450620e+01,5.670021722302439571e+01,-8.499756268448978247e+00
4.690000000000000391e+00,-1.992441781562732928e+01,-4.774629517308817128e+01,5.659261743175856907e+01,-8.537779188581188450e+00
4.700000000000000178e+00,-1.994250845244658876e+01,-4.830574040953813153e+01,5.648514112130076370e+01,-8.578493328257696504e+00
4.709999999999999964e+00,-1.995814096358188294e+01,-4.887647486489945692e+01,5.637746481750269822e+01,-8.621839930693424137e+00
4.719999999999999751e+00,-1.997141952197593895e+01,-4.945928113694732531e+01,5.626927332414751959e+01,-8.667738809195713046e+00
4.730000000000000426e+00,-1.998245427430556020e+01,-5.005488183967013072e+01,5.616026102000186171e+01,-8.716088964492437086e+00
4.740000000000000213e+00,-1.999136048340553273e+01,-5.066393773895354968e+01,5.605013312934690362e+01,-8.766769289239043417e+00
4.750000000000000000e+00,-1.999825767113522801e+01,-5.128704650303185986e+01,5.593860695829245344e+01,-8.819639360427657948e+00
4.759999999999999787e+00,-2.000326877261481684e+01,-5.192474204209872113e+01,5.582541308882458253e+01,-8.874540319539066857e+00
4.769999999999999574e+00,-2.000651931168569320e+01,-5.257749440299431143e+01,5.571029652230055973e+01,-8.931295839337973774e+00
4.780000000000000249e+00,-2.000813660624912060e+01,-5.324571017799593875e+01,5.559301776398687167e+01,-8.989713175222991737e+00
4.790000000000000036e+00,-2.000824901085115926e+01,-5.392973338145819184e+01,5.547335384025035410e+01,-9.049584298026559281e+00
4.799999999999999822e+00,-2.000698520256106860e+01,-5.462984674435884358e+01,5.535109924016084193e+01,-9.110687104132004777e+00
4.809999999999999609e+00,-2.000447351487602532e+01,-5.534627337462462293e+01,5.522606677354916371e+01,-9.172786697752517426e+00
4.820000000000000284e+00,-2.000084132311142326e+01,-5.607917873031424705e+01,5.509808833798868477e+01,-9.235636739223062719e+00
4.830000000000000071e+00,-1.999621448353572717e+01,-5.682867285317814066e+01,5.496701558772558371e+01,-9.298980852207019865e+00
4.839999999999999858e+00,-1.999071682740363087e+01,-5.759481281160597632e+01,5.483272049827046146e+01,-9.362554081834208120e+00
4.849999999999999645e+00,-1.998446971004698369e+01,-5.837760530435365069e+01,5.469509582116972268e+01,-9.426084394987391590e+00
4.860000000000000320e+00,-1.997759161431205399e+01,-5.917700937950493056e+01,5.455405542438967359e+01,-9.489294213252241761e+00
4.870000000000000107e+00,-1.997019780688615498e+01,-5.999293922670251078e+01,5.440953451475601099e+01,-9.551901968461528725e+00
4.879999999999999893e+00,-1.996240004544052482e+01,-6.082526700461753677e+01,5.426148973997614178e+01,-9.613623670305921465e+00
4.889999999999999680e+00,-1.995430633402066078e+01,-6.167382566975125968e+01,5.410989916891909957e+01,-9.674174475167429677e+00
4.900000000000000355e+00,-1.994602072373820079e+01,-6.253841177686496167e+01,5.395476215001167475e+01,-9.733270245159067358e+00
4.910000000000000142e+00,-1.993764315554626165e+01,-6.341878822548906669e+01,5.379609904881413485e+01,-9.790629086335817632e+00
4.919999999999999929e+00,-1.992926934170670350e+01,-6.431468693099368750e+01,5.363395086703826564e+01,-9.845972855173210192e+00
4.929999999999999716e+00,-1.992099068246532312e+01,-6.522581140252363241e+01,5.346837874644872812e+01,-9.899028622695899671e+00
4.940000000000000391e+00,-1.991289421443558894e+01,-6.615183921368021913e+01,5.329946336221833292e+01,-9.949530086065772494e+00
4.950000000000000178e+00,-1.990506258723297250e+01,-6.709242435511302460e+01,5.312730421137570858e+01,-9.997218918008256239e+00
4.959999999999999964e+00,-1.989757406499634129e+01,-6.804719946116532014e+01,5.295201880296605168e+01,-1.004184604514782464e+01
4.969999999999999751e+00,-1.989050254956446651e+01,-6.901577790536424573e+01,5.277374175743200624e+01,-1.008317284713081996e+01
4.980000000000000426e+00,-1.988391762223831805e+01,-6.999775576190047843e+01,5.259262382349014331e+01,-1.012097226931752836e+01
4.990000000000000213e+00,-1.987788460124346557e+01,-7.099271363225381037e+01,5.240883082142921268e+01,-1.015502984280822574e+01
5.000000000000000000e+00,-1.987246461220397009e+01,-7.200021833787396019e+01,5.222254252226817783e+01,-1.018514460661376120e+01
5.009999999999999787e+00,-1.986771466914545314e+01,-7.301982448127057523e+01,5.203395147259213616e+01,-1.021112992786546236e+01
5.019999999999999574e+00,-1.986368776375126899e+01,-7.405107587908599953e+01,5.184326177511987055e+01,-1.023281421706963634e+01
5.030000000000000249e+00,-1.986043296080346110e+01,-7.509350687169118999e+01,5.165068783515717143e+01,-1.025004153651972771e+01
5.040000000000000036e+00,-1.985799549793853203e+01,-7.614664351462525360e+01,5.145645308305220311e+01,-1.026267210107688221e+01
5.049999999999999822e+00,-1.985641688804339466e+01,-7.721000465778813293e+01,5.126078868260353261e+01,-1.027058267158694171e+01
5.059999999999999609e+00,-1.985573502279718383e+01,-7.828310291872824678e+01,5.106393223508540302e+01,-1.027366684221623672e+01
5.070000000000000284e+00,-1.985598427603843419e+01,-7.936544555667340717e+01,5.086612648815660265e+01,-1.027183522393301551e+01
5.080000000000000071e+00,-1.985719560579611098e+01,-8.045653525413256091e+01,5.066761805842574518e+01,-1.026501552723335564e+01
5.089999999999999858e+00,-1.985939665397033949e+01,-8.155587081299640317e+01,5.046865617586450981e+01,-1.025315254799511600e+01
5.099999999999999645e+00,-1.986261184278469472e+01,-8.266294777207195921e+01,5.026949145761192028e+01,-1.023620806103333614e+01
5.110000000000000320e+00,-1.986686246725385985e+01,-8.377725895295193936e+01,5.007037471800479977e+01,-1.021416062652316015e+01
5.120000000000000107e+00,-1.987216678302301531e+01,-8.489829494101665830e+01,4.987155582092479733e+01,-1.018700531494402028e+01
5.129999999999999893e+00,-1.987854008903456560e+01,-8.602554450824682419e+01,4.967328257977785455e+01,-1.015475335658597622e+01
5.139999999999999680e+00,-1.988599480456840851e+01,-8.715849498437586362e+01,4.947579970963651164e+01,-1.011743172194149665e+01
5.150000000000000355e+00,-1.989454054028253793e+01,-8.829663258273714632e+01,4.927934783529209994e+01,-1.007508263949075733e+01
5.160000000000000142e+00,-1.990418416295220183e+01,-8.943944268699763711e+01,4.908416255819086160e+01,-1.002776305747785024e+01
5.169999999999999929e+00,-1.991492985367036184e+01,-9.058641010479362876e+01,4.889047358448100056e+01,-9.975544056276161697e+00
5.179999999999999716e+00,-1.992677915933021993e+01,-9.173701929410970024e+01,4.869850391568483872e+01,-9.918510217859425993e+00
5.190000000000000391e+00,-1.993973103726126439e+01,-9.289075456809338505e+01,4.850846910283605240e+01,-9.856758958740991616e+00
5.200000000000000178e+00,-1.995378189293860771e+01,-9.404710028384039333e+01,4.832057656430054493e+01,-9.790399832522407308e+00
5.209999999999999964e+00,-1.996892561072727190e+01,-9.520554102056017598e+01,4.813502496692819221e+01,-9.719553807916865296e+00
5.219999999999999751e+00,-1.998515357766393308e+01,-9.636556175240859545e+01,4.795200366967215899e+01,-9.644352527788695895e+00
5.230000000000000426e+00,-2.000245470031650541e+01,-9.752664802118414400e+01,4.777169222835937745e+01,-9.564937554387855201e+00
5.240000000000000213e+00,-2.002081541479834215e+01,-9.868828611399327144e+01,4.759425995990729064e+01,-9.481459605567813753e+00
5.250000000000000000e+00,-2.004021969005115977e+01,-9.984996325093658243e+01,4.741986556395234231e+01,-9.394077786362068139e+00
5.259999999999999787e+00,-2.006064902454651744e+01,-1.010111677878137044e+02,4.724865679958901410e+01,-9.302958819870909224e+00
5.269999999999999574e+00,-2.008208243659503367e+01,-1.021713894388159929e+02,4.708077021470995760e+01,-9.208276280978957118e+00
5.280000000000000249e+00,-2.010449644849175144e+01,-1.033301195241556343e+02,4.691633092528599036e+01,-9.110209835996252892e+00
5.290000000000000036e+00,-2.012786506476972903e+01,-1.044868512475753022e+02,4.675545244182634974e+01,-9.008944490894370105e+00
5.299999999999999822e+00,-2.015215974487950490e+01,-1.056410800086730006e+02,4.659823654021212036e+01,-8.904669850402520126e+00
5.309999999999999609e+00,-2.017734937066406076e+01,-1.067923037549872021e+02,4.644477317409282335e+01,-8.797579389837318686e+00
5.320000000000000284e+00,-2.020340020905258172e+01,-1.079400233787784344e+02,4.629514042607565472e+01,-8.687869741174473859e+00
5.330000000000000071e+00,-2.023027587045854148e+01,-1.090837431634426054e+02,4.614940449501321496e+01,-8.575739994526287546e+00
5.339999999999999858e+00,-2.025793726343341916e+01,-1.102229712844670502e+02,4.600761971680443452e+01,-8.461391015875772581e+00
5.349999999999999645e+00,-2.028634254620089195e+01,-1.113572203697951721e+02,4.586982861626128738e+01,-8.345024781633604505e+00
5.360000000000000320e+00,-2.031544707577504028e+01,-1.124860081244062258e+02,4.573606198775255649e+01,-8.226843730331369287e+00
5.370000000000000107e+00,-2.034520335545407477e+01,-1.136088580237974242e+02,4.560633900251797712e+01,-8.107050131544291105e+00
5.379999999999999893e+00,-2.037556098157294215e+01,-1.147253000809072319e+02,4.548066734073925232e+01,-7.985845471950412389e+00
5.389999999999999680e+00,-2.040646659049940226e+01,-1.158348716908133866e+02,4.535904334665929838e+01,-7.863429858278253803e+00
5.400000000000000355e+00,-2.043786380696442961e+01,-1.169371185572436929e+02,4.524145220525536359e+01,-7.740001436775735932e+00
5.410000000000000142e+00,-2.046969319493051032e+01,-1.180315957045929167e+02,4.512786813918466322e+01,-7.615755828743516531e+00
5.419999999999999929e+00,-2.050189221231873660e+01,-1.191178685786731393e+02,4.501825462493784613e+01,-7.490885581620167599e+00
5.429999999999999716e+00,-2.053439517103742062e+01,-1.201955142388675171e+02,4.491256462734644117e+01,-7.365579635079750886e+00
5.440000000000000391e+00,-2.056713320387786581e+01,-1.212641226436764299e+02,4.481074085179491817e+01,-7.240022801605277003e+00
5.450000000000000178e+00,-2.060003423996752403e+01,-1.223232980308219595e+02,4.471271601368436421e+01,-7.114395261032389506e+00
5.459999999999999964e+00,-2.063302299059113665e+01,-1.233726603921272726e+02,4.461841312487582201e+01,-6.988872068612984378e+00
5.469999999999999751e+00,-2.066602094730762218e+01,-1.244118470422512246e+02,4.452774579701212332e+01,-6.863622676229813813e+00
5.480000000000000426e+00,-2.069894639439691630e+01,-1.254405142790884184e+02,4.444061856176585223e+01,-6.738810466494014051e+00
5.490000000000000213e+00,-2.073171443776594103e+01,-1.264583391321643546e+02,4.435692720819593404e+01,-6.614592299580666079e+00
5.500000000000000000e+00,-2.076423705251919927e+01,-1.274650211937275230e+02,4.427655913750452754e+01,-6.491118072795857508e+00
5.509999999999999787e+00,-2.079642315145392928e+01,-1.284602845254105716e+02,4.419939373557588169e+01,-6.368530293023381361e+00
5.519999999999999574e+00,-2.082817867676585522e+01,-1.294438796313336297e+02,4.412530276374368299e+01,-6.246963662365961234e+00
5.530000000000000249e+00,-2.085940671724254969e+01,-1.304155854863707305e+02,4.405415076827118526e+01,-6.126544677471758682e+00
5.540000000000000036e+00,-2.089000765317305053e+01,-1.313752116059849300e+02,4.398579550904253921e+01,-6.007391243220244981e+00
5.549999999999999822e+00,-2.091987933110621256e+01,-1.323226001416185511e+02,4.392008840794806446e+01,-5.889612301628029734e+00
5.559999999999999609e+00,-2.094891727044083041e+01,-1.332576279831159525e+02,4.385687501740352445e+01,-5.773307477022317613e+00
5.570000000000000284e+00,-2.097701490362327092e+01,-1.341802088471031311e+02,4.379599550937352603e+01,-5.658566738714894129e+00
5.580000000000000071e+00,-2.100406385145426569e+01,-1.350902953277281142e+02,4.373728518516843877e+01,-5.545470082587283578e+00
5.589999999999999858e+00,-2.102995423466670033e+01,-1.359878808837083568e+02,4.368057500615887534e+01,-5.434087233167677944e+00
5.599999999999999645e+00,-2.105457502252178159e+01,-1.368730017333459443e+02,4.362569214539653473e+01,-5.324477367936549577e+00
5.610000000000000320e+00,-2.107781441868701933e+01,-1.377457386271273947e+02,4.357246055995062761e+01,-5.216688865736768044e+00
5.620000000000000107e+00,-2.109956028410069351e+01,-1.386062184657994862e+02,4.352070158356443130e+01,-5.110759081286302852e+00
5.629999999999999893e+00,-2.111970059590390747e+01,-1.394546157305434519e+02,4.347023453900940382e+01,-5.006714147886381916e+00
5.639999999999999680e+00,-2.113812394083332435e+01,-1.402911536911070129e+02,4.342087736926648489e+01,-4.904568810490508746e+00
5.650000000000000355e+00,-2.115472004073117063e+01,-1.411161053576338418e+02,4.337244728640051505e+01,-4.804326291339449995e+00
5.660000000000000142e+00,-2.116938030705042806e+01,-1.419297941425188583e+02,4.332476143671382829e+01,-4.705978190377800630e+00
5.669999999999999929e+00,-2.118199842043630454e+01,-1.427325942000108796e+02,4.327763758047749576e+01,-4.609504422640616106e+00
5.679999999999999716e+00,-2.119247093066194054e+01,-1.435249304135443538e+02,4.323089478424190446e+01,-4.514873194736721551e+00
5.690000000000000391e+00,-2.120069787141591178e+01,-1.443072780039298948e+02,4.318435412343313828e+01,-4.422041022454648029e+00
5.700000000000000178e+00,-2.120658338370205342e+01,-1.450801617356282804e+02,4.313783939264641987e+01,-4.330952791375979771e+00
5.709999999999999964e+00,-2.121003634094708445e+01,-1.458441547033053780e+02,4.309117782076366154e+01,-4.241541862201328783e+00
5.719999999999999751e+00,-2.121097096834454021e+01,-1.465998766867155894e+02,4.304420078774965219e+01,-4.153730222272826289e+00
5.730000000000000426e+00,-2.120930744852017469e+01,-1.473479920685572324e+02,4.299674453972819066e+01,-4.067428684519371451e+00
5.740000000000000213e+00,-2.120497250531179745e+01,-1.480892073171921197e+02,4.294865089871181851e+01,-3.982537134753013408e+00
5.750000000000000000e+00,-2.119789995733269450e+01,-1.488242680438440573e+02,4.289976796315857399e+01,-3.898944827913986444e+00
5.759999999999999787e+00,-2.118803123305359293e+01,-1.495539556518864117e+02,4.284995079536649598e+01,-3.816530733499011951e+00
5.769999999999999574e+00,-2.117531583940052897e+01,-1.502790836038991245e+02,4.279906209159055663e+01,-3.735163930015811928e+00
5.780000000000000249e+00,-2.115971177633385025e+01,-1.510004933400507241e+02,4.274697283068710618e+01,-3.654704047893068797e+00
5.790000000000000036e+00,-2.114118589054049480e+01,-1.517190498888190291e+02,4.269356289705686436e+01,-3.575001759842100668e+00
5.799999999999999822e+00,-2.111971416222899478e+01,-1.524356372178278605e+02,4.263872167367600952e+01,-3.495899317223465363e+00
5.809999999999999609e+00,-2.109528192004533764e+01,-1.531511533784468213e+02,4.258234860107469899e+01,-3.417231130520901328e+00
5.820000000000000284e+00,-2.106788398030172615e+01,-1.538665055025374784e+02,4.252435369824753764e+01,-3.338824391577255746e+00
5.830000000000000071e+00,-2.103752470799840424e+01,-1.545826047131711789e+02,4.246465804166069802e+01,-3.260499734807467132e+00
5.839999999999999858e+00,-2.100421799848277260e+01,-1.553003610131701748e+02,4.240319419875436324e+01,-3.182071934179149242e+00
5.849999999999999645e+00,-2.096798717998939310e+01,-1.560206782158504666e+02,4.233990661262586030e+01,-3.103350632350458937e+00
5.860000000000000320e+00,-2.092886483869797942e+01,-1.567444489813473183e+02,4.227475193491632410e+01,-3.024141097984205384e+00
5.870000000000000107e+00,-2.088689256929026072e+01,-1.574725500194343795e+02,4.220769930430699191e+01,-2.944245006923336128e+00
5.879999999999999893e+00,-2.084212065524304691e+01,-1.582058375158873957e+02,4.213873056845691423e+01,-2.863461242621653025e+00
5.889999999999999680e+00,-2.079460768422565309e+01,-1.589451428343387533e+02,4.206784044767513819e+01,-2.781586710982041577e+00
5.900000000000000355e+00,-2.074442010494733779e+01,-1.596912685394036941e+02,4.199503663911263374e+01,-2.698417164566154547e+00
5.910000000000000142e+00,-2.069163173259946475e+01,-1.604449847798558721e+02,4.192033986077387198e+01,-2.613748031008425787e+00
5.919999999999999929e+00,-2.063632321064183017e+01,-1.612070260630245002e+02,4.184378383517785238e+01,-2.527375240396963818e+00
5.929999999999999716e+00,-2.057858143708514120e+01,-1.619780884436258646e+02,4.176541521303597193e+01,-2.439096046376053373e+00
5.940000000000000391e+00,-2.051849896362276127e+01,-1.627588271421801664e+02,4.168529343785196062e+01,-2.348709835779614785e+00
5.950000000000000178e+00,-2.045617337596758745e+01,-1.635498546002349372e+02,4.160349055287613851e+01,-2.256018921722681814e+00
5.959999999999999964e+00,-2.039170666357220796e+01,-1.643517389720341839e+02,4.152009095235826663e+01,-2.160829315255602623e+00
5.969999999999999751e+00,-2.032520458656770757e+01,-1.651650030452135525e+02,4.143519107953039082e+01,-2.062951470922995245e+00
5.980000000000000426e+00,-2.025677604727091818e+01,-1.659901235767387107e+02,4.134889907420511435e+01,-1.962201001859048111e+00
5.990000000000000213e+00,-2.018653247301025999e+01,-1.668275310247233278e+02,4.126133437329275466e+01,-1.858399360391904009e+00
6.000000000000000000e+00,-2.011458721632859792e+01,-1.676776096520690089e+02,4.117262726791272343e+01,-1.751374480513135046e+00
6.009999999999999787e+00,-2.004105497786821033e+01,-1.685406979740758686e+02,4.108291842109816372e+01,-1.640961378990968056e+00
6.019999999999999574e+00,-1.996605125645355727e+01,-1.694170895193051081e+02,4.099235835036475351e+01,-1.527002712358004777e+00
6.030000000000000249e+00,-1.988969183008321551e+01,-1.703070338710043359e+02,4.090110687962805969e+01,-1.409349287479919166e+00
6.040000000000000036e+00,-1.981209227075007462e+01,-1.712107379552641930e+02,4.080933256511289642e+01,-1.287860523905019150e+00
6.049999999999999822e+00,-1.973336749524148459e+01,-1.721283675417311656e+02,4.071721209999611801e+01,-1.162404866693664607e+00
6.059999999999999609e+00,-1.965363135334960276e+01,-1.730600489230215544e+02,4.062492970256673175e+01,-1.032860148929946709e+00
6.070000000000000284e+00,-1.957299625425258682e+01,-1.740058707399190325e+02,4.053267649267014860e+01,-8.991139036128293904e-01
6.080000000000000071e+00,-1.949157283122586293e+01,-1.749658859208640251e+02,4.044064986113568239e+01,-7.610636251069406999e-01
6.089999999999999858e+00,-1.940946964430569111e+01,-1.759401137060628457e+02,4.034905283676276611e+01,-6.186169807979763346e-01
6.099999999999999645e+00,-1.932679292006734784e+01,-1.769285417286817221e+02,4.025809345527463989e+01,-4.716919740357959911e-01
6.110000000000000320e+00,-1.924364632728994806e+01,-1.779311281279256889e+02,4.016798413443547133e+01,-3.202170598588568451e-01
6.120000000000000107e+00,-1.916013078696131444e+01,-1.789478036712843050e+02,4.007894105927676520e+01,-1.641312153685050290e-01
6.129999999999999893e+00,-1.907634431482601656e+01,-1.799784738657508854e+02,3.999118358109637938e+01,-3.383966961418312987e-03
6.139999999999999680e+00,-1.899238189449174286e+01,1.789769789596406326e+02,3.990493363358301337e+01,1.620646230733326365e-01
6.150000000000000355e+00,-1.890833537897837857e+01,1.779186936151468217e+02,3.982041516908633128e+01,3.322440078279193520e-01
6.160000000000000142e+00,-1.882429341851624827e+01,1.768468280683220542e+02,3.973785361770534053e+01,5.071732419401667746e-01
6.169999999999999929e+00,-1.874034141236514373e+01,1.757615575292611538e+02,3.965747537150723900e+01,6.868610994959467586e-01
6.179999999999999716e+00,-1.865656148243161994e+01,1.746630726115510583e+02,3.957950729582486815e+01,8.713062203851980048e-01
6.190000000000000391e+00,-1.857303246649903627e+01,1.735515775754741128e+02,3.950417626921473868e+01,1.060497281737909914e+00
6.200000000000000178e+00,-1.848982992894939414e+01,1.724272886582729711e+02,3.943170875329587233e+01,1.254413191014047024e+00
6.209999999999999964e+00,-1.840702618694122350e+01,1.712904324947215287e+02,3.936233039333563966e+01,1.453023297307961315e+00
6.219999999999999751e+00,-1.832469035010937475e+01,1.701412446298703287e+02,3.929626565010591577e+01,1.656287617447659510e+00
6.230000000000000426e+00,-1.824288837196624868e+01,1.689799681246389866e+02,3.923373746320527289e+01,1.864157073519901564e+00
6.240000000000000213e+00,-1.816168311130456559e+01,1.678068522538881098e+02,3.917496694573091531e+01,2.076573738533364466e+00
6.250000000000000000e+00,-1.808113440202851052e+01,1.666221512957378081e+02,3.912017310989343599e+01,2.293471087035353850e+00
6.259999999999999787e+00,-1.800129912996603565e+01,1.654261234101658147e+02,3.906957262289461852e+01,2.514774247625900738e+00
6.269999999999999574e+00,-1.792223131534306901e+01,1.642190296043345938e+02,3.902337959214023755e+01,2.740400254456619056e+00
6.280000000000000249e+00,-1.784398219972314337e+01,1.630011327816154107e+02,3.898180537863152040e+01,2.970258294964142287e+00
6.290000000000000036e+00,-1.776660033633673663e+01,1.617726968709235962e+02,3.894505843717480076e+01,3.204249951259507068e+00
6.299999999999999822e+00,-1.769013168283791160e+01,1.605339860327081567e+02,3.891334418186527699e+01,3.442269432777733229e+00
6.309999999999999609e+00,-1.761461969563535490e+01,1.592852639377542801e+02,3.888686487514115697e+01,3.684203797981182582e+00
6.320000000000000284e+00,-1.754010542504569159e+01,1.580267931148523246e+02,3.886581953856327942e+01,3.929933163102305560e+00
6.330000000000000071e+00,-1.746662761061149993e+01,1.567588343633295267e+02,3.885040388335567485e+01,4.179330896108341520e+00
6.339999999999999858e+00,-1.739422277601413924e+01,1.554816462264502661e+02,3.884081025864054482e+01,4.432263794264293288e+00
6.349999999999999645e+00,-1.732292532309155320e+01,1.541954845217325101e+02,3.883722761521712386e+01,4.688592243865409515e+00
6.360000000000000320e+00,-1.725276762454356927e+01,1.529006019243091146e+02,3.883984148266387848e+01,4.948170360901353426e+00
6.370000000000000107e+00,-1.718378011497426527e+01,1.515972475995752120e+02,3.884883395748943258e+01,5.210846111600707431e+00
6.379999999999999893e+00,-1.711599137998003073e+01,1.502856668814870034e+02,3.886438370001481957e+01,5.476461411988298167e+00
6.389999999999999680e+00,-1.704942824304516336e+01,1.489661009930328248e+02,3.888666593763723256e+01,5.744852205763902653e+00
6.400000000000000355e+00,-1.698411585005478486e+01,1.476387868055499553e+02,3.891585247210362297e+01,6.015848519984015041e+00
6.410000000000000142e+00,-1.692007775127640912e+01,1.463039566337308770e+02,3.895211168840694427e+01,6.289274498194540541e+00
6.419999999999999929e+00,-1.685733598069887762e+01,1.449618380633367281e+02,3.899560856290928967e+01,6.564948410823514990e+00
6.429999999999999716e+00,-1.679591113264912039e+01,1.436126538088012126e+02,3.904650466829243527e+01,6.842682642801320547e+00
6.440000000000000391e+00,-1.673582243563640759e+01,1.422566215980922379e+02,3.910495817293666931e+01,7.122283658526049166e+00
6.450000000000000178e+00,-1.667708782339619233e+01,1.408939540823578795e+02,3.917112383233054373e+01,7.403551944444307864e+00
6.459999999999999964e+00,-1.661972400312857445e+01,1.395248587680591754e+02,3.924515297012034409e+01,7.686281929661818779e+00
6.469999999999999751e+00,-1.656374652094196165e+01,1.381495379694449639e+02,3.932719344641266446e+01,7.970261885146823211e+00
6.480000000000000426e+00,-1.650916982452876525e+01,1.367681887793860938e+02,3.941738961095088456e+01,8.255273802232963476e+00
6.490000000000000213e+00,-1.645600732311164904e+01,1.353810030567302647e+02,3.951588223879329576e+01,8.541093251276521414e+00
6.500000000000000000e+00,-1.640427144470875120e+01,1.339881674284808355e+02,3.962280844612772768e+01,8.827489221472360370e+00
6.509999999999999787e+00,-1.635397369077519514e+01,1.325898633052401578e+02,3.973830158386599010e+01,9.114223942985359983e+00
6.519999999999999574e+00,-1.630512468828341355e+01,1.311862669084754600e+02,3.986249110666980755e+01,9.401052692715245129e+00
6.530000000000000249e+00,-1.625773423931114081e+01,1.297775493082969831e+02,3.999550241507038351e+01,9.687723585175286090e+00
6.540000000000000036e+00,-1.621181136820813862e+01,1.283638764705346773e+02,4.013745666835642822e+01,9.973977350142920528e+00
6.549999999999999822e+00,-1.616736436641623342e+01,1.269454093120151725e+02,4.028847056592145748e+01,1.025954709892120320e+01
6.559999999999999609e+00,-1.612440083501826393e+01,1.255223037630303367e+02,4.044865609478213742e+01,1.054415808124661247e+01
6.570000000000000284e+00,-1.608292772509197377e+01,1.240947108360802673e+02,4.061812024100676410e+01,1.082752743508585347e+01
6.580000000000000071e+00,-1.604295137594564835e+01,1.226627767000581883e+02,4.079696466282921818e+01,1.110936393178424808e+01
6.589999999999999858e+00,-1.600447755131074246e+01,1.212266427591173823e+02,4.098528532327007667e+01,1.138936771926541702e+01
6.599999999999999645e+00,-1.596751147356620670e+01,1.197864457355367449e+02,4.118317208014617847e+01,1.166723006623153758e+01
6.610000000000000320e+00,-1.593205785606752478e+01,1.183423177559586605e+02,4.139070823142721167e+01,1.194263311058221255e+01
6.620000000000000107e+00,-1.589812093365167200e+01,1.168943864404422897e+02,4.160797001399160422e+01,1.221524961555219413e+01
6.629999999999999893e+00,-1.586570449138684680e+01,1.154427749938215300e+02,4.183502605395356966e+01,1.248474273737019935e+01
6.639999999999999680e+00,-1.583481189163405034e+01,1.139876022989099909e+02,4.207193676687823114e+01,1.275076580855699504e+01
6.650000000000000355e+00,-1.580544609948440993e+01,1.125289830111456695e+02,4.231875370637578015e+01,1.301296214131291507e+01
6.660000000000000142e+00,-1.577760970663405971e+01,1.110670276542994372e+02,4.257551885977908057e+01,1.327096485579304463e+01
6.669999999999999929e+00,-1.575130495375558581e+01,1.096018427169222491e+02,4.284226388985740641e+01,1.352439673842540024e+01
6.679999999999999716e+00,-1.572653375142235532e+01,1.081335307492274751e+02,4.311900932181682577e+01,1.377287013579835140e+01
6.690000000000000391e+00,-1.570329769963910138e+01,1.066621904601477127e+02,4.340576367518076495e+01,1.401598689001805020e+01
6.700000000000000178e+00,-1.568159810602993787e+01,1.051879168143267549e+02,4.370252254054626206e+01,1.425333832181527427e+01
6.709999999999999964e+00,-1.566143600273146141e+01,1.037108011288325571e+02,4.400926760167094898e+01,1.448450526805813077e+01
6.719999999999999751e+00,-1.564281216203692537e+01,1.022309311694095157e+02,4.432596560387035822e+01,1.470905818069205218e+01
6.730000000000000426e+00,-1.562572711083408272e+01,1.007483912460943571e+02,4.465256727030278228e+01,1.492655729448350854e+01
6.740000000000000213e+00,-1.561018114387683831e+01,9.926326230805688056e+01,4.498900616838499644e+01,1.513655287126919191e+01
6.750000000000000000e+00,-1.559617433592903168e+01,9.777562203752472669e+01,4.533519752933524671e+01,1.533858552870854375e+01
6.759999999999999787e+00,-1.558370655281520101e+01,9.628554494268580299e+01,4.569103702466439643e+01,1.553218666178642948e+01
6.769999999999999574e+00,-1.557277746141192054e+01,9.479310244946114494e+01,4.605639950435405439e+01,1.571687896550648667e+01
6.780000000000000249e+00,-1.556338653861000232e+01,9.329836299206000660e+01,4.643113770245648197e+01,1.589217706733940361e+01
6.790000000000000036e+00,-1.555553307927674922e+01,9.180139210224224655e+01,4.681508091693389417e+01,1.605758827802642230e+01
6.799999999999999822e+00,-1.554921620324425824e+01,9.030225249721584646e+01,4.720803367172000264e+01,1.621261346927769509e+01
6.809999999999999609e+00,-1.554443486134892360e+01,8.880100416611672642e+01,4.760977437022619085e+01,1.635674808671992864e+01
6.820000000000000284e+00,-1.554118784054404045e+01,8.729770445501497989e+01,4.802005395082780836e+01,1.648948330613297841e+01
6.830000000000000071e+00,-1.553947376810690884e+01,8.579240815040965629e+01,4.843859455623529442e+01,1.661030734053726832e+01
6.839999999999999858e+00,-1.553929111495899740e+01,8.428516756117348052e+01,4.886508823007322633e+01,1.671870690504833590e+01
6.849999999999999645e+00,-1.554063819811664615e+01,8.277603259891668586e+01,4.929919565543743687e+01,1.681416884557110336e+01
6.860000000000000320e+00,-1.554351318228794909e+01,8.126505085675042039e+01,4.974054495165341194e+01,1.689618193635296350e+01
6.870000000000000107e+00,-1.554791408062975933e+01,7.975226768642316699e+01,5.018873054690163826e+01,1.696423885013308208e+01
6.879999999999999893e+00,-1.555383875467770061e+01,7.823772627382327016e+01,5.064331214576380802e+01,1.701783830309740608e+01
6.889999999999999680e+00,-1.556128491346026976e+01,7.672146771283092903e+01,5.110381381206069307e+01,1.705648737506835033e+01
6.900000000000000355e+00,-1.557025011180687812e+01,7.520353107751635946e+01,5.156972318854450776e+01,1.707970400331113581e+01
6.910000000000000142e+00,-1.558073174785842774e+01,7.368395349268277528e+01,5.204049087604346369e+01,1.708701964602516910e+01
6.919999999999999929e+00,-1.559272705978789020e+01,7.216277020275026644e+01,5.251552999548595579e+01,1.707798210900955738e+01
6.929999999999999716e+00,-1.560623312173679622e+01,7.064001463899080591e+01,5.299421595680067298e+01,1.705215852615721772e+01
6.940000000000000391e+00,-1.562124683897316579e+01,6.911571848511574956e+01,5.347588645895742587e+01,1.700913848135643391e+01
6.950000000000000178e+00,-1.563776494227438008e+01,6.758991174123310941e+01,5.395984174531491817e+01,1.694853725609321771e+01
6.959999999999999964e+00,-1.565578398153853534e+01,6.606262278618086725e+01,5.444534513793864505e+01,1.686999918358169381e+01
6.969999999999999751e+00,-1.567530031862596474e+01,6.453387843825983339e+01,5.493162387357816812e+01,1.677320108665644938e+01
6.980000000000000426e+00,-1.569631011943231336e+01,6.300370401438128454e+01,5.541787026251740400e+01,1.665785577299121911e+01
6.990000000000000213e+00,-1.571880934519363215e+01,6.147212338765361750e+01,5.590324318948061944e+01,1.652371555753550680e+01
7.000000000000000000e+00,-1.574279374302270007e+01,5.993915904343560896e+01,5.638686997316563065e+01,1.637057577846245948e+01
7.009999999999999787e+00,-1.576825883567599895e+01,5.840483213388156258e+01,5.686784859776204115e+01,1.619827826948423422e+01
7.019999999999999574e+00,-1.579519991054883832e+01,5.686916253101584573e+01,5.734525032598237715e+01,1.600671474821979245e+01
7.030000000000000249e+00,-1.582361200789685718e+01,5.533216887836710640e+01,5.781812269870491861e+01,1.579583007749011259e+01
7.040000000000000036e+00,-1.585348990828045501e+01,5.379386864120688472e+01,5.828549292131164350e+01,1.556562535408724912e+01
7.049999999999999822e+00,-1.588482811922889226e+01,5.225427815543142174e+01,5.874637163126078576e+01,1.531616077781841412e+01
7.059999999999999609e+00,-1.591762086112015417e+01,5.071341267513513884e+01,5.919975703541584977e+01,1.504755825257942980e+01
7.070000000000000284e+00,-1.595186205227229337e+01,4.917128641892744412e+01,5.964463939925589386e+01,1.476000367096441401e+01
7.080000000000000071e+00,-1.598754529324187423e+01,4.762791261504420248e+01,6.008000586342417648e+01,1.445374883456166337e+01
7.089999999999999858e+00,-1.602466385032446183e+01,4.608330354531882733e+01,6.050484555625901351e+01,1.412911296370191394e+01
7.099999999999999645e+00,-1.606321063825291517e+01,4.453747058806881398e+01,6.091815496415063080e+01,1.378648375306314833e+01
7.110000000000000320e+00,-1.610317820208824813e+01,4.299042425997354400e+01,6.131894351493245665e+01,1.342631793324320277e+01
7.120000000000000107e+00,-1.614455869829847501e+01,4.144217425701135937e+01,6.170623932323616856e+01,1.304914130317933818e+01
7.129999999999999893e+00,-1.618734387502107808e+01,3.989272949453449257e+01,6.207909504098692821e+01,1.265554820410682701e+01
7.139999999999999680e+00,-1.623152505150481062e+01,3.834209814656838233e+01,6.243659375117982080e+01,1.224620041254531699e+01
7.150000000000000355e+00,-1.627709309672732729e+01,3.679028768441837371e+01,6.277785483893988072e+01,1.182182543748373504e+01
7.160000000000000142e+00,-1.632403840718544785e+01,3.523730491468265313e+01,6.310203977078395354e+01,1.138321421538207900e+01
7.169999999999999929e+00,-1.637235088385597592e+01,3.368315601676992088e+01,6.340835771112755026e+01,1.093121820565180791e+01
7.179999999999999716e+00,-1.642201990832578318e+01,3.212784658002330929e+01,6.369607090452776532e+01,1.046674589873030392e+01
7.190000000000000391e+00,-1.647303431809075747e+01,3.057138164056923202e+01,6.396449975300694746e+01,9.990758758516850691e+00
7.200000000000000178e+00,-1.652538238102550139e+01,2.901376571800009074e+01,6.421302752011689563e+01,9.504266630543231287e+00
7.209999999999999964e+00,-1.657905176902594491e+01,2.745500285202240320e+01,6.444110459717393269e+01,9.008322656586551958e+00
7.219999999999999751e+00,-1.663402953083003766e+01,2.589509663919218951e+01,6.464825227229150073e+01,8.504017745227750780e+00
7.230000000000000426e+00,-1.669030206402319294e+01,2.433405026987907149e+01,6.483406594936309375e+01,7.992474655898140767e+00
7.240000000000000213e+00,-1.674785508623762098e+01,2.277186656559805300e+01,6.499821777188567751e+01,7.474841760999799689e+00
7.250000000000000000e+00,-1.680667360555774081e+01,2.120854801685469937e+01,6.514045861528320813e+01,6.952286556543179508e+00
7.259999999999999787e+00,-1.686674189014645009e+01,1.964409682166167315e+01,6.526061942099157420e+01,6.425988996252876895e+00
7.269999999999999574e+00,-1.692804343711076598e+01,1.807851492487936440e+01,6.535861185576638377e+01,5.897134727114299757e+00
7.280000000000000249e+00,-1.699056094062906652e+01,1.651180405855115296e+01,6.543442829021653040e+01,5.366908305802590817e+00
7.290000000000000036e+00,-1.705427625936659553e+01,1.494396578339563320e+01,6.548814110119013776e+01,4.836486475299889953e+00
7.299999999999999822e+00,-1.711917038320990869e+01,1.337500153163330197e+01,6.551990131307569243e+01,4.307031579299405166e+00
7.309999999999999609e+00,-1.718522339935717014e+01,1.180491265132532597e+01,6.552993660307323864e+01,3.779685188763014292e+00
7.320000000000000284e+00,-1.725241445780581273e+01,1.023370045239839676e+01,6.551854870480390503e+01,3.255562010357349045e+00
7.330000000000000071e+00,-1.732072173628584366e+01,8.661366254548410026e+00,6.548611025303885924e+01,2.735744140594022156e+00
7.339999999999999858e+00,-1.739012240469378412e+01,7.087911437194991393e+00,6.543306111967025629e+01,2.221275722506599326e+00
7.349999999999999645e+00,-1.746059258908924861e+01,5.513337491682358760e+00,6.535990429716696326e+01,1.713158053842720241e+00
7.360000000000000320e+00,-1.753210733532447918e+01,3.937646075901621856e+00,6.526720139056141079e+01,1.212345187231081312e+00
7.370000000000000107e+00,-1.760464057238556634e+01,2.360839071518590959e+00,6.515556778244125269e+01,7.197400538570358774e-01
7.379999999999999893e+00,-1.767816507553308369e+01,7.829186439868027758e-01,6.502566753745813344e+01,2.361911330670206366e-01
7.389999999999999680e+00,-1.775265242934036181e+01,-7.961126944902582325e-01,6.487820811354093564e+01,-2.375103187523554538e-01
7.400000000000000355e+00,-1.782807299073753882e+01,-2.376252018875381289e+00,6.471393494637986521e+01,-7.006324754883033190e-01
7.410000000000000142e+00,-1.790439585218119589e+01,-3.957495921946593054e+00,6.453362597192418093e+01,-1.152504588658602946e+00
7.419999999999999929e+00,-1.798158880508141166e+01,-5.539840441531894477e+00,6.433808614873686338e+01,-1.592518086428303725e+00
7.429999999999999716e+00,-1.805961830363054332e+01,-7.123280984208342659e+00,6.412814203821773162e+01,-2.020127142939725395e+00
7.440000000000000391e+00,-1.813844942919139314e+01,-8.707812245354888958e+00,6.390463649610070718e+01,-2.434848742798962018e+00
7.450000000000000178e+00,-1.821804585541660515e+01,-1.029342812547312569e+01,6.366842352341716094e+01,-2.836262270843657785e+00
7.459999999999999964e+00,-1.829836981428588416e+01,-1.188012164271578008e+01,6.342036331946245298e+01,-3.224008661646551754e+00
7.469999999999999751e+00,-1.837938206326196067e+01,-1.346788484158749277e+01,6.316131757337349484e+01,-3.597789146577313080e+00
7.480000000000000426e+00,-1.846104185378369067e+01,-1.505670869782006172e+01,6.289214502486720448e+01,-3.957363638669817441e+00
7.490000000000000213e+00,-1.854330690132875858e+01,-1.664658301945511809e+01,6.261369731865823240e+01,-4.302548797059810859e+00
7.500000000000000000e+00,-1.862613335729652420e+01,-1.823749634421332289e+01,6.232681517118049896e+01,-4.633215813430473062e+00
7.509999999999999787e+00,-1.870947578297782243e+01,-1.982943583327383408e+01,6.203232486259989997e+01,-4.949287962801714791e+00
7.519999999999999574e+00,-1.879328712589504491e+01,-2.142238716163433310e+01,6.173103506181070088e+01,-5.250737960208363475e+00
7.530000000000000249e+00,-1.887751869881311251e+01,-2.301633440528441454e+01,6.142373398722418898e+01,-5.537585163427508839e+00
7.540000000000000036e+00,-1.896212016173820558e+01,-2.461125992547722063e+01,6.111118690174094326e+01,-5.809892660025567146e+00
7.549999999999999822e+00,-1.904703950723773431e+01,-2.620714425045783003e+01,6.079413393637656071e+01,-6.067764274703747240e+00
7.559999999999999609e+00,-1.913222304942940255e+01,-2.780396595507055579e+01,6.047328823360972905e+01,-6.311341530314129145e+00
7.570000000000000284e+00,-1.921761541700371367e+01,-2.940170153874542791e+01,6.014933439863393971e+01,-6.540800593087277903e+00
7.580000000000000071e+00,-1.930315955065514544e+01,-3.100032530244316931e+01,5.982292724432426922e+01,-6.756349229641866572e+00
7.589999999999999858e+00,-1.938879670531175492e+01,-3.259980922522009905e+01,5.949469081384367541e+01,-6.958223800302854478e+00
7.599999999999999645e+00,-1.947446645756076222e+01,-3.420012284116611312e+01,5.916521766339546673e+01,-7.146686310213307358e+00
7.610000000000000320e+00,-1.956010671867703010e+01,-3.580123311754990567e+01,5.883506838663547001e+01,-7.322021536730394686e+00
7.620000000000000107e+00,-1.964565375366606759e+01,-3.740310433510843069e+01,5.850477136165397951e+01,-7.484534248706956383e+00
7.629999999999999893e+00,-1.973104220673534215e+01,-3.900569797150268414e+01,5.817482270118411947e+01,-7.634546530505173401e+00
7.639999999999999680e+00,-1.981620513360745761e+01,-4.060897258906098983e+01,5.784568638674169705e+01,-7.772395221003063348e+00
7.650000000000000355e+00,-1.990107404108292855e+01,-4.221288372801846833e+01,5.751779456771546251e+01,-7.898429475457653837e+00
7.660000000000000142e+00,-1.998557893425189746e+01,-4.381738380655396270e+01,5.719154800695826424e+01,-8.013008455895835880e+00
7.669999999999999929e+00,-2.006964837174080785e+01,-4.542242202901191206e+01,5.686731665514173528e+01,-8.116499153722161353e+00
7.679999999999999716e+00,-2.015320952935968535e+01,-4.702794430376686563e+01,5.654544033699555428e+01,-8.209274346467189787e+00
7.690000000000000391e+00,-2.023618827249419994e+01,-4.863389317227259312e+01,5.622622953351192621e+01,-8.291710689045554972e+00
7.700000000000000178e+00,-2.031850923755366267e+01,-5.024020775088295920e+01,5.590996624524180447e+01,-8.364186938547659267e+00
7.709999999999999964e+00,-2.040009592275247741e+01,-5.184682368708810429e+01,5.559690492289644226e+01,-8.427082310439931945e+00
7.719999999999999751e+00,-2.048087078845865605e+01,-5.345367313183461278e+01,5.528727345258540993e+01,-8.480774963088842711e+00
7.730000000000000426e+00,-2.056075536729427000e+01,-5.506068472961872118e+01,5.498127418414036782e+01,-8.525640606738729588e+00
7.740000000000000213e+00,-2.063967038411707122e+01,-5.666778362802562441e+01,5.467908499208090944e+01,-8.562051232447879912e+00
7.750000000000000000e+00,-2.071753588594948781e+01,-5.827489150836598242e+01,5.438086035985506328e+01,-8.590373956010335377e+00
7.759999999999999787e+00,-2.079427138185292989e+01,-5.988192663900175461e+01,5.408673247902409997e+01,-8.610969971543605439e+00
7.769999999999999574e+00,-2.086979599266811647e+01,-6.148880395287252298e+01,5.379681235604898859e+01,-8.624193609194819032e+00
7.780000000000000249e+00,-2.094402861046193109e+01,-6.309543515062416930e+01,5.351119092026523560e+01,-8.630391491290550832e+00
7.790000000000000036e+00,-2.101688806743307580e+01,-6.470172883059049695e+01,5.322994012750330484e+01,-8.629901781218924484e+00
7.799999999999999822e+00,-2.108829331393585704e+01,-6.630759064672076875e+01,5.295311405461308851e+01,-8.623053519373703679e+00
7.809999999999999609e+00,-2.115816360518629580e+01,-6.791292349532405126e+01,5.268074998088993510e+01,-8.610166040591428427e+00
7.820000000000000284e+00,-2.122641869611231868e+01,-6.951762773127244088e+01,5.241286945306873690e+01,-8.591548467672401657e+00
7.830000000000000071e+00,-2.129297904371002303e+01,-7.112160141402955560e+01,5.214947933115616507e+01,-8.567499275773251100e+00
7.839999999999999858e+00,-2.135776601616260706e+01,-7.272474058357582294e+01,5.189057281290924095e+01,-8.538305922694283012e+00
7.849999999999999645e+00,-2.142070210787650097e+01,-7.432693956596911278e+01,5.163613043524453872e+01,-8.504244540341565184e+00
7.860000000000000320e+00,-2.148171115948826682e+01,-7.592809130793132510e+01,5.138612105127727858e+01,-8.465579682919647908e+00
7.870000000000000107e+00,-2.154071858179680277e+01,-7.752808773947333520e+01,5.114050278204927480e+01,-8.422564127698247916e+00
7.879999999999999893e+00,-2.159765158248445260e+01,-7.912682016319101308e+01,5.089922394230843850e+01,-8.375438724486476971e+00
7.889999999999999680e+00,-2.165243939440248511e+01,-8.072417966845330284e+01,5.066222393996059736e+01,-8.324432290241693622e+00
7.900000000000000355e+00,-2.170501350412079589e+01,-8.232005756831944154e+01,5.042943414902120480e+01,-8.269761545525843971e+00
7.910000000000000142e+00,-2.175530787937246657e+01,-8.391434585660671530e+01,5.020077875606519058e+01,-8.211631089803054451e+00
7.919999999999999929e+00,-2.180325919396986833e+01,-8.550693768215644752e+01,4.997617558030076879e+01,-8.150233412838920444e+00
7.929999999999999716e+00,-2.184880704872476187e+01,-8.709772783697748366e+01,4.975553686748874327e+01,-8.085748939718168771e+00
7.940000000000000391e+00,-2.189189418687827882e+01,-8.868661325459906664e+01,4.953877005799472499e+01,-8.018346107234888720e+00
7.950000000000000178e+00,-2.193246670253455122e+01,-9.027349351467726990e+01,4.932577852929752282e+01,-7.948181469630857698e+00
7.959999999999999964e+00,-2.197047424059549314e+01,-9.185827134962489993e+01,4.911646231329358869e+01,-7.875399831861210842e+00
7.969999999999999751e+00,-2.200587018671761186e+01,-9.344085314884199533e+01,4.891071878873024303e+01,-7.800134408748256476e+00
7.980000000000000426e+00,-2.203861184585154476e+01,-9.502114945596072459e+01,4.870844334908040452e+01,-7.722507008547968788e+00
7.990000000000000213e+00,-2.206866060798173024e+01,-9.659907545444691834e+01,4.850953004613413100e+01,-7.642628239596684914e+00
8.000000000000000000e+00,-2.209598209976125105e+01,-9.817455143687264751e+01,4.831387220953831729e+01,-7.560597738826714931e+00
8.009999999999999787e+00,-2.212054632082826799e+01,-9.974750325323414302e+01,4.812136304246139673e+01,-7.476504421042743154e+00
8.019999999999999574e+00,-2.214232776369991029e+01,-1.013178627338185009e+02,4.793189619350140163e+01,-7.390426747933136475e+00
8.029999999999999361e+00,-2.216130551626380907e+01,-1.028855680823157144e+02,4.774536630489585320e+01,-7.302433015854428611e+00
8.039999999999999147e+00,-2.217746334602411196e+01,-1.044505642351543884e+02,4.756166953702923905e+01,-7.212581661473271843e+00
8.050000000000000711e+00,-2.219078976540934889e+01,-1.060128031833694564e+02,4.738070406917631061e+01,-7.120921584378920421e+00
8.060000000000000497e+00,-2.220127807760635363e+01,-1.075722442537210526e+02,4.720237057636241218e+01,-7.027492485793686683e+00
8.070000000000000284e+00,-2.220892640255243933e+01,-1.091288543462343910e+02,4.702657268217364361e+01,-6.932325222507445872e+00
8.080000000000000071e+00,-2.221373768288697192e+01,-1.106826081258420089e+02,4.685321738730576868e+01,-6.835442175149786692e+00
8.089999999999999858e+00,-2.221571966983937685e+01,-1.122334881663530552e+02,4.668221547360725765e+01,-6.736857629887611054e+00
8.099999999999999645e+00,-2.221488488920108395e+01,-1.137814850455436613e+02,4.651348188334662126e+01,-6.636578172604128412e+00
8.109999999999999432e+00,-2.221125058770187266e+01,-1.153265973907556230e+02,4.634693607342013877e+01,-6.534603094571918902e+00
8.119999999999999218e+00,-2.220483866027546327e+01,-1.168688318749879613e+02,4.618250234421221023e+01,-6.430924808586136798e+00
8.130000000000000782e+00,-2.219567555885740262e+01,-1.184082031640540293e+02,4.602011014282920343e+01,-6.325529274472455832e+00
8.140000000000000568e+00,-2.218379218350756332e+01,-1.199447338159483394e+02,4.585969434044805126e+01,-6.218396432830496146e+00
8.150000000000000355e+00,-2.216922375678505830e+01,-1.214784541341249593e+02,4.570119548355101102e+01,-6.109500645819458953e+00
8.160000000000000142e+00,-2.215200968242892543e+01,-1.230094019768891798e+02,4.554456001886319427e+01,-5.998811143739626317e+00
8.169999999999999929e+00,-2.213219338950517923e+01,-1.245376225255742497e+02,4.538974049186250426e+01,-5.886292476114238781e+00
8.179999999999999716e+00,-2.210982216327561289e+01,-1.260631680145937423e+02,4.523669571879678131e+01,-5.771904965929853581e+00
8.189999999999999503e+00,-2.208494696411889180e+01,-1.275860974268029224e+02,4.508539093221809679e+01,-5.655605165655898325e+00
8.199999999999999289e+00,-2.205762223589532667e+01,-1.291064761579098388e+02,4.493579790012643826e+01,-5.537346313630620465e+00
8.210000000000000853e+00,-2.202790570518798319e+01,-1.306243756538894445e+02,4.478789501890700109e+01,-5.417078789379337067e+00
8.220000000000000639e+00,-2.199585817287852763e+01,-1.321398730255280896e+02,4.464166738034148096e+01,-5.294750566416148274e+00
8.230000000000000426e+00,-2.196154329952437223e+01,-1.336530506443063189e+02,4.449710681307708882e+01,-5.170307661078865635e+00
8.240000000000000213e+00,-2.192502738599599610e+01,-1.351639957238714942e+02,4.435421189904140249e+01,-5.043694575954133619e+00
8.250000000000000000e+00,-2.188637915081056207e+01,-1.366727998913065960e+02,4.421298796540005327e+01,-4.914854736471109931e+00
8.259999999999999787e+00,-2.184566950556131459e+01,-1.381795587523219240e+02,4.407344705276153718e+01,-4.783730919273181392e+00
8.269999999999999574e+00,-2.180297132979264774e+01,-1.396843714543494741e+02,4.393560786044100297e+01,-4.650265671021894143e+00
8.279999999999999361e+00,-2.175835924660936982e+01,-1.411873402513370479e+02,4.379949566969832375e+01,-4.514401716342908877e+00
8.289999999999999147e+00,-2.171190940023861771e+01,-1.426885700738020546e+02,4.366514224596713234e+01,-4.376082353691692184e+00
8.300000000000000711e+00,-2.166369923668294817e+01,-1.441881681074572157e+02,4.353258572118443226e+01,-4.235251837994421287e+00
8.310000000000000497e+00,-2.161380728851835897e+01,-1.456862433834186277e+02,4.340187045741978267e+01,-4.091855749008793453e+00
8.320000000000000284e+00,-2.156231296479875681e+01,-1.471829063827105415e+02,4.327304689308083852e+01,-3.945841344447233556e+00
8.330000000000000071e+00,-2.150929634693439141e+01,-1.486782686574542822e+02,4.314617137304320238e+01,-3.797157897011589345e+00
8.339999999999999858e+00,-2.145483799131521607e+01,-1.501724424708061747e+02,4.302130596411246444e+01,-3.645757014601676449e+00
8.349999999999999645e+00,-2.139901873935098209e+01,-1.516655404573810699e+02,4.289851825727455292e+01,-3.491592943080210176e+00
8.359999999999999432e+00,-2.134191953550457654e+01,-1.531576753055710469e+02,4.277788115822945514e+01,-3.334622851100813357e+00
8.369999999999999218e+00,-2.128362125379766567e+01,-1.546489594628615123e+02,4.265947266772746360e+01,-3.174807096633587289e+00
8.380000000000000782e+00,-2.122420453317542410e+01,-1.561395048649430350e+02,4.254337565324093617e+01,-3.012109474952477495e+00
8.390000000000000568e+00,-2.116374962202749899e+01,-1.576294226891329515e+02,4.242967761350558220e+01,-2.846497447979143836e+00
8.400000000000000355e+00,-2.110233623207671272e+01,-1.591188231323572779e+02,4.231847043745356274e+01,-2.677942355007807418e+00
8.410000000000000142e+00,-2.104004340176700083e+01,-1.606078152136997232e+02,4.220985015903772108e+01,-2.506419604963122438e+00
8.419999999999999929e+00,-2.097694936920616016e+01,-1.620965066013081639e+02,4.210391670941048403e+01,-2.331908850467100169e+00
8.429999999999999716e+00,-2.091313145465093015e+01,-1.635850034632427139e+02,4.200077366787633082e+01,-2.154394144112115050e+00
8.439999999999999503e+00,-2.084866595245692622e+01,-1.650734103416901348e+02,4.190052801297854046e+01,-1.973864077450189214e+00
8.449999999999999289e+00,-2.078362803236008105e+01,-1.665618300498086057e+02,4.180328987501619764e+01,-1.790311903317758135e+00
8.460000000000000853e+00,-2.071809164990430929e+01,-1.680503635903490363e+02,4.170917229121192094e+01,-1.603735642215346591e+00
8.470000000000000639e+00,-2.065212946578541064e+01,-1.695391100950929513e+02,4.161829096466804145e+01,-1.414138173554495337e+00
8.480000000000000426e+00,-2.058581277384192987e+01,-1.710281667840676505e+02,4.153076402815921853e+01,-1.221527312668225562e+00
8.490000000000000213e+00,-2.051921143739091491e+01,-1.725176289434358239e+02,4.144671181371430180e+01,-1.025915874556735830e+00
8.500000000000000000e+00,-2.045239383357807128e+01,-1.740075899209139152e+02,4.136625662883920285e+01,-8.273217254059004322e-01
8.509999999999999787e+00,-2.038542680539017127e+01,-1.754981411375514995e+02,4.128952254012867940e+01,-6.257678229717922314e-01
8.519999999999999574e+00,-2.031837562095912375e+01,-1.769893721146846985e+02,4.121663516490740875e+01,-4.212822469724224472e-01
8.529999999999999361e+00,-2.025130393977448406e+01,-1.784813705148910685e+02,4.114772147143136038e+01,-2.138982206633933125e-01
8.539999999999999147e+00,-2.018427378541307249e+01,-1.799742221957750132e+02,4.108290958807129556e+01,-3.654124803850311316e-03
8.550000000000000711e+00,-2.011734552438770152e+01,1.785319887245525479e+02,4.102232862178815509e+01,2.094064947637608309e-01
8.560000000000000497e+00,-2.005057785071702980e+01,1.770371797914074818e+02,4.096610848610173861e+01,4.252349246858803111e-01
8.570000000000000284e+00,-1.998402777581927126e+01,1.755412701279483940e+02,4.091437973864475453e+01,6.437772855861478849e-01
8.580000000000000071e+00,-1.991775062333688595e+01,1.740441803410897421e+02,4.086727342828802279e+01,8.649745362415401928e-01
8.589999999999999858e+00,-1.985180002850552228e+01,1.725458324198912976e+02,4.082492095171766522e+01,1.088762479229842040e+00
8.599999999999999645e+00,-1.978622794169007548e+01,1.710461496273304647e+02,4.078745391924498875e+01,1.315071766855606228e+00
8.609999999999999432e+00,-1.972108463571906967e+01,1.695450563863279001e+02,4.075500402952956591e+01,1.543827906186024057e+00
8.619999999999999218e+00,-1.965641871666272422e+01,1.680424781608236344e+02,4.072770295280361807e+01,1.774951262063442003e+00
8.630000000000000782e+00,-1.959227713771014834e+01,1.665383413326518394e+02,4.070568222209211484e+01,2.008357056998519408e+00
8.640000000000000568e+00,-1.952870521581676755e+01,1.650325730749075035e+02,4.068907313183742502e+01,2.243955366890643788e+00
8.650000000000000355e+00,-1.946574665080592226e+01,1.635251012224295835e+02,4.067800664325230287e+01,2.481651111571421708e+00
8.660000000000000142e+00,-1.940344354662430248e+01,1.620158541399890737e+02,4.067261329564563255e+01,2.721344039215541244e+00
8.669999999999999929e+00,-1.934183643446445799e+01,1.605047605886981046e+02,4.067302312288779120e+01,2.962928703720766777e+00
8.679999999999999716e+00,-1.928096429748411467e+01,1.589917495911209642e+02,4.067936557411036347e+01,3.206294434214027600e+00
8.689999999999999503e+00,-1.922086459686549276e+01,1.574767502955102429e+02,4.069176943766354526e+01,3.451325295902701207e+00
8.699999999999999289e+00,-1.916157329897296080e+01,1.559596918395484124e+02,4.071036276728771242e+01,3.697900041552531825e+00
8.710000000000000853e+00,-1.910312490338221991e+01,1.544405032139357559e+02,4.073527280939119066e+01,3.945892052938579031e+00
8.720000000000000639e+00,-1.904555247156734765e+01,1.529191131261181056e+02,4.076662593026307491e+01,4.195169271684442869e+00
8.730000000000000426e+00,-1.898888765604569784e+01,1.513954498644208115e+02,4.080454754198924405e+01,4.445594118973774656e+00
8.740000000000000213e+00,-1.893316072979393283e+01,1.498694411628113130e+02,4.084916202578133948e+01,4.697023403691681587e+00
8.750000000000000000e+00,-1.887840061576033435e+01,1.483410140664920505e+02,4.090059265136957833e+01,4.949308218627550993e+00
8.759999999999999787e+00,-1.882463491631045116e+01,1.468100947984898994e+02,4.095896149105411155e+01,5.202293824449547799e+00
8.769999999999999574e+00,-1.877188994245384279e+01,1.452766086273841779e+02,4.102438932695301332e+01,5.455819521242225356e+00
8.779999999999999361e+00,-1.872019074271105410e+01,1.437404797363035129e+02,4.109699554992918991e+01,5.709718507481223781e+00
8.789999999999999147e+00,-1.866956113148762242e+01,1.422016310932857834e+02,4.117689804862234126e+01,5.963817726411194897e+00
8.800000000000000711e+00,-1.862002371683360025e+01,1.406599843230958697e+02,4.126421308695783097e+01,6.217937699882626568e+00
8.810000000000000497e+00,-1.857159992747266131e+01,1.391154595805699898e+02,4.135905516844683660e+01,6.471892349804988953e+00
8.820000000000000284e+00,-1.852431003899447504e+01,1.375679754255530440e+02,4.146153688553831529e+01,6.725488807476224906e+00
8.830000000000000071e+00,-1.847817319911010969e+01,1.360174486994836514e+02,4.157176875222672408e+01,6.978527211160983512e+00
8.839999999999999858e+00,-1.843320745187644860e+01,1.344637944036723809e+02,4.168985901806517802e+01,7.230800492410025093e+00
8.849999999999999645e+00,-1.838942976080189240e+01,1.329069255793263267e+02,4.181591346167844137e+01,7.482094151739396182e+00
8.859999999999999432e+00,-1.834685603074994020e+01,1.313467531893568605e+02,4.195003516181802183e+01,7.732186024428439275e+00
8.869999999999999218e+00,-1.830550112856229816e+01,1.297831860020265822e+02,4.209232424394874528e+01,7.980846037341545518e+00
8.880000000000000782e+00,-1.826537890232695815e+01,1.282161304764794636e+02,4.224287760030908601e+01,8.227835957841598713e+00
8.890000000000000568e+00,-1.822650219922002535e+01,1.266454906502153364e+02,4.240178858134076734e+01,8.472909136034976640e+00
8.900000000000000355e+00,-1.818888288185283386e+01,1.250711680285781711e+02,4.256914665634281647e+01,8.715810241776443590e+00
8.910000000000000142e+00,-1.815253184305872480e+01,1.234930614763304249e+02,4.274503704117189784e+01,8.956274998066138693e+00
8.919999999999999929e+00,-1.811745901905559819e+01,1.219110671114115689e+02,4.292954029078278921e+01,9.194029912689307693e+00
8.929999999999999716e+00,-1.808367340092206987e+01,1.203250782009878179e+02,4.312273185438680656e+01,9.428792010187878603e+00
8.939999999999999503e+00,-1.805118304432603438e+01,1.187349850599197225e+02,4.332468159100090332e+01,9.660268566509218502e+00
8.949999999999999289e+00,-1.801999507744590190e+01,1.171406749518008894e+02,4.353545324316950627e+01,9.888156848951840772e+00
8.960000000000000853e+00,-1.799011570702481677e+01,1.155420319927406609e+02,4.375510386666804408e+01,1.011214386432535406e+01
8.970000000000000639e+00,-1.796155022249903155e+01,1.139389370580956893e+02,4.398368321404432635e+01,1.033190611855780006e+01
8.980000000000000426e+00,-1.793430299814128404e+01,1.123312676923805071e+02,4.422123306992546077e+01,1.054710939132305469e+01
8.990000000000000213e+00,-1.790837749316034788e+01,1.107188980226306683e+02,4.446778653611610110e+01,1.075740852961938110e+01
9.000000000000000000e+00,-1.788377624969805879e+01,1.091016986755169427e+02,4.472336726464723711e+01,1.096244726461238805e+01
9.009999999999999787e+00,-1.786050088866406327e+01,1.074795366985658802e+02,4.498798863709988183e+01,1.116185805645582008e+01
9.019999999999999574e+00,-1.783855210334948183e+01,1.058522754858691997e+02,4.526165288874190651e+01,1.135526197222502276e+01
9.029999999999999361e+00,-1.781792965075950974e+01,1.042197747087293180e+02,4.554435017627050541e+01,1.154226860253466569e+01
9.039999999999999147e+00,-1.779863234060577426e+01,1.025818902517335403e+02,4.583605758826524834e+01,1.172247602286481971e+01
9.050000000000000711e+00,-1.778065802189888700e+01,1.009384741548047231e+02,4.613673809782667945e+01,1.189547080608366869e+01
9.060000000000000497e+00,-1.776400356708226269e+01,9.928937456184790733e+01,4.644633945730910796e+01,1.206082809312457194e+01
9.070000000000000284e+00,-1.774866485364926305e+01,9.763443567666590184e+01,4.676479303556600797e+01,1.221811172924815736e+01
9.080000000000000071e+00,-1.773463674318634631e+01,9.597349772690544967e+01,4.709201259870862089e+01,1.236687447378635518e+01
9.089999999999999858e+00,-1.772191305778786585e+01,9.430639693685284897e+01,4.742789303605312767e+01,1.250665829171942001e+01
9.099999999999999645e+00,-1.771048655378872994e+01,9.263296551000121326e+01,4.777230903368808868e+01,1.263699473586920696e+01
9.109999999999999432e+00,-1.770034889276661261e+01,9.095303162238211314e+01,4.812511369895646141e+01,1.275740542888888385e+01
9.119999999999999218e+00,-1.769149060976759813e+01,8.926641942775702887e+01,4.848613714010350861e+01,1.286740265458350052e+01
9.130000000000000782e+00,-1.768390107871563544e+01,8.757294907586444310e+01,4.885518500640767314e+01,1.296649006838657314e+01
9.140000000000000568e+00,-1.767756847497203054e+01,8.587243674501112878e+01,4.923203699528831123e+01,1.305416353703507681e+01
9.150000000000000355e+00,-1.767247973501915226e+01,8.416469469042554863e+01,4.961644533416406944e+01,1.312991211760608756e+01
9.160000000000000142e+00,-1.766862051325228578e+01,8.244953130988527334e+01,5.000813324623391054e+01,1.319321918608602928e+01
9.169999999999999929e+00,-1.766597513587445079e+01,8.072675122826750282e+01,5.040679341084815235e+01,1.324356372551531713e+01
9.179999999999999716e+00,-1.766452655190235888e+01,7.899615540278772130e+01,5.081208643073772890e+01,1.328042178346431434e+01
9.189999999999999503e+00,-1.766425628130767223e+01,7.725754125081812163e+01,5.122363932005939091e+01,1.330326810812516669e+01
9.199999999999999289e+00,-1.766514436033531510e+01,7.551070280231967047e+01,5.164104402897713442e+01,1.331157797162578760e+01
9.210000000000000853e+00,-1.766716928406135878e+01,7.375543087903879780e+01,5.206385602232780485e+01,1.330482918825802052e+01
9.220000000000000639e+00,-1.767030794627763868e+01,7.199151330277280181e+01,5.249159293177284979e+01,1.328250433413621856e+01
9.230000000000000426e+00,-1.767453557681666965e+01,7.021873513511935982e+01,5.292373330270872600e+01,1.324409317334264813e+01
9.240000000000000213e+00,-1.767982567646189196e+01,6.843687895127817455e+01,5.335971545904023827e+01,1.318909529384520241e+01
9.250000000000000000e+00,-1.768614994962242903e+01,6.664572515058057434e+01,5.379893651069366456e+01,1.311702295437297217e+01
9.259999999999999787e+00,-1.769347823499166594e+01,6.484505230654738739e+01,5.424075153039744634e+01,1.302740414098588673e+01
9.269999999999999574e+00,-1.770177843445109289e+01,6.303463755938584256e+01,5.468447292774033741e+01,1.291978582927032981e+01
9.279999999999999361e+00,-1.771101644053019442e+01,6.121425705391740735e+01,5.512937004977419519e+01,1.279373744492028564e+01
9.289999999999999147e+00,-1.772115606278551780e+01,5.938368642601428604e+01,5.557466903838579952e+01,1.264885451193448773e+01
9.300000000000000711e+00,-1.773215895352134908e+01,5.754270134066080544e+01,5.601955297526151867e+01,1.248476247378042103e+01
9.310000000000000497e+00,-1.774398453333713022e+01,5.569107808478689492e+01,5.646316234542594259e+01,1.230112066867711818e+01
9.320000000000000284e+00,-1.775658991705630285e+01,5.382859421800222322e+01,5.690459584998377096e+01,1.209762643566291196e+01
9.330000000000000071e+00,-1.776992984066524883e+01,5.195502928430148160e+01,5.734291159775499835e+01,1.187401932339652078e+01
9.339999999999999858e+00,-1.778395658997067130e+01,5.007016558772092196e+01,5.777712870388958066e+01,1.163008536875856969e+01
9.349999999999999645e+00,-1.779861993176762525e+01,4.817378903475075447e+01,5.820622932122485338e+01,1.136566140735730635e+01
9.359999999999999432e+00,-1.781386704839923496e+01,4.626569004610018254e+01,5.862916112703268823e+01,1.108063937310193303e+01
9.369999999999999218e+00,-1.782964247668139635e+01,4.434566454010593617e+01,5.904484028386227124e+01,1.077497053920196279e+01
9.380000000000000782e+00,-1.784588805226093911e+01,4.241351498969524414e+01,5.945215488838144324e+01,1.044866964841762069e+01
9.390000000000000568e+00,-1.786254286057249274e+01,4.046905155435614176e+01,5.984996891644377115e+01,1.010181887627087782e+01
9.400000000000000355e+00,-1.787954319565650607e+01,3.851209328798044140e+01,6.023712666608458477e+01,9.734571567380235990e+00
9.410000000000000142e+00,-1.789682252819650543e+01,3.654246942278353316e+01,6.061245769280508711e+01,9.347155682277831446e+00
9.419999999999999929e+00,-1.791431148422597630e+01,3.456002072868790265e+01,6.097478222342775922e+01,8.939876890158048539e+00
9.429999999999999716e+00,-1.793193783604116476e+01,3.256460094665385441e+01,6.132291702608881678e+01,8.513121242168887548e+00
9.439999999999999503e+00,-1.794962650693380013e+01,3.055607829337691683e+01,6.165568170472749188e+01,8.067357360228601948e+00
9.449999999999999289e+00,-1.796729959142343347e+01,2.853433703358608753e+01,6.197190537690193679e+01,7.603138078074622719e+00
9.460000000000000853e+00,-1.798487639271853311e+01,2.649927911486436471e+01,6.227043368411646895e+01,7.121101474439138102e+00
9.470000000000000639e+00,-1.800227347916676024e+01,2.445082585844659206e+01,6.255013607432117340e+01,6.621971242965367210e+00
9.480000000000000426e+00,-1.801940476146204162e+01,2.238891969788375746e+01,6.280991328709578880e+01,6.106556349782243487e+00
9.490000000000000213e+00,-1.803618159235455920e+01,2.031352595575483022e+01,6.304870496353959197e+01,5.575749937522370914e+00
9.500000000000000000e+00,-1.805251289055793507e+01,1.822463464682292766e+01,6.326549729533049771e+01,5.030527443950028044e+00
9.509999999999999787e+00,-1.806830529045650024e+01,1.612226229415603029e+01,6.345933062108474587e+01,4.471943914144710597e+00
9.519999999999999574e+00,-1.808346331908504467e+01,1.400645374280755284e+01,6.362930687330369750e+01,3.901130497190844260e+00
9.529999999999999361e+00,-1.809788960167625760e+01,1.187728395373179957e+01,6.377459677608571553e+01,3.319290131340144612e+00
9.539999999999999147e+00,-1.811148509684554142e+01,9.734859758687765208e+00,6.389444669262019971e+01,2.727692435349093447e+00
9.550000000000000711e+00,-1.812414936220609363e+01,7.579321555073720518e+00,6.398818502242263406e+01,2.127667837846318299e+00
9.560000000000000497e+00,-1.813578085087641867e+01,5.410844917929311215e+00,6.405522805142393850e+01,1.520600990780465400e+00
9.570000000000000284e+00,-1.814627723895888423e+01,3.229642104858582385e+00,6.409508516342519613e+01,9.079235268712138041e-01
9.580000000000000071e+00,-1.815553578363194376e+01,1.035963428389684360e+00,6.410736332903714185e+01,2.911062341306379642e-01
9.589999999999999858e+00,-1.816345371101311912e+01,-1.169901530620553132e+00,6.409177079793225573e+01,-3.283492674450783078e-01
9.599999999999999645e+00,-1.816992863242057155e+01,-3.387622895407110146e+00,6.404811993185703045e+01,-9.489192513535523732e-01
9.609999999999999432e+00,-1.817485898709464465e+01,-5.616829678463555631e+00,6.397632912913062597e+01,-1.569066907839490543e+00
9.619999999999999218e+00,-1.817814450884804600e+01,-7.857109205835945076e+00,6.387642380597027625e+01,-2.187251553876043086e+00
9.630000000000000782e+00,-1.817968671350378429e+01,-1.010800680585253097e+01,6.374853641556672557e+01,-2.801937914508440652e+00
9.640000000000000568e+00,-1.817938940337145937e+01,-1.236902578583354462e+01,6.359290550196866576e+01,-3.411605358325244808e+00
9.650000000000000355e+00,-1.817715918441689738e+01,-1.463962771792970585e+01,6.340987380209722346e+01,-4.014756970497074917e+00
9.660000000000000142e+00,-1.817290599121900030e+01,-1.691923305216152329e+01,6.319988542515309859e+01,-4.609928350013284160e+00
9.669999999999999929e+00,-1.816654361429674225e+01,-1.920722207096022416e+01,6.296348215388134406e+01,-5.195696023349988479e+00
9.679999999999999716e+00,-1.815799022394971018e+01,-2.150293619515434429e+01,6.270129892621257284e+01,-5.770685374660609490e+00
9.689999999999999503e+00,-1.814716888440532117e+01,-2.380567964636651013e+01,6.241405856835764610e+01,-6.333578002419627317e+00
9.699999999999999289e+00,-1.813400805182252640e+01,-2.611472146536436512e+01,6.210256586118837419e+01,-6.883118423990453039e+00
9.710000000000000853e+00,-1.811844204958210014e+01,-2.842929788007798919e+01,6.176770103046135318e+01,-7.418120062454264030e+00
9.720000000000000639e+00,-1.810041151430900186e+01,-3.074861501095036687e+01,6.141041275797231691e+01,-7.937470463861790115e+00
9.730000000000000426e+00,-1.807986380623257006e+01,-3.307185189514645174e+01,6.103171081498226869e+01,-8.440135707446474456e+00
9.740000000000000213e+00,-1.805675337779967649e+01,-3.539816380507657101e+01,6.063265842122849136e+01,-8.925163985868024952e+00
9.750000000000000000e+00,-1.803104209491517551e+01,-3.772668583090423056e+01,6.021436443258055959e+01,-9.391688346865015191e+00
9.759999999999999787e+00,-1.800269950578418587e+01,-4.005653669132919248e+01,5.977797545806625834e+01,-9.838928601423402753e+00
9.769999999999999574e+00,-1.797170305306571692e+01,-4.238682273219288277e+01,5.932466800274558949e+01,-1.026619241640864644e+01
9.779999999999999361e+00,-1.793803822589531904e+01,-4.471664206845075284e+01,5.885564072699964555e+01,-1.067287562129555667e+01
9.789999999999999147e+00,-1.790169864927911547e+01,-4.704508882196640229e+01,5.837210690547870229e+01,-1.105846176895573585e+01
9.800000000000000711e+00,-1.786268610937478485e+01,-4.937125740550067121e+01,5.787528716051131994e+01,-1.142252099927725517e+01
9.810000000000000497e+00,-1.782101051423101978e+01,-5.169424680224685176e+01,5.736640253551174595e+01,-1.176470826159715166e+01
9.820000000000000284e+00,-1.777668979062490351e+01,-5.401316479038649732e+01,5.684666796411845269e+01,-1.208476095749457180e+01
9.830000000000000071e+00,-1.772974971868622873e+01,-5.632713206333908573e+01,5.631728618074861004e+01,-1.238249606942678405e+01
9.839999999999999858e+00,-1.768022370700072088e+01,-5.863528619868043990e+01,5.577944210820304960e+01,-1.265780684305741488e+01
9.849999999999999645e+00,-1.762815251181141818e+01,-6.093678543196189423e+01,5.523429774815466686e+01,-1.291065909201882356e+01
9.859999999999999432e+00,-1.757358390476633758e+01,-6.323081219582174128e+01,5.468298759098483686e+01,-1.314108719340078579e+01
9.869999999999999218e+00,-1.751657229437014607e+01,-6.551657638965971842e+01,5.412661455267431876e+01,-1.334918984061293301e+01
9.880000000000000782e+00,-1.745717830687226524e+01,-6.779331835060096978e+01,5.356624643843342426e+01,-1.353512561759797528e+01
9.890000000000000568e+00,-1.739546833275397120e+01,-7.006031150235095595e+01,5.300291292556092060e+01,-1.369910845484921680e+01
9.900000000000000355e+00,-1.733151404525874995e+01,-7.231686466461175655e+01,5.243760305172482816e+01,-1.384140302348094487e+01
9.910000000000000142e+00,-1.726539189754115355e+01,-7.456232401188633219e+01,5.187126318947414205e+01,-1.396232011889210511e+01
9.919999999999999929e+00,-1.719718260499966078e+01,-7.679607467649998398e+01,5.130479548333804729e+01,-1.406221208050282634e+01
9.929999999999999716e+00,-1.712697061921296537e+01,-7.901754199643143295e+01,5.073905672231167330e+01,-1.414146828878927664e+01
9.939999999999999503e+00,-1.705484359963547902e+01,-8.122619241390040656e+01,5.017485761783192544e+01,-1.420051077551848273e+01
9.949999999999999289e+00,-1.698089188883837153e+01,-8.342153403549957602e+01,4.961296245545754147e+01,-1.423978997781407863e+01
9.960000000000000853e+00,-1.690520799662789386e+01,-8.560311686893884087e+01,4.905408908730574780e+01,-1.425978066156100788e+01
9.970000000000000639e+00,-1.682788609785121992e+01,-8.777053275507893204e+01,4.849890923180343805e+01,-1.426097803476320003e+01
9.980000000000000426e+00,-1.674902154812976462e+01,-8.992341501689681138e+01,4.794804904738719387e+01,-1.424389406686816706e+01
9.990000000000000213e+00,-1.666871042116197899e+01,-9.206143784929514595e+01,4.740208994736514825e+01,-1.420905402580896393e+01
1.000000000000000000e+01,-1.658704907062645617e+01,-9.418431547528342662e+01,4.686156962414631266e+01,-1.415699324062433639e+01
1.000999999999999979e+01,-1.650413371910942573e+01,-9.629180109504801521e+01,4.632698325237359427e+01,-1.408825409401667628e+01
1.001999999999999957e+01,-1.642006007589181849e+01,-9.838368565482220163e+01,4.579878484209660883e+01,-1.400338324610416052e+01
1.002999999999999936e+01,-1.633492298487148275e+01,-1.004597964623586819e+02,4.527738871491416717e+01,-1.390292908791267124e+01
1.003999999999999915e+01,-1.624881610337400772e+01,-1.025199956752115469e+02,4.476317107795388495e+01,-1.378743942083034746e+01
1.005000000000000071e+01,-1.616183161212963881e+01,-1.045641786870801440e+02,4.425647167257218939e+01,-1.365745935628697438e+01
1.006000000000000050e+01,-1.607405995626774953e+01,-1.065922724361675478e+02,4.375759547671687955e+01,-1.351352942830794746e+01
1.007000000000000028e+01,-1.598558961680605606e+01,-1.086042336579702265e+02,4.326681444194747428e+01,-1.335618391029992225e+01
1.008000000000000007e+01,-1.589650691179225817e+01,-1.106000471031987047e+02,4.278436924812626785e+01,-1.318594932642240636e+01
1.008999999999999986e+01,-1.580689582598843579e+01,-1.125797237396731703e+02,4.231047106075057940e+01,-1.300334314716402773e+01
1.009999999999999964e+01,-1.571683786777214031e+01,-1.145432989551320446e+02,4.184530327776666780e+01,-1.280887265823882082e+01
1.010999999999999943e+01,-1.562641195176154518e+01,-1.164908307759500019e+02,4.138902325448010089e+01,-1.260303399162117444e+01
1.011999999999999922e+01,-1.553569430554696140e+01,-1.184223981148549427e+02,4.094176399683476575e+01,-1.238631130742170683e+01
1.013000000000000078e+01,-1.544475839883030943e+01,-1.203380990588638610e+02,4.050363581487783193e+01,-1.215917611534035281e+01
1.014000000000000057e+01,-1.535367489322605472e+01,-1.222380492068912332e+02,4.007472792964300368e+01,-1.192208672459635821e+01
1.015000000000000036e+01,-1.526251161096298858e+01,-1.241223800647998701e+02,3.965511002798090345e+01,-1.167548781150376591e+01
1.016000000000000014e+01,-1.517133352073788188e+01,-1.259912375041104866e+02,3.924483376103543009e+01,-1.141981009421491322e+01
1.016999999999999993e+01,-1.508020273900704744e+01,-1.278447802891614913e+02,3.884393418311575630e+01,-1.115547010457400567e+01
1.017999999999999972e+01,-1.498917854505517333e+01,-1.296831786762032550e+02,3.845243112865069435e+01,-1.088287004749582287e+01
1.018999999999999950e+01,-1.489831740824845596e+01,-1.315066130867660661e+02,3.807033052573510190e+01,-1.060239773878902447e+01
1.019999999999999929e+01,-1.480767302595954682e+01,-1.333152728565980567e+02,3.769762564550415362e+01,-1.031442661287607088e+01
1.021000000000000085e+01,-1.471729637073847385e+01,-1.351093550605807820e+02,3.733429828719459920e+01,-1.001931579240385872e+01
1.022000000000000064e+01,-1.462723574539720772e+01,-1.368890634132548314e+02,3.698031989929034324e+01,-9.717410212286534232e+00
1.023000000000000043e+01,-1.453753684477205432e+01,-1.386546072439221859e+02,3.663565263760648349e+01,-9.409040791266303216e+00
1.024000000000000021e+01,-1.444824282302479546e+01,-1.404062005447508170e+02,3.630025036154531648e+01,-9.094524644610421760e+00
1.025000000000000000e+01,-1.435939436544087222e+01,-1.421440610898454509e+02,3.597405957007447341e+01,-8.774165332083127211e+00
1.025999999999999979e+01,-1.427102976377734045e+01,-1.438684096228951717e+02,3.565702027922976924e+01,-8.448253135829885352e+00
1.026999999999999957e+01,-1.418318499430538182e+01,-1.455794691107172696e+02,3.534906684314783831e+01,-8.117065363292233826e+00
1.027999999999999936e+01,-1.409589379777995433e+01,-1.472774640598116207e+02,3.505012872078585673e+01,-7.780866670725499645e+00
1.028999999999999915e+01,-1.400918776065293869e+01,-1.489626198928929455e+02,3.476013119059824419e+01,-7.439909403321872006e+00
1.030000000000000071e+01,-1.392309639692454937e+01,-1.506351623822683337e+02,3.447899601551589654e+01,-7.094433948346944518e+00
1.031000000000000050e+01,-1.383764723010118658e+01,-1.522953171368891674e+02,3.420664206061754697e+01,-6.744669098074697722e+00
1.032000000000000028e+01,-1.375286587479645384e+01,-1.539433091398912552e+02,3.394298586590127798e+01,-6.390832419659406405e+00
1.033000000000000007e+01,-1.366877611757439759e+01,-1.555793623334728295e+02,3.368794217655793233e+01,-6.033130629407899903e+00
1.033999999999999986e+01,-1.358539999669202736e+01,-1.572036992480063589e+02,3.344142443312505009e+01,-5.671759969218472364e+00
1.034999999999999964e+01,-1.350275788045041381e+01,-1.588165406723603610e+02,3.320334522385905274e+01,-5.306906583229245911e+00
1.035999999999999943e+01,-1.342086854391117967e+01,-1.604181053625052016e+02,3.297361670161021152e+01,-4.938746892972271318e+00
1.036999999999999922e+01,-1.333974924377846527e+01,-1.620086097855763683e+02,3.275215096742262944e+01,-4.567447969563343868e+00
1.038000000000000078e+01,-1.325941579128412684e+01,-1.635882678966986532e+02,3.253886042300792525e+01,-4.193167901666336128e+00
1.039000000000000057e+01,-1.317988262294907109e+01,-1.651572909459885921e+02,3.233365809416552139e+01,-3.816056158164985224e+00
1.040000000000000036e+01,-1.310116286912299444e+01,-1.667158873132934502e+02,3.213645792713796112e+01,-3.436253944645964342e+00
1.041000000000000014e+01,-1.302326842023284748e+01,-1.682642623683502165e+02,3.194717505980682759e+01,-3.053894552954645292e+00
1.041999999999999993e+01,-1.294620999069259426e+01,-1.698026183541838066e+02,3.176572606954520595e+01,-2.669103703225135682e+00
1.042999999999999972e+01,-1.286999718044816632e+01,-1.713311542916993346e+02,3.159202919945646570e+01,-2.281999877910537933e+00
1.043999999999999950e+01,-1.279463853414915420e+01,-1.728500659035452145e+02,3.142600456464122161e+01,-1.892694647453834866e+00
1.044999999999999929e+01,-1.272014159795355859e+01,-1.743595455554614375e+02,3.126757434004668568e+01,-1.501292987336894758e+00
1.046000000000000085e+01,-1.264651297398564012e+01,-1.758597822134388764e+02,3.111666293136874373e+01,-1.107893586336472946e+00
1.047000000000000064e+01,-1.257375837247744776e+01,-1.773509614151439564e+02,3.097319713039288303e+01,-7.125891458916949750e-01
1.048000000000000043e+01,-1.250188266163394069e+01,-1.788332652541700725e+02,3.083710625607957212e+01,-3.154666705581596342e-01
1.049000000000000021e+01,-1.243088991526935061e+01,1.796931276242143554e+02,3.070832228262202790e+01,8.339225041600670241e-02
1.050000000000000000e+01,-1.236078345826836511e+01,1.782280420170444017e+02,3.058677995562816676e+01,4.839111703049268631e-01
1.050999999999999979e+01,-1.229156590993109432e+01,1.767713061484962509e+02,3.047241689750771343e+01,8.860185207759808668e-01
1.051999999999999957e+01,-1.222323922526404161e+01,1.753227516466194515e+02,3.036517370307517183e+01,1.289647356243663445e+00
1.052999999999999936e+01,-1.215580473428268427e+01,1.738822135129165360e+02,3.026499402631466751e+01,1.694735106498109989e+00
1.053999999999999915e+01,-1.208926317939307005e+01,1.724495300856436870e+02,3.017182465918984136e+01,2.101223337369865884e+00
1.055000000000000071e+01,-1.202361475092114595e+01,1.710245429976239109e+02,3.008561560332256235e+01,2.509057519169399342e+00
1.056000000000000050e+01,-1.195885912085935843e+01,1.696070971293054015e+02,3.000632013530861286e+01,2.918186802615147180e+00
1.057000000000000028e+01,-1.189499547490001419e+01,1.681970405577204133e+02,2.993389486638505304e+01,3.328563801949201650e+00
1.058000000000000007e+01,-1.183202254282490173e+01,1.667942245019510494e+02,2.986829979711446725e+01,3.740144384921407994e+00
1.058999999999999986e+01,-1.176993862731957563e+01,1.653985032656403860e+02,2.980949836770384209e+01,4.152887469313202295e+00
1.059999999999999964e+01,-1.170874163128029899e+01,1.640097341770481023e+02,2.975745750453220140e+01,4.566754825658268402e+00
1.060999999999999943e+01,-1.164842908367958962e+01,1.626277775270926327e+02,2.971214766341844893e+01,4.981710885811510003e+00
1.061999999999999922e+01,-1.158899816405579308e+01,1.612524965057802149e+02,2.967354287012340919e+01,5.397722557009301703e+00
1.063000000000000078e+01,-1.153044572568955672e+01,1.598837571373851745e+02,2.964162075854170908e+01,5.814759041057494748e+00
1.064000000000000057e+01,-1.147276831752894743e+01,1.585214282147008475e+02,2.961636260700612056e+01,6.232791658280458336e+00
1.065000000000000036e+01,-1.141596220492283642e+01,1.571653812326554203e+02,2.959775337309405430e+01,6.651793675858047372e+00
1.066000000000000014e+01,-1.136002338922016186e+01,1.558154903215466049e+02,2.958578172729566091e+01,7.071740140176721034e+00
1.066999999999999993e+01,-1.130494762629090921e+01,1.544716321801292906e+02,2.958044008587487639e+01,7.492607712815121168e+00
1.067999999999999972e+01,-1.125073044402228106e+01,1.531336860087580476e+02,2.958172464322744233e+01,7.914374509783983491e+00
1.068999999999999950e+01,-1.119736715884205580e+01,1.518015334427649634e+02,2.958963540401569503e+01,8.337019943636594377e+00
1.069999999999999929e+01,-1.114485289131837220e+01,1.504750584862342464e+02,2.960417621533487775e+01,8.760524568063068784e+00
1.071000000000000085e+01,-1.109318258088376474e+01,1.491541474463094801e+02,2.962535479914432557e+01,9.184869924580405964e+00
1.072000000000000064e+01,-1.104235099972919087e+01,1.478386888681599487e+02,2.965318278517520767e+01,9.610038390925190299e+00
1.073000000000000043e+01,-1.099235276591138444e+01,1.465285734707079257e+02,2.968767574450563629e+01,1.003601303075508255e+01
1.074000000000000021e+01,-1.094318235571568820e+01,1.452236940832110577e+02,2.972885322397553054e+01,1.046277744425922052e+01
1.075000000000000000e+01,-1.089483411531405643e+01,1.439239455827786003e+02,2.977673878159381360e+01,1.089031561927473568e+01
1.075999999999999979e+01,-1.084730227175630546e+01,1.426292248328861660e+02,2.983136002307298185e+01,1.131861178250199451e+01
1.076999999999999957e+01,-1.080058094333117502e+01,1.413394306229486403e+02,2.989274863960854844e+01,1.174765025040467314e+01
1.077999999999999936e+01,-1.075466414933165282e+01,1.400544636089954054e+02,2.996094044700305759e+01,1.217741527937596224e+01
1.078999999999999915e+01,-1.070954581925761140e+01,1.387742262554902766e+02,3.003597542621720251e+01,1.260789091474402035e+01
1.080000000000000071e+01,-1.066521980148731608e+01,1.374986227783231243e+02,3.011789776541447949e+01,1.303906083818380601e+01
1.081000000000000050e+01,-1.062167987144750825e+01,1.362275590890024262e+02,3.020675590354684203e+01,1.347090821309200770e+01
1.082000000000000028e+01,-1.057891973931069884e+01,1.349609427400655193e+02,3.030260257551314496e+01,1.390341552747369036e+01
1.083000000000000007e+01,-1.053693305724655715e+01,1.336986828717190861e+02,3.040549485890353054e+01,1.433656443387924107e+01
1.083999999999999986e+01,-1.049571342625323744e+01,1.324406901597246815e+02,3.051549422232398712e+01,1.477033558591636009e+01
1.084999999999999964e+01,-1.045525440259277694e+01,1.311868767645273408e+02,3.063266657527770676e+01,1.520470847085410782e+01
1.085999999999999943e+01,-1.041554950385408418e+01,1.299371562816367600e+02,3.075708231955849570e+01,1.563966123781716000e+01
1.086999999999999922e+01,-1.037659221466505066e+01,1.286914436932548824e+02,3.088881640209114465e+01,1.607517052105946220e+01
1.088000000000000078e+01,-1.033837599207514657e+01,1.274496553211507290e+02,3.102794836913183119e+01,1.651121125778635346e+01
1.089000000000000057e+01,-1.030089427062748264e+01,1.262117087807752114e+02,3.117456242171609304e+01,1.694775649998175027e+01
1.090000000000000036e+01,-1.026414046713987460e+01,1.249775229366072580e+02,3.132874747222012957e+01,1.738477721967721124e+01
1.091000000000000014e+01,-1.022810798521197562e+01,1.237470178587289809e+02,3.149059720186939160e+01,1.782224210708079681e+01
1.091999999999999993e+01,-1.019279021947545871e+01,1.225201147806121895e+02,3.166021011900343751e+01,1.826011736096707239e+01
1.092999999999999972e+01,-1.015818055960315291e+01,1.212967360581136234e+02,3.183768961787140483e+01,1.869836647070489732e+01
1.093999999999999950e+01,-1.012427239409181112e+01,1.200768051296611389e+02,3.202314403769998563e+01,1.913694998928277258e+01
1.094999999999999929e+01,-1.009105911383300302e+01,1.188602464776251111e+02,3.221668672173757386e+01,1.957582529666454363e+01
1.096000000000000085e+01,-1.005853411548512355e+01,1.176469855908584350e+02,3.241843607593901311e+01,2.001494635278963941e+01
1.097000000000000064e+01,-1.002669080465918405e+01,1.164369489283964327e+02,3.262851562691022878e+01,2.045426343950478554e+01
1.098000000000000043e+01,-9.995522598930300262e+00,1.152300638843023108e+02,3.284705407868622018e+01,2.089372289069166655e+01
1.099000000000000021e+01,-9.965022930685803360e+00,1.140262587536491168e+02,3.307418536786183694e+01,2.133326680982904477e+01
1.100000000000000000e+01,-9.935185249820627007e+00,1.128254626996217098e+02,3.331004871654123889e+01,2.177283277420436036e+01
1.100999999999999979e+01,-9.906003026289432967e+00,1.116276057217322517e+02,3.355478868250707336e+01,2.221235352496260518e+01
1.101999999999999957e+01,-9.877469752525046331e+00,1.104326186251348787e+02,3.380855520594712260e+01,2.265175664215652063e+01
1.102999999999999936e+01,-9.849578945731540358e+00,1.092404329910300049e+02,3.407150365200124043e+01,2.309096420393735016e+01
1.103999999999999915e+01,-9.822324150059827730e+00,1.080509811481475992e+02,3.434379484831278972e+01,2.352989242900185118e+01
1.105000000000000071e+01,-9.795698938673599088e+00,1.068641961452981235e+02,3.462559511668464296e+01,2.396845130138826718e+01
1.106000000000000050e+01,-9.769696915712213325e+00,1.056800117249845812e+02,3.491707629784390576e+01,2.440654417669232856e+01
1.107000000000000028e+01,-9.744311718156943414e+00,1.044983622980642934e+02,3.521841576822028941e+01,2.484406736875731170e+01
1.108000000000000007e+01,-9.719537017606770135e+00,1.033191829194516345e+02,3.552979644753397537e+01,2.528090971587393909e+01
1.108999999999999986e+01,-9.695366521968898255e+00,1.021424092648571360e+02,3.585140679586719870e+01,2.571695212551356136e+01
1.109999999999999964e+01,-9.671793977069009784e+00,1.009679776085493614e+02,3.618344079876938224e+01,2.615206709661130091e+01
1.110999999999999943e+01,-9.648813168186054057e+00,9.979582480213919382e+01,3.652609793880300515e+01,2.658611821840802847e+01
1.111999999999999922e+01,-9.626417921515352916e+00,9.862588825437403273e+01,3.687958315179058388e+01,2.701895964486690360e+01
1.113000000000000078e+01,-9.604602105564119086e+00,9.745810591194101846e+01,3.724410676585948465e+01,2.745043554368528405e+01
1.114000000000000057e+01,-9.583359632482403967e+00,9.629241624126694887e+01,3.761988442121021592e+01,2.788037951894504118e+01
1.115000000000000036e+01,-9.562684459332649212e+00,9.512875821131586918e+01,3.800713696834394995e+01,2.830861400646704595e+01
1.116000000000000014e+01,-9.542570589300346739e+00,9.396707127737441567e+01,3.840609034228844365e+01,2.873494964097870508e+01
1.116999999999999993e+01,-9.523012072848167975e+00,9.280729536582191486e+01,3.881697541014526109e+01,2.915918459425278542e+01
1.117999999999999972e+01,-9.504003008815367082e+00,9.164937085988070464e+01,3.924002778905325783e+01,2.958110388344454478e+01
1.118999999999999950e+01,-9.485537545464149289e+00,9.049323858633871964e+01,3.967548763142153234e+01,3.000047864893922878e+01
1.119999999999999929e+01,-9.467609881474128741e+00,8.933883980324462470e+01,4.012359937402265331e+01,3.041706540112517132e+01
1.121000000000000085e+01,-9.450214266886332481e+00,8.818611618856748180e+01,4.058461144726799574e+01,3.083060523563586486e+01
1.122000000000000064e+01,-9.433345003996818079e+00,8.703500982981692857e+01,4.105877594069349357e+01,3.124082301675920803e+01
1.123000000000000043e+01,-9.416996448200995573e+00,8.588546321462088429e+01,4.154634822038244835e+01,3.164742652889031049e+01
1.124000000000000021e+01,-9.401163008788353537e+00,8.473741922225245560e+01,4.204758649373273016e+01,3.205010559612397003e+01
1.125000000000000000e+01,-9.385839149687948080e+00,8.359082111610558741e+01,4.256275131664156675e+01,3.244853117032906198e+01
1.125999999999999979e+01,-9.371019390164018859e+00,8.244561253711020754e+01,4.309210503783804569e+01,3.284235438834457455e+01
1.126999999999999957e+01,-9.356698305461661036e+00,8.130173749808568573e+01,4.363591117473507097e+01,3.323120559927019002e+01
1.127999999999999936e+01,-9.342870527401425207e+00,8.015914037902058453e+01,4.419443371481088434e+01,3.361469336321876966e+01
1.128999999999999915e+01,-9.329530744922283958e+00,7.901776592327918536e+01,4.476793633615442047e+01,3.399240342333696674e+01
1.130000000000000071e+01,-9.316673704571826420e+00,7.787755923472414565e+01,4.535668154044002875e+01,3.436389765341146330e+01
1.131000000000000050e+01,-9.304294210942376964e+00,7.673846577574819605e+01,4.596092969122312866e+01,3.472871298395144635e+01
1.132000000000000028e+01,-9.292387127051732421e+00,7.560043136620987525e+01,4.658093795008331028e+01,3.508636031028582636e+01
1.133000000000000007e+01,-9.280947374667027461e+00,7.446340218326038496e+01,4.721695910279355246e+01,3.543632338694528272e+01
1.133999999999999986e+01,-9.269969934570120529e+00,7.332732476205713112e+01,4.786924026736019755e+01,3.577805771341355268e+01
1.134999999999999964e+01,-9.259449846762580094e+00,7.219214599735177273e+01,4.853802147548121582e+01,3.611098941724608835e+01
1.135999999999999943e+01,-9.249382210608661836e+00,7.105781314594227638e+01,4.922353411871107198e+01,3.643451414156333357e+01
1.136999999999999922e+01,-9.239762184914239285e+00,6.992427382997988161e+01,4.992599925041213282e+01,3.674799594504577982e+01
1.138000000000000078e+01,-9.230584987939618458e+00,6.879147604111457781e+01,5.064562573443678417e+01,3.705076622379046114e+01
1.139000000000000057e+01,-9.221845897344447707e+00,6.765936814547136180e+01,5.138260823142393008e+01,3.734212266573452155e+01
1.140000000000000036e+01,-9.213540250062250081e+00,6.652789888943993901e+01,5.213712501364226881e+01,3.762132824982825241e+01
1.141000000000000014e+01,-9.205663442102881788e+00,6.539701740626544790e+01,5.290933559947912102e+01,3.788761030373174066e+01
1.141999999999999993e+01,-9.198210928280390775e+00,6.426667322342059663e+01,5.369937819898995457e+01,3.814015963553705291e+01
1.142999999999999972e+01,-9.191178221864520381e+00,6.313681627074861780e+01,5.450736696240327461e+01,3.837812975685957895e+01
1.143999999999999950e+01,-9.184560894153449340e+00,6.200739688935455263e+01,5.533338902416787164e+01,3.860063621661601729e+01
1.144999999999999929e+01,-9.178354573965766150e+00,6.087836584122753436e+01,5.617750133604282325e+01,3.880675606688365065e+01
1.146000000000000085e+01,-9.172554947049867735e+00,5.974967431957711739e+01,5.703972728391154590e+01,3.899552748441783478e+01
1.147000000000000064e+01,-9.167157755408336328e+00,5.862127395985719147e+01,5.792005308449032697e+01,3.916594957367480134e+01
1.148000000000000043e+01,-9.162158796535921468e+00,5.749311685146322048e+01,5.881842395991489525e+01,3.931698237950916308e+01
1.149000000000000021e+01,-9.157553922568805405e+00,5.636515555007398603e+01,5.973474009039902910e+01,3.944754714008237073e+01
1.150000000000000000e+01,-9.153339039343755701e+00,5.523734309061745051e+01,6.066885234777200253e+01,3.955652681286908745e+01
1.150999999999999979e+01,-9.149510105365489920e+00,5.410963300083652427e+01,6.162055781578193603e+01,3.964276690895499655e+01
1.151999999999999957e+01,-9.146063130680587960e+00,5.298197931542489414e+01,6.258959510663130033e+01,3.970507667301885135e+01
1.152999999999999936e+01,-9.142994175656792066e+00,5.185433659071162538e+01,6.357563948731235115e+01,3.974223064841371666e+01
1.153999999999999915e+01,-9.140299349666367590e+00,5.072665991986340117e+01,6.457829783399041901e+01,3.975297066853804751e+01
1.155000000000000071e+01,-9.137974809672597232e+00,4.959890494857841503e+01,6.559710343794003506e+01,3.973600831711883075e+01
1.156000000000000050e+01,-9.136016758718314534e+00,4.847102789123738376e+01,6.663151069241159519e+01,3.969002790101865941e+01
1.157000000000000028e+01,-9.134421444316060956e+00,4.734298554748868071e+01,6.768088969626759877e+01,3.961368997960449434e+01
1.158000000000000007e+01,-9.133185156739205723e+00,4.621473531922955402e+01,6.874452081730719044e+01,3.950563549445961087e+01
1.158999999999999986e+01,-9.132304227213721148e+00,4.508623522795489436e+01,6.982158926581718106e+01,3.936449054213335330e+01
1.159999999999999964e+01,-9.131775026010641838e+00,4.395744393244110171e+01,7.091117973702736776e+01,3.918887183056212820e+01
1.160999999999999943e+01,-9.131593960439353452e+00,4.282832074672609934e+01,7.201227118971591779e+01,3.897739285660098574e+01
1.161999999999999922e+01,-9.131757472741933057e+00,4.169882565835931842e+01,7.312373183707359203e+01,3.872867083762604778e+01
1.163000000000000078e+01,-9.132262037889429251e+00,4.056891934687757129e+01,7.424431443499314298e+01,3.844133442422928937e+01
1.164000000000000057e+01,-9.133104161280723332e+00,3.943856320247837743e+01,7.537265196195501460e+01,3.811403221350110471e+01
1.165000000000000036e+01,-9.134280376345389030e+00,3.830771934484994290e+01,7.650725379346336297e+01,3.774544207312222710e+01
1.166000000000000014e+01,-9.135787242051538470e+00,3.717635064211994234e+01,7.764650248223759377e+01,3.733428127537158048e+01
1.166999999999999993e+01,-9.137621340320865926e+00,3.604442072988993573e+01,7.878865126277739250e+01,3.687931742710303240e+01
1.167999999999999972e+01,-9.139779273352367284e+00,3.491189403031241767e+01,7.993182240516198078e+01,3.637938016672993768e+01
1.168999999999999950e+01,-9.142257660857238122e+00,3.377873577117616577e+01,8.107400654758266967e+01,3.583337358228857283e+01
1.169999999999999929e+01,-9.145053137207522553e+00,3.264491200495539402e+01,8.221306313975759394e+01,3.524028928582102083e+01
1.171000000000000085e+01,-9.148162348501042374e+00,3.151038962778993024e+01,8.334672212955247517e+01,3.459922005880438434e+01
1.172000000000000064e+01,-9.151581949546137906e+00,3.037513639835177415e+01,8.447258702241525441e+01,3.390937396138681237e+01
1.173000000000000043e+01,-9.155308600769224370e+00,2.923912095655958865e+01,8.558813943714648076e+01,3.317008877516911980e+01
1.174000000000000021e+01,-9.159338965049174774e+00,2.810231284210326308e+01,8.669074527166843325e+01,3.238084662563443317e+01
1.175000000000000000e+01,-9.163669704482453326e+00,2.696468251273270411e+01,8.777766257846927545e+01,3.154128860666914846e+01
1.175999999999999979e+01,-9.168297477083243052e+00,2.582620136227733454e+01,8.884605123097045976e+01,3.065122920664292394e+01
1.176999999999999957e+01,-9.173218933423347821e+00,2.468684173835066886e+01,8.989298443906177738e+01,2.971067031398634128e+01
1.177999999999999936e+01,-9.178430713216624071e+00,2.354657695970130149e+01,9.091546214439654250e+01,2.871981456104112951e+01
1.178999999999999915e+01,-9.183929441853365461e+00,2.240538133317230418e+01,9.191042629388745411e+01,2.767907774908442420e+01
1.180000000000000071e+01,-9.189711726889953525e+00,2.126323017022156137e+01,9.287477795352423016e+01,2.658910008582934736e+01
1.181000000000000050e+01,-9.195774154499781972e+00,2.012009980297268186e+01,9.380539618464220553e+01,2.545075596038384091e+01
1.182000000000000028e+01,-9.202113285891567074e+00,1.897596759974829084e+01,9.469915856192699266e+01,2.426516198048967965e+01
1.183000000000000007e+01,-9.208725653701177905e+00,1.783081198005118395e+01,9.555296316767001485e+01,2.303368300374598476e+01
1.183999999999999986e+01,-9.215607758364205537e+00,1.668461242894971264e+01,9.636375185133266541e+01,2.175793590905881203e+01
1.184999999999999964e+01,-9.222756064475783333e+00,1.553734951083183979e+01,9.712853449871492728e+01,2.043979087725957555e+01
1.185999999999999943e+01,-9.230166997145099472e+00,1.438900488248819443e+01,9.784441401250512627e+01,1.908136998083901048e+01
1.186999999999999922e+01,-9.237836938352218752e+00,1.323956130548390142e+01,9.850861166735967345e+01,1.768504292195216721e+01
1.188000000000000078e+01,-9.245762223314814676e+00,1.208900265778525451e+01,9.911849246960210280e+01,1.625341980479277737e+01
1.189000000000000057e+01,-9.253939136873103877e+00,1.093731394459822148e+01,9.967159012577702981e+01,1.478934088224033516e+01
1.190000000000000036e+01,-9.262363909901022652e+00,9.784481308389413101e+00,1.001656312071372099e+02,1.329586327619486674e+01
1.191000000000000014e+01,-9.271032715752339115e+00,8.630492038047261616e+00,1.005985580899754410e+02,1.177624473461150068e+01
1.191999999999999993e+01,-9.279941666750579188e+00,7.475334577151687476e+00,1.009685502554925733e+02,1.023392455413838853e+01
1.192999999999999972e+01,-9.289086810731374655e+00,6.318998531317149947e+00,1.012740435482328962e+02,8.672501863307028103e+00
1.193999999999999950e+01,-9.298464127646900224e+00,5.161474674572807508e+00,1.015137470191474023e+02,7.095711525195373071e+00
1.194999999999999929e+01,-9.308069526241464331e+00,4.002754954752026251e+00,1.016866570177549249e+02,5.507397978105987413e+00
1.196000000000000085e+01,-9.317898840807902872e+00,2.842832497854040241e+00,1.017920682468317750e+02,3.911487385802041583e+00
1.197000000000000064e+01,-9.327947828034638178e+00,1.681701611351399617e+00,1.018295815512705502e+02,2.311958513227337697e+00
1.198000000000000043e+01,-9.338212163953166112e+00,5.193577864085230367e-01,1.017991082784897117e+02,7.128127775886354822e-01
1.199000000000000021e+01,-9.348687440996084064e+00,-6.442023010123292259e-01,1.017008711189444767e+02,-8.819560531233536782e-01
1.200000000000000000e+01,-9.359369165175868588e+00,-1.808980790188016829e+00,1.015354014095403130e+02,-2.468392032611296472e+00
1.200999999999999979e+01,-9.370252753394600731e+00,-2.974978636841481450e+00,1.013035329575717185e+02,-4.042606601761989715e+00
1.201999999999999957e+01,-9.381333530895032524e+00,-4.142195615540214426e+00,1.010063925156684093e+02,-5.600807085668826346e+00
1.202999999999999936e+01,-9.392606728863633236e+00,-5.310630323314070367e+00,1.006453871066855896e+02,-7.139323689469342149e+00
1.203999999999999915e+01,-9.404067482195689109e+00,-6.480280184511355124e+00,1.002221884593206624e+02,-8.654634600099104347e+00
1.205000000000000071e+01,-9.415710827433587227e+00,-7.651141456914008820e+00,9.973871486854400814e+01,-1.014338885036776006e+01
1.206000000000000050e+01,-9.427531700888245325e+00,-8.823209239132962622e+00,9.919711083823982278e+01,-1.160242665860902989e+01
1.207000000000000028e+01,-9.439524936954729384e+00,-9.996477479296990154e+00,9.859972489568760068e+01,-1.302879701936848100e+01
1.208000000000000007e+01,-9.451685266632239291e+00,-1.117093898505524763e+01,9.794908598815841572e+01,-1.441977238592990496e+01
1.208999999999999986e+01,-9.464007316259172242e+00,-1.234658543490225391e+01,9.724787888087735155e+01,-1.577286035161875155e+01
1.209999999999999964e+01,-9.476485606473426415e+00,-1.352340739083856391e+01,9.649891897332138058e+01,-1.708581230163808584e+01
1.210999999999999943e+01,-9.489114551408526665e+00,-1.470139431237829086e+01,9.570512693808574056e+01,-1.835662906868526889e+01
1.211999999999999922e+01,-9.501888458135310245e+00,-1.588053457190531148e+01,9.486950356452928190e+01,-1.958356368207798326e+01
1.213000000000000078e+01,-9.514801526359736528e+00,-1.706081547139088528e+01,9.399510515947629585e+01,-2.076512135024474048e+01
1.214000000000000057e+01,-9.527847848386146623e+00,-1.824222326046581344e+01,9.308501982104398564e+01,-2.190005685915622280e+01
1.215000000000000036e+01,-9.541021409355682437e+00,-1.942474315585486622e+01,9.214234486078163400e+01,-2.298736960401430451e+01
1.216000000000000014e+01,-9.554316087769649357e+00,-2.060835936216452424e+01,9.117016560547449444e+01,-2.402629649793238542e+01
1.216999999999999993e+01,-9.567725656306217630e+00,-2.179305509402457020e+01,9.017153576474210297e+01,-2.501630301955085045e+01
1.217999999999999972e+01,-9.581243782939839804e+00,-2.297881259956910327e+01,8.914945950542990261e+01,-2.595707267180848987e+01
1.218999999999999950e+01,-9.594864032371548390e+00,-2.416561318524921731e+01,8.810687533003479643e+01,-2.684849512707600283e+01
1.219999999999999929e+01,-9.608579867778233918e+00,-2.535343724196312465e+01,8.704664181510835874e+01,-2.769065333026245312e+01
1.221000000000000085e+01,-9.622384652888690937e+00,-2.654226427248212161e+01,8.597152522760670479e+01,-2.848380982223740077e+01
1.222000000000000064e+01,-9.636271654393512520e+00,-2.773207292015899483e+01,8.488418900312055371e+01,-2.922839253194048581e+01
1.223000000000000043e+01,-9.650234044695748636e+00,-2.892284099888646409e+01,8.378718504027185077e+01,-2.992498026782376641e+01
1.224000000000000021e+01,-9.664264905008504769e+00,-3.011454552428232034e+01,8.268294674047531601e+01,-3.057428811880301822e+01
1.225000000000000000e+01,-9.678357228805136714e+00,-3.130716274607087257e+01,8.157378370180509819e+01,-3.117715295255781882e+01
1.225999999999999979e+01,-9.692503925627384831e+00,-3.250066818162092375e+01,8.046187795975086487e+01,-3.173451917566229952e+01
1.226999999999999957e+01,-9.706697825255657719e+00,-3.369503665060879882e+01,7.934928165594459415e+01,-3.224742489640474474e+01
1.227999999999999936e+01,-9.720931682245630867e+00,-3.489024231075621429e+01,7.823791600818988456e+01,-3.271698860785616603e+01
1.228999999999999915e+01,-9.735198180834155224e+00,-3.608625869460178848e+01,7.712957145089650624e+01,-3.314439648634103008e+01
1.230000000000000071e+01,-9.749489940216987449e+00,-3.728305874725244706e+01,7.602590881391542155e+01,-3.353089037931516714e+01
1.231000000000000050e+01,-9.763799520200080906e+00,-3.848061486506512097e+01,7.492846140930332410e+01,-3.387775653709775980e+01
1.232000000000000028e+01,-9.778119427225213656e+00,-3.967889893519335232e+01,7.383863789929891652e+01,-3.418631512512455117e+01
1.233000000000000007e+01,-9.792442120770243008e+00,-4.087788237594175200e+01,7.275772582429502222e+01,-3.445791053752722632e+01
1.233999999999999986e+01,-9.806760020123006072e+00,-4.207753617786025302e+01,7.168689567647001581e+01,-3.469390251893302235e+01
1.234999999999999964e+01,-9.821065511527230285e+00,-4.327783094550487419e+01,7.062720541260505058e+01,-3.489565808941414815e+01
1.235999999999999943e+01,-9.835350955698071829e+00,-4.447873693979507692e+01,6.957960530812552236e+01,-3.506454425743568493e+01
1.236999999999999922e+01,-9.849608695703338412e+00,-4.568022412088506456e+01,6.854494306330062159e+01,-3.520192149735569132e+01
1.238000000000000078e+01,-9.863831065206255744e+00,-4.688226219146658735e+01,6.752396908153708921e+01,-3.530913796138755600e+01
1.239000000000000057e+01,-9.878010397064059589e+00,-4.808482064041892556e+01,6.651734184862829125e+01,-3.538752439081286383e+01
1.240000000000000036e+01,-9.892139032275702348e+00,-4.928786878671276384e+01,6.552563335050184889e+01,-3.543838968746234031e+01
1.241000000000000014e+01,-9.906209329271485231e+00,-5.049137582347740505e+01,6.454933447530689250e+01,-3.546301710391284701e+01
1.241999999999999993e+01,-9.920213673535414500e+00,-5.169531086212977300e+01,6.358886035352249166e+01,-3.546266100932528786e+01
1.242999999999999972e+01,-9.934144487550950586e+00,-5.289964297646660896e+01,6.264455559705986332e+01,-3.543854418720904675e+01
1.243999999999999950e+01,-9.947994241058955467e+00,-5.410434124661554733e+01,6.171669940505262986e+01,-3.539185562151446618e+01
1.244999999999999929e+01,-9.961755461616096596e+00,-5.530937480273811957e+01,6.080551051014872144e+01,-3.532374872817974421e+01
1.246000000000000085e+01,-9.975420745440455761e+00,-5.651471286837436736e+01,5.991115194463450422e+01,-3.523533999048191134e+01
1.247000000000000064e+01,-9.988982768530277667e+00,-5.772032480331646553e+01,5.903373561064484676e+01,-3.512770795814967784e+01
1.248000000000000043e+01,-1.000243429804034179e+01,-5.892618014589902486e+01,5.817332664306047008e+01,-3.500189257209569860e+01
1.249000000000000021e+01,-1.001576820389971090e+01,-6.013224865458661128e+01,5.732994755750245019e+01,-3.485889477873139697e+01
1.250000000000000000e+01,-1.002897747065334144e+01,-6.133850034874566859e+01,5.650358217912061320e+01,-3.469967640007116216e+01
1.250999999999999979e+01,-1.004205520950872277e+01,-6.254490554847685502e+01,5.569417935069812842e+01,-3.452516022815287045e+01
1.251999999999999957e+01,-1.005499467056819540e+01,-6.375143491339210300e+01,5.490165642097164067e+01,-3.433623031464421160e+01
1.252999999999999936e+01,-1.006778925522601753e+01,-6.495805948021484255e+01,5.412590251605839597e+01,-3.413373242883607617e+01
1.253999999999999915e+01,-1.008043252870846018e+01,-6.616475069908346995e+01,5.336678159851327763e+01,-3.391847465950476703e+01
1.255000000000000071e+01,-1.009291823273461475e+01,-6.737148046844212956e+01,5.262413531985255588e+01,-3.369122813833089225e+01
1.256000000000000050e+01,-1.010524029827377213e+01,-6.857822116839612647e+01,5.189778567342084870e+01,-3.345272786468221682e+01
1.257000000000000028e+01,-1.011739285837524527e+01,-6.978494569241877343e+01,5.118753745526301913e+01,-3.320367361357009628e+01
1.258000000000000007e+01,-1.012937026104543392e+01,-7.099162747729269540e+01,5.049318054124199762e+01,-3.294473091048347158e+01
1.258999999999999986e+01,-1.014116708214568163e+01,-7.219824053117909557e+01,4.981449198903120390e+01,-3.267653205857229892e+01
1.259999999999999964e+01,-1.015277813828445019e+01,-7.340475945969765803e+01,4.915123797385355431e+01,-3.239967720529720197e+01
1.260999999999999943e+01,-1.016419849967630995e+01,-7.461115948992049596e+01,4.850317556693213561e+01,-3.211473543717968226e+01
1.261999999999999922e+01,-1.017542350293974174e+01,-7.581741649217167378e+01,4.787005436561854310e+01,-3.182224589268571080e+01
1.263000000000000078e+01,-1.018644876380546549e+01,-7.702350699954129709e+01,4.725161798405912350e+01,-3.152271888455002369e+01
1.264000000000000057e+01,-1.019727018970609755e+01,-7.822940822502123126e+01,4.664760541308938002e+01,-3.121663702401300355e+01
1.265000000000000036e+01,-1.020788399221860310e+01,-7.943509807617422780e+01,4.605775225781652438e+01,-3.090445634049295265e+01
1.266000000000000014e+01,-1.021828669932931888e+01,-8.064055516726045880e+01,4.548179186106656147e+01,-3.058660739116860583e+01
1.266999999999999993e+01,-1.022847516749315666e+01,-8.184575882874766251e+01,4.491945632056501125e+01,-3.026349635579601483e+01
1.267999999999999972e+01,-1.023844659345654762e+01,-8.305068911413657418e+01,4.437047740737992996e+01,-2.993550611285283480e+01
1.268999999999999950e+01,-1.024819852581531165e+01,-8.425532680404801056e+01,4.383458739280035843e+01,-2.960299729377696565e+01
1.269999999999999929e+01,-1.025772887627825369e+01,-8.545965340751710926e+01,4.331151979046195066e+01,-2.926630931267288460e+01
1.271000000000000085e+01,-1.026703593060750386e+01,-8.666365116045498951e+01,4.280101002015994993e+01,-2.892576136939070253e+01
1.272000000000000064e+01,-1.027611835920723848e+01,-8.786730302124266245e+01,4.230279599942358004e+01,-2.858165342435088263e+01
1.273000000000000043e+01,-1.028497522733317560e+01,-8.907059266343590309e+01,4.181661866856070731e+01,-2.823426714389621495e+01
1.274000000000000021e+01,-1.029360600489538058e+01,-9.027350446556160080e+01,4.134222245452841094e+01,-2.788386681531202171e+01
1.275000000000000000e+01,-1.030201057582812751e+01,-9.147602349800328625e+01,4.087935567863616626e+01,-2.753070023096204721e+01
1.275999999999999979e+01,-1.031018924700149597e+01,-9.267813550697623270e+01,4.042777091275812040e+01,-2.717499954125473849e+01
1.276999999999999957e+01,-1.031814275665001190e+01,-9.387982689560716665e+01,3.998722528840706758e+01,-2.681698207638286746e+01
1.277999999999999936e+01,-1.032587228229515119e+01,-9.508108470214311581e+01,3.955748076271823521e+01,-2.645685113697113522e+01
1.278999999999999915e+01,-1.033337944813963638e+01,-9.628189657531680723e+01,3.913830434510139611e+01,-2.609479675393252052e+01
1.280000000000000071e+01,-1.034066633191267925e+01,-9.748225074691555392e+01,3.872946828804067820e+01,-2.573099641796710202e+01
1.281000000000000050e+01,-1.034773547114714809e+01,-9.868213600160272847e+01,3.833075024526397812e+01,-2.536561577925139233e+01
1.282000000000000028e+01,-1.035458986887062771e+01,-9.988154164405128199e+01,3.794193340025785233e+01,-2.499880931795791028e+01
1.283000000000000007e+01,-1.036123299869445802e+01,-1.010804574634649526e+02,3.756280656787185990e+01,-2.463072098631537443e+01
1.283999999999999986e+01,-1.036766880928654189e+01,-1.022788736955563564e+02,3.719316427154659266e+01,-2.426148482298143350e+01
1.284999999999999964e+01,-1.037390172821489642e+01,-1.034767809820765763e+02,3.683280679849163874e+01,-2.389122554053956193e+01
1.285999999999999943e+01,-1.037993666515194846e+01,-1.046741703279857632e+02,3.648154023495912668e+01,-2.352005908696513714e+01
1.286999999999999922e+01,-1.038577901443019158e+01,-1.058710330563723261e+02,3.613917648357868018e+01,-2.314809318192606824e+01
1.288000000000000078e+01,-1.039143465694308688e+01,-1.070673607612214511e+02,3.580553326456480079e+01,-2.277542782879821814e+01
1.289000000000000057e+01,-1.039690996138588552e+01,-1.082631452581558733e+02,3.548043410245082185e+01,-2.240215580327839717e+01
1.290000000000000036e+01,-1.040221178483435871e+01,-1.094583785332666963e+02,3.516370829987103974e+01,-2.202836311947791259e+01
1.291000000000000014e+01,-1.040734747266046512e+01,-1.106530526901566702e+02,3.485519089978269847e+01,-2.165412947437579305e+01
1.291999999999999993e+01,-1.041232485778689032e+01,-1.118471598953344710e+02,3.455472263739994077e+01,-2.127952867149573635e+01
1.292999999999999972e+01,-1.041715225928389010e+01,-1.130406923220851780e+02,3.426214988300662867e+01,-2.090462902466308037e+01
1.293999999999999950e+01,-1.042183848031463000e+01,-1.142336420929573677e+02,3.397732457671250472e+01,-2.052949374267747018e+01
1.294999999999999929e+01,-1.042639280543659019e+01,-1.154260012210066577e+02,3.370010415612488686e+01,-2.015418129572016426e+01
1.296000000000000085e+01,-1.043082499726937939e+01,-1.166177615499303215e+02,3.343035147782589434e+01,-1.977874576429598008e+01
1.297000000000000064e+01,-1.043514529254069956e+01,-1.178089146932414906e+02,3.316793473346309185e+01,-1.940323717148564242e+01
1.298000000000000043e+01,-1.043936439752488354e+01,-1.189994519726112969e+02,3.291272736119593390e+01,-1.902770179926752547e+01
1.299000000000000021e+01,-1.044349348288948498e+01,-1.201893643555285394e+02,3.266460795316751842e+01,-1.865218248963998704e+01
1.300000000000000000e+01,-1.044754417796814394e+01,-1.213786423924025684e+02,3.242346015961746275e+01,-1.827671893125873481e+01
1.300999999999999979e+01,-1.045152856447916179e+01,-1.225672761532527915e+02,3.218917259019029586e+01,-1.790134793227545984e+01
1.301999999999999957e+01,-1.045545916971106593e+01,-1.237552551641044829e+02,3.196163871294717751e+01,-1.752610368004861030e+01
1.302999999999999936e+01,-1.045934895919811858e+01,-1.249425683432214527e+02,3.174075675153829224e+01,-1.715101798837013547e+01
1.303999999999999915e+01,-1.046321132890997596e+01,-1.261292039372948324e+02,3.152642958095028192e+01,-1.677612053283359472e+01
1.305000000000000071e+01,-1.046706009698165474e+01,-1.273151494576963216e+02,3.131856462220505577e+01,-1.640143907494912767e+01
1.306000000000000050e+01,-1.047090949501015444e+01,-1.285003916169095248e+02,3.111707373634409279e+01,-1.602699967558885774e+01
1.307000000000000028e+01,-1.047477415894697295e+01,-1.296849162652310383e+02,3.092187311800379490e+01,-1.565282689832934615e+01
1.308000000000000007e+01,-1.047866911961425984e+01,-1.308687083278375951e+02,3.073288318884775450e+01,-1.527894400323860857e+01
1.308999999999999986e+01,-1.048260979287620565e+01,-1.320517517422974549e+02,3.055002849109904162e+01,-1.490537313163698308e+01
1.309999999999999964e+01,-1.048661196949528218e+01,-1.332340293965993396e+02,3.037323758138069252e+01,-1.453213548234603003e+01
1.310999999999999943e+01,-1.049069180470529972e+01,-1.344155230677660029e+02,3.020244292504890993e+01,-1.415925147992015098e+01
1.311999999999999922e+01,-1.049486580753323572e+01,-1.355962133610953799e+02,3.003758079117931601e+01,-1.378674093534509737e+01
1.313000000000000078e+01,-1.049915082990153437e+01,-1.367760796500813569e+02,2.987859114833795715e+01,-1.341462319966711902e+01
1.314000000000000057e+01,-1.050356405554386541e+01,-1.379551000170366706e+02,2.972541756125138335e+01,-1.304291731100632035e+01
1.315000000000000036e+01,-1.050812298876622464e+01,-1.391332511944419252e+02,2.957800708846306748e+01,-1.267164213539138196e+01
1.316000000000000014e+01,-1.051284544308589375e+01,-1.403105085070260145e+02,2.943631018104571950e+01,-1.230081650184081887e+01
1.316999999999999993e+01,-1.051774952978027855e+01,-1.414868458145713248e+02,2.930028058241713396e+01,-1.193045933210286691e+01
1.317999999999999972e+01,-1.052285364637725884e+01,-1.426622354554320395e+02,2.916987522928707932e+01,-1.156058976545152994e+01
1.318999999999999950e+01,-1.052817646511797989e+01,-1.438366481907285674e+02,2.904505415374420707e+01,-1.119122727892787061e+01
1.319999999999999929e+01,-1.053373692142283602e+01,-1.450100531491855236e+02,2.892578038647236482e+01,-1.082239180339772844e+01
1.321000000000000085e+01,-1.053955420238962937e+01,-1.461824177725499965e+02,2.881201986106695045e+01,-1.045410383579158520e+01
1.322000000000000064e+01,-1.054564773535382649e+01,-1.473537077615303303e+02,2.870374131940569740e+01,-1.008638454787365113e+01
1.323000000000000043e+01,-1.055203717653676598e+01,-1.485238870221713228e+02,2.860091621800554051e+01,-9.719255891881093845e+00
1.324000000000000021e+01,-1.055874239981002205e+01,-1.496929176125761671e+02,2.850351863528538132e+01,-9.352740703357655505e+00
1.325000000000000000e+01,-1.056578348560009317e+01,-1.508607596898709744e+02,2.841152517963179136e+01,-8.986862801496069864e+00
1.325999999999999979e+01,-1.057318070995717463e+01,-1.520273714572939809e+02,2.832491489814887942e+01,-8.621647087290778444e+00
1.326999999999999957e+01,-1.058095453381086415e+01,-1.531927091112808625e+02,2.824366918595710274e+01,-8.257119639789069154e+00
1.327999999999999936e+01,-1.058912559243287177e+01,-1.543567267884040461e+02,2.816777169588593921e+01,-7.893307810716193806e+00
1.328999999999999915e+01,-1.059771468512580128e+01,-1.555193765120136788e+02,2.809720824838909792e+01,-7.530240317736002886e+00
1.330000000000000071e+01,-1.060674276515520376e+01,-1.566806081384164031e+02,2.803196674149311107e+01,-7.167947336593678997e+00
1.331000000000000050e+01,-1.061623092994002349e+01,-1.578403693024102665e+02,2.797203706057277017e+01,-6.806460592374776297e+00
1.332000000000000028e+01,-1.062620041151452099e+01,-1.589986053619918209e+02,2.791741098772858720e+01,-6.445813450096097519e+00
1.333000000000000007e+01,-1.063667256727294053e+01,-1.601552593420309165e+02,2.786808211052465012e+01,-6.086041004830371470e+00
1.333999999999999986e+01,-1.064766887100549297e+01,-1.613102718767073043e+02,2.782404572982655466e+01,-5.727180171546668142e+00
1.334999999999999964e+01,-1.065921090423291062e+01,-1.624635811504782623e+02,2.778529876646353358e+01,-5.369269774833886899e+00
1.335999999999999943e+01,-1.067132034784296302e+01,-1.636151228373495030e+02,2.775183966641812461e+01,-5.012350638652026902e+00
1.336999999999999922e+01,-1.068401897403174772e+01,-1.647648300381999320e+02,2.772366830423298367e+01,-4.656465676237568907e+00
1.338000000000000078e+01,-1.069732863854819627e+01,-1.659126332159061121e+02,2.770078588430355993e+01,-4.301659980266652639e+00
1.339000000000000057e+01,-1.071127127323898165e+01,-1.670584601279991261e+02,2.768319483971049877e+01,-3.947980913356669674e+00
1.340000000000000036e+01,-1.072586887888778762e+01,-1.682022357565726907e+02,2.767089872822815622e+01,-3.595478198963221406e+00
1.341000000000000014e+01,-1.074114351833941683e+01,-1.693438822351550641e+02,2.766390212512717994e+01,-3.244204012702009088e+00
1.341999999999999993e+01,-1.075711730989792159e+01,-1.704833187722445302e+02,2.766221051237604200e+01,-2.894213074097037985e+00
1.342999999999999972e+01,-1.077381242098292091e+01,-1.716204615711947952e+02,2.766583016382708138e+01,-2.545562738728077257e+00
1.343999999999999950e+01,-1.079125106202651452e+01,-1.727552237461281095e+02,2.767476802595965069e+01,-2.198313090716891072e+00
1.344999999999999929e+01,-1.080945548058928196e+01,-1.738875152335453151e+02,2.768903159373771317e+01,-1.852527035457044224e+00
1.346000000000000085e+01,-1.082844795567048557e+01,-1.750172426992781709e+02,2.770862878112581029e+01,-1.508270392459536646e+00
1.347000000000000064e+01,-1.084825079218378896e+01,-1.761443094404347107e+02,2.773356778579414694e+01,-1.165611988142033040e+00
1.348000000000000043e+01,-1.086888631556622542e+01,-1.772686152819661345e+02,2.776385694753336253e+01,-8.246237483518125133e-01
1.349000000000000021e+01,-1.089037686648377523e+01,-1.783900564674684119e+02,2.779950459988880596e+01,-4.853807903684894676e-01
1.350000000000000000e+01,-1.091274479559329258e+01,-1.795085255438320360e+02,2.784051891451779426e+01,-1.479615140825943365e-01
1.350999999999999979e+01,-1.093601245831471402e+01,1.793760887606730705e+02,2.788690773776484377e+01,1.875523080002770848e-01
1.351999999999999957e+01,-1.096020220956421376e+01,1.782639016652967712e+02,2.793867841894967796e+01,5.210754423348225028e-01
1.352999999999999936e+01,-1.098533639839257958e+01,1.771550324731182400e+02,2.799583762985958657e+01,8.525191079540870298e-01
1.353999999999999915e+01,-1.101143736246810612e+01,1.760496047152241488e+02,2.805839117494141988e+01,1.181790892647246016e+00
1.355000000000000071e+01,-1.103852742233776851e+01,1.749477463032056903e+02,2.812634379169525189e+01,1.508794672283222171e+00
1.356000000000000050e+01,-1.106662887539328111e+01,1.738495896904543088e+02,2.819969894078049677e+01,1.833430533927761008e+00
1.357000000000000028e+01,-1.109576398946227016e+01,1.727552720427442807e+02,2.827845858536082346e+01,2.155594703472406781e+00
1.358000000000000007e+01,-1.112595499593814274e+01,1.716649354185998106e+02,2.836262295923602750e+01,2.475179478567646640e+00
1.358999999999999986e+01,-1.115722408235280128e+01,1.705787269599711067e+02,2.845219032333148235e+01,2.792073167724400395e+00
1.359999999999999964e+01,-1.118959338428915373e+01,1.694967990937450395e+02,2.854715671015125622e+01,3.106160036530453805e+00
1.360999999999999943e+01,-1.122308497652068304e+01,1.684193097446354557e+02,2.864751565583958737e+01,3.417320262007461196e+00
1.361999999999999922e+01,-1.125772086325446075e+01,1.673464225600099553e+02,2.875325791954128718e+01,3.725429896219070613e+00
1.363000000000000078e+01,-1.129352296734478145e+01,1.662783071472275367e+02,2.886437118981104533e+01,4.030360840323575999e+00
1.364000000000000057e+01,-1.133051311833047414e+01,1.652151393240617665e+02,2.898083977788289900e+01,4.331980830356164880e+00
1.365000000000000036e+01,-1.136871303913812703e+01,1.641571013828046546e+02,2.910264429769118522e+01,4.630153436109452514e+00
1.366000000000000014e+01,-1.140814433127751926e+01,1.631043823686514713e+02,2.922976133261719411e+01,4.924738074570877089e+00
1.366999999999999993e+01,-1.144882845834146501e+01,1.620571783729668311e+02,2.936216308903765437e+01,5.215590039464142791e+00
1.367999999999999972e+01,-1.149078672760483322e+01,1.610156928420439613e+02,2.949981703686098200e+01,5.502560548524940920e+00
1.368999999999999950e+01,-1.153404026949906402e+01,1.599801369019626236e+02,2.964268553736196665e+01,5.785496810225628117e+00
1.369999999999999929e+01,-1.157861001471927231e+01,1.589507297001463826e+02,2.979072545876677935e+01,6.064242111741758201e+00
1.371000000000000085e+01,-1.162451666869810296e+01,1.579276987642139716e+02,2.994388778019132857e+01,6.338635930024809184e+00
1.372000000000000064e+01,-1.167178068315802442e+01,1.569112803786884456e+02,3.010211718470963760e+01,6.608514067913954904e+00
1.373000000000000043e+01,-1.172042222442648907e+01,1.559017199801263303e+02,3.026535164251011523e+01,6.873708817269558402e+00
1.374000000000000021e+01,-1.177046113817169726e+01,1.548992725711649143e+02,3.043352198530462971e+01,7.134049151162507485e+00
1.375000000000000000e+01,-1.182191691018451252e+01,1.539042031539672450e+02,3.060655147336926518e+01,7.389360947177227246e+00
1.375999999999999979e+01,-1.187480862279967475e+01,1.529167871834595189e+02,3.078435535683380664e+01,7.639467243906538307e+00
1.376999999999999957e+01,-1.192915490651312460e+01,1.519373110407015872e+02,3.096684043308649592e+01,7.884188532705935337e+00
1.377999999999999936e+01,-1.198497388631230898e+01,1.509660725266228098e+02,3.115390460242658932e+01,8.123343086752143449e+00
1.378999999999999915e+01,-1.204228312219456321e+01,1.500033813762420891e+02,3.134543642437889943e+01,8.356747329398277913e+00
1.380000000000000071e+01,-1.210109954330198434e+01,1.490495597933522731e+02,3.154131467737676786e+01,8.584216243737188279e+00
1.381000000000000050e+01,-1.216143937505234263e+01,1.481049430054718528e+02,3.174140792482571527e+01,8.805563825175385162e+00
1.382000000000000028e+01,-1.222331805859118958e+01,1.471698798386627516e+02,3.194557409087125066e+01,9.020603578673735967e+00
1.383000000000000007e+01,-1.228675016183393964e+01,1.462447333115615038e+02,3.215366004951484058e+01,9.229149062128980674e+00
1.383999999999999986e+01,-1.235174928130543393e+01,1.453298812476767523e+02,3.236550123104270682e+01,9.431014477145929220e+00
1.384999999999999964e+01,-1.241832793391878553e+01,1.444257169046617832e+02,3.258092125004955619e+01,9.626015308181495200e+00
1.385999999999999943e+01,-1.248649743776678100e+01,1.435326496188400540e+02,3.279973155965426201e+01,9.813969010732337850e+00
1.386999999999999922e+01,-1.255626778092720031e+01,1.426511054627997908e+02,3.302173113680350980e+01,9.994695748867810536e+00
1.388000000000000078e+01,-1.262764747720495606e+01,1.417815279132847195e+02,3.324670620383919584e+01,1.016801918200416388e+01
1.389000000000000057e+01,-1.270064340765923561e+01,1.409243785259577066e+02,3.347442999176793421e+01,1.033376730034395230e+01
1.390000000000000036e+01,-1.277526064667837424e+01,1.400801376128317770e+02,3.370466255088892638e+01,1.049177330789282614e+01
1.391000000000000014e+01,-1.285150227128663225e+01,1.392493049172749977e+02,3.393715061462572891e+01,1.064187655139212829e+01
1.391999999999999993e+01,-1.292936915228338712e+01,1.384324002804628151e+02,3.417162752253953073e+01,1.078392349288665919e+01
1.392999999999999972e+01,-1.300885972573619931e+01,1.376299642919498751e+02,3.440781320858177139e+01,1.091776872298097345e+01
1.393999999999999950e+01,-1.308996974327313545e+01,1.368425589156768467e+02,3.464541426065287055e+01,1.104327601112327173e+01
1.394999999999999929e+01,-1.317269199955164005e+01,1.360707680811543412e+02,3.488412405747082801e+01,1.116031938850726668e+01
1.396000000000000085e+01,-1.325701603522332128e+01,1.353151982277927630e+02,3.512362298860239918e+01,1.126878425839827713e+01
1.397000000000000064e+01,-1.334292781367071079e+01,1.345764787883054510e+02,3.536357876326774630e+01,1.136856852788881156e+01
1.398000000000000043e+01,-1.343040936977147659e+01,1.338552625948446462e+02,3.560364681318463909e+01,1.145958375426488729e+01
1.399000000000000021e+01,-1.351943842894890579e+01,1.331522261889329002e+02,3.584347079426539295e+01,1.154175629835234140e+01
1.400000000000000000e+01,-1.360998799481033927e+01,1.324680700133884557e+02,3.608268319141363634e+01,1.161502847639965808e+01
1.400999999999999979e+01,-1.370202590375834184e+01,1.318035184612196815e+02,3.632090602998077600e+01,1.167935970128150558e+01
1.401999999999999957e+01,-1.379551434510346297e+01,1.311593197529285248e+02,3.655775169663751711e+01,1.173472760306938945e+01
1.402999999999999936e+01,-1.389040934541851158e+01,1.305362456097678603e+02,3.679282387148810329e+01,1.178112911834593568e+01
1.403999999999999915e+01,-1.398666021617169264e+01,1.299350906862664203e+02,3.702571857220998197e+01,1.181858153704956393e+01
1.405000000000000071e+01,-1.408420896407644562e+01,1.293566717207858403e+02,3.725602530984268412e+01,1.184712349514626339e+01
1.406000000000000050e+01,-1.418298966412139706e+01,1.288018263580438827e+02,3.748332835458786150e+01,1.186681590105303563e+01
1.407000000000000028e+01,-1.428292779591282979e+01,1.282714115924723615e+02,3.770720810862508188e+01,1.187774278351060708e+01
1.408000000000000007e+01,-1.438393954480793724e+01,1.277663017760896906e+02,3.792724258151987016e+01,1.188001204852625214e+01
1.408999999999999986e+01,-1.448593107035453542e+01,1.272873861293996924e+02,3.814300896230038518e+01,1.187375613310732625e+01
1.409999999999999964e+01,-1.458879774582297451e+01,1.268355656887971179e+02,3.835408528075715395e+01,1.185913254379829596e+01
1.410999999999999943e+01,-1.469242337413748167e+01,1.264117496193967867e+02,3.856005214897334810e+01,1.183632426851809960e+01
1.411999999999999922e+01,-1.479667938731773980e+01,1.260168508183171099e+02,3.876049457256848285e+01,1.180554005089717151e+01
1.413000000000000078e+01,-1.490142403865115028e+01,1.256517807306932326e+02,3.895500381965583614e+01,1.176701451722137826e+01
1.414000000000000057e+01,-1.500650159924643035e+01,1.253174432994933767e+02,3.914317933410715256e+01,1.172100814721644291e+01
1.415000000000000036e+01,-1.511174157338198043e+01,1.250147279711442536e+02,3.932463067842452631e+01,1.166780708123690324e+01
1.416000000000000014e+01,-1.521695795014256802e+01,1.247445016826866606e+02,3.949897949036031264e+01,1.160772275795786967e+01
1.416999999999999993e+01,-1.532194851222032028e+01,1.245075997634335891e+02,3.966586143644928342e+01,1.154109137837655652e+01
1.417999999999999972e+01,-1.542649422637343548e+01,1.243048156957144101e+02,3.982492814483570243e+01,1.146827319380874144e+01
1.418999999999999950e+01,-1.553035874381357040e+01,1.241368896961505044e+02,3.997584909923210006e+01,1.138965161757207767e+01
1.419999999999999929e+01,-1.563328804259657190e+01,1.240044961018965068e+02,4.011831347555597205e+01,1.130563216216349254e+01
1.421000000000000085e+01,-1.573501024774992096e+01,1.239082295762819257e+02,4.025203190277224508e+01,1.121664120591559666e+01
1.422000000000000064e+01,-1.583523566814873362e+01,1.238485901859862253e+02,4.037673812973520171e+01,1.112312459533029774e+01
1.423000000000000043e+01,-1.593365709177723843e+01,1.238259674477562413e+02,4.049219058039570740e+01,1.102554609148239351e+01
1.424000000000000021e+01,-1.602995038262564265e+01,1.238406234968882416e+02,4.059817378059028670e+01,1.092438567102550806e+01
1.425000000000000000e+01,-1.612377542269758379e+01,1.238926755917397031e+02,4.069449964078685156e+01,1.082013769437304163e+01
1.425999999999999979e+01,-1.621477744100003804e+01,1.239820782373896719e+02,4.078100858058373746e+01,1.071330895552232398e+01
1.426999999999999957e+01,-1.630258876752250075e+01,1.241086052852495243e+02,4.085757048243711154e+01,1.060441662969789256e+01
1.427999999999999936e+01,-1.638683104367109422e+01,1.242718324409395052e+02,4.092408546400932323e+01,1.049398613647969292e+01
1.428999999999999915e+01,-1.646711791104854683e+01,1.244711206862032213e+02,4.098048446062533401e+01,1.038254893731106066e+01
1.430000000000000071e+01,-1.654305818765653768e+01,1.247056011868329648e+02,4.102672961159336751e+01,1.027064028722923439e+01
1.431000000000000050e+01,-1.661425952449626919e+01,1.249741623116516678e+02,4.106281444651294521e+01,1.015879696130149590e+01
1.432000000000000028e+01,-1.668033251638871306e+01,1.252754394208081976e+02,4.108876387014007037e+01,1.004755497657355612e+01
1.433000000000000007e+01,-1.674089521914939738e+01,1.256078080882784604e+02,4.110463394683645078e+01,9.937447330329131745e+00
1.433999999999999986e+01,-1.679557800190891825e+01,1.259693813970804968e+02,4.111051148806502198e+01,9.829001775136019248e+00
1.434999999999999964e+01,-1.684402863959621754e+01,1.263580118813000723e+02,4.110651344874877822e+01,9.722738650503739422e+00
1.435999999999999943e+01,-1.688591752792969203e+01,1.267712985834756978e+02,4.109278614054997547e+01,9.619168790036104255e+00
1.436999999999999922e+01,-1.692094288345403186e+01,1.272065995491905142e+02,4.106950427219727118e+01,9.518791521736758909e+00
1.438000000000000078e+01,-1.694883577607004455e+01,1.276610498962055260e+02,4.103686982887151657e+01,9.422092777666257746e+00
1.439000000000000057e+01,-1.696936483289462316e+01,1.281315853807164160e+02,4.099511080430334431e+01,9.329543327454752344e+00
1.440000000000000036e+01,-1.698234045160712213e+01,1.286149711493279710e+02,4.094447980063172565e+01,9.241597148328484224e+00
1.441000000000000014e+01,-1.698761836965538308e+01,1.291078351267283608e+02,4.088525251219554946e+01,9.158689942313818833e+00
1.441999999999999993e+01,-1.698510245307152644e+01,1.296067052623283757e+02,4.081772611026470798e+01,9.081237809200180422e+00
1.442999999999999972e+01,-1.697474659467628300e+01,1.301080496613877528e+02,4.074221754627279779e+01,9.009636081715100886e+00
1.443999999999999950e+01,-1.695655564479529076e+01,1.306083184733313942e+02,4.065906179137425625e+01,8.944258327226508598e+00
1.444999999999999929e+01,-1.693058533622733464e+01,1.311039863147819062e+02,4.056861003014495992e+01,8.885455518182768131e+00
1.446000000000000085e+01,-1.689694120647973818e+01,1.315915939755396948e+02,4.047122782596735391e+01,8.833555371471184969e+00
1.447000000000000064e+01,-1.685577656136210223e+01,1.320677881948538470e+02,4.036729327513577203e+01,8.788861854940794416e+00
1.448000000000000043e+01,-1.680728956202738900e+01,1.325293583994706523e+02,4.025719516597894909e+01,8.751654857537969789e+00
1.449000000000000021e+01,-1.675171954995403212e+01,1.329732694551166219e+02,4.014133115838419030e+01,8.722190017864962286e+00
1.450000000000000000e+01,-1.668934274919977767e+01,1.333966896860607108e+02,4.002010599801365487e+01,8.700698704500441139e+00
1.450999999999999979e+01,-1.662046750133220385e+01,1.337970136469025988e+02,3.989392977829775333e+01,8.687388140140237525e+00
1.451999999999999957e+01,-1.654542919532938328e+01,1.341718793696638272e+02,3.976321626196861558e+01,8.682441660541915240e+00
1.452999999999999936e+01,-1.646458505285160712e+01,1.345191800413001602e+02,3.962838127251205123e+01,8.686019098368486624e+00
1.453999999999999915e+01,-1.637830891963757196e+01,1.348370702777677366e+02,3.948984116449462078e+01,8.698257281349572878e+00
1.455000000000000071e+01,-1.628698619788955071e+01,1.351239673401955201e+02,3.934801138027331291e+01,8.719270633689717442e+00
1.456000000000000050e+01,-1.619100903418289406e+01,1.353785477795853467e+02,3.920330509917962303e+01,8.749151869356333933e+00
1.457000000000000028e+01,-1.609077185449335445e+01,1.355997400960062294e+02,3.905613198386842555e+01,8.787972765754455295e+00
1.458000000000000007e+01,-1.598666731413792341e+01,1.357867140569479432e+02,3.890689702718908194e+01,8.835785006328546132e+00
1.458999999999999986e+01,-1.587908270724998872e+01,1.359388673407262615e+02,3.875599950166844820e+01,8.892621080819823831e+00
1.459999999999999964e+01,-1.576839685904560362e+01,1.360558101599951328e+02,3.860383201251547547e+01,8.958495232211351578e+00
1.460999999999999943e+01,-1.565497750539387667e+01,1.361373484838869672e+02,3.845077965396961162e+01,9.033404439820479581e+00
1.461999999999999922e+01,-1.553917914857615479e+01,1.361834664219747424e+02,3.829721926783502539e+01,9.117329428506829814e+00
1.463000000000000078e+01,-1.542134136577250914e+01,1.361943082656247554e+02,3.814351880216445068e+01,9.210235694557223241e+00
1.464000000000000057e+01,-1.530178753769812161e+01,1.361701606082930880e+02,3.799003676729314094e+01,9.312074539456794753e+00
1.465000000000000036e+01,-1.518082395867914336e+01,1.361114348908295142e+02,3.783712178576885066e+01,9.422784103443291315e+00
1.466000000000000014e+01,-1.505873928594209765e+01,1.360186506447345209e+02,3.768511223217016237e+01,9.542290391460397814e+00
1.466999999999999993e+01,-1.493580428458353815e+01,1.358924196383379126e+02,3.753433595836855829e+01,9.670508284855690917e+00
1.467999999999999972e+01,-1.481227182512979113e+01,1.357334310698986712e+02,3.738511009943552210e+01,9.807342532902456611e+00
1.468999999999999950e+01,-1.468837709238670897e+01,1.355424378986256500e+02,3.723774095514996674e+01,9.952688718942685142e+00
1.469999999999999929e+01,-1.456433796700888017e+01,1.353202443599323033e+02,3.709252394188448676e+01,1.010643419665519183e+01
1.471000000000000085e+01,-1.444035554457188297e+01,1.350676946746854696e+02,3.694974360956200599e+01,1.026845899262838024e+01
1.472000000000000064e+01,-1.431661476062276606e+01,1.347856629332780471e+02,3.680967371835405544e+01,1.043863667205918411e+01
1.473000000000000043e+01,-1.419328509398830462e+01,1.344750441133059837e+02,3.667257736982362815e+01,1.061683516500749569e+01
1.474000000000000021e+01,-1.407052132438464653e+01,1.341367461735778477e+02,3.653870718731601386e+01,1.080291755119732855e+01
1.475000000000000000e+01,-1.394846432395930691e+01,1.337716831562586606e+02,3.640830554053571433e+01,1.099674280187679010e+01
1.475999999999999979e+01,-1.382724186573161695e+01,1.333807692222626429e+02,3.628160480941972565e+01,1.119816647772525364e+01
1.476999999999999957e+01,-1.370696943493966202e+01,1.329649135417375589e+02,3.615882768263148250e+01,1.140704138221960307e+01
1.477999999999999936e+01,-1.358775103201034185e+01,1.325250159608891067e+02,3.604018748622691959e+01,1.162321817025956605e+01
1.478999999999999915e+01,-1.346967995825101916e+01,1.320619633678702485e+02,3.592588853828807771e+01,1.184654591218594177e+01
1.480000000000000071e+01,-1.335283957743025773e+01,1.315766266833805389e+02,3.581612652559608989e+01,1.207687261362042364e+01
1.481000000000000050e+01,-1.323730404816734030e+01,1.310698584056472953e+02,3.571108889866700764e+01,1.231404569180859276e+01
1.482000000000000028e+01,-1.312313902354103767e+01,1.305424906440932489e+02,3.561095528176386438e+01,1.255791240935940500e+01
1.483000000000000007e+01,-1.301040231555376359e+01,1.299953335810568547e+02,3.551589789475897874e+01,1.280832026645299315e+01
1.483999999999999986e+01,-1.289914452310259030e+01,1.294291743061174884e+02,3.542608198399948805e+01,1.306511735272552421e+01
1.484999999999999964e+01,-1.278940962291875039e+01,1.288447759727588675e+02,3.534166625958342678e+01,1.332815266015371769e+01
1.485999999999999943e+01,-1.268123552359034889e+01,1.282428772321123063e+02,3.526280333672002598e+01,1.359727635834104298e+01
1.486999999999999922e+01,-1.257465458328108099e+01,1.276241919033427052e+02,3.518964017907811836e+01,1.387234003366254065e+01
1.488000000000000078e+01,-1.246969409214846003e+01,1.269894088447266114e+02,3.512231854227287187e+01,1.415319689375308876e+01
1.489000000000000057e+01,-1.236637672074208005e+01,1.263391919936450165e+02,3.506097541585186406e+01,1.443970193884202757e+01
1.490000000000000036e+01,-1.226472093586718870e+01,1.256741805475758014e+02,3.500574346235086409e+01,1.473171210141702581e+01
1.491000000000000014e+01,-1.216474138552836948e+01,1.249949892616295983e+02,3.495675145218302049e+01,1.502908635568731022e+01
1.491999999999999993e+01,-1.206644925464716778e+01,1.243022088413679143e+02,3.491412469329762303e+01,1.533168579826623201e+01
1.492999999999999972e+01,-1.196985259328116058e+01,1.235964064124330974e+02,3.487798545471458311e+01,1.563937370145389671e+01
1.493999999999999950e+01,-1.187495661907278510e+01,1.228781260510934032e+02,3.484845338318162078e+01,1.595201554042702163e+01
1.494999999999999929e+01,-1.178176399562982191e+01,1.221478893620140269e+02,3.482564591234193330e+01,1.626947899558368249e+01
1.496000000000000085e+01,-1.169027508849289454e+01,1.214061960915697256e+02,3.480967866391466714e+01,1.659163393120935837e+01
1.497000000000000064e+01,-1.160048820028767302e+01,1.206535247667651305e+02,3.480066584050115353e+01,1.691835235154371375e+01
1.498000000000000043e+01,-1.151239978658384189e+01,1.198903333513355136e+02,3.479872060971761272e+01,1.724950833525358007e+01
1.499000000000000021e+01,-1.142600465391488562e+01,1.191170599119621869e+02,3.480395547944738865e+01,1.758497794920850055e+01
1.500000000000000000e+01,-1.134129614132053021e+01,1.183341232886991179e+02,3.481648266405309755e+01,1.792463914237733746e+01
1.500999999999999979e+01,-1.125826628670242968e+01,1.175419237646811297e+02,3.483641444147313138e+01,1.826837162056360953e+01
1.501999999999999957e+01,-1.117690597919219897e+01,1.167408437311146798e+02,3.486386350114391064e+01,1.861605670259742951e+01
1.502999999999999936e+01,-1.109720509865677762e+01,1.159312483442388952e+02,3.489894328274975521e+01,1.896757715851268600e+01
1.503999999999999915e+01,-1.101915264338202505e+01,1.151134861716443396e+02,3.494176830580534698e+01,1.932281703013390839e+01
1.505000000000000071e+01,-1.094273684690271686e+01,1.142878898258502716e+02,3.499245449010400222e+01,1.968166143440610938e+01
1.506000000000000050e+01,-1.086794528487322431e+01,1.134547765835220048e+02,3.505111946706487203e+01,2.004399634970496535e+01
1.507000000000000028e+01,-1.079476497280485603e+01,1.126144489891220388e+02,3.511788288200514785e+01,2.040970838526486020e+01
1.508000000000000007e+01,-1.072318245543145565e+01,1.117671954421020359e+02,3.519286668735624346e+01,2.077868453377525881e+01
1.508999999999999986e+01,-1.065318388840227115e+01,1.109132907670432502e+02,3.527619542681315323e+01,2.115081190710158054e+01
1.509999999999999964e+01,-1.058475511294667015e+01,1.100529967663816109e+02,3.536799651038154479e+01,2.152597745499510040e+01
1.510999999999999943e+01,-1.051788172410011413e+01,1.091865627555532114e+02,3.546840048024291292e+01,2.190406766657055826e+01
1.511999999999999922e+01,-1.045254913303291389e+01,1.083142260805574750e+02,3.557754126731203570e+01,2.228496825424197780e+01
1.513000000000000078e+01,-1.038874262397604120e+01,1.074362126180709964e+02,3.569555643830010183e+01,2.266856381972493040e+01
1.514000000000000057e+01,-1.032644740619941359e+01,1.065527372583426171e+02,3.582258743303984261e+01,2.305473750162886049e+01
1.515000000000000036e+01,-1.026564866145398547e+01,1.056640043712065307e+02,3.595877979173780403e+01,2.344337060408708950e+01
1.516000000000000014e+01,-1.020633158725861378e+01,1.047702082555926069e+02,3.610428337175213898e+01,2.383434220579345464e+01
1.516999999999999993e+01,-1.014848143637558664e+01,1.038715335729810363e+02,3.625925255338722053e+01,2.422752874874427675e+01
1.517999999999999972e+01,-1.009208355279041314e+01,1.029681557652937016e+02,3.642384643409350531e+01,2.462280360590877848e+01
1.518999999999999950e+01,-1.003712340448389462e+01,1.020602414577179786e+02,3.659822901035330034e+01,2.502003662699307185e+01
1.519999999999999929e+01,-9.983586613257493525e+00,1.011479488470029082e+02,3.678256934639597375e+01,2.541909366139582360e+01
1.521000000000000085e+01,-9.931458981851321255e+00,1.002314280757631479e+02,3.697704172875508277e+01,2.581983605740043330e+01
1.522000000000000064e+01,-9.880726518572098271e+00,9.931082159333750781e+01,3.718182580552593919e+01,2.622212013659637364e+01
1.523000000000000043e+01,-9.831375459629290603e+00,9.838626450374380283e+01,3.739710670901960299e+01,2.662579664247983402e+01
1.524000000000000021e+01,-9.783392289358589622e+00,9.745788490126732029e+01,3.762307516032872456e+01,2.703071016215092115e+01
1.525000000000000000e+01,-9.736763758498804933e+00,9.652580419421930458e+01,3.785992755413166577e+01,2.743669851998754439e+01
1.525999999999999979e+01,-9.691476900668783756e+00,9.559013741737634007e+01,3.810786602184791150e+01,2.784359214217550971e+01
1.526999999999999957e+01,-9.647519047182424146e+00,9.465099353360520240e+01,3.836709847104158655e+01,2.825121339095523254e+01
1.527999999999999936e+01,-9.604877840323597482e+00,9.370847572517484991e+01,3.863783859871478654e+01,2.865937586746049348e+01
1.528999999999999915e+01,-9.563541245194347340e+00,9.276268167521293151e+01,3.892030587588886448e+01,2.906788368205164019e+01
1.530000000000000071e+01,-9.523497560237622395e+00,9.181370383977376548e+01,3.921472550057982431e+01,2.947653069108484303e+01
1.531000000000000050e+01,-9.484735426527219460e+00,9.086162971095281193e+01,3.952132831598260765e+01,2.988509969912628961e+01
1.532000000000000028e+01,-9.447243835910455800e+00,8.990654207146755539e+01,3.984035069036355026e+01,3.029336162570329805e+01
1.533000000000000007e+01,-9.411012138078413969e+00,8.894851924110948005e+01,4.017203435481504670e+01,3.070107463580698237e+01
1.533999999999999986e+01,-9.376030046634868498e+00,8.798763531544503280e+01,4.051662619467892767e+01,3.110798323350142525e+01
1.534999999999999964e+01,-9.342287644225802268e+00,8.702396039714206211e+01,4.087437799005407868e+01,3.151381731817887299e+01
1.535999999999999943e+01,-9.309775386788016860e+00,8.605756082026057641e+01,4.124554610041928271e+01,3.191829120322167768e+01
1.536999999999999922e+01,-9.278484106968061695e+00,8.508849936784301349e+01,4.163039108797541843e+01,3.232110259710076861e+01
1.538000000000000078e+01,-9.248405016759452479e+00,8.411683548312284131e+01,4.202917727388004465e+01,3.272193154725307096e+01
1.539000000000000057e+01,-9.219529709400223538e+00,8.314262547464518605e+01,4.244217222109728738e+01,3.312043934746345286e+01
1.540000000000000036e+01,-9.191850160570458783e+00,8.216592271558262439e+01,4.286964613712518712e+01,3.351626740990817410e+01
1.541000000000000014e+01,-9.165358728924312359e+00,8.118677783752036703e+01,4.331187118938323266e+01,3.390903610352950182e+01
1.541999999999999993e+01,-9.140048155989115131e+00,8.020523891895940949e+01,4.376912072557428246e+01,3.429834356099755155e+01
1.542999999999999972e+01,-9.115911565459398958e+00,7.922135166877981760e+01,4.424166839085155090e+01,3.468376445719334100e+01
1.543999999999999950e+01,-9.092942461912544516e+00,7.823515960489578447e+01,4.472978713315419697e+01,3.506484876291010977e+01
1.544999999999999929e+01,-9.071134728969346028e+00,7.724670422830611471e+01,4.523374808762986987e+01,3.544112047835005086e+01
1.546000000000000085e+01,-9.050482626919727380e+00,7.625602519276215219e+01,4.575381933061874662e+01,3.581207635197350925e+01
1.547000000000000064e+01,-9.030980789834007538e+00,7.526316047022261557e+01,4.629026449331479398e+01,3.617718459136806786e+01
1.548000000000000043e+01,-9.012624222174602906e+00,7.426814651229555864e+01,4.684334122485694252e+01,3.653588357404363762e+01
1.549000000000000021e+01,-8.995408294925177017e+00,7.327101840782582087e+01,4.741329949436628510e+01,3.688758056742953784e+01
1.550000000000000000e+01,-8.979328741248078671e+00,7.227181003679929461e+01,4.800037972125213059e+01,3.723165046888264129e+01
1.550999999999999979e+01,-8.964381651684185215e+00,7.127055422070456814e+01,4.860481072307254635e+01,3.756743457817666609e+01
1.551999999999999957e+01,-8.950563468903668607e+00,7.026728286950374525e+01,4.922680747029605897e+01,3.789423941678394669e+01
1.552999999999999936e+01,-8.937870982016406174e+00,6.926202712534495731e+01,4.986656863756851266e+01,3.821133561024855396e+01
1.553999999999999915e+01,-8.926301320450322763e+00,6.825481750314261831e+01,5.052427394153909290e+01,3.851795685209329889e+01
1.555000000000000071e+01,-8.915851947402618549e+00,6.724568402813807211e+01,5.120008125598642579e+01,3.881329897001661777e+01
1.556000000000000050e+01,-8.906520652869621912e+00,6.623465637056800404e+01,5.189412349593720108e+01,3.909651911756888865e+01
1.557000000000000028e+01,-8.898305546258884036e+00,6.522176397752491539e+01,5.260650526377631309e+01,3.936673511708931983e+01
1.558000000000000007e+01,-8.891205048585318238e+00,6.420703620212054830e+01,5.333729925197396682e+01,3.962302498236824277e+01
1.558999999999999986e+01,-8.885217884254322129e+00,6.319050243003828626e+01,5.408654239913664696e+01,3.986442665226101667e+01
1.559999999999999964e+01,-8.880343072431909235e+00,6.217219220355407572e+01,5.485423179861794551e+01,4.008993796929851783e+01
1.560999999999999943e+01,-8.876579918000349068e+00,6.115213534311402555e+01,5.564032036196307729e+01,4.029851694014081431e+01
1.561999999999999922e+01,-8.873928002100440082e+00,6.013036206652125770e+01,5.644471224310513691e+01,4.048908231744206176e+01
1.563000000000000078e+01,-8.872387172255901788e+00,5.910690310581793483e+01,5.726725803342910837e+01,4.066051454530067844e+01
1.564000000000000057e+01,-8.871957532077546560e+00,5.808178982189865991e+01,5.810774974275179972e+01,4.081165711282037734e+01
1.565000000000000036e+01,-8.872639430543628691e+00,5.705505431692441931e+01,5.896591558682560219e+01,4.094131836232332944e+01
1.566000000000000014e+01,-8.874433450850967020e+00,5.602672954456837573e+01,5.984141460831097703e+01,4.104827380033196960e+01
1.566999999999999993e+01,-8.877340398831631063e+00,5.499684941814162187e+01,6.073383116519130454e+01,4.113126896039624114e+01
1.567999999999999972e+01,-8.881361290927289431e+00,5.396544891662186672e+01,6.164266932839075963e+01,4.118902286707685079e+01
1.568999999999999950e+01,-8.886497341716461662e+00,5.293256418861534485e+01,6.256734723881451288e+01,4.122023214967607885e+01
1.569999999999999929e+01,-8.892749950983503737e+00,5.189823265426984022e+01,6.350719148313545759e+01,4.122357585254543721e+01
1.571000000000000085e+01,-8.900120690323067407e+00,5.086249310514080690e+01,6.446143155731076035e+01,4.119772098568366658e+01
1.572000000000000064e+01,-8.908611289268513644e+00,4.982538580202602674e+01,6.542919449684801236e+01,4.114132885479326518e+01
1.573000000000000043e+01,-8.918223620935251006e+00,4.878695257075040104e+01,6.640949976315849312e+01,4.105306220369497794e+01
1.574000000000000021e+01,-8.928959687166921455e+00,4.774723689590059195e+01,6.740125448561062171e+01,4.093159319389489070e+01
1.575000000000000000e+01,-8.940821603173572996e+00,4.670628401247649464e+01,6.840324916895085039e+01,4.077561223593632889e+01
1.575999999999999979e+01,-8.953811581648153606e+00,4.566414099543398208e+01,6.941415398517240476e+01,4.058383767486080984e+01
1.576999999999999957e+01,-8.967931916350252664e+00,4.462085684708375766e+01,7.043251577734990576e+01,4.035502631749896807e+01
1.577999999999999936e+01,-8.983184965141632006e+00,4.357648258229065164e+01,7.145675590997902304e+01,4.008798477245748160e+01
1.578999999999999915e+01,-8.999573132459589786e+00,4.253107131140827590e+01,7.248516910545596659e+01,3.978158155451765765e+01
1.580000000000000071e+01,-9.017098851214761623e+00,4.148467832090206286e+01,7.351592340896321787e+01,3.943475988390097342e+01
1.581000000000000050e+01,-9.035764564097521045e+00,4.043736115155341793e+01,7.454706142376575428e+01,3.904655108771293470e+01
1.582000000000000028e+01,-9.055572704275263618e+00,3.938917967416356447e+01,7.557650295505982285e+01,3.861608848621029466e+01
1.583000000000000007e+01,-9.076525675468849030e+00,3.834019616265980801e+01,7.660204919264310774e+01,3.814262162076889950e+01
1.583999999999999986e+01,-9.098625831388320151e+00,3.729047536447417599e+01,7.762138855033738594e+01,3.762553065432449273e+01
1.584999999999999964e+01,-9.121875454512405668e+00,3.624008456807011669e+01,7.863210426281162313e+01,3.706434074921951094e+01
1.585999999999999943e+01,-9.146276734195836866e+00,3.518909366746979117e+01,7.963168381805459717e+01,3.645873620280094229e+01
1.586999999999999922e+01,-9.171831744086683003e+00,3.413757522362480046e+01,8.061753027608403954e+01,3.580857409877196318e+01
1.588000000000000078e+01,-9.198542418837993395e+00,3.308560452245517780e+01,8.158697549165199803e+01,3.511389721325210900e+01
1.589000000000000057e+01,-9.226410530095307649e+00,3.203325962936189342e+01,8.253729522104492844e+01,3.437494589994705763e+01
1.590000000000000036e+01,-9.255437661745752109e+00,3.098062144000290274e+01,8.346572605111387588e+01,3.359216866984214533e+01
1.591000000000000014e+01,-9.285625184411088640e+00,2.992777372711670125e+01,8.436948404328019535e+01,3.276623117860233236e+01
1.591999999999999993e+01,-9.316974229169609600e+00,2.887480318313387073e+01,8.524578493756412456e+01,3.189802334024425434e+01
1.592999999999999972e+01,-9.349485660491632544e+00,2.782179945832147894e+01,8.609186571298562285e+01,3.098866429952804324e+01
1.593999999999999950e+01,-9.383160048375213336e+00,2.676885519417513137e+01,8.690500725265604842e+01,3.003950501835725717e+01
1.594999999999999929e+01,-9.417997639667454735e+00,2.571606605174141791e+01,8.768255781627645717e+01,2.905212826352185829e+01
1.596000000000000085e+01,-9.453998328561342035e+00,2.466353073455784539e+01,8.842195698139823890e+01,2.802834582418192610e+01
1.597000000000000064e+01,-9.491161626255008699e+00,2.361135100584107960e+01,8.912075967974318758e+01,2.697019283699514958e+01
1.598000000000000043e+01,-9.529486629768156192e+00,2.255963169955979808e+01,8.977665992775924053e+01,2.587991915369684293e+01
1.599000000000000021e+01,-9.568971989904577313e+00,2.150848072498321883e+01,9.038751383328411748e+01,2.475997774886508296e+01
1.600000000000000000e+01,-9.609615878359454300e+00,2.045800906427714949e+01,9.095136145385392012e+01,2.361301023259127518e+01
