f_GHz,S11_dB,S11_deg,ReZin_ohm,ImZin_ohm
1.000000000000000000e+00,-3.168938046236303152e-01,-1.480847748273713762e+02,9.865343087589567572e-01,-1.429210098778833249e+01
1.010000000000000009e+00,-3.193449906157307394e-01,-1.498132180306732550e+02,9.858691093323729282e-01,-1.347996101679074066e+01
1.020000000000000018e+00,-3.239186097005768428e-01,-1.515425123290554552e+02,9.921224584917902600e-01,-1.267394785320944628e+01
1.030000000000000027e+00,-3.302764010860453903e-01,-1.532690225799216535e+02,1.004134765307001631e+00,-1.187532331705026678e+01
1.040000000000000036e+00,-3.379275164548557475e-01,-1.549899782954726390e+02,1.020328974052460147e+00,-1.108491944171287535e+01
1.050000000000000044e+00,-3.462751787484942279e-01,-1.567037376752236355e+02,1.038859241431112634e+00,-1.030303748241852624e+01
1.060000000000000053e+00,-3.546735157081131740e-01,-1.584099483973947144e+02,1.057781941074250387e+00,-9.529394207280654783e+00
1.070000000000000062e+00,-3.624895663099637622e-01,-1.601095877988392999e+02,1.075235012398040091e+00,-8.763120491769067044e+00
1.080000000000000071e+00,-3.691646599826219344e-01,-1.618048753295259417e+02,1.089610088664719756e+00,-8.002813333881942270e+00
1.090000000000000080e+00,-3.742690706107749676e-01,-1.634990626141771770e+02,1.099701379482700636e+00,-7.246637642193575424e+00
1.100000000000000089e+00,-3.775442284361076872e-01,-1.651961198284157604e+02,1.104816518210477660e+00,-6.492468951252051035e+00
1.110000000000000098e+00,-3.789279130156309461e-01,-1.669003494562608125e+02,1.104837828389637400e+00,-5.738063378841489204e+00
1.120000000000000107e+00,-3.785596731551226779e-01,-1.686159676425080249e+02,1.100227564875125630e+00,-4.981237613287303745e+00
1.129999999999999893e+00,-3.767659822004197911e-01,-1.703466974553097089e+02,1.091976975508494263e+00,-4.220040328424905063e+00
1.139999999999999902e+00,-3.740269779609927125e-01,-1.720954165465879271e+02,1.081505459828588478e+00,-3.452897567897356801e+00
1.149999999999999911e+00,-3.709286701682310561e-01,-1.738638943056408266e+02,1.070521539205306460e+00,-2.678718137498591112e+00
1.159999999999999920e+00,-3.681059185573682946e-01,-1.756526421473928963e+02,1.060860913816992213e+00,-1.896950178946122501e+00
1.169999999999999929e+00,-3.661821384474185370e-01,-1.774608872263909518e+02,1.054318171266521276e+00,-1.107585853046972213e+00
1.179999999999999938e+00,-3.657115963570428674e-01,-1.792866668114998276e+02,1.052487880657160702e+00,-3.111164314705973100e-01
1.189999999999999947e+00,-3.671294677446446664e-01,1.788729705369763110e+02,1.056628421088847025e+00,4.915556307158704397e-01
1.199999999999999956e+00,-3.707137574062521757e-01,1.770216791089189599e+02,1.067558690765314955e+00,1.299238186181732146e+00
1.209999999999999964e+00,-3.765619353563387506e-01,1.751634729608109069e+02,1.085594474044810909e+00,2.110593396999286941e+00
1.219999999999999973e+00,-3.845838617912203383e-01,1.733023558783702356e+02,1.110528104596865573e+00,2.924292536614901294e+00
1.229999999999999982e+00,-3.945113323044399656e-01,1.714419555124146370e+02,1.141652245758671080e+00,3.739169780550033906e+00
1.239999999999999991e+00,-4.059233769999233132e-01,1.695851921116517929e+02,1.177825974194785408e+00,4.554363380366711844e+00
1.250000000000000000e+00,-4.182852795104601284e-01,1.677340100853664353e+02,1.217578676388126002e+00,5.369433113253047729e+00
1.260000000000000009e+00,-4.309981490246891922e-01,1.658891967022795768e+02,1.259244413031646692e+00,6.184443898620839875e+00
1.270000000000000018e+00,-4.434548386250127816e-01,1.640503061797498106e+02,1.301116460954139020e+00,7.000007302711214408e+00
1.280000000000000027e+00,-4.550971797614227765e-01,1.622156990020329488e+02,1.341609067617546946e+00,7.817275590130305041e+00
1.290000000000000036e+00,-4.654690649406555414e-01,1.603826957489400229e+02,1.379411625021862653e+00,8.637887071894049029e+00
1.300000000000000044e+00,-4.742600268780528538e-01,1.585478328981977256e+02,1.413620108566978395e+00,9.463866431372636612e+00
1.310000000000000053e+00,-4.813347361444839101e-01,1.567071965096340591e+02,1.443832169706364077e+00,1.029748881254073645e+01
1.320000000000000062e+00,-4.867452537740600826e-01,1.548568002909422603e+02,1.470195770902356092e+00,1.114112084225961752e+01
1.330000000000000071e+00,-4.907247688001197816e-01,1.529929690421828639e+02,1.493406284578231880e+00,1.199705457576756729e+01
1.340000000000000080e+00,-4.936636409447164864e-01,1.511126879889732493e+02,1.514652723890308694e+00,1.286735104859684320e+01
1.350000000000000089e+00,-4.960705205350354197e-01,1.492138831462436315e+02,1.535519239176587059e+00,1.375370861360505437e+01
1.360000000000000098e+00,-4.985228312391978278e-01,1.472956066652035076e+02,1.557852322659668554e+00,1.465736795488736455e+01
1.370000000000000107e+00,-5.016117866106180045e-01,1.453581124179016797e+02,1.583606791526965152e+00,1.557906135368837752e+01
1.379999999999999893e+00,-5.058873237057799344e-01,1.434028189359815144e+02,1.614684494334015730e+00,1.651900927025327448e+01
1.389999999999999902e+00,-5.118079620803436258e-01,1.414321675808623695e+02,1.652779125558279771e+00,1.747696326851435700e+01
1.399999999999999911e+00,-5.196998004953431449e-01,1.394493924259288917e+02,1.699239063693209983e+00,1.845229109484134256e+01
1.409999999999999920e+00,-5.297278299872756335e-01,1.374582244093635666e+02,1.754958284246962874e+00,1.944409733319119127e+01
1.419999999999999929e+00,-5.418816187669999174e-01,1.354625560399101687e+02,1.820303468267712610e+00,2.045137126038316566e+01
1.429999999999999938e+00,-5.559762983741531883e-01,1.334660947380336324e+02,1.895083488894481638e+00,2.147315200842067995e+01
1.439999999999999947e+00,-5.716686791162103320e-01,1.314720331730391365e+02,1.978565331255139892e+00,2.250869970279600807e+01
1.449999999999999956e+00,-5.884872392359812299e-01,1.294827638808778261e+02,2.069537882904749271e+00,2.355765991812568316e+01
1.459999999999999964e+00,-6.058736612725166282e-01,1.274996628901853484e+02,2.166421676835951438e+00,2.462020788127302495e+01
1.469999999999999973e+00,-6.232325611235232099e-01,1.255229627133647625e+02,2.267418564453596908e+00,2.569715886840118557e+01
1.479999999999999982e+00,-6.399851563051427439e-01,1.235517285534540832e+02,2.370690780676002252e+00,2.679003273154263098e+01
1.489999999999999991e+00,-6.556219878907012522e-01,1.215839428977372165e+02,2.474554628861406425e+00,2.790106380285356735e+01
1.500000000000000000e+00,-6.697496060206910018e-01,1.196166932946834009e+02,2.577670960228288788e+00,2.903315250634336664e+01
1.510000000000000009e+00,-6.821264842234426862e-01,1.176464471288790037e+02,2.679213598266976248e+00,3.018976129778859629e+01
1.520000000000000018e+00,-6.926843924858706592e-01,1.156693871874870609e+02,2.778998359922954631e+00,3.137476406408908858e+01
1.530000000000000027e+00,-7.015329609247646925e-01,1.136817744585804348e+02,2.877559284280748919e+00,3.259226367500669852e+01
1.540000000000000036e+00,-7.089470085707639813e-01,1.116803013006125411e+02,2.976164435284990528e+00,3.384639599134411725e+01
1.550000000000000044e+00,-7.153381137658376687e-01,1.096623995195953540e+02,3.076770127988748715e+00,3.514113976496581415e+01
1.560000000000000053e+00,-7.212135677425751679e-01,1.076264736923305350e+02,3.181918489665134686e+00,3.648015060149562316e+01
1.570000000000000062e+00,-7.271270455323082249e-01,1.055720391405221363e+02,3.294588025747637872e+00,3.786663411451425532e+01
1.580000000000000071e+00,-7.336259265709981214e-01,1.034997546565371067e+02,3.418009925906926316e+00,3.930326947759591860e+01
1.590000000000000080e+00,-7.412002063077463010e-01,1.014113507385958854e+02,3.555464352948514595e+00,4.079219062972003229e+01
1.600000000000000089e+00,-7.502374654446655189e-01,9.930946340966347918e+01,3.710071417475881095e+00,4.233502895024198409e+01
1.610000000000000098e+00,-7.609875608806137004e-01,9.719739094706847027e+01,3.884591581119299253e+00,4.393301839159394007e+01
1.620000000000000107e+00,-7.735397245587184445e-01,9.507879588342238719e+01,4.081250320058625647e+00,4.558716153834328111e+01
1.629999999999999893e+00,-7.878137147866659529e-01,9.295737768409405533e+01,4.301602127844217804e+00,4.729845231993051868e+01
1.639999999999999902e+00,-8.035656162572618610e-01,9.083654292232174043e+01,4.546449013125694272e+00,4.906814764159434361e+01
1.649999999999999911e+00,-8.204078427379370986e-01,8.871909981793463373e+01,4.815827859090482832e+00,5.089807581588934227e+01
1.659999999999999920e+00,-8.378418553769224619e-01,8.660700270069747830e+01,5.109078517699489730e+00,5.279096468852952029e+01
1.669999999999999929e+00,-8.553010795780053854e-01,8.450116908606119637e+01,5.424999660796478551e+00,5.475076764704876098e+01
1.679999999999999938e+00,-8.722005353170448894e-01,8.240138727929813456e+01,5.762092094632235373e+00,5.678296260728588862e+01
1.689999999999999947e+00,-8.879888921497025578e-01,8.030632553179177080e+01,6.118880156723609964e+00,5.889479900029377291e+01
1.699999999999999956e+00,-9.021981631791333722e-01,7.821364489047519442e+01,6.494292457933717344e+00,6.109547172170407947e+01
1.709999999999999964e+00,-9.144862089901093505e-01,7.612020766366309488e+01,6.888075611750307914e+00,6.339620905982471299e+01
1.719999999999999973e+00,-9.246677357894416138e-01,7.402236307186768727e+01,7.301210626426924755e+00,6.581027278028702199e+01
1.729999999999999982e+00,-9.327305530088636498e-01,7.191628271394306182e+01,7.736302502228951106e+00,6.835288087448809335e+01
1.739999999999999991e+00,-9.388353985458330886e-01,6.979831250374864737e+01,8.197919261086834553e+00,7.104107467534250020e+01
1.750000000000000000e+00,-9.432994315809151153e-01,6.766530583558028411e+01,8.692865907416425841e+00,7.389356020499037925e+01
1.760000000000000009e+00,-9.465652597599149010e-01,6.551490526983981511e+01,9.230389667068068960e+00,7.693055788619670921e+01
1.770000000000000018e+00,-9.491588431498163558e-01,6.334574647672558001e+01,9.822323223427131822e+00,8.017369557483580422e+01
1.780000000000000027e+00,-9.516406080444770321e-01,6.115756731168854543e+01,1.048318121025524263e+01,8.364597882918940286e+01
1.790000000000000036e+00,-9.545545272484128319e-01,5.895121515513280741e+01,1.123023176456884720e+01,8.737187158394925746e+01
1.800000000000000044e+00,-9.583798108916654623e-01,5.672855553919702487e+01,1.208357064749976573e+01,9.137752203736594936e+01
1.810000000000000053e+00,-9.634893159708591837e-01,5.449229351641204744e+01,1.306623260836794742e+01,9.569117405831923406e+01
1.820000000000000062e+00,-9.701179703136447730e-01,5.224572564989923507e+01,1.420438638904004058e+01,1.003438142805384672e+02
1.830000000000000071e+00,-9.783435522351945357e-01,4.999244486185899916e+01,1.552767954576159504e+01,1.053701187260821683e+02
1.840000000000000080e+00,-9.880811644131821669e-01,4.773602290720688046e+01,1.706983074587086691e+01,1.108097788519764748e+02
1.850000000000000089e+00,-9.990917350688448550e-01,4.547969625454754805e+01,1.886961413936692367e+01,1.167093034347387999e+02
1.860000000000000098e+00,-1.011003881999351872e+00,4.322608085083950158e+01,2.097244719591460793e+01,1.231244080017407185e+02
1.870000000000000107e+00,-1.023347486250183236e+00,4.097693960008795244e+01,2.343288654714252672e+01,1.301231169533683101e+02
1.879999999999999893e+00,-1.035596361256879483e+00,3.873302319307101982e+01,2.631846777099353574e+01,1.377897161715548293e+02
1.889999999999999902e+00,-1.047216527746828829e+00,3.649399992207305132e+01,2.971551804935736030e+01,1.462297081300278876e+02
1.899999999999999911e+00,-1.057715915761834102e+00,3.425848318537752846e+01,3.373787051795137160e+01,1.555759377678602391e+02
1.909999999999999920e+00,-1.066690942501902661e+00,3.202415676362380736e+01,3.853990073190207255e+01,1.659960652545879043e+02
1.919999999999999929e+00,-1.073865482738980193e+00,2.978798834148620145e+01,4.433614342302428923e+01,1.777015188379296831e+02
1.929999999999999938e+00,-1.079118333049741141e+00,2.754651231317809845e+01,5.143120940364691762e+01,1.909578440440154452e+02
1.939999999999999947e+00,-1.082496360838618443e+00,2.529615506308207173e+01,6.026630800372608832e+01,2.060956540168503466e+02
1.949999999999999956e+00,-1.084212009019366096e+00,2.303357098830551308e+01,7.149328997319658185e+01,2.235193687761126284e+02
1.959999999999999964e+00,-1.084625493285247932e+00,2.075595642004027752e+01,8.609534447342207386e+01,2.437055429720165876e+02
1.969999999999999973e+00,-1.084213632956722240e+00,1.846131149331752042e+01,1.055878487973590723e+02,2.671684569605785100e+02
1.979999999999999982e+00,-1.083528566431690265e+00,1.614862633924968094e+01,1.323560865438875283e+02,2.943335917815270477e+02
1.989999999999999991e+00,-1.083150456825110908e+00,1.381797657270217883e+01,1.702141313599467765e+02,3.251620106985247389e+02
2.000000000000000000e+00,-1.083638631510008388e+00,1.147052250743106505e+01,2.252495269507739124e+02,3.581156743142379923e+02
2.009999999999999787e+00,-1.085485458097015021e+00,9.108415540553753686e+00,3.066713567414580552e+02,3.874565926417844821e+02
2.020000000000000018e+00,-1.089076744712751843e+00,6.734622773285509290e+00,4.255416330744921538e+02,3.969635921179719844e+02
2.029999999999999805e+00,-1.094661696450962785e+00,4.352686720560686062e+00,5.830509651846745101e+02,3.501941011462293432e+02
2.040000000000000036e+00,-1.102334582036634369e+00,1.966440878543900705e+00,7.353125038631687858e+02,1.982807846788319921e+02
2.049999999999999822e+00,-1.112029347307230465e+00,-4.202958050546021229e-01,7.795953220232864851e+02,-4.454613638322684466e+01
2.060000000000000053e+00,-1.123527494600236265e+00,-2.804021589902792932e+00,6.773615343318878104e+02,-2.554618638375291368e+02
2.069999999999999840e+00,-1.136478637658360658e+00,-5.181828011887487762e+00,5.182727535751616870e+02,-3.567312144471339934e+02
2.080000000000000071e+00,-1.150432238805592533e+00,-7.551627072374140326e+00,3.804603084464885683e+02,-3.764032574205015749e+02
2.089999999999999858e+00,-1.164878152351563001e+00,-9.912310053807377841e+00,2.810092374166208629e+02,-3.596143432212659263e+02
2.100000000000000089e+00,-1.179292782510686255e+00,-1.226382287831288487e+01,2.124549542683064089e+02,-3.313660668073517854e+02
2.109999999999999876e+00,-1.193187002360066806e+00,-1.460714909438149789e+01,1.649448830025760344e+02,-3.018614323209355348e+02
2.120000000000000107e+00,-1.206151588108994144e+00,-1.694419935472463123e+01,1.312562409191039308e+02,-2.745914439246116103e+02
2.129999999999999893e+00,-1.217895917013186446e+00,-1.927761507133596908e+01,1.067075690032460642e+02,-2.504279405561970577e+02
2.140000000000000124e+00,-1.228276137730307083e+00,-2.161050281465858447e+01,8.833836762455889868e+01,-2.293068358706296976e+02
2.149999999999999911e+00,-1.237309956137846889e+00,-2.394612370060309559e+01,7.426182831746658053e+01,-2.108766748211508855e+02
2.160000000000000142e+00,-1.245176502426729170e+00,-2.628756722370673060e+01,6.325171670778605915e+01,-1.947385697197193508e+02
2.169999999999999929e+00,-1.252201285851854529e+00,-2.863744082077275976e+01,5.449190488867315452e+01,-1.805281721280595661e+02
2.180000000000000160e+00,-1.258827780230924231e+00,-3.099760455584937446e+01,4.742524485456144845e+01,-1.679373988027640223e+02
2.189999999999999947e+00,-1.265578495905548051e+00,-3.336897506559432003e+01,4.166132153585544984e+01,-1.567140531878625609e+02
2.200000000000000178e+00,-1.273009315320118962e+00,-3.575141524001563909e+01,3.691919934034995521e+01,-1.466542688786077804e+02
2.209999999999999964e+00,-1.281661319163617918e+00,-3.814371729891126961e+01,3.299127954618617053e+01,-1.375935409435742827e+02
2.220000000000000195e+00,-1.292014319754041018e+00,-4.054367820756809238e+01,2.972013042163904117e+01,-1.293984522230319385e+02
2.229999999999999982e+00,-1.304445930720169677e+00,-4.294825871817075580e+01,2.698343021568500788e+01,-1.219597343896458028e+02
2.240000000000000213e+00,-1.319199354330299556e+00,-4.535381126083843384e+01,2.468405844479834954e+01,-1.151867241435067513e+02
2.250000000000000000e+00,-1.336362274144134998e+00,-4.775635756079151406e+01,2.274349153822234726e+01,-1.090030611940182155e+02
2.259999999999999787e+00,-1.355858384840945785e+00,-5.015189406235480618e+01,2.109733870630198993e+01,-1.033434137537362147e+02
2.270000000000000018e+00,-1.377452216244704264e+00,-5.253670173360141860e+01,1.969227588978163723e+01,-9.815102020516457060e+01
2.279999999999999805e+00,-1.400767023634356789e+00,-5.490763641873147094e+01,1.848390171886699918e+01,-9.337586372082826358e+01
2.290000000000000036e+00,-1.425314615040383703e+00,-5.726237659476102948e+01,1.743520803123442064e+01,-8.897333208296834073e+01
2.299999999999999822e+00,-1.450535071461832581e+00,-5.959960737365011596e+01,1.651546373253169975e+01,-8.490324906724431742e+01
2.310000000000000053e+00,-1.475843422839362429e+00,-6.191912319098669570e+01,1.569937677557563660e+01,-8.112919228041894826e+01
2.319999999999999840e+00,-1.500679550711692567e+00,-6.422183711546942675e+01,1.496643949778746752e+01,-7.761803352962218128e+01
2.330000000000000071e+00,-1.524557017769010647e+00,-6.650969213079748954e+01,1.430038765609833007e+01,-7.433965153036406548e+01
2.339999999999999858e+00,-1.547106312289204810e+00,-6.878547869087886113e+01,1.368872035467706283e+01,-7.126677409021860399e+01
2.350000000000000089e+00,-1.568108257412494710e+00,-7.105257244160188179e+01,1.312224148393670298e+01,-6.837490975710291252e+01
2.359999999999999876e+00,-1.587514121854731508e+00,-7.331461494127691481e+01,1.259459611078161245e+01,-6.564232973141469074e+01
2.370000000000000107e+00,-1.605450232722946513e+00,-7.557516705129408763e+01,1.210178852603409361e+01,-6.305006209423228825e+01
2.379999999999999893e+00,-1.622206481348048568e+00,-7.783736817695351817e+01,1.164168190505106715e+01,-6.058186407753881042e+01
2.390000000000000124e+00,-1.638209801060906301e+00,-8.010363404636545681e+01,1.121349130273381611e+01,-5.822414516718416877e+01
2.399999999999999911e+00,-1.653985229408967861e+00,-8.237542131559911240e+01,1.081729021184871975e+01,-5.596582399180078937e+01
2.410000000000000142e+00,-1.670108332499908643e+00,-8.465307980754272421e+01,1.045355483367957206e+01,-5.379811378599146821e+01
2.419999999999999929e+00,-1.687153438863129740e+00,-8.693580394424849089e+01,1.012276919747051807e+01,-5.171424267353461346e+01
2.430000000000000160e+00,-1.705642283243991253e+00,-8.922168535176294313e+01,9.825109107503454453e+00,-4.970912411926297381e+01
2.439999999999999947e+00,-1.725997367879585465e+00,-9.150785990354927435e+01,9.560215236948685913e+00,-4.777899836161610381e+01
2.450000000000000178e+00,-1.748503735074163012e+00,-9.379073536731644367e+01,9.327057471239445618e+00,-4.592106718130251863e+01
2.459999999999999964e+00,-1.773282044090265241e+00,-9.606628057124771658e+01,9.123885494815397124e+00,-4.413314264235295781e+01
2.470000000000000195e+00,-1.800274962560165726e+00,-9.833035346115481445e+01,8.948255598779669029e+00,-4.241332669736996763e+01
2.479999999999999982e+00,-1.829247974587413950e+00,-1.005790432512315107e+02,8.797120957616899162e+00,-4.075973412948741981e+01
2.490000000000000213e+00,-1.859804784151240176e+00,-1.028090007921576330e+02,8.666971730258254070e+00,-3.917026727406814501e+01
2.500000000000000000e+00,-1.891416534793442406e+00,-1.050177312191480610e+02,8.554011486575785028e+00,-3.764244787519167090e+01
2.509999999999999787e+00,-1.923463057684898114e+00,-1.072038241104418290e+02,8.454356827297086596e+00,-3.617330928985416705e+01
2.520000000000000018e+00,-1.955283315756642715e+00,-1.093670992244858269e+02,8.364247084559039536e+00,-3.475935063484912746e+01
2.529999999999999805e+00,-1.986231203611230400e+00,-1.115086508878229523e+02,8.280250501462040447e+00,-3.339655274802289853e+01
2.540000000000000036e+00,-2.015732024984764781e+00,-1.136307815688950598e+02,8.199452571484046715e+00,-3.208045342522690646e+01
2.549999999999999822e+00,-2.043334477309675545e+00,-1.157368249185604157e+02,8.119611894435582400e+00,-3.080627599882023304e+01
2.560000000000000053e+00,-2.068752999958844541e+00,-1.178308697632928244e+02,8.039269730347948339e+00,-2.956910108813174531e+01
2.569999999999999840e+00,-2.091896001584893305e+00,-1.199174077502481452e+02,7.957802019522179471e+00,-2.836406689396889647e+01
2.580000000000000071e+00,-2.112876770773254531e+00,-1.220009367421117759e+02,7.875407190823679571e+00,-2.718657968440781758e+01
2.589999999999999858e+00,-2.132005651937393775e+00,-1.240855579025208471e+02,7.793029237993718716e+00,-2.603251414676967102e+01
2.600000000000000089e+00,-2.149764073932063813e+00,-1.261746055422139392e+02,7.712222399038033416e+00,-2.489838380226492021e+01
2.609999999999999876e+00,-2.166762932944800379e+00,-1.282703449987645854e+02,7.634970104156897364e+00,-2.378146487914913365e+01
2.620000000000000107e+00,-2.183689360047564865e+00,-1.303737658994514277e+02,7.563475484041779495e+00,-2.267986244192701761e+01
2.629999999999999893e+00,-2.201246853757336641e+00,-1.324844876678312175e+02,7.499942875062551195e+00,-2.159251417080545110e+01
2.640000000000000124e+00,-2.220094074434972864e+00,-1.346007829264427187e+02,7.446369261714048449e+00,-2.051913374817512192e+01
2.649999999999999911e+00,-2.240787356846171807e+00,-1.367197141464660035e+02,7.404361916230637775e+00,-1.946010125529448942e+01
2.660000000000000142e+00,-2.263731361490883831e+00,-1.388373705411924561e+02,7.374994498105601259e+00,-1.841631166341696613e+01
2.669999999999999929e+00,-2.289141438713715893e+00,-1.409491861266492094e+02,7.358709530900215512e+00,-1.738899431338638735e+01
2.680000000000000160e+00,-2.317020372236821668e+00,-1.430503158150862077e+02,7.355271256326701312e+00,-1.637951657610439327e+01
2.689999999999999947e+00,-2.347151281400445377e+00,-1.451360437708471238e+02,7.363769776462405936e+00,-1.538918429159818579e+01
2.700000000000000178e+00,-2.379107598019278846e+00,-1.472021964396038811e+02,7.382675121194858470e+00,-1.441905072435723945e+01
2.709999999999999964e+00,-2.412280139377426913e+00,-1.492455313297025725e+02,7.409938085781364592e+00,-1.346974507239111318e+01
2.720000000000000195e+00,-2.445920296127771287e+00,-1.512640718968692966e+02,7.443132894148158485e+00,-1.254133112539299688e+01
2.729999999999999982e+00,-2.479197189436502136e+00,-1.532573593586787695e+02,7.479634540799962927e+00,-1.163320623762196426e+01
2.740000000000000213e+00,-2.511265341823455621e+00,-1.552265948788825938e+02,7.516820881102285412e+00,-1.074404986251241212e+01
2.750000000000000000e+00,-2.541338067527644462e+00,-1.571746512786575067e+02,7.552286380782645026e+00,-9.871828910158521708e+00
2.759999999999999787e+00,-2.568760640053337596e+00,-1.591059428208218947e+02,7.584051491124011335e+00,-9.013863711438570903e+00
2.770000000000000018e+00,-2.593076620261568266e+00,-1.610261544239963598e+02,7.610749742563850617e+00,-8.166953358557746512e+00
2.779999999999999805e+00,-2.614080798098595615e+00,-1.629418465774572269e+02,7.631774720748204288e+00,-7.327553114608824636e+00
2.790000000000000036e+00,-2.631853173712143779e+00,-1.648599669440204707e+02,7.647371683139756904e+00,-6.491990414410446775e+00
2.799999999999999822e+00,-2.646770244527651972e+00,-1.667873113686483464e+02,7.658663696643729146e+00,-5.656700967083528653e+00
2.810000000000000053e+00,-2.659492317770186798e+00,-1.687299832630805554e+02,7.667609147089577526e+00,-4.818463787945256982e+00
2.819999999999999840e+00,-2.670928205038256564e+00,-1.706928997202103062e+02,7.676895046242061760e+00,-3.974614334480489397e+00
2.830000000000000071e+00,-2.682180992840493161e+00,-1.726793854206318031e+02,7.689777273450777884e+00,-3.123218272616251845e+00
2.839999999999999858e+00,-2.694480219275456001e+00,-1.746908831609679282e+02,7.709883479791542094e+00,-2.263193987709723576e+00
2.850000000000000089e+00,-2.709106511417002761e+00,-1.767267953709624919e+02,7.740996168542833900e+00,-1.394378508108887971e+00
2.859999999999999876e+00,-2.727314567536567758e+00,-1.787844571558103155e+02,7.786832492512859361e+00,-5.175376438462579998e-01
2.870000000000000107e+00,-2.750259510504667215e+00,1.791407695501871160e+02,7.850834262762623084e+00,3.656742484014402494e-01
2.879999999999999893e+00,-2.778930404840406432e+00,1.770552980159320100e+02,7.935977604497756133e+00,1.252796958572248709e+00
2.890000000000000124e+00,-2.814093438817257375e+00,1.749670349746344584e+02,8.044607731014837171e+00,2.140681248561251859e+00
2.899999999999999911e+00,-2.856246177812411524e+00,1.728850345615052788e+02,8.178301318145283716e+00,3.025632674787342324e+00
2.910000000000000142e+00,-2.905583546249977722e+00,1.708191047224124475e+02,8.337757453534971219e+00,3.903577289331515932e+00
2.919999999999999929e+00,-2.961975837817664825e+00,1.687793795777490118e+02,8.522718195161456123e+00,4.770246086155388809e+00
2.930000000000000160e+00,-3.024959043100714062e+00,1.667758685157982086e+02,8.731921116325761290e+00,5.621376245414636763e+00
2.939999999999999947e+00,-3.093738010883058998e+00,1.648179916391993629e+02,8.963088261451339633e+00,6.452927055611329621e+00
2.950000000000000178e+00,-3.167203270318179609e+00,1.629141121782863308e+02,9.212957909316466854e+00,7.261306589335135619e+00
2.959999999999999964e+00,-3.243962555310262896e+00,1.610710797630336799e+02,9.477366563946979738e+00,8.043601859518334507e+00
2.970000000000000195e+00,-3.322388000335985581e+00,1.592938036558650197e+02,9.751387836247459973e+00,8.797800782187872315e+00
2.979999999999999982e+00,-3.400679446444642373e+00,1.575848812599189444e+02,1.002953173417887278e+01,9.522989725261139071e+00
2.990000000000000213e+00,-3.476943192303047603e+00,1.559443128980154540e+02,1.030600218114346234e+01,1.021950696893544652e+01
3.000000000000000000e+00,-3.549283842647934506e+00,1.543693369787428935e+02,1.057500280815726867e+01,1.088903139565499067e+01
3.009999999999999787e+00,-3.615904802405069063e+00,1.528544180438004219e+02,1.083107242038953544e+01,1.153458828549439197e+01
3.020000000000000018e+00,-3.675210785154368498e+00,1.513914120857300247e+02,1.106942382927236856e+01,1.216046068294605043e+01
3.029999999999999805e+00,-3.725903954300529453e+00,1.499699184059321908e+02,1.128625498862846932e+01,1.277200490090448781e+01
3.040000000000000036e+00,-3.767064549550492636e+00,1.485778064809563830e+02,1.147900122780442622e+01,1.337538074305072833e+01
3.049999999999999822e+00,-3.798207502688277337e+00,1.472018831903181137e+02,1.164650252166855182e+01,1.397721858130389272e+01
3.060000000000000053e+00,-3.819308742402165002e+00,1.458286451468366351e+02,1.178906954010319907e+01,1.458425399339531303e+01
3.069999999999999840e+00,-3.830798342061715989e+00,1.444450476856990804e+02,1.190844479521656751e+01,1.520296433410018011e+01
3.080000000000000071e+00,-3.833521714088900190e+00,1.430392197098078668e+02,1.200766794465054588e+01,1.583923968542440264e+01
3.089999999999999858e+00,-3.828673848579346561e+00,1.416010626963982588e+02,1.209086465922723619e+01,1.649811381410315292e+01
3.100000000000000089e+00,-3.817714361201784978e+00,1.401226903851541863e+02,1.216298464919981903e+01,1.718357088098603924e+01
3.109999999999999876e+00,-3.802272399611777765e+00,1.385986885063072975e+02,1.222951587938365847e+01,1.789843300644412594e+01
3.120000000000000107e+00,-3.784050219317470098e+00,1.370261963128828029e+02,1.229619926820672582e+01,1.864432450731561630e+01
3.129999999999999893e+00,-3.764732802990565119e+00,1.354048295598264247e+02,1.236876263547291366e+01,1.942170208885719518e+01
3.140000000000000124e+00,-3.745908786732254470e+00,1.337364757136825233e+02,1.245268599927452158e+01,2.022993701268203992e+01
3.149999999999999911e+00,-3.729005713590092252e+00,1.320249963703996912e+02,1.255300401352715944e+01,2.106743499268371522e+01
3.160000000000000142e+00,-3.715240677254612489e+00,1.302758703929030730e+02,1.267414642392252233e+01,2.193178150395964110e+01
3.169999999999999929e+00,-3.705585983559787522e+00,1.284958061789066051e+02,1.281981441056275983e+01,2.281990332462750359e+01
3.180000000000000160e+00,-3.700748606413959418e+00,1.266923448097042524e+02,1.299288961998578706e+01,2.372824050210088132e+01
3.189999999999999947e+00,-3.701161883689110255e+00,1.248734693027405314e+02,1.319537326628204532e+01,2.465292575836279809e+01
3.200000000000000178e+00,-3.706987952652569973e+00,1.230472299229550828e+02,1.342835438776520718e+01,2.558997007564832060e+01
3.209999999999999964e+00,-3.718129704901487642e+00,1.212213920775475486e+02,1.369200855818928275e+01,2.653545353411129426e+01
3.220000000000000195e+00,-3.734251394173845107e+00,1.194031118513773038e+02,1.398563040384650868e+01,2.748571934767714353e+01
3.229999999999999982e+00,-3.754807324487949849e+00,1.175986445209575493e+02,1.430770451952200339e+01,2.843756664767565567e+01
3.240000000000000213e+00,-3.779078176631802233e+00,1.158130929453592302e+02,1.465601924179473237e+01,2.938843432960198143e+01
3.250000000000000000e+00,-3.806214427552147228e+00,1.140502049084627743e+02,1.502782584387114007e+01,3.033656487892459452e+01
3.259999999999999787e+00,-3.835285950179827097e+00,1.123122304717916080e+02,1.542004197723304770e+01,3.128113438001199498e+01
3.270000000000000018e+00,-3.865336271747150221e+00,1.105998513165746431e+02,1.582949292078888348e+01,3.222233378929428227e+01
3.279999999999999805e+00,-3.895439196371008439e+00,1.089121930926450119e+02,1.625317816970406426e+01,3.316138776509269803e+01
3.290000000000000036e+00,-3.924754700822024045e+00,1.072469283729722633e+02,1.668854522885373370e+01,3.410050124538503269e+01
3.299999999999999822e+00,-3.952580372740980508e+00,1.056004717975800702e+02,1.713374843839697803e+01,3.504273032321326298e+01
3.310000000000000053e+00,-3.978394369891192106e+00,1.039682608372011146e+02,1.758786933797859220e+01,3.599178192790067499e+01
3.319999999999999840e+00,-4.001886091022331726e+00,1.023451064010024396e+02,1.805107704345462594e+01,3.695175503457414834e+01
3.330000000000000071e+00,-4.022971529059296003e+00,1.007255888115584384e+02,1.852471221022253900e+01,3.792684309603347259e+01
3.339999999999999858e+00,-4.041791569489657121e+00,9.910446816072411025e+01,1.901128551495794738e+01,3.892102188026782272e+01
3.350000000000000089e+00,-4.058693123066229091e+00,9.747707511584123097e+01,1.951438985438166185e+01,3.993774827062316035e+01
3.359999999999999876e+00,-4.074194681181191768e+00,9.583964953479166127e+01,2.003853321661522457e+01,4.097969396378827867e+01
3.370000000000000107e+00,-4.088939377372923012e+00,9.418959954135858936e+01,2.058890534766537428e+01,4.204853414987370996e+01
3.379999999999999893e+00,-4.103639708416830345e+00,9.252566196956108513e+01,2.117109543973360175e+01,4.314480628021281916e+01
3.390000000000000124e+00,-4.119018599908052636e+00,9.084795478798075408e+01,2.179078028695204949e+01,4.426784896546205061e+01
3.399999999999999911e+00,-4.135751502367989829e+00,8.915792170675746320e+01,2.245340333967917701e+01,4.541582654952537013e+01
3.410000000000000142e+00,-4.154413780616346585e+00,8.745817745023779821e+01,2.316386564802672510e+01,4.658584105527233987e+01
3.419999999999999929e+00,-4.175436966713450104e+00,8.575226852163405056e+01,2.392625042633661536e+01,4.777412953067039325e+01
3.430000000000000160e+00,-4.199076636667010476e+00,8.404436865038255178e+01,2.474360400772344448e+01,4.897634053199398352e+01
3.439999999999999947e+00,-4.225393850177691313e+00,8.233893087498778129e+01,2.561779675991008887e+01,5.018787775485073865e+01
3.450000000000000178e+00,-4.254251304133336298e+00,8.064031991397312993e+01,2.654948696182873391e+01,5.140429125337531957e+01
3.459999999999999964e+00,-4.285324577731314477e+00,7.895244955764262329e+01,2.753820721369874747e+01,5.262168763005910677e+01
3.470000000000000195e+00,-4.318128036227561140e+00,7.727845042105857942e+01,2.858258532773689353e+01,5.383712136968154738e+01
3.479999999999999982e+00,-4.352054054752003687e+00,7.562039329492834838e+01,2.968069922713118913e+01,5.504892236577890685e+01
3.490000000000000213e+00,-4.386423201632006830e+00,7.397909192939401635e+01,3.083054887959473689e+01,5.625691231464248432e+01
3.500000000000000000e+00,-4.420541926918463815e+00,7.235400562533141056e+01,3.203060997576668711e+01,5.746246731267706309e+01
3.509999999999999787e+00,-4.453763262376389420e+00,7.074325583913152116e+01,3.328041745788715389e+01,5.866839664144936961e+01
3.520000000000000018e+00,-4.485545250141521834e+00,6.914376192629814000e+01,3.458111600151305964e+01,5.987862729955607932e+01
3.529999999999999805e+00,-4.515501502626319663e+00,6.755148967670010052e+01,3.593591215464110178e+01,6.109770723061215847e+01
3.540000000000000036e+00,-4.543438641839175673e+00,6.596179376973864805e+01,3.735037003938859357e+01,6.233016302374863926e+01
3.549999999999999822e+00,-4.569376448039992766e+00,6.436982367923805270e+01,3.883250786411981892e+01,6.357976586000508235e+01
3.560000000000000053e+00,-4.593548282980637332e+00,6.277095404477276475e+01,4.039267257646223186e+01,6.484876990445059164e+01
3.569999999999999840e+00,-4.616381499241894559e+00,6.116119683247869432e+01,4.204319075443762443e+01,6.613718980347481136e+01
3.580000000000000071e+00,-4.638459755649691374e+00,5.953755450992897380e+01,4.379781209803283559e+01,6.744218023365858983e+01
3.589999999999999858e+00,-4.660471067663949363e+00,5.789828053243179085e+01,4.567097643014544417e+01,6.875757349502275417e+01
3.600000000000000089e+00,-4.683146753585991640e+00,5.624302421262594720e+01,4.767694692659181044e+01,7.007362351640007603e+01
3.609999999999999876e+00,-4.707197064110030027e+00,5.457284948903951260e+01,4.982886383236039762e+01,7.137699719033574297e+01
3.620000000000000107e+00,-4.733249235457393844e+00,5.289012923520014198e+01,5.213778669655156506e+01,7.265104507747609830e+01
3.629999999999999893e+00,-4.761793135076251460e+00,5.119832711749853615e+01,5.461181000173326794e+01,7.387636937538407267e+01
3.640000000000000124e+00,-4.793138772279874615e+00,4.950168695627996840e+01,5.725535459525844573e+01,7.503168281273653406e+01
3.649999999999999911e+00,-4.827388901293232948e+00,4.780485512764057177e+01,6.006874921294137692e+01,7.609491423361600937e+01
3.660000000000000142e+00,-4.864428859253266069e+00,4.611246525671536034e+01,6.304821300727710565e+01,7.704446555760117121e+01
3.669999999999999929e+00,-4.903934682658449340e+00,4.442871685593480890e+01,6.618632109691569099e+01,7.786046754348440402e+01
3.680000000000000160e+00,-4.945399395117643593e+00,4.275698094496821966e+01,6.947297431388203393e+01,7.852583258148375478e+01
3.689999999999999947e+00,-4.988176098944212100e+00,4.109946587602086510e+01,7.289680397590763050e+01,7.902688053788644140e+01
3.700000000000000178e+00,-5.031535107996924161e+00,3.945697492462778655e+01,7.644683703363625682e+01,7.935333599917370861e+01
3.709999999999999964e+00,-5.074730885379810985e+00,3.782878276149179442e+01,8.011415105262570080e+01,7.949757019524480484e+01
3.720000000000000195e+00,-5.117073160971120416e+00,3.621264987130528112e+01,8.389318995812024582e+01,7.945308107852464730e+01
3.729999999999999982e+00,-5.157995559894685833e+00,3.460498208544018439e+01,8.778241059516972200e+01,7.921234788594865961e+01
3.740000000000000213e+00,-5.197114672261548662e+00,3.300112738425301728e+01,9.178399139072699597e+01,7.876433179440003585e+01
3.750000000000000000e+00,-5.234272980117740559e+00,3.139578585939660726e+01,9.590244539221085063e+01,7.809199596942697497e+01
3.759999999999999787e+00,-5.269560517009416856e+00,2.978349391748987784e+01,1.001421192434740846e+02,7.717027381863088920e+01
3.770000000000000018e+00,-5.303312434499343198e+00,2.815913334883275354e+01,1.045037088090418678e+02,7.596492528859994309e+01
3.779999999999999805e+00,-5.336082437151487667e+00,2.651841199253142634e+01,1.089800747593216386e+02,7.443269486397656465e+01
3.790000000000000036e+00,-5.368594840214472086e+00,2.485826621231959166e+01,1.135518025036282381e+02,7.252312076500855653e+01
3.799999999999999822e+00,-5.401680325200314492e+00,2.317714539704337184e+01,1.181831246146599881e+02,7.018222344214152031e+01
3.810000000000000053e+00,-5.436201980181097682e+00,2.147515300545579464e+01,1.228189934016512552e+02,6.735808646963641877e+01
3.819999999999999840e+00,-5.472978794243497980e+00,1.975403447643634181e+01,1.273841994339580026e+02,6.400800024228556140e+01
3.830000000000000071e+00,-5.512713524192625947e+00,1.801701707627254834e+01,1.317853783657673148e+02,6.010637391211393776e+01
3.839999999999999858e+00,-5.555931003200753615e+00,1.626851880750329471e+01,1.359164202227060230e+02,5.565212114715306058e+01
3.850000000000000089e+00,-5.602931789812600982e+00,1.451375233116593577e+01,1.396671364123571379e+02,5.067387728773360323e+01
3.859999999999999876e+00,-5.653764778775100197e+00,1.275825585211152280e+01,1.429341383725895298e+02,4.523144927840556306e+01
3.870000000000000107e+00,-5.708221118168946617e+00,1.100738694276832952e+01,1.456320125697655214e+02,3.941250467625572185e+01
3.879999999999999893e+00,-5.765850488866722579e+00,9.265818117520902675e+00,1.477024269240444880e+02,3.332461988844313794e+01
3.890000000000000124e+00,-5.825999412284474488e+00,7.537074886329762968e+00,1.491190773616905858e+02,2.708409322352797588e+01
3.899999999999999911e+00,-5.887869659783998344e+00,5.823157538734220040e+00,1.498873879852756943e+02,2.080388157384599168e+01
3.910000000000000142e+00,-5.950593009205680239e+00,4.124285877180990489e+00,1.500392665932805301e+02,1.458323583661037048e+01
3.919999999999999929e+00,-6.013316633993323279e+00,2.438800044870616635e+00,1.496244553322169679e+02,8.501018146102570228e+00
3.930000000000000160e+00,-6.075291587244644020e+00,7.632392851400146006e-01,1.487006749873897036e+02,2.613572040192981838e+00
3.939999999999999947e+00,-6.135955560226106442e+00,-9.073962483160633585e-01,1.473247176648522156e+02,-3.043159217707007702e+00
3.950000000000000178e+00,-6.195000788064377595e+00,-2.579216237411091406e+00,1.455460694509789050e+02,-8.448439178124738547e+00
3.959999999999999964e+00,-6.252418959698687217e+00,-4.258880785321270679e+00,1.434038446503429611e+02,-1.359005417043401032e+01
3.970000000000000195e+00,-6.308517310518066523e+00,-5.952966625739049000e+00,1.409270432861601137e+02,-1.845772722234933383e+01
3.979999999999999982e+00,-6.363903435593844193e+00,-7.667326042519867713e+00,1.381375364654001885e+02,-2.303794866591819357e+01
3.990000000000000213e+00,-6.419440164866000664e+00,-9.406507112660573711e+00,1.350547723403443570e+02,-2.731111694115864807e+01
4.000000000000000000e+00,-6.476175368675156641e+00,-1.117329541718258845e+01,1.317009774342420485e+02,-3.125137239010132717e+01
4.009999999999999787e+00,-6.535254189285893744e+00,-1.296842110766562328e+01,1.281056157895801277e+02,-3.482895888342156354e+01
4.019999999999999574e+00,-6.597822576917132587e+00,-1.479045497197155790e+01,1.243080834915129458e+02,-3.801443293440677706e+01
4.030000000000000249e+00,-6.664931148447811537e+00,-1.663589697831804060e+01,1.203580486853473701e+02,-4.078366412914395767e+01
4.040000000000000036e+00,-6.737447568132269637e+00,-1.849944378070894047e+01,1.163134154446869388e+02,-4.312244396739944108e+01
4.049999999999999822e+00,-6.815984292734723837e+00,-2.037440925113983425e+01,1.122364428627388406e+02,-4.502969293441859122e+01
4.059999999999999609e+00,-6.900847020408393817e+00,-2.225326399284727330e+01,1.081889248468635856e+02,-4.651867436308605619e+01
4.070000000000000284e+00,-6.992007775056000796e+00,-2.412825457472071022e+01,1.042274317733615021e+02,-4.761614349320495876e+01
4.080000000000000071e+00,-7.089105285726670758e+00,-2.599205917282070644e+01,1.003994423450322842e+02,-4.835981088186163390e+01
4.089999999999999858e+00,-7.191474041016210350e+00,-2.783843215064070264e+01,9.674085663050622941e+01,-4.879476213527357942e+01
4.099999999999999645e+00,-7.298201861391309997e+00,-2.966278568506703905e+01,9.327501677008436332e+01,-4.896952341003854769e+01
4.110000000000000320e+00,-7.408213795150432546e+00,-3.146265306713180365e+01,9.001307800180572372e+01,-4.893234623717592768e+01
4.120000000000000107e+00,-7.520377504381370315e+00,-3.323797825552117757e+01,8.695541573227779963e+01,-4.872809318109352716e+01
4.129999999999999893e+00,-7.633622225386613280e+00,-3.499118274154790242e+01,8.409371381307265381e+01,-4.839591597719510929e+01
4.139999999999999680e+00,-7.747060345446589835e+00,-3.672697638697922429e+01,8.141341323495018401e+01,-4.796777550472560137e+01
4.150000000000000355e+00,-7.860098384564542684e+00,-3.845190429393837661e+01,7.889626307048224874e+01,-4.746776872475882669e+01
4.160000000000000142e+00,-7.972523527391413900e+00,-4.017365458927255872e+01,7.652277357463481167e+01,-4.691218814608383525e+01
4.169999999999999929e+00,-8.084553401392664540e+00,-4.190018667933396301e+01,7.427441070302079140e+01,-4.631022155928480544e+01
4.179999999999999716e+00,-8.196840593487253912e+00,-4.363876853054598826e+01,7.213539453898103204e+01,-4.566518320390557051e+01
4.190000000000000391e+00,-8.310428824761860511e+00,-4.539502784483007503e+01,7.009398408035023920e+01,-4.497614159118227661e+01
4.200000000000000178e+00,-8.426663623482884447e+00,-4.717212181171169760e+01,6.814316225018220052e+01,-4.423977576458243277e+01
4.209999999999999964e+00,-8.547065474125169260e+00,-4.897011439824566281e+01,6.628068653001506050e+01,-4.345226292545268620e+01
4.219999999999999751e+00,-8.673176821009430881e+00,-5.078562426204576497e+01,6.450853982630619043e+01,-4.261099195045195387e+01
4.230000000000000426e+00,-8.806395661587023582e+00,-5.261177795685640035e+01,6.283188954383629010e+01,-4.171592072515534966e+01
4.240000000000000213e+00,-8.947808165362175714e+00,-5.443847907774922845e+01,6.125772125178377792e+01,-4.077045074517203460e+01
4.250000000000000000e+00,-9.098031676787844191e+00,-5.625298821351562140e+01,5.979334067670083641e+01,-3.978176813378698995e+01
4.259999999999999787e+00,-9.257078620026943483e+00,-5.804080067313570623e+01,5.844492818139828216e+01,-3.876067658828382889e+01
4.269999999999999574e+00,-9.424252017156488748e+00,-5.978680452991388705e+01,5.721629002060158342e+01,-3.772100593448377026e+01
4.280000000000000249e+00,-9.598084840321801536e+00,-6.147669325341086477e+01,5.610789610431931607e+01,-3.667870901060103961e+01
4.290000000000000036e+00,-9.776337777390878614e+00,-6.309858661845358796e+01,5.511624247494246731e+01,-3.565075956749437580e+01
4.299999999999999822e+00,-9.956071830737135642e+00,-6.464477376273063669e+01,5.423354155656854658e+01,-3.465394406635373059e+01
4.309999999999999609e+00,-1.013381122904342035e+01,-6.611343171955235221e+01,5.344772978295540611e+01,-3.370361461225738253e+01
4.320000000000000284e+00,-1.030580567663531788e+01,-6.751010037772402939e+01,5.274278738066982442e+01,-3.281245235048788089e+01
4.330000000000000071e+00,-1.046838688265376760e+01,-6.884863384067111269e+01,5.209937922873194793e+01,-3.198928985796072055e+01
4.339999999999999858e+00,-1.061839290168206595e+01,-7.015133457547565854e+01,5.149583538123901860e+01,-3.123806018288620123e+01
4.349999999999999645e+00,-1.075360953064266667e+01,-7.144804727365009001e+01,5.090948104841589128e+01,-3.055697402027592346e+01
4.360000000000000320e+00,-1.087315959084180506e+01,-7.277415873776314470e+01,5.031828821851908629e+01,-2.993806145563521426e+01
4.370000000000000107e+00,-1.097776845835530324e+01,-7.416768870293458349e+01,4.970275306940504123e+01,-2.936723042847732046e+01
4.379999999999999893e+00,-1.106985344832403229e+01,-7.566588776312310927e+01,4.904781694852498930e+01,-2.882496888380181232e+01
4.389999999999999680e+00,-1.115342206723973462e+01,-7.730188952047352302e+01,4.834457113777143888e+01,-2.828773809449560872e+01
4.400000000000000355e+00,-1.123380695436178023e+01,-7.910193623543052865e+01,4.759145290347933610e+01,-2.772997675173984078e+01
4.410000000000000142e+00,-1.131729782880324287e+01,-8.108352267275742520e+01,4.679468254593982834e+01,-2.712649006504220495e+01
4.419999999999999929e+00,-1.141074269601410407e+01,-8.325455648727590585e+01,4.596781425993049908e+01,-2.645488451612698810e+01
4.429999999999999716e+00,-1.152118167184252329e+01,-8.561340828799697533e+01,4.513044913205552433e+01,-2.569767431418894077e+01
4.440000000000000391e+00,-1.165555484917004492e+01,-8.814958379139314104e+01,4.430633109375796153e+01,-2.484375073010110313e+01
4.450000000000000178e+00,-1.182050083166858379e+01,-9.084470815247033215e+01,4.352115802757546703e+01,-2.388905127234442460e+01
4.459999999999999964e+00,-1.202224241809411964e+01,-9.367354413995396101e+01,4.280045726805607131e+01,-2.283644124385704899e+01
4.469999999999999751e+00,-1.226654343465271957e+01,-9.660483266112916567e+01,4.216780278396967674e+01,-2.169496778223527400e+01
4.480000000000000426e+00,-1.255871517821321959e+01,-9.960181314223268600e+01,4.164352691013358765e+01,-2.047872711211347507e+01
4.490000000000000213e+00,-1.290364978244411986e+01,-1.026223329568666855e+02,4.124394925517840704e+01,-1.920559147845997927e+01
4.500000000000000000e+00,-1.330585810664672231e+01,-1.056184826746801662e+02,4.098104559752174936e+01,-1.789599110301060136e+01
4.509999999999999787e+00,-1.376948879864460551e+01,-1.085356988619479495e+02,4.086242632505001637e+01,-1.657186788249034493e+01
4.519999999999999574e+00,-1.429830051756429654e+01,-1.113112647344468797e+02,4.089148521576569095e+01,-1.525583821386781658e+01
4.530000000000000249e+00,-1.489554809820353931e+01,-1.138721219088025691e+02,4.106760296651835063e+01,-1.397053928068494244e+01
4.540000000000000036e+00,-1.556372178406236628e+01,-1.161319043618834144e+02,4.138633175118604157e+01,-1.273809326959516852e+01
4.549999999999999822e+00,-1.630404092708688779e+01,-1.179871635104702108e+02,4.183953582672584304e+01,-1.157960766643512684e+01
4.559999999999999609e+00,-1.711554302276403305e+01,-1.193129731144676384e+02,4.241551100809865460e+01,-1.051463486684726334e+01
4.570000000000000284e+00,-1.799352335737144415e+01,-1.199587066907300112e+02,4.309914696871273776e+01,-9.560538681349013856e+00
4.580000000000000071e+00,-1.892699342312453226e+01,-1.197462050411549086e+02,4.387222487798393189e+01,-8.731756998123739066e+00
4.589999999999999858e+00,-1.989484878403116497e+01,-1.184754752508429760e+02,4.471395138284879778e+01,-8.039005412036836162e+00
4.599999999999999645e+00,-2.086089979436502873e+01,-1.159478688919764124e+02,4.560181005665177878e+01,-7.488528190274654328e+00
4.610000000000000320e+00,-2.176948462245400862e+01,-1.120209682515546348e+02,4.651275748683501376e+01,-7.081556217160041022e+00
4.620000000000000107e+00,-2.254650464829085266e+01,-1.067023192358674066e+02,4.742470563350878621e+01,-6.814156704390512687e+00
4.629999999999999893e+00,-2.311308856284355429e+01,-1.002513359487576849e+02,4.831813057880696505e+01,-6.677636829422913145e+00
4.639999999999999680e+00,-2.341312787318011956e+01,-9.319869328993051738e+01,4.917755921720340950e+01,-6.659583523889663681e+00
4.650000000000000355e+00,-2.343879927546930020e+01,-8.620316013188602255e+01,4.999264406489155732e+01,-6.745494472906225170e+00
4.660000000000000142e+00,-2.323107532982149692e+01,-7.981566335053690864e+01,5.075856689282744583e+01,-6.920812957479113514e+00
4.669999999999999929e+00,-2.285477752239307137e+01,-7.433213059368902975e+01,5.147561500038904114e+01,-7.173065401926584705e+00
4.679999999999999716e+00,-2.237101699373648955e+01,-6.981038996269671770e+01,5.214792226113674900e+01,-7.493752140424462027e+00
4.690000000000000391e+00,-2.182357643021359195e+01,-6.617305198875635597e+01,5.278151638996025952e+01,-7.879670881908627855e+00
4.700000000000000178e+00,-2.123841270604238218e+01,-6.330287160151085146e+01,5.338192433522268487e+01,-8.333440905733395354e+00
4.709999999999999964e+00,-2.062895089710229968e+01,-6.109680469421257243e+01,5.395164200084489892e+01,-8.863108465553068527e+00
4.719999999999999751e+00,-2.000196292410902288e+01,-5.948467968713187304e+01,5.448778245432884404e+01,-9.480817136350486507e+00
4.730000000000000426e+00,-1.936195237766879984e+01,-5.842732025384483308e+01,5.498020449550757860e+01,-1.020060762425857170e+01
4.740000000000000213e+00,-1.871367592200850893e+01,-5.790590847121137585e+01,5.541041437983479767e+01,-1.103548138236045695e+01
4.750000000000000000e+00,-1.806310602825177725e+01,-5.790997700734973819e+01,5.575153072640671326e+01,-1.199394883515070909e+01
4.759999999999999787e+00,-1.741735562718237063e+01,-5.842797186780855156e+01,5.596958011744106898e+01,-1.307641085383833079e+01
4.769999999999999574e+00,-1.678408910427149792e+01,-5.944178542874570326e+01,5.602629824894514599e+01,-1.427188959210728747e+01
4.780000000000000249e+00,-1.617082640141200756e+01,-6.092495984413520915e+01,5.588339669178612468e+01,-1.555578362922926239e+01
4.790000000000000036e+00,-1.558437919686833695e+01,-6.284342517064807510e+01,5.550790449616299327e+01,-1.688937555816115932e+01
4.799999999999999822e+00,-1.503050627039447029e+01,-6.515751569851524039e+01,5.487777418357623560e+01,-1.822165449190756803e+01
4.809999999999999609e+00,-1.451377593854682146e+01,-6.782429573753640284e+01,5.398661397244779181e+01,-1.949357326616673447e+01
4.820000000000000284e+00,-1.403757920533229075e+01,-7.079962595106917433e+01,5.284637285699058395e+01,-2.064421539239140557e+01
4.830000000000000071e+00,-1.360423102695230035e+01,-7.403973582210662130e+01,5.148718332481943349e+01,-2.161772670621744652e+01
4.839999999999999858e+00,-1.321510925412234094e+01,-7.750228041220240982e+01,4.995428567259981634e+01,-2.236955675325942750e+01
4.849999999999999645e+00,-1.287079767727413682e+01,-8.114696416365123355e+01,4.830274733908817097e+01,-2.287072972020798645e+01
4.860000000000000320e+00,-1.257121434128889348e+01,-8.493584784948457411e+01,4.659122110429744623e+01,-2.310946272029027426e+01
4.870000000000000107e+00,-1.231571683542556173e+01,-8.883345057108115839e+01,4.487606263209975310e+01,-2.309020243373927883e+01
4.879999999999999893e+00,-1.210318287065364373e+01,-9.280673951595973392e+01,4.320678946547886312e+01,-2.283075015526572571e+01
4.889999999999999680e+00,-1.193206818549612969e+01,-9.682507829632820062e+01,4.162332333272961193e+01,-2.235840942159771672e+01
4.900000000000000355e+00,-1.180044574868071550e+01,-1.008601853826571073e+02,4.015495471151582052e+01,-2.170602501941834106e+01
4.910000000000000142e+00,-1.170603118152568634e+01,-1.048861387404506758e+02,3.882064963798008961e+01,-2.090851791134066318e+01
4.919999999999999929e+00,-1.164619984998473257e+01,-1.088794506135269273e+02,3.763020900115556344e+01,-2.000021043450364644e+01
4.929999999999999716e+00,-1.161800147433474528e+01,-1.128192259769214161e+02,3.658583468213165446e+01,-1.901298463899200186e+01
4.940000000000000391e+00,-1.161817846950998323e+01,-1.166874077859562959e+02,3.568377645908873319e+01,-1.797516327508703782e+01
4.950000000000000178e+00,-1.164319448288598480e+01,-1.204691002264866739e+02,3.491586546468307262e+01,-1.691094021853716356e+01
4.959999999999999964e+00,-1.168927950718297026e+01,-1.241529467388688630e+02,3.427084858681872959e+01,-1.584018710917423434e+01
4.969999999999999751e+00,-1.175249716276260514e+01,-1.277315227028144733e+02,3.373551129602279275e+01,-1.477849635442217213e+01
4.980000000000000426e+00,-1.182883787086765004e+01,-1.312016849637083169e+02,3.329561555882663271e+01,-1.373736525569170297e+01
4.990000000000000213e+00,-1.191433837935613838e+01,-1.345648054187239495e+02,3.293669218027652335e+01,-1.272446809605787621e+01
5.000000000000000000e+00,-1.200522345602077046e+01,-1.378268089690446061e+02,3.264472172489838186e+01,-1.174399533322837286e+01
5.009999999999999787e+00,-1.209806003726676238e+01,-1.409979431718380170e+02,3.240672304850833996e+01,-1.079705855391055103e+01
5.019999999999999574e+00,-1.218990881604401544e+01,-1.440922321230587784e+02,3.221125033246007519e+01,-9.882166273998356232e+00
5.030000000000000249e+00,-1.227845471938666577e+01,-1.471266102651428014e+02,3.204878413250741431e+01,-8.995770793638955709e+00
5.040000000000000036e+00,-1.236209748275993547e+01,-1.501197863328856101e+02,3.191199369065765623e+01,-8.132873708427640125e+00
5.049999999999999822e+00,-1.243998740401885783e+01,-1.530909409678683915e+02,3.179584891981409811e+01,-7.287662243415045538e+00
5.059999999999999609e+00,-1.251199894527214518e+01,-1.560583987799598447e+02,3.169757078202660949e+01,-6.454135604954729821e+00
5.070000000000000284e+00,-1.257864443241709473e+01,-1.590384253489100956e+02,3.161642540050238992e+01,-5.626674373925538042e+00
5.080000000000000071e+00,-1.264093921369348195e+01,-1.620442787460997636e+02,3.155338560623611244e+01,-4.800508739838129202e+00
5.089999999999999858e+00,-1.270023600524870844e+01,-1.650856002862247180e+02,3.151069890339363866e+01,-3.972052493685040542e+00
5.099999999999999645e+00,-1.275804853166258646e+01,-1.681681738010983622e+02,3.149140950798950200e+01,-3.139086213813833126e+00
5.110000000000000320e+00,-1.281588307359218426e+01,-1.712940312609878220e+02,3.149888287784989060e+01,-2.300790919167258419e+00
5.120000000000000107e+00,-1.287509233824912869e+01,-1.744618454476918714e+02,3.153637499508587538e+01,-1.457648870933921703e+00
5.129999999999999893e+00,-1.293676076919069473e+01,-1.776675314615487764e+02,3.160667809035158982e+01,-6.112388144479885543e-01
5.139999999999999680e+00,-1.300162540710377890e+01,1.790950239106618938e+02,3.171186242024552726e+01,2.360418374480243164e-01
5.150000000000000355e+00,-1.307003254283111993e+01,1.758331779323293347e+02,3.185312247300097610e+01,1.081294738704860814e+00
5.160000000000000142e+00,-1.314192790207084016e+01,1.725547529745238933e+02,3.203072686208523834e+01,1.921447486627793966e+00
5.169999999999999929e+00,-1.321687675318824873e+01,1.692673103316664367e+02,3.224406437897935973e+01,2.753562670558364900e+00
5.179999999999999716e+00,-1.329410969789531904e+01,1.659775139987840760e+02,3.249177370036496626e+01,3.575106307494375191e+00
5.190000000000000391e+00,-1.337258953068945111e+01,1.626906144024273431e+02,3.277194033377801219e+01,4.384157071481306289e+00
5.200000000000000178e+00,-1.345109409724121363e+01,1.594100767922045634e+02,3.308234099607484779e+01,5.179542126241776678e+00
5.209999999999999964e+00,-1.352830939978811031e+01,1.561373737007558304e+02,3.342071267295760606e+01,5.960890459699854205e+00
5.219999999999999751e+00,-1.360292636036894720e+01,1.528719535650053274e+02,3.378502152784976431e+01,6.728600774086583414e+00
5.230000000000000426e+00,-1.367373391685177531e+01,1.496113869499699831e+02,3.417370635713314186e+01,7.483728181260053347e+00
5.240000000000000213e+00,-1.373970085208607905e+01,1.463516777720084576e+02,3.458587316353229824e+01,8.227801618761688474e+00
5.250000000000000000e+00,-1.380003928385856327e+01,1.430877109427217135e+02,3.502142201990224635e+01,8.962590999627808586e+00
5.259999999999999787e+00,-1.385424425952792404e+01,1.398137926937275779e+02,3.548109449827905593e+01,9.689848411441689180e+00
5.269999999999999574e+00,-1.390210633761057757e+01,1.365242287831470378e+02,3.596643868112960973e+01,1.041105015280908219e+01
5.280000000000000249e+00,-1.394369706063811165e+01,1.332138816019847525e+02,3.647969784784774561e+01,1.112716553050047708e+01
5.290000000000000036e+00,-1.397933030071954974e+01,1.298786511856522168e+02,3.702363694590190590e+01,1.183847431493752289e+01
5.299999999999999822e+00,-1.400950502917542551e+01,1.265158366265547301e+02,3.760132680259710725e+01,1.254444835218912324e+01
5.309999999999999609e+00,-1.403483669683052781e+01,1.231243509775488434e+02,3.821590913216639507e+01,1.324370518925254459e+01
5.320000000000000284e+00,-1.405598493132904814e+01,1.197047811107421325e+02,3.887036574404024947e+01,1.393403382885471586e+01
5.330000000000000071e+00,-1.407358474541625526e+01,1.162593009356471754e+02,3.956731339739867082e+01,1.461248577158887940e+01
5.339999999999999858e+00,-1.408818718215426813e+01,1.127914596013070962e+02,4.030884210104601806e+01,1.527551882523914450e+01
5.349999999999999645e+00,-1.410021365373478019e+01,1.093058748184099613e+02,4.109640990872345157e+01,1.591917692206178891e+01
5.360000000000000320e+00,-1.410992648177341557e+01,1.058078654221752402e+02,4.193080180948608415e+01,1.653928635845358386e+01
5.370000000000000107e+00,-1.411741653951398057e+01,1.023030576774117577e+02,4.281215437695088610e+01,1.713164742877660984e+01
5.379999999999999893e+00,-1.412260753274397018e+01,9.879699775239447490e+01,4.374004156010272482e+01,1.769220045889588633e+01
5.389999999999999680e+00,-1.412527534450401490e+01,9.529479922434383354e+01,4.471361059626860168e+01,1.821714698501968499e+01
5.400000000000000355e+00,-1.412507996768593088e+01,9.180084999799436218e+01,4.573175094663333340e+01,1.870301053424865501e+01
5.410000000000000142e+00,-1.412160681590742861e+01,8.831859778822342832e+01,4.679327409657950909e+01,1.914662726256318948e+01
5.419999999999999929e+00,-1.411441362541336453e+01,8.485042724950329784e+01,4.789707889360607140e+01,1.954506437718119471e+01
5.429999999999999716e+00,-1.410307877422148692e+01,8.139763481299770831e+01,4.904227664034746681e+01,1.989547315315889975e+01
5.440000000000000391e+00,-1.408724672198315098e+01,7.796049940329893957e+01,5.022825294828078313e+01,2.019489237683875515e+01
5.450000000000000178e+00,-1.406666649765628385e+01,7.453843889505172626e+01,5.145464941213880650e+01,2.044002591044972661e+01
5.459999999999999964e+00,-1.404121978680656468e+01,7.113023425571421399e+01,5.272125692671557573e+01,2.062702352357301194e+01
5.469999999999999751e+00,-1.401093618827099085e+01,6.773429686581711451e+01,5.402782288708822733e+01,2.075129625967020175e+01
5.480000000000000426e+00,-1.397599453251831747e+01,6.434895055590466484e+01,5.537378527360860403e+01,2.080739598878029284e+01
5.490000000000000213e+00,-1.393671061968784208e+01,6.097269917852597132e+01,5.675795640351345384e+01,2.078898356092696531e+01
5.500000000000000000e+00,-1.389351314182589014e+01,5.760445322985984973e+01,5.817818680706162837e+01,2.068890165796014102e+01
5.509999999999999787e+00,-1.384691070571405547e+01,5.424369471891814243e+01,5.963104440721672717e+01,2.049935783817019797e+01
5.519999999999999574e+00,-1.379745362602393755e+01,5.089056721714761267e+01,6.111154533914581322e+01,2.021221130637933072e+01
5.530000000000000249e+00,-1.374569444887701053e+01,4.754588661198501143e+01,6.261296990724905243e+01,1.981934467096462882e+01
5.540000000000000036e+00,-1.369215101100844656e+01,4.421107636685369613e+01,6.412679009319715817e+01,1.931309061502552282e+01
5.549999999999999822e+00,-1.363727532021898270e+01,4.088803814806825443e+01,6.564272377554998172e+01,1.868667453597678829e+01
5.559999999999999609e+00,-1.358143077071657245e+01,3.757897397667520067e+01,6.714891607542338647e+01,1.793462954901340822e+01
5.570000000000000284e+00,-1.352487929516356857e+01,3.428617941480948161e+01,6.863223156104321276e+01,1.705314150166517706e+01
5.580000000000000071e+00,-1.346777909692989894e+01,3.101182876477819050e+01,7.007862497439747074e+01,1.604028991877234844e+01
5.589999999999999858e+00,-1.341019266823555434e+01,2.775777302298027749e+01,7.147354596924144232e+01,1.489616597014029686e+01
5.599999999999999645e+00,-1.335210392905644028e+01,2.452536957563480513e+01,7.280232840306688047e+01,1.362286878566638748e+01
5.610000000000000320e+00,-1.329344255594308244e+01,2.131535949601375179e+01,7.405051938520000476e+01,1.222440312521984573e+01
5.620000000000000107e+00,-1.323411295052881620e+01,1.812780393214659469e+01,7.520411798194203357e+01,1.070651974333123313e+01
5.629999999999999893e+00,-1.317402487426908131e+01,1.496208563917778456e+01,7.624971612322318038e+01,9.076549923027213751e+00
5.639999999999999680e+00,-1.311312260302175048e+01,1.181697552303067411e+01,7.717456035369360734e+01,7.343284072251085703e+00
5.650000000000000355e+00,-1.305140957794554168e+01,8.690757615588381668e+00,7.796657662690888912e+01,5.516929959540417094e+00
5.660000000000000142e+00,-1.298896596695541739e+01,5.581399859957467235e+00,7.861441525015406739e+01,3.609161147124220648e+00
5.669999999999999929e+00,-1.292595728076543615e+01,2.486753192236344834e+00,7.910757465110451392e+01,1.633235340175160255e+00
5.679999999999999716e+00,-1.286263313812249010e+01,-5.952416566056265568e-01,7.943664880834957387e+01,-3.958674539679879478e-01
5.690000000000000391e+00,-1.279931633356754617e+01,-3.666360993095225229e+00,7.959371530896628144e+01,-2.461358444351544161e+00
5.700000000000000178e+00,-1.273638339374551975e+01,-6.727938361043031001e+00,7.957284392032200060e+01,-4.544683262285827752e+00
5.709999999999999964e+00,-1.267423868597751913e+01,-9.780754080015929830e+00,7.937066706323714982e+01,-6.625760763561541644e+00
5.719999999999999751e+00,-1.261328476709655710e+01,-1.282498475657682135e+01,7.898692296092646359e+01,-8.683452896008994060e+00
5.730000000000000426e+00,-1.255389197926895228e+01,-1.586021722321487637e+01,7.842486821941156450e+01,-1.069625734732846034e+01
5.740000000000000213e+00,-1.249637030889565636e+01,-1.888552507798763713e+01,7.769146473008743214e+01,-1.264316687374519610e+01
5.750000000000000000e+00,-1.244094625904451945e+01,-2.189960022594878453e+01,7.679727632783223612e+01,-1.450459880986960748e+01
5.759999999999999787e+00,-1.238774700039718013e+01,-2.490092698154191808e+01,7.575605774393207525e+01,-1.626327578666720797e+01
5.769999999999999574e+00,-1.233679341925758166e+01,-2.788798261390439848e+01,7.458407135344398853e+01,-1.790494035369352233e+01
5.780000000000000249e+00,-1.228800292502432967e+01,-3.085944581454745261e+01,7.329921354374353371e+01,-1.941881181082677088e+01
5.790000000000000036e+00,-1.224120205495006530e+01,-3.381439350476275507e+01,7.192006178307289588e+01,-2.079773656159062156e+01
5.799999999999999822e+00,-1.219614805814891056e+01,-3.675246675937579965e+01,7.046496026638492083e+01,-2.203803311412561428e+01
5.809999999999999609e+00,-1.215255779718824591e+01,-3.967398851368010071e+01,6.895124709042760003e+01,-2.313907831823224370e+01
5.820000000000000284e+00,-1.211014153385210079e+01,-4.258001923391564958e+01,6.739469498789425472e+01,-2.410271399775029622e+01
5.830000000000000071e+00,-1.206863854489435717e+01,-4.547234185195034684e+01,6.580919897603122592e+01,-2.493256864403560868e+01
5.839999999999999858e+00,-1.202785113536709005e+01,-4.835337376070139470e+01,6.420670597241819166e+01,-2.563338747711766175e+01
5.849999999999999645e+00,-1.198767356746571267e+01,-5.122601101885952346e+01,6.259734967480289214e+01,-2.621044927884257092e+01
5.860000000000000320e+00,-1.194811275742142698e+01,-5.409341731830728150e+01,6.098973234371883478e+01,-2.666912474829754487e+01
5.870000000000000107e+00,-1.190929831323541777e+01,-5.695877674289079806e+01,5.939128473617773096e+01,-2.701460362630022871e+01
5.879999999999999893e+00,-1.187148052623230932e+01,-5.982503392523630481e+01,5.780863576097821976e+01,-2.725179073540266472e+01
5.889999999999999680e+00,-1.183501616156511105e+01,-6.269464716366583446e+01,5.624793280642754922e+01,-2.738534773900119390e+01
5.900000000000000355e+00,-1.180034315080432350e+01,-6.556937909650059737e+01,5.471506977283372208e+01,-2.741984028166412557e+01
5.910000000000000142e+00,-1.176794640570432549e+01,-6.845014585074616775e+01,5.321579978658000698e+01,-2.735994074634258055e+01
5.919999999999999929e+00,-1.173831781340605929e+01,-7.133693982615969276e+01,5.175573027353618016e+01,-2.721063562683323411e+01
5.929999999999999716e+00,-1.171191396713013333e+01,-7.422883433598256886e+01,5.034021649495000617e+01,-2.697739278877971714e+01
5.940000000000000391e+00,-1.168911532618307447e+01,-7.712407111329373777e+01,4.897418331115763124e+01,-2.666625589871603097e+01
5.950000000000000178e+00,-1.167019033059292887e+01,-8.002022493559425698e+01,4.766191235178501273e+01,-2.628384846566265054e+01
5.959999999999999964e+00,-1.165526759112457889e+01,-8.291443375534957738e+01,4.640683270746703926e+01,-2.583728544559186346e+01
5.969999999999999751e+00,-1.164431870517509537e+01,-8.580367789698141223e+01,4.521134867567486992e+01,-2.533400375833320695e+01
5.980000000000000426e+00,-1.163715356046169980e+01,-8.868508804876506701e+01,4.407672975401715121e+01,-2.478153275787620302e+01
5.990000000000000213e+00,-1.163342919783986673e+01,-9.155625886385544732e+01,4.300307799605987924e+01,-2.418723110973696322e+01
6.000000000000000000e+00,-1.163267240450722539e+01,-9.441554302886719086e+01,4.198937778582145341e+01,-2.355801799201384839e+01
6.009999999999999787e+00,-1.163431518791226082e+01,-9.726229991878513204e+01,4.103362422563633771e+01,-2.290012492945566436e+01
6.019999999999999574e+00,-1.163774115108177654e+01,-1.000970739132587113e+02,4.013301919972972343e+01,-2.221889091241748559e+01
6.030000000000000249e+00,-1.164233961361355263e+01,-1.029216806911631039e+02,3.928421880982313752e+01,-2.151861858216982881e+01
6.040000000000000036e+00,-1.164756322500172026e+01,-1.057391858269666471e+02,3.848361208817048151e+01,-2.080250368424930940e+01
6.049999999999999822e+00,-1.165298398050945039e+01,-1.085537688744170879e+02,3.772760851905746904e+01,-2.007264390684500555e+01
6.059999999999999609e+00,-1.165834217873564427e+01,-1.113704772986338014e+02,3.701291097622209492e+01,-1.933012670623426743e+01
6.070000000000000284e+00,-1.166358312350831916e+01,-1.141948868404648181e+02,3.633675144714457872e+01,-1.857518893700910922e+01
6.080000000000000071e+00,-1.166887734133639931e+01,-1.170326963242005291e+02,3.569706966870242582e+01,-1.780743446458256329e+01
6.089999999999999858e+00,-1.167462168600716410e+01,-1.198892935316788311e+02,3.509261969102330170e+01,-1.702609014479144633e+01
6.099999999999999645e+00,-1.168142071260534465e+01,-1.227693329111379512e+02,3.452299620120195556e+01,-1.623027648346001328e+01
6.110000000000000320e+00,-1.169004980072384292e+01,-1.256763647825188031e+02,3.398858049404039861e+01,-1.541926773414363971e+01
6.120000000000000107e+00,-1.170140334896105472e+01,-1.286125496719186003e+02,3.349041419836725453e+01,-1.459271759485531916e+01
6.129999999999999893e+00,-1.171643268084961420e+01,-1.315784817924881622e+02,3.303001602610996201e+01,-1.375083091065047114e+01
6.139999999999999680e+00,-1.173607896493515668e+01,-1.345731344065876840e+02,3.260916184813373064e+01,-1.289446818760217361e+01
6.150000000000000355e+00,-1.176120648252718937e+01,-1.375939287892513789e+02,3.222965071168481188e+01,-1.202517717739047853e+01
6.160000000000000142e+00,-1.179254112254117004e+01,-1.406369192148426635e+02,3.189307898646712403e+01,-1.114515309847056024e+01
6.169999999999999929e+00,-1.183061825090939756e+01,-1.436970794897855512e+02,3.160064218166200689e+01,-1.025713523209757483e+01
6.179999999999999716e+00,-1.187574329042852739e+01,-1.467686719584803541e+02,3.135297995319010056e+01,-9.364252117415508891e+00
6.190000000000000391e+00,-1.192796759064184542e+01,-1.498456769489200724e+02,3.115007528853312735e+01,-8.469830309940494573e+00
6.200000000000000178e+00,-1.198708150979104303e+01,-1.529222583849773400e+02,3.099121446498079280e+01,-7.577182990370222804e+00
6.209999999999999964e+00,-1.205262602247075776e+01,-1.559932389643653039e+02,3.087501041693346693e+01,-6.689395121251445531e+00
6.219999999999999751e+00,-1.212392348724563007e+01,-1.590545554854035402e+02,3.079948855185245549e+01,-5.809121794993340693e+00
6.230000000000000426e+00,-1.220012730864643302e+01,-1.621036618263763103e+02,3.076223052240286293e+01,-4.938416101351699616e+00
6.240000000000000213e+00,-1.228028898429742277e+01,-1.651398446653454357e+02,3.076056766246442464e+01,-4.078602140958308198e+00
6.250000000000000000e+00,-1.236343940564637478e+01,-1.681644167953803048e+02,3.079181158009103925e+01,-3.230207312174259826e+00
6.259999999999999787e+00,-1.244867938899031401e+01,-1.711807566082863161e+02,3.085350497382161095e+01,-2.392965164240415277e+00
6.269999999999999574e+00,-1.253527253120232210e+01,-1.741941714282644398e+02,3.094367170340830597e+01,-1.565895519976898687e+00
6.280000000000000249e+00,-1.262273203214099482e+01,-1.772115772881821556e+02,3.106104240439591990e+01,-7.474621747842650210e-01
6.290000000000000036e+00,-1.271089256777283438e+01,1.797589927355158466e+02,3.120523143860762261e+01,6.419923901503077346e-02
6.299999999999999822e+00,-1.279995899145649929e+01,1.767090183115097375e+02,3.137684338352884339e+01,8.709986545384587053e-01
6.309999999999999609e+00,-1.289052567767015312e+01,1.736302077155588677e+02,3.157749266110734254e+01,1.674576661218697859e+00
6.320000000000000284e+00,-1.298356343921174449e+01,1.705152356526247672e+02,3.180972765293806503e+01,2.475984392564364533e+00
6.330000000000000071e+00,-1.308037456015043531e+01,1.673584363790268128e+02,3.207685951458654472e+01,3.275386905692001527e+00
6.339999999999999858e+00,-1.318251984847105085e+01,1.641563928652398090e+02,3.238270442665167792e+01,4.071817187582969844e+00
6.349999999999999645e+00,-1.329172405470034590e+01,1.609083778932678399e+02,3.273125498575525683e+01,4.863003931379971334e+00
6.360000000000000320e+00,-1.340976713593688707e+01,1.576166218043479148e+02,3.312630126849700929e+01,5.645291001553700561e+00
6.370000000000000107e+00,-1.353836865507552290e+01,1.542863994711985640e+02,3.357102502843694225e+01,6.413661263923001066e+00
6.379999999999999893e+00,-1.367907141940783156e+01,1.509259421425371954e+02,3.406759241875969479e+01,7.161872933564414900e+00
6.389999999999999680e+00,-1.383312881833362340e+01,1.475461859690129529e+02,3.461677275719336677e+01,7.882712706326092444e+00
6.400000000000000355e+00,-1.400139880917937418e+01,1.441603680777543843e+02,3.521761407681896827e+01,8.568365696274598875e+00
6.410000000000000142e+00,-1.418424664876543773e+01,1.407834745199716338e+02,3.586721060917184190e+01,9.210895929998299536e+00
6.419999999999999929e+00,-1.438145866619419877e+01,1.374315350599998169e+02,3.656060172417169696e+01,9.802821038527707032e+00
6.429999999999999716e+00,-1.459217083884440314e+01,1.341207513745677602e+02,3.729084359127926973e+01,1.033774970263556270e+01
6.440000000000000391e+00,-1.481481867594847657e+01,1.308664424205026648e+02,3.804929024163396889e+01,1.081103084785024038e+01
6.450000000000000178e+00,-1.504711863457116827e+01,1.276817988809005584e+02,3.882610603186807197e+01,1.122034252185774328e+01
6.459999999999999964e+00,-1.528609522875729532e+01,1.245764632467847548e+02,3.961100452226968116e+01,1.156613149859402334e+01
6.469999999999999751e+00,-1.552817073739019271e+01,1.215549972456150556e+02,4.039417074579957756e+01,1.185180943354842320e+01
6.480000000000000426e+00,-1.576933387103773754e+01,1.186153632060182304e+02,4.116728084405141885e+01,1.208362483454183156e+01
6.490000000000000213e+00,-1.600539747878435293e+01,1.157476204447476817e+02,4.192449564306613041e+01,1.227016538859755101e+01
6.500000000000000000e+00,-1.623234158526262050e+01,1.129330988440142391e+02,4.266328520028436344e+01,1.242149872059323279e+01
6.509999999999999787e+00,-1.644671728778468633e+01,1.101443251594438237e+02,4.338494890871167797e+01,1.254802043582755999e+01
6.519999999999999574e+00,-1.664606375378991743e+01,1.073459092618574289e+02,4.409473189828248252e+01,1.265913069531765167e+01
6.530000000000000249e+00,-1.682927311354211852e+01,1.044964349691006902e+02,4.480149501592843819e+01,1.276189014819270007e+01
6.540000000000000036e+00,-1.699683589396246575e+01,1.015511728024266347e+02,4.551695708578072441e+01,1.285980567050350132e+01
6.549999999999999822e+00,-1.715091803304203211e+01,9.846521271207588200e+01,4.625457771903483462e+01,1.295186943845286365e+01
6.559999999999999609e+00,-1.729525594150238632e+01,9.519649073859740440e+01,4.702817549484925053e+01,1.303193384269325072e+01
6.570000000000000284e+00,-1.743489645815371603e+01,9.170820885279884749e+01,4.785037845451461180e+01,1.308846575617536878e+01
6.580000000000000071e+00,-1.757583912072258414e+01,8.797030987916656386e+01,4.873098984009937595e+01,1.310470005747854216e+01
6.589999999999999858e+00,-1.772464931377671959e+01,8.395989873208682752e+01,4.967533635717695262e+01,1.305920988130769622e+01
6.599999999999999645e+00,-1.788810223169688030e+01,7.966070951332932282e+01,5.068266465293841350e+01,1.292692610158865207e+01
6.610000000000000320e+00,-1.807289642993819712e+01,7.506184492144852527e+01,5.174467629592741957e+01,1.268065822565089640e+01
6.620000000000000107e+00,-1.828545151403177726e+01,7.015604546693710120e+01,5.284434656573461808e+01,1.229317309090466281e+01
6.629999999999999893e+00,-1.853178425069634727e+01,6.493770286015318050e+01,5.395524982301846961e+01,1.173985242747421509e+01
6.639999999999999680e+00,-1.881744377038523552e+01,5.940075001254580656e+01,5.504168957695781472e+01,1.100185372030871989e+01
6.650000000000000355e+00,-1.914747858202401076e+01,5.353647012804378136e+01,5.605996172318887716e+01,1.006953275734767672e+01
6.660000000000000142e+00,-1.952640276783209572e+01,4.733118834127917296e+01,5.696101019689255196e+01,8.945672185213153327e+00
6.669999999999999929e+00,-1.995812204899081266e+01,4.076375090105829457e+01,5.769452055677113833e+01,7.647862647255417201e+00
6.679999999999999716e+00,-2.044576807425976028e+01,3.380266756416677509e+01,5.821413947937651301e+01,6.209305050899649459e+00
6.690000000000000391e+00,-2.099136637561849739e+01,2.640281329257309295e+01,5.848308740111649229e+01,4.677450086081196723e+00
6.700000000000000178e+00,-2.159522454905146560e+01,1.850170979976322627e+01,5.847910854479187037e+01,3.110305459654381544e+00
6.709999999999999964e+00,-2.225486878967181070e+01,1.001576189884664103e+01,5.819765817484888260e+01,1.570836790157658536e+00
6.719999999999999751e+00,-2.296328729416065784e+01,8.376658790921789333e-01,5.765255493599038061e+01,1.204529896194157651e-01
6.730000000000000426e+00,-2.370620930803215742e+01,-9.162022223195474879e+00,5.687394849718409517e+01,-1.187143196565313863e+00
6.740000000000000213e+00,-2.445832520282650790e+01,-2.012300690218261323e+01,5.590413461880990553e+01,-2.310580456313117370e+00
6.750000000000000000e+00,-2.517912350426039580e+01,-3.216290026151088455e+01,5.479222315216298256e+01,-3.223236135348581666e+00
6.759999999999999787e+00,-2.581090858376851926e+01,-4.531401210953514891e+01,5.358877581304579252e+01,-3.913375490171438376e+00
6.769999999999999574e+00,-2.628418292577187287e+01,-5.943482268458382833e+01,5.234130630950367191e+01,-4.382454458151214816e+00
6.780000000000000249e+00,-2.653522976765677299e+01,-7.414390113953584205e+01,5.109113238080797004e+01,-4.642291857019196222e+00
6.790000000000000036e+00,-2.653149607339312155e+01,-8.885899940529900221e+01,4.987166697610450683e+01,-4.711826264626628458e+00
6.799999999999999822e+00,-2.628708549305595810e+01,-1.029673921230993301e+02,4.870795156826488181e+01,-4.614013144163490843e+00
6.809999999999999609e+00,-2.585417057802824914e+01,-1.160202891650012305e+02,4.761710057404862084e+01,-4.373198378061000646e+00
6.820000000000000284e+00,-2.529849595004909446e+01,-1.278159005111947124e+02,4.660931324659944153e+01,-4.013106831420901521e+00
6.830000000000000071e+00,-2.467829407248897411e+01,-1.383572885919155908e+02,4.568916667869563497e+01,-3.555446881314415108e+00
6.839999999999999858e+00,-2.403551668640335848e+01,-1.477632155489094430e+02,4.485698437147547679e+01,-3.019057167613699910e+00
6.849999999999999645e+00,-2.339630149056400654e+01,-1.561948999861296272e+02,4.411014965116562081e+01,-2.419495050778814882e+00
6.860000000000000320e+00,-2.277498122762686350e+01,-1.638146539759863174e+02,4.344428917656333056e+01,-1.768967817339909265e+00
6.870000000000000107e+00,-2.217824556971181948e+01,-1.707684236981706931e+02,4.285428751770765388e+01,-1.076521142614573323e+00
6.879999999999999893e+00,-2.160832121076835222e+01,-1.771811647935176097e+02,4.233511389751087961e+01,-3.484141181612583349e-01
6.889999999999999680e+00,-2.106510311013217418e+01,1.768423384877301601e+02,4.188245304540784275e+01,4.113786849415070890e-01
6.900000000000000355e+00,-2.054747825284364282e+01,1.712149801535161657e+02,4.149313931441441383e+01,1.200590876649642036e+00
6.910000000000000142e+00,-2.005409484724765434e+01,1.658647475178781860e+02,4.116540033635873641e+01,2.018062307776335995e+00
6.919999999999999929e+00,-1.958376814682770473e+01,1.607325453721035160e+02,4.089892479523128799e+01,2.863156261803371461e+00
6.929999999999999716e+00,-1.913565416232479421e+01,1.557704708376520557e+02,4.069477774076817411e+01,3.735234629294258646e+00
6.940000000000000391e+00,-1.870927970182028943e+01,1.509404261741103710e+02,4.055519455115824456e+01,4.633221249606706671e+00
6.950000000000000178e+00,-1.830448892464695021e+01,1.462129379326035519e+02,4.048328943762712129e+01,5.555272703201755036e+00
6.959999999999999964e+00,-1.792134769274173323e+01,1.415660827961744133e+02,4.048271525708331353e+01,6.498564250571242873e+00
6.969999999999999751e+00,-1.756003360808876579e+01,1.369844627884693011e+02,4.055730845747091706e+01,7.459188190185444434e+00
6.980000000000000426e+00,-1.722072965128632660e+01,1.324582076307589773e+02,4.071074730596573232e+01,8.432154099264280944e+00
6.990000000000000213e+00,-1.690353185481465914e+01,1.279820043904176288e+02,4.094624475376497230e+01,9.411475838470186872e+00
7.000000000000000000e+00,-1.660837605459643740e+01,1.235541649718434485e+02,4.126629094722807878e+01,1.039032853114159138e+01
7.009999999999999787e+00,-1.633498519472710342e+01,1.191757439268007062e+02,4.167245557774170805e+01,1.136125895437619526e+01
7.019999999999999574e+00,-1.608283660447531460e+01,1.148497164771133754e+02,4.216525730120196869e+01,1.231643358007947953e+01
7.030000000000000249e+00,-1.585114775443777368e+01,1.105802228501513866e+02,4.274410592525029529e+01,1.324790866966578129e+01
7.040000000000000036e+00,-1.563887883778987309e+01,1.063718822250729090e+02,4.340732195038572883e+01,1.414790561172590877e+01
7.049999999999999822e+00,-1.544475074286722460e+01,1.022291788719037271e+02,4.415223607387037674e+01,1.500907204617524471e+01
7.059999999999999609e+00,-1.526727726812344699e+01,9.815592461685342585e+01,4.497536723596294195e+01,1.582470596003525110e+01
7.070000000000000284e+00,-1.510481053359857739e+01,9.415480506194663235e+01,4.587267101569826622e+01,1.658891725803616524e+01
7.080000000000000071e+00,-1.495559830052173211e+01,9.022702097915455965e+01,4.683984081425489876e+01,1.729670106696455179e+01
7.089999999999999858e+00,-1.481785125474435461e+01,8.637203959351781180e+01,4.787263345649487434e+01,1.794390088191271460e+01
7.099999999999999645e+00,-1.468981728418968657e+01,8.258747154009223834e+01,4.896718066547818182e+01,1.852704858981175562e+01
7.110000000000000320e+00,-1.456985854990259810e+01,7.886908677955280211e+01,5.012024087165983843e+01,1.904308224555159512e+01
7.120000000000000107e+00,-1.445652598773860475e+01,7.521097591345309752e+01,5.132934435612914825e+01,1.948895973148911764e+01
7.129999999999999893e+00,-1.434862511887893710e+01,7.160585233887010759e+01,5.259279022293913641e+01,1.986120452591022811e+01
7.139999999999999680e+00,-1.424526700794882039e+01,6.804547688856293064e+01,5.390946619809928819e+01,2.015543573493248175e+01
7.150000000000000355e+00,-1.414589908195322643e+01,6.452117244457720346e+01,5.527848045531511900e+01,2.036594567696285196e+01
7.160000000000000142e+00,-1.405031229947214122e+01,6.102438445722991389e+01,5.669861641792802232e+01,2.048539300241579397e+01
7.169999999999999929e+00,-1.395862359048793344e+01,5.754723702881514669e+01,5.816764453028396531e+01,2.050467703663490582e+01
7.179999999999999716e+00,-1.387123514202394503e+01,5.408303478717383683e+01,5.968154756186152810e+01,2.041304988472506921e+01
7.190000000000000391e+00,-1.378877448910470882e+01,5.062666809459523165e+01,6.123373688824463557e+01,2.019850694025857152e+01
7.200000000000000178e+00,-1.371202107127752967e+01,4.717489153226087950e+01,6.281435515869975461e+01,1.984847332833970057e+01
7.209999999999999964e+00,-1.364182571242298536e+01,4.372646037224811977e+01,6.440977360064434265e+01,1.935077252769290723e+01
7.219999999999999751e+00,-1.357902938880757127e+01,4.028212404377194389e+01,6.600239587556234255e+01,1.869482348890543122e+01
7.230000000000000426e+00,-1.352438687328521993e+01,3.684448720133482880e+01,6.757086896547816934e+01,1.787296579806756114e+01
7.240000000000000213e+00,-1.347849968990532510e+01,3.341775679218238082e+01,6.909076867285919832e+01,1.688176483327404753e+01
7.250000000000000000e+00,-1.344176159040359586e+01,3.000739752705192132e+01,7.053576924725614106e+01,1.572311158350687066e+01
7.259999999999999787e+00,-1.341431870115319391e+01,2.661971927589596376e+01,7.187922636060592652e+01,1.440491975746529718e+01
7.269999999999999574e+00,-1.339604569763667996e+01,2.326141946513383374e+01,7.309601284171918678e+01,1.294125013602225494e+01
7.280000000000000249e+00,-1.338653883543740974e+01,1.993910287099989986e+01,7.416436934064707032e+01,1.135176526895539162e+01
7.290000000000000036e+00,-1.338512629857881109e+01,1.665880127176695424e+01,7.506749335298967196e+01,9.660528967959091773e+00
7.299999999999999822e+00,-1.339089595637030961e+01,1.342551666945849753e+01,7.579460965212622625e+01,7.894291132946215761e+00
7.309999999999999609e+00,-1.340274007408444845e+01,1.024281398433883616e+01,7.634134685062635128e+01,6.080505602299850487e+00
7.320000000000000284e+00,-1.341941566115227857e+01,7.112491367774240736e+00,7.670937154762303578e+01,4.245385103259648574e+00
7.330000000000000071e+00,-1.343961790771663445e+01,4.034357147959793721e+00,7.690537030661049300e+01,2.412285909015828178e+00
7.339999999999999858e+00,-1.346206262779682206e+01,1.006140262039318278e+00,7.693958384843131171e+01,6.006400780490768199e-01
7.349999999999999645e+00,-1.348557201472834777e+01,-1.976445588309450052e+00,7.682416066119354525e+01,-1.174461356285106284e+00
7.360000000000000320e+00,-1.350915667128830933e+01,-4.919475520166387561e+00,7.657160021701479025e+01,-2.902053304827510338e+00
7.370000000000000107e+00,-1.353208621013203583e+01,-7.830432362312524042e+00,7.619350823059396305e+01,-4.574570961049856166e+00
7.379999999999999893e+00,-1.355394107579457952e+01,-1.071769677335529458e+01,7.569980732915405497e+01,-6.186800420415451640e+00
7.389999999999999680e+00,-1.357463976956559648e+01,-1.358995172166745036e+01,7.509845702964535974e+01,-7.734717484490712280e+00
7.400000000000000355e+00,-1.359443822886577102e+01,-1.645555686025890196e+01,7.439565331697809825e+01,-9.214416173078609162e+00
7.410000000000000142e+00,-1.361390130192550885e+01,-1.932195299767257168e+01,7.359641032559241580e+01,-1.062129142631932766e+01
7.419999999999999929e+00,-1.363384946431085964e+01,-2.219515268143984343e+01,7.270537975453123636e+01,-1.194958558538174564e+01
7.429999999999999716e+00,-1.365528654208183035e+01,-2.507936092054185906e+01,7.172774034261968268e+01,-1.319234335688395277e+01
7.440000000000000391e+00,-1.367931581054314272e+01,-2.797675311119166253e+01,7.066999144268973509e+01,-1.434175285783058484e+01
7.450000000000000178e+00,-1.370705228550217747e+01,-3.088741893802169969e+01,6.954051119207049680e+01,-1.538978968181129048e+01
7.459999999999999964e+00,-1.373953845734400225e+01,-3.380946471463740721e+01,6.834978743828777681e+01,-1.632903602222789630e+01
7.469999999999999751e+00,-1.377766947040381496e+01,-3.673925444528875062e+01,6.711029054562325769e+01,-1.715352567286825192e+01
7.480000000000000426e+00,-1.382213221304515116e+01,-3.967176249402988475e+01,6.583601992408658532e+01,-1.785947198406554293e+01
7.490000000000000213e+00,-1.387336128880118657e+01,-4.260100752533933388e+01,6.454180809738564051e+01,-1.844576722748558595e+01
7.500000000000000000e+00,-1.393151358483942204e+01,-4.552053696053777543e+01,6.324249762890855209e+01,-1.891418998506441795e+01
7.509999999999999787e+00,-1.399646219048226214e+01,-4.842393203916208932e+01,6.195211319728822730e+01,-1.926931033579286279e+01
7.519999999999999574e+00,-1.406780967139440186e+01,-5.130530446303891523e+01,6.068313593819768670e+01,-1.951812926353988686e+01
7.530000000000000249e+00,-1.414492002628832878e+01,-5.415975593488168016e+01,5.944595707408274876e+01,-1.966952092364761739e+01
7.540000000000000036e+00,-1.422696787988859057e+01,-5.698377182383934780e+01,5.824855191489908890e+01,-1.973356137396793031e+01
7.549999999999999822e+00,-1.431300247987747909e+01,-5.977552052015061435e+01,5.709638149791530282e+01,-1.972082691136353816e+01
7.559999999999999609e+00,-1.440202284307183334e+01,-6.253503206124503322e+01,5.599250248362257310e+01,-1.964173385326826349e+01
7.570000000000000284e+00,-1.449305904189780136e+01,-6.526423468394733618e+01,5.493784820629842613e+01,-1.950597469343127699e+01
7.580000000000000071e+00,-1.458525337188453896e+01,-6.796683703011925104e+01,5.393163426997376320e+01,-1.932208729141087034e+01
7.589999999999999858e+00,-1.467793432029214884e+01,-7.064805684093094840e+01,5.297183882854977099e+01,-1.909717668884761466e+01
7.599999999999999645e+00,-1.477067619587639946e+01,-7.331421290982210337e+01,5.205570865136097325e+01,-1.883679425980254152e+01
7.610000000000000320e+00,-1.486333820290984775e+01,-7.597221340989588612e+01,5.118024582261876532e+01,-1.854496618015912190e+01
7.620000000000000107e+00,-1.495607866172195699e+01,-7.862898734344402385e+01,5.034263580907212798e+01,-1.822435233725629544e+01
7.629999999999999893e+00,-1.504934275143021871e+01,-8.129091381997704957e+01,4.954058555128415975e+01,-1.787650774292373868e+01
7.639999999999999680e+00,-1.514382512495219402e+01,-8.396330430782003873e+01,4.877255017928659697e+01,-1.750221167841707626e+01
7.650000000000000355e+00,-1.524041148115775002e+01,-8.664998582003185845e+01,4.803783857634453369e+01,-1.710182595354381263e+01
7.660000000000000142e+00,-1.534010520519050225e+01,-8.935301986113539385e+01,4.733660040950717729e+01,-1.667564355714990754e+01
7.669999999999999929e+00,-1.544394623829139590e+01,-9.207257574372899001e+01,4.666970901869562738e+01,-1.622419293582940014e+01
7.679999999999999716e+00,-1.555292939905641170e+01,-9.480696071033727890e+01,4.603856415250248801e+01,-1.574847077671987527e+01
7.690000000000000391e+00,-1.566792865122898704e+01,-9.755279565682886300e+01,4.544484468265191879e+01,-1.525008637553439961e+01
7.700000000000000178e+00,-1.578963261837871990e+01,-1.003053154631645612e+02,4.489024348825823552e+01,-1.473131185327762260e+01
7.709999999999999964e+00,-1.591849530560274317e+01,-1.030587670599419283e+02,4.437621483411594170e+01,-1.419504299070671394e+01
7.719999999999999751e+00,-1.605470473855451630e+01,-1.058068755227753428e+02,4.390375960994467874e+01,-1.364468396558675600e+01
7.730000000000000426e+00,-1.619817117557888864e+01,-1.085433473886906768e+02,4.347326695915238304e+01,-1.308397508397892928e+01
7.740000000000000213e+00,-1.634853566445553597e+01,-1.112623798130279624e+02,4.308442332990193790e+01,-1.251678560003671237e+01
7.750000000000000000e+00,-1.650519888133085544e+01,-1.139591434052971408e+02,4.273619278241875463e+01,-1.194689429786013690e+01
7.759999999999999787e+00,-1.666736924699642586e+01,-1.166302055956365962e+02,4.242686604000954986e+01,-1.137777926223456681e+01
7.769999999999999574e+00,-1.683412813233887562e+01,-1.192738609539739514e+02,4.215417046505561416e+01,-1.081243576669358042e+01
7.780000000000000249e+00,-1.700450849905098849e+01,-1.218903363753320548e+02,4.191542883905097483e+01,-1.025323785131151411e+01
7.790000000000000036e+00,-1.717758167282963555e+01,-1.244818440350126423e+02,4.170775144777275045e+01,-9.701855128477319568e+00
7.799999999999999822e+00,-1.735254537099173788e+01,-1.270524647293793379e+02,4.152824354059692524e+01,-9.159231682691524767e+00
7.809999999999999609e+00,-1.752880498332138259e+01,-1.296078588852047915e+02,4.137420892942984807e+01,-8.625628660285839189e+00
7.820000000000000284e+00,-1.770603983941860449e+01,-1.321548209123082245e+02,4.124333061770356323e+01,-8.100726459150656922e+00
7.830000000000000071e+00,-1.788424708256321338e+01,-1.347007119421276400e+02,4.113381119277026698e+01,-7.583776735952955761e+00
7.839999999999999858e+00,-1.806375785971312453e+01,-1.372528226088367376e+02,4.104445939173906766e+01,-7.073789370923640796e+00
7.849999999999999645e+00,-1.824522356787131017e+01,-1.398177277292313363e+02,4.097471457158398067e+01,-6.569735786237496988e+00
7.860000000000000320e+00,-1.842957333590648261e+01,-1.424006961380094651e+02,4.092460724127477789e+01,-6.070748232833846458e+00
7.870000000000000107e+00,-1.861794711356051479e+01,-1.450052112779377751e+02,4.089466053495385012e+01,-5.576295196245689922e+00
7.879999999999999893e+00,-1.881161111058597868e+01,-1.476326433967871594e+02,4.088574360798180862e+01,-5.086315885835513306e+00
7.889999999999999680e+00,-1.901186355169338071e+01,-1.502820958540874869e+02,4.089889261998032310e+01,-4.601301430575326812e+00
7.900000000000000355e+00,-1.921993877875929968e+01,-1.529504299197543560e+02,4.093511771493517415e+01,-4.122316195056586530e+00
7.910000000000000142e+00,-1.943691690562081220e+01,-1.556324575688093432e+02,4.099521506805155724e+01,-3.650958743858768951e+00
7.919999999999999929e+00,-1.966364492565991640e+01,-1.583212816367340565e+02,4.107960182451085984e+01,-3.189267703743818405e+00
7.929999999999999716e+00,-1.990067380187252510e+01,-1.610087571647224820e+02,4.118818900028613683e+01,-2.739582598503166988e+00
7.940000000000000391e+00,-2.014821493029798205e+01,-1.636860454520983978e+02,4.132030360433019922e+01,-2.304373400709553987e+00
7.950000000000000178e+00,-2.040611857827376241e+01,-1.663442312490690256e+02,4.147466676916783967e+01,-1.886054983783859829e+00
7.959999999999999964e+00,-2.067387638793874771e+01,-1.689749717255745622e+02,4.164942982603906074e+01,-1.486803873895071071e+00
7.969999999999999751e+00,-2.095064957426976804e+01,-1.715711420346198963e+02,4.184226522933947479e+01,-1.108394684391773799e+00
7.980000000000000426e+00,-2.123532371104197480e+01,-1.741274362293215745e+02,4.205050421888946488e+01,-7.520722905744330333e-01
7.990000000000000213e+00,-2.152658965484269160e+01,-1.766408751441858840e+02,4.227130839529996109e+01,-4.184730546976240806e-01
8.000000000000000000e+00,-2.182304798052416928e+01,-1.791111671797987412e+02,4.250185841020754651e+01,-1.076041783283944314e-01
8.009999999999999787e+00,-2.212333130066596354e+01,1.784591326456753677e+02,4.273954030659943015e+01,1.811153415648799059e-01
8.019999999999999574e+00,-2.242623536856437738e+01,1.760647117401558717e+02,4.298210927599478737e+01,4.487552453856494261e-01
8.029999999999999361e+00,-2.273084663581866494e+01,1.736978638548593210e+02,4.322781217377039553e+01,6.967259517371623412e-01
8.039999999999999147e+00,-2.303665190790890804e+01,1.713491241695469114e+02,4.347545417191079764e+01,9.265979698840547396e-01
8.050000000000000711e+00,-2.334361581923751672e+01,1.690081347001657264e+02,4.372440111058516266e+01,1.139909324068344443e+00
8.060000000000000497e+00,-2.365221450852811103e+01,1.666646630316155608e+02,4.397451667989419377e+01,1.337983541391002618e+00
8.070000000000000284e+00,-2.396341886564317747e+01,1.643096711170486799e+02,4.422604146237350164e+01,1.521779896506628926e+00
8.080000000000000071e+00,-2.427862703163857105e+01,1.619363214529327024e+02,4.447942796216566563e+01,1.691793967243229613e+00
8.089999999999999858e+00,-2.459955199792480585e+01,1.595408174720467969e+02,4.473515107298924676e+01,1.848020682367224055e+00
8.099999999999999645e+00,-2.492807476995182725e+01,1.571229998509311656e+02,4.499351637317843711e+01,1.989984786830267804e+00
8.109999999999999432e+00,-2.526607581162825156e+01,1.546866526202016416e+02,4.525448896508670771e+01,2.116835959276710977e+00
8.119999999999999218e+00,-2.561525736797661779e+01,1.522395032744275625e+02,4.551756342975399861e+01,2.227498556502219618e+00
8.130000000000000782e+00,-2.597696751448621200e+01,1.497929222868031331e+02,4.578169120380979962e+01,2.320859812543070611e+00
8.140000000000000568e+00,-2.635203455973483599e+01,1.473613364087680395e+02,4.604527576526898258e+01,2.395975779849276677e+00
8.150000000000000355e+00,-2.674061892522283657e+01,1.449613683236377710e+02,4.630623893411811309e+01,2.452271725849998418e+00
8.160000000000000142e+00,-2.714208975745123809e+01,1.426107080133012346e+02,4.656215388806209887e+01,2.489713372994872387e+00
8.169999999999999929e+00,-2.755493571338949366e+01,1.403267168356489663e+02,4.681043279387974110e+01,2.508927507844564975e+00
8.179999999999999716e+00,-2.797672334872646616e+01,1.381247737278872592e+02,4.704855003601235808e+01,2.511255161177466722e+00
8.189999999999999503e+00,-2.840412118638949579e+01,1.360164041012139933e+02,4.727427679150542872e+01,2.498727588610147432e+00
8.199999999999999289e+00,-2.883301060407917760e+01,1.340072927180758029e+02,4.748590006976018429e+01,2.473964082746300086e+00
8.210000000000000853e+00,-2.925870282558202362e+01,1.320953703719006569e+02,4.768240001802801942e+01,2.440000210262383451e+00
8.220000000000000639e+00,-2.967627083299851876e+01,1.302692629532615172e+02,4.786356354978751426e+01,2.400064035658335371e+00
8.230000000000000426e+00,-3.008098369736616817e+01,1.285074624051410126e+02,4.803001981265178699e+01,2.357324815687270814e+00
8.240000000000000213e+00,-3.046880062430864200e+01,1.267785691397200765e+02,4.818319265185175482e+01,2.314642312915814237e+00
8.250000000000000000e+00,-3.083685125329633081e+01,1.250428196144719095e+02,4.832517554365367829e+01,2.274344629614280855e+00
8.259999999999999787e+00,-3.118381099356865249e+01,1.232548495821097987e+02,4.845854382413373429e+01,2.238058388507131458e+00
8.269999999999999574e+00,-3.151008815370591876e+01,1.213673213390126762e+02,4.858612601192069036e+01,2.206607979139835418e+00
8.279999999999999361e+00,-3.181777650875964270e+01,1.193347854976486957e+02,4.871075974293687949e+01,2.179991727849363681e+00
8.289999999999999147e+00,-3.211038154271006562e+01,1.171170707349169362e+02,4.883505808449967844e+01,2.157433668756833622e+00
8.300000000000000711e+00,-3.239237980032993391e+01,1.146816358080063196e+02,4.896120915090720871e+01,2.137501358892428982e+00
8.310000000000000497e+00,-3.266869942964670770e+01,1.120046102547921123e+02,4.909082676585394722e+01,2.118273782901791247e+00
8.320000000000000284e+00,-3.294420925192384431e+01,1.090705671520384357e+02,4.922486331438465612e+01,2.097539289789081884e+00
8.330000000000000071e+00,-3.322328047509016358e+01,1.058713021032979924e+02,4.936358875126667556e+01,2.073001792110536812e+00
8.339999999999999858e+00,-3.350945334749390270e+01,1.024039914144436096e+02,4.950663268625189772e+01,2.042474003671900018e+00
8.349999999999999645e+00,-3.380521301655399924e+01,9.866908822181315486e+01,4.965308010203825262e+01,2.004039053689139482e+00
8.359999999999999432e+00,-3.411186092772724265e+01,9.466823971418618555e+01,4.980160603542238107e+01,1.956166105867789051e+00
8.369999999999999218e+00,-3.442946069220182892e+01,9.040242198660757822e+01,4.995063088423528086e+01,1.897771287848877941e+00
8.380000000000000782e+00,-3.475683759838145193e+01,8.587042320792664896e+01,5.009847627973796591e+01,1.828221851056348379e+00
8.390000000000000568e+00,-3.509161530157684439e+01,8.106777165952556174e+01,5.024350198872316042e+01,1.747288427951832146e+00
8.400000000000000355e+00,-3.543027902153757935e+01,7.598619856126998684e+01,5.038420719816576110e+01,1.655056771636588264e+00
8.410000000000000142e+00,-3.576826049243516081e+01,7.061373314709757665e+01,5.051928461532225612e+01,1.551815608754725906e+00
8.419999999999999929e+00,-3.610004584489154666e+01,6.493553097084908643e+01,5.064762257230608355e+01,1.437940426763858692e+00
8.429999999999999716e+00,-3.641931414492682961e+01,5.893551521709481733e+01,5.076825792972934437e+01,1.313793590689183999e+00
8.439999999999999503e+00,-3.671912186978631354e+01,5.259884426565449900e+01,5.088029001039132027e+01,1.179658939507087556e+00
8.449999999999999289e+00,-3.699215613806535430e+01,4.591509139540337969e+01,5.098277202429735411e+01,1.035724158594041988e+00
8.460000000000000853e+00,-3.723108333432446670e+01,3.888183330043246855e+01,5.107460058949894233e+01,8.821173494290717176e-01
8.470000000000000639e+00,-3.742901330240896840e+01,3.150812055449070925e+01,5.115442540983670483e+01,7.189961777443837354e-01
8.480000000000000426e+00,-3.758007548226407124e+01,2.381711441048687306e+01,5.122059967727506091e+01,5.466797691100034884e-01
8.490000000000000213e+00,-3.768006054752793688e+01,1.584712782925341479e+01,5.127118739147361026e+01,3.658061475853686684e-01
8.500000000000000000e+00,-3.772702986187761809e+01,7.650510505420355045e+00,5.130403690321736576e+01,1.774924271442958335e-01
8.509999999999999787e+00,-3.772175971038633691e+01,-7.097054763063762595e-01,5.131692124318232828e+01,-1.652800413382840908e-02
8.519999999999999574e+00,-3.766789508937536368e+01,-9.164854770138289197e+00,5.130773612177784315e+01,-2.138167787880833892e-01
8.529999999999999361e+00,-3.757174907809661590e+01,-1.764631669077072473e+01,5.127473707087386146e+01,-4.112119009410480364e-01
8.539999999999999147e+00,-3.744177796533643487e+01,-2.609059370764149932e+01,5.121678942537464252e+01,-6.048933217339808044e-01
8.550000000000000711e+00,-3.728784694099482522e+01,-3.444283451890692760e+01,5.113360010642382747e+01,-7.905366518009208088e-01
8.560000000000000497e+00,-3.712043935968565478e+01,-4.265839612735380371e+01,5.102589959328661706e+01,-9.635471144148913814e-01
8.570000000000000284e+00,-3.694994561446356585e+01,-5.070259631444488946e+01,5.089554658415368493e+01,-1.119354278418999371e+00
8.580000000000000071e+00,-3.678611483255452441e+01,-5.854916147342377286e+01,5.074553631896391437e+01,-1.253738773824547348e+00
8.589999999999999858e+00,-3.663769311725558708e+01,-6.617796940038381592e+01,5.057990512925136528e+01,-1.363156798242252776e+00
8.599999999999999645e+00,-3.651222706266177909e+01,-7.357259207369702381e+01,5.040353655123681875e+01,-1.445027757048132466e+00
8.609999999999999432e+00,-3.641598759745667024e+01,-8.071797012391178328e+01,5.022188609965346018e+01,-1.497954824420395292e+00
8.619999999999999218e+00,-3.635396318671984517e+01,-8.759838513512573854e+01,5.004065065802081591e+01,-1.521856546859168491e+00
8.630000000000000782e+00,-3.632987553361044064e+01,-9.419578088727752174e+01,4.986541325076631637e+01,-1.517998123156018897e+00
8.640000000000000568e+00,-3.634617856338871889e+01,-1.004884293741427683e+02,4.970129452913607793e+01,-1.488921770395307709e+00
8.650000000000000355e+00,-3.640400872330117465e+01,-1.064499358280124568e+02,4.955263928719251254e+01,-1.438285003389697891e+00
8.660000000000000142e+00,-3.650306033528643468e+01,-1.120486213577212311e+02,4.942276091555717699e+01,-1.370622723954790345e+00
8.669999999999999929e+00,-3.664136516017597955e+01,-1.172474089726604802e+02,4.931376019815951395e+01,-1.291053468521369263e+00
8.679999999999999716e+00,-3.681496420570893235e+01,-1.220044688604125582e+02,4.922642830982532303e+01,-1.204952316640680587e+00
8.689999999999999503e+00,-3.701747887927758285e+01,-1.262750457652771416e+02,4.916023787527579714e+01,-1.117613447275324301e+00
8.699999999999999289e+00,-3.723962789776830817e+01,-1.300150609073772614e+02,4.911342062866340541e+01,-1.033924775609021962e+00
8.710000000000000853e+00,-3.746880697866639309e+01,-1.331871519174312084e+02,4.908312536323342101e+01,-9.580759057720749094e-01
8.720000000000000639e+00,-3.768895265359000746e+01,-1.357695742173255269e+02,4.906564517889147936e+01,-8.933188417802593317e-01
8.730000000000000426e+00,-3.788102104168065409e+01,-1.377675215618219795e+02,4.905669835760370034e+01,-8.417982427982624305e-01
8.740000000000000213e+00,-3.802443856935133226e+01,-1.392247157591295093e+02,4.905174267813388411e+01,-8.044640679573924480e-01
8.750000000000000000e+00,-3.809968018954161550e+01,-1.402309568314914827e+02,4.904629915710788168e+01,-7.810738939713620654e-01
8.759999999999999787e+00,-3.809161296836955302e+01,-1.409202357046092118e+02,4.903625889696944995e+01,-7.702850001813483782e-01
8.769999999999999574e+00,-3.799259056972607596e+01,-1.414561190013766065e+02,4.901814681905946713e+01,-7.698279926622924041e-01
8.779999999999999361e+00,-3.780401121395460251e+01,-1.420068232932987087e+02,4.898931920235198589e+01,-7.767452854578733579e-01
8.789999999999999147e+00,-3.753558906631104719e+01,-1.427183371866609320e+02,4.894807824360137261e+01,-7.876705164505082291e-01
8.800000000000000711e+00,-3.720268725690980460e+01,-1.436951943277275063e+02,4.889369572304446621e+01,-7.991203068356108608e-01
8.810000000000000497e+00,-3.682289370600761202e+01,-1.449939132568253228e+02,4.882634808460387177e+01,-8.077686734362717891e-01
8.820000000000000284e+00,-3.641304274387552198e+01,-1.466277268241928766e+02,4.874697522646263792e+01,-8.106772079850487200e-01
8.830000000000000071e+00,-3.598731143774211461e+01,-1.485775604319524916e+02,4.865708346149181551e+01,-8.054604121881430157e-01
8.839999999999999858e+00,-3.555640744175592971e+01,-1.508042776955971647e+02,4.855851825060138793e+01,-7.903742340467689864e-01
8.849999999999999645e+00,-3.512754166703615510e+01,-1.532591917294167843e+02,4.845323387392439685e+01,-7.643254426725474282e-01
8.859999999999999432e+00,-3.470483513339576120e+01,-1.558918172119019800e+02,4.834308530411746574e+01,-7.268085566265496400e-01
8.869999999999999218e+00,-3.428990097905374057e+01,-1.586550141442913002e+02,4.822966284494680167e+01,-6.777844505502955696e-01
8.880000000000000782e+00,-3.388245405886808470e+01,-1.615081045903461927e+02,4.811418355875088082e+01,-6.175198055017651066e-01
8.890000000000000568e+00,-3.348088219213910577e+01,-1.644185487879341281e+02,4.799744614325651781e+01,-5.464089980711454020e-01
8.900000000000000355e+00,-3.308275812886084566e+01,-1.673626134414989508e+02,4.787984862376601569e+01,-4.647999580772186889e-01
8.910000000000000142e+00,-3.268528905592146572e+01,-1.703253005842198036e+02,4.776146169432548305e+01,-3.728432999578033535e-01
8.919999999999999929e+00,-3.228570253842976712e+01,-1.732996910013735885e+02,4.764214527106710761e+01,-2.703800895519699043e-01
8.929999999999999716e+00,-3.188156352306214103e+01,-1.762858051686339707e+02,4.752169216140875818e+01,-1.568784321119719716e-01
8.939999999999999503e+00,-3.147101293495525454e+01,-1.792890864611064785e+02,4.739998093591636774e+01,-3.142318131964171035e-02
8.949999999999999289e+00,-3.105291832004905572e+01,1.776813567190099263e+02,4.727712022863338603e+01,1.072429580678237598e-01
8.960000000000000853e+00,-3.062693212227571493e+01,1.746145785169095461e+02,4.715356874567824264e+01,2.606342183469799179e-01
8.970000000000000639e+00,-3.019346228689304468e+01,1.714995076471341520e+02,4.703021899054868271e+01,4.304042104027234750e-01
8.980000000000000426e+00,-2.975357001377357591e+01,1.683263781969662602e+02,4.690843765771157337e+01,6.182106599566263849e-01
8.990000000000000213e+00,-2.930881737366487627e+01,1.650877645723199691e+02,4.679006115603715443e+01,8.255780288468443917e-01
9.000000000000000000e+00,-2.886109090370719699e+01,1.617791743890062151e+02,4.667735005628349398e+01,1.053772574041428101e+00
9.009999999999999787e+00,-2.841242575171544615e+01,1.583992203410534216e+02,4.657291070170860792e+01,1.303701616956403520e+00
9.019999999999999574e+00,-2.796484960351314442e+01,1.549494428498758225e+02,4.647959523316963981e+01,1.575844775633714612e+00
9.029999999999999361e+00,-2.752025849757924902e+01,1.514338824507617858e+02,4.640039257435717701e+01,1.870220310689000076e+00
9.039999999999999147e+00,-2.708032963166122542e+01,1.478585054797526084e+02,4.633832250304745060e+01,2.186385234456597715e+00
9.050000000000000711e+00,-2.664647067298435346e+01,1.442305750015625847e+02,4.629634305747374867e+01,2.523464014091838958e+00
9.060000000000000497e+00,-2.621980138551591466e+01,1.405580388767257887e+02,4.627727861975772328e+01,2.880197964541455047e+00
9.070000000000000284e+00,-2.580116146318224679e+01,1.368489849586767662e+02,4.628377257658983268e+01,3.255005966174086218e+00
9.080000000000000071e+00,-2.539113786837170395e+01,1.331111937635797062e+02,4.631826495702190982e+01,3.646046951125950564e+00
9.089999999999999858e+00,-2.499010521804461149e+01,1.293518033320902418e+02,4.638299228467100477e+01,4.051275532575823846e+00
9.099999999999999645e+00,-2.459827342155471186e+01,1.255770895053850467e+02,4.648000434615702403e+01,4.468483962145056054e+00
9.109999999999999432e+00,-2.421573758528586495e+01,1.217923567150736659e+02,4.661119084968159143e+01,4.895326010323546306e+00
9.119999999999999218e+00,-2.384252602511091368e+01,1.180019286691007778e+02,4.677831011097105574e+01,5.329321083618723698e+00
9.130000000000000782e+00,-2.347864302975647988e+01,1.142092242037914644e+02,4.698301196099035337e+01,5.767839644259413312e+00
9.140000000000000568e+00,-2.312410380698863932e+01,1.104169005918466411e+02,4.722684795662668478e+01,6.208073535140952615e+00
9.150000000000000355e+00,-2.277895984101910543e+01,1.066270445906828428e+02,4.751126357278326395e+01,6.646996922703428012e+00
9.160000000000000142e+00,-2.244331369942269205e+01,1.028413905382330853e+02,4.783756920024958248e+01,7.081325087936921392e+00
9.169999999999999929e+00,-2.211732313158151086e+01,9.906154497463700181e+01,4.820688927849422356e+01,7.507479107313508315e+00
9.179999999999999716e+00,-2.180119505640636746e+01,9.528919864492951319e+01,4.862009155471435662e+01,7.921564511318259783e+00
9.189999999999999503e+00,-2.149517069308085482e+01,9.152630923197740742e+01,4.907770108177239621e+01,8.319371276129405857e+00
9.199999999999999289e+00,-2.119950359874263057e+01,8.777524153098863735e+01,4.957980596104887638e+01,8.696401017620082996e+00
9.210000000000000853e+00,-2.091443271433471196e+01,8.403885563980107065e+01,5.012596382386900729e+01,9.047925063918532018e+00
9.220000000000000639e+00,-2.064015268328640573e+01,8.032053770123488334e+01,5.071511944624599977e+01,9.369074250550223582e+00
9.230000000000000426e+00,-2.037678372108910807e+01,7.662417144974432404e+01,5.134554450725962482e+01,9.654957908373125619e+00
9.240000000000000213e+00,-2.012434321803766935e+01,7.295405206790488251e+01,5.201481010723450282e+01,9.900805755971401112e+00
9.250000000000000000e+00,-1.988272109803899212e+01,6.931474659418066153e+01,5.271980102423060544e+01,1.010212252268342681e+01
9.259999999999999787e+00,-1.965166077116235854e+01,6.571090744010369633e+01,5.345677761199270606e+01,1.025484151388974396e+01
9.269999999999999574e+00,-1.943074732578381614e+01,6.214704767522702866e+01,5.422148665883873520e+01,1.035546053803368416e+01
9.279999999999999361e+00,-1.921940440247439952e+01,5.862728885463000950e+01,5.500931659227106962e+01,1.040114231222163532e+01
9.289999999999999147e+00,-1.901690094575991097e+01,5.515509446989043596e+01,5.581548560566724859e+01,1.038976232723750037e+01
9.300000000000000711e+00,-1.882236869161431159e+01,5.173300462537890354e+01,5.663524443421054144e+01,1.031989070149404064e+01
9.310000000000000497e+00,-1.863483076091404200e+01,4.836239008139337869e+01,5.746406974303037174e+01,1.019070094859825382e+01
9.320000000000000284e+00,-1.845324104617563421e+01,4.504324591015058843e+01,5.829782065123227142e+01,1.000180746729135706e+01
9.330000000000000071e+00,-1.827653318871371368e+01,4.177404599446187206e+01,5.913283088572783441e+01,9.753044002113076871e+00
9.339999999999999858e+00,-1.810367688991208368e+01,3.855167865507199565e+01,5.996591308057326586e+01,9.444205908743386502e+00
9.349999999999999645e+00,-1.793373819759258225e+01,3.537148009531341586e+01,6.079425980398781348e+01,9.074788156650592796e+00
9.359999999999999432e+00,-1.776593943693839961e+01,3.222737572359142888e+01,6.161523730940389498e+01,8.643757092548247201e+00
9.369999999999999218e+00,-1.759971383374295328e+01,2.911212998778469441e+01,6.242608153053209463e+01,8.149395965362641547e+00
9.380000000000000782e+00,-1.743474981019272363e+01,2.601769412235958612e+01,6.322351997493566245e+01,7.589261544569779083e+00
9.390000000000000568e+00,-1.727102054453167312e+01,2.293562985165895540e+01,6.400335644858061812e+01,6.960281852776634359e+00
9.400000000000000355e+00,-1.710879566486642034e+01,1.985757765789546170e+01,6.476006669828093720e+01,6.259013430252141852e+00
9.410000000000000142e+00,-1.694863372636223176e+01,1.677573259488717028e+01,6.548646099372641061e+01,5.482061133407099440e+00
9.419999999999999929e+00,-1.679135610425384328e+01,1.368328997882155029e+01,6.617347325924258428e+01,4.626644767349280762e+00
9.429999999999999716e+00,-1.663800477225580465e+01,1.057482770222566160e+01,6.681013421671698893e+01,3.691275606458350733e+00
9.439999999999999503e+00,-1.648978781679432615e+01,7.446600368229274736e+00,6.738377640819450676e+01,2.676483449702534934e+00
9.449999999999999289e+00,-1.634801727133753602e+01,4.296731104483844987e+00,6.788050024654127412e+01,1.585513843889833074e+00
9.460000000000000853e+00,-1.621404390857872357e+01,1.125297706346809257e+00,6.828590156557513069e+01,4.248995367869506934e-01
9.470000000000000639e+00,-1.608919311222796722e+01,-2.065681117832335545e+00,6.858602371143754795e+01,-7.951946433137887515e-01
9.480000000000000426e+00,-1.597470506877503382e+01,-5.272347302315200324e+00,6.876845535953420097e+01,-2.060943147320342561e+00
9.490000000000000213e+00,-1.587168150479795870e+01,-8.489177508121100502e+00,6.882345670061400256e+01,-3.355206543270827790e+00
9.500000000000000000e+00,-1.578104025099611896e+01,-1.170921411132629686e+01,6.874497142719330611e+01,-4.658264398807888007e+00
9.509999999999999787e+00,-1.570347818201806334e+01,-1.492433917785909969e+01,6.853137956386981955e+01,-5.948884720800394987e+00
9.519999999999999574e+00,-1.563944263178657934e+01,-1.812558032661790008e+01,6.818587189578171603e+01,-7.205621204465157525e+00
9.529999999999999361e+00,-1.558911122421940476e+01,-2.130344039109476739e+01,6.771637853960787368e+01,-8.408185542873177098e+00
9.539999999999999147e+00,-1.555238014789699186e+01,-2.444824520736323592e+01,6.713505207004243402e+01,-9.538725306722282582e+00
9.550000000000000711e+00,-1.552886116688731732e+01,-2.755050509902796207e+01,6.645737412750135320e+01,-1.058285343947585488e+01
9.560000000000000497e+00,-1.551788800398805890e+01,-3.060128532108006283e+01,6.570100773332475796e+01,-1.153031916472831142e+01
9.570000000000000284e+00,-1.551853304779724319e+01,-3.359257870328715256e+01,6.488454464206452599e+01,-1.237527039937261719e+01
9.580000000000000071e+00,-1.552963550193699405e+01,-3.651767008243333379e+01,6.402629504988361475e+01,-1.311611964793016050e+01
9.589999999999999858e+00,-1.554984199160701763e+01,-3.937147721326083882e+01,6.314324088018391734e+01,-1.375507566507047841e+01
9.599999999999999645e+00,-1.557766016069703063e+01,-4.215084744680804363e+01,6.225023371238626879e+01,-1.429743420228274076e+01
9.609999999999999432e+00,-1.561152486303480735e+01,-4.485478470412701313e+01,6.135947519861490207e+01,-1.475073163989759806e+01
9.619999999999999218e+00,-1.564987518116448229e+01,-4.748457862435488153e+01,6.048028014234716920e+01,-1.512385906293979687e+01
9.630000000000000782e+00,-1.569123881515323937e+01,-5.004380880350451832e+01,5.961909492354879347e+01,-1.542621767553982437e+01
9.640000000000000568e+00,-1.573431862440621387e+01,-5.253820303551166404e+01,5.877972742023067809e+01,-1.566697564971366319e+01
9.650000000000000355e+00,-1.577807464352044775e+01,-5.497533986547561824e+01,5.796373713981323306e+01,-1.585446620432379561e+01
9.660000000000000142e+00,-1.582179413898151310e+01,-5.736420171880403984e+01,5.717093298480484975e+01,-1.599574933500147544e+01
9.669999999999999929e+00,-1.586514256484171170e+01,-5.971460306988566202e+01,5.639992816408594933e+01,-1.609634566695628166e+01
9.679999999999999716e+00,-1.590818974918317963e+01,-6.203653512330151187e+01,5.564870537325302280e+01,-1.616013968691089531e+01
9.689999999999999503e+00,-1.595140814760995696e+01,-6.433948059125468433e+01,5.491514977600219538e+01,-1.618944006217147802e+01
9.699999999999999289e+00,-1.599564309935342443e+01,-6.663175651491590656e+01,5.419751269157374907e+01,-1.618517610168679610e+01
9.710000000000000853e+00,-1.604205810560130985e+01,-6.891993866870251395e+01,5.349477582201548387e+01,-1.614720155090780906e+01
9.720000000000000639e+00,-1.609206061400479371e+01,-7.120840906507993395e+01,5.280689481254333373e+01,-1.607467043905913329e+01
9.730000000000000426e+00,-1.614721521755728162e+01,-7.349905138443891417e+01,5.213491185843820119e+01,-1.596644565555112827e+01
9.740000000000000213e+00,-1.620915142858282465e+01,-7.579110152807319878e+01,5.148093915259050135e+01,-1.582150035563623014e+01
9.750000000000000000e+00,-1.627947242525599592e+01,-7.808114533851751560e+01,5.084802679544234394e+01,-1.563927574418724120e+01
9.759999999999999787e+00,-1.635966974176350064e+01,-8.036324508917900289e+01,5.023993870666395622e+01,-1.541996603903739782e+01
9.769999999999999574e+00,-1.645104720501150908e+01,-8.262917137404082268e+01,4.966086666571709429e+01,-1.516471143452314330e+01
9.779999999999999361e+00,-1.655465588598620030e+01,-8.486871698603380310e+01,4.911511509352483529e+01,-1.487569106683355180e+01
9.789999999999999147e+00,-1.667124069423403654e+01,-8.707007287219599334e+01,4.860678763489163856e+01,-1.455611857975342538e+01
9.800000000000000711e+00,-1.680119862981671730e+01,-8.922025155661800966e+01,4.813950183724994503e+01,-1.421015145806712177e+01
9.810000000000000497e+00,-1.694454863365493580e+01,-9.130554880898326076e+01,4.771615154300648243e+01,-1.384273100043118276e+01
9.820000000000000284e+00,-1.710091337233149034e+01,-9.331203830256936271e+01,4.733872941065997964e+01,-1.345937250971723209e+01
9.830000000000000071e+00,-1.726951402021256499e+01,-9.522609532527192755e+01,4.700821540327994796e+01,-1.306592544368531961e+01
9.839999999999999858e+00,-1.744917996690712769e+01,-9.703494335775019408e+01,4.672453183706729618e+01,-1.266832170191980467e+01
9.849999999999999645e+00,-1.763837612949234668e+01,-9.872721097264964385e+01,4.648656188163209180e+01,-1.227232781726496746e+01
9.859999999999999432e+00,-1.783525087394436071e+01,-1.002934760816090147e+02,4.629222605107032962e+01,-1.188331431830272500e+01
9.869999999999999218e+00,-1.803770709448552267e+01,-1.017267610254705090e+02,4.613860977025532861e+01,-1.150605339742566358e+01
9.880000000000000782e+00,-1.824349742807187980e+01,-1.030229276232440725e+02,4.602213401634881507e+01,-1.114455439270744108e+01
9.890000000000000568e+00,-1.845034169461573370e+01,-1.041809098036840169e+02,4.593875987629003532e+01,-1.080194531451758344e+01
9.900000000000000355e+00,-1.865606054645191136e+01,-1.052027177406056069e+02,4.588421638177707962e+01,-1.048040736394780836e+01
9.910000000000000142e+00,-1.885871451655336628e+01,-1.060931564559991500e+02,4.585423920059236735e+01,-1.018116767292828762e+01
9.919999999999999929e+00,-1.905673318039569963e+01,-1.068592267648935632e+02,4.584480595444095030e+01,-9.904552988114506462e+00
9.929999999999999716e+00,-1.924901629451863272e+01,-1.075092163876016826e+02,4.585235257145215826e+01,-9.650103560956731386e+00
9.939999999999999503e+00,-1.943498873708383456e+01,-1.080515380601232494e+02,4.587395471215609888e+01,-9.416742214218011497e+00
9.949999999999999289e+00,-1.961459441216510058e+01,-1.084934192343983312e+02,4.590745939452721558e+01,-9.202988846345986573e+00
9.960000000000000853e+00,-1.978822054929156948e+01,-1.088395831492574501e+02,4.595155471583392881e+01,-9.007206153731301512e+00
9.970000000000000639e+00,-1.995655163474714300e+01,-1.090910759029225261e+02,4.600576992007498944e+01,-8.827858826022019656e+00
9.980000000000000426e+00,-2.012035972985506405e+01,-1.092443880742017797e+02,4.607040353455813175e+01,-8.663766530695768964e+00
9.990000000000000213e+00,-2.028024373802322344e+01,-1.092909994867523693e+02,4.614638318291100916e+01,-8.514331009541495021e+00
1.000000000000000000e+01,-2.043633396524732859e+01,-1.092174533547305941e+02,4.623506617009918074e+01,-8.379719551388545185e+00
1.000999999999999979e+01,-2.058798116604879169e+01,-1.090060513616200524e+02,4.633799433298509740e+01,-8.260990608399502833e+00
1.001999999999999957e+01,-2.073345339007268961e+01,-1.086362565819557062e+02,4.645661953712392744e+01,-8.160151760685238287e+00
1.002999999999999936e+01,-2.086967186992620071e+01,-1.080868860340069233e+02,4.659201750997637959e+01,-8.080144904877469614e+00
1.003999999999999915e+01,-2.099203040999227809e+01,-1.073391427164752940e+02,4.674460769251903258e+01,-8.024757859942370786e+00
1.005000000000000071e+01,-2.109435971154082523e+01,-1.063804379489715330e+02,4.691389593431944860e+01,-7.998465217514082681e+00
1.006000000000000050e+01,-2.116911175893385177e+01,-1.052087470370848763e+02,4.709825566080632342e+01,-8.006204198874810274e+00
1.007000000000000028e+01,-2.120783565953864880e+01,-1.038369131813236947e+02,4.729476198435873613e+01,-8.053093782203022855e+00
1.008000000000000007e+01,-2.120197671757443558e+01,-1.022959351923509814e+02,4.749909222974170575e+01,-8.144107866822126951e+00
1.008999999999999986e+01,-2.114394365329706815e+01,-1.006360335934138561e+02,4.770550529078247592e+01,-8.283716186625659006e+00
1.009999999999999964e+01,-2.102826942153892276e+01,-9.892445778519116573e+01,4.790691061471256518e+01,-8.475510336135290146e+00
1.010999999999999943e+01,-2.085259160592102745e+01,-9.723974871587165580e+01,4.809503471177234246e+01,-8.721836547651404814e+00
1.011999999999999922e+01,-2.061817024744805238e+01,-9.566334477257389324e+01,4.826068819624308048e+01,-9.023461213714591977e+00
1.013000000000000078e+01,-2.032978061504024936e+01,-9.427046108721150119e+01,4.839412902622668611e+01,-9.379298564700789598e+00
1.014000000000000057e+01,-1.999502161494921282e+01,-9.312246687665522416e+01,4.848550791234745816e+01,-9.786231014171370646e+00
1.015000000000000036e+01,-1.962326151555032183e+01,-9.226234301113935032e+01,4.852537066989891201e+01,-1.023905004521985340e+01
1.016000000000000014e+01,-1.922451244688132022e+01,-9.171362751555693649e+01,4.850518128770714554e+01,-1.073053808418910648e+01
1.016999999999999993e+01,-1.880847315606419556e+01,-9.148220250472070347e+01,4.841782100505843545e+01,-1.125169942179983096e+01
1.017999999999999972e+01,-1.838386324844300646e+01,-9.155976014186367706e+01,4.825801518267424939e+01,-1.179213196602040270e+01
1.018999999999999950e+01,-1.795806074390567630e+01,-9.192781557203417719e+01,4.802264309902591322e+01,-1.234051381358864496e+01
1.019999999999999929e+01,-1.753698633813554508e+01,-9.256147035825875946e+01,4.771089657361928715e+01,-1.288516258880876819e+01
1.021000000000000085e+01,-1.712515478210239905e+01,-9.343251797433332229e+01,4.732427035689362782e+01,-1.341461462141978167e+01
1.022000000000000064e+01,-1.672582046558054003e+01,-9.451178054760730163e+01,4.686638772809885012e+01,-1.391816787028416158e+01
1.023000000000000043e+01,-1.634116324876447734e+01,-9.577073892261917365e+01,4.634268490601306212e+01,-1.438633794132844557e+01
1.024000000000000021e+01,-1.597248043131725304e+01,-9.718259019318533376e+01,4.575999391974124819e+01,-1.481118952561953783e+01
1.025000000000000000e+01,-1.562036641954247074e+01,-9.872287697323154987e+01,4.512607276307551984e+01,-1.518652337481038295e+01
1.025999999999999979e+01,-1.528487214126840499e+01,-1.003698130819127385e+02,4.444913291019577173e+01,-1.550791797602013311e+01
1.026999999999999957e+01,-1.496564238320379658e+01,-1.021044013710849896e+02,4.373740831967565867e+01,-1.577264197361577303e+01
1.027999999999999936e+01,-1.466203227577752521e+01,-1.039104116155304069e+02,4.299879894683235904e+01,-1.597946564907364397e+01
1.028999999999999915e+01,-1.437320528109000151e+01,-1.057742639445749546e+02,4.224060817444684091e+01,-1.612840628964678302e+01
1.030000000000000071e+01,-1.409821510299836156e+01,-1.076848471138539907e+02,4.146937999269036368e+01,-1.622044321272894507e+01
1.031000000000000050e+01,-1.383607350240653666e+01,-1.096332903964916170e+02,4.069083012572200175e+01,-1.625723464081301728e+01
1.032000000000000028e+01,-1.358580542013655368e+01,-1.116127018786152831e+02,3.990985671378630428e+01,-1.624086205171773400e+01
1.033000000000000007e+01,-1.334649229297731310e+01,-1.136178832414191220e+02,3.913061095780620491e+01,-1.617361958711215308e+01
1.033999999999999986e+01,-1.311730410606634756e+01,-1.156450305392489213e+02,3.835660610766970535e+01,-1.605785786804032256e+01
1.034999999999999964e+01,-1.289752059834679621e+01,-1.176914310148385709e+02,3.759084379696077605e+01,-1.589588406575799162e+01
1.035999999999999943e+01,-1.268654211876183169e+01,-1.197551667761763525e+02,3.683593933957240552e+01,-1.568991389547610282e+01
1.036999999999999922e+01,-1.248389087383708684e+01,-1.218348365502725414e+02,3.609423154187275884e+01,-1.544206664991742173e+01
1.038000000000000078e+01,-1.228920364412145005e+01,-1.239293063217738933e+02,3.536786722849216602e+01,-1.515439157457362107e+01
1.039000000000000057e+01,-1.210221740105663812e+01,-1.260374983022427671e+02,3.465885547709218173e+01,-1.482891275913696205e+01
1.040000000000000036e+01,-1.192274955674148273e+01,-1.281582254295352925e+02,3.396909103085407367e+01,-1.446768010750631284e+01
1.041000000000000014e+01,-1.175067477402854266e+01,-1.302900757082137204e+02,3.330035012246050741e+01,-1.407281557536024685e+01
1.041999999999999993e+01,-1.158590032507722967e+01,-1.324313475071536459e+02,3.265426473012712449e+01,-1.364654637271305049e+01
1.042999999999999972e+01,-1.142834190946306805e+01,-1.345800337766122254e+02,3.203228295911153367e+01,-1.319121981890465456e+01
1.043999999999999950e+01,-1.127790164496207836e+01,-1.367338503254613329e+02,3.143562380545606061e+01,-1.270929761312789985e+01
1.044999999999999929e+01,-1.113444965415281196e+01,-1.388903010069347204e+02,3.086523414179733393e+01,-1.220333010204677038e+01
1.046000000000000085e+01,-1.099781032065437714e+01,-1.410467709929158957e+02,3.032175458711802207e+01,-1.167591343580313712e+01
1.047000000000000064e+01,-1.086775390963919818e+01,-1.432006382840951346e+02,2.980549924566444986e+01,-1.112963416260904026e+01
1.048000000000000043e+01,-1.074399386084562025e+01,-1.453493931675309909e+02,2.931645238394859021e+01,-1.056700678288300388e+01
1.049000000000000021e+01,-1.062618968400977337e+01,-1.474907554403262964e+02,2.885428317904183970e+01,-9.990410111208175792e+00
1.050000000000000000e+01,-1.051395502678149541e+01,-1.496227798249329339e+02,2.841837787955149253e+01,-9.402028072931244651e+00
1.050999999999999979e+01,-1.040687015283599237e+01,-1.517439410857334110e+02,2.800788717844549325e+01,-8.803799905430532036e+00
1.051999999999999957e+01,-1.030449777445084436e+01,-1.538531919102561858e+02,2.762178536442250021e+01,-8.197383751650908934e+00
1.052999999999999936e+01,-1.020640094532611286e+01,-1.559499886276122709e+02,2.725893692792731215e+01,-7.584136421277968054e+00
1.053999999999999915e+01,-1.011216155647646886e+01,-1.580342822537617735e+02,2.691816576859280374e+01,-6.965110736175283535e+00
1.055000000000000071e+01,-1.002139791300543692e+01,-1.601064750710892213e+02,2.659832199759120996e+01,-6.341070450762714472e+00
1.056000000000000050e+01,-9.933779921673275837e+00,-1.621673457893321029e+02,2.629834155999012069e+01,-5.712521329937685799e+00
1.057000000000000028e+01,-9.849040598369828814e+00,-1.642179490512590689e+02,2.601729451308172969e+01,-5.079755672978877534e+00
1.058000000000000007e+01,-9.766982906393517183e+00,-1.662594973572376489e+02,2.575441875491352661e+01,-4.442906495811890011e+00
1.058999999999999986e+01,-9.687481339085003640e+00,-1.682932351143287235e+02,2.550913723566470281e+01,-3.802006826961611630e+00
1.059999999999999964e+01,-9.610478125994797338e+00,-1.703203152553463724e+02,2.528105809893098055e+01,-3.157049215209195570e+00
1.060999999999999943e+01,-9.535974421403228263e+00,-1.723416886154917051e+02,2.506995865753453145e+01,-2.508040632629660038e+00
1.061999999999999922e+01,-9.464017275533869622e+00,-1.743580150233555628e+02,2.487575546465958354e+01,-1.855048479169594700e+00
1.063000000000000078e+01,-9.394683545716207007e+00,-1.763696030107847434e+02,2.469846386145965056e+01,-1.198234296444887770e+00
1.064000000000000057e+01,-9.328062143519208149e+00,-1.783763824202219155e+02,2.453815116284194175e+01,-5.378729780224997814e-01
1.065000000000000036e+01,-9.264236117951970328e+00,1.796220887148958809e+02,2.439488802434573245e+01,1.256434060836001954e-01
1.066000000000000014e+01,-9.203266044775139321e+00,1.776265845270797286e+02,2.426870250378537008e+01,7.918167045648089042e-01
1.066999999999999993e+01,-9.145176042202947997e+00,1.756381430378539505e+02,2.415954092341342374e+01,1.460066987151248386e+00
1.067999999999999972e+01,-9.089943486892808622e+00,1.736579755419636513e+02,2.406723891416258354e+01,2.129767292259025169e+00
1.068999999999999950e+01,-9.037493187624342283e+00,1.716873615463001954e+02,2.399150506175050879e+01,2.800285270897184375e+00
1.069999999999999929e+01,-8.987696413466574441e+00,1.697275381287837774e+02,2.393191845814049401e+01,3.471027691199282117e+00
1.071000000000000085e+01,-8.940374792247276048e+00,1.677795929052591077e+02,2.388794027170283840e+01,4.141483599830953821e+00
1.072000000000000064e+01,-8.895308715511308861e+00,1.658443694650577811e+02,2.385893826248305771e+01,4.811262090423681137e+00
1.073000000000000043e+01,-8.852249529204222256e+00,1.639223931699388856e+02,2.384422206116744292e+01,5.480121097287221410e+00
1.074000000000000021e+01,-8.810934477625201211e+00,1.620138236362368502e+02,2.384308607920242906e+01,6.147984393990955532e+00
1.075000000000000000e+01,-8.771103126191157173e+00,1.601184380981898983e+02,2.385485620200520529e+01,6.814944991482960290e+00
1.075999999999999979e+01,-8.732513841168014324e+00,1.582356472944659629e+02,2.387893601203190386e+01,7.481254334927305294e+00
1.076999999999999957e+01,-8.694958873716341685e+00,1.563645427067617959e+02,2.391484825333758124e+01,8.147298000121134365e+00
1.077999999999999936e+01,-8.658276695410107138e+00,1.545039711495348058e+02,2.396226761501815261e+01,8.813559872200723788e+00
1.078999999999999915e+01,-8.622360463886771242e+00,1.526526301482192309e+02,2.402104166706509858e+01,9.480577920699159833e+00
1.080000000000000071e+01,-8.587161845100851565e+00,1.508091755407479013e+02,2.409119787020629389e+01,1.014889553935676680e+01
1.081000000000000050e+01,-8.552689850604139110e+00,1.489723315425228236e+02,2.417293589736567228e+01,1.081901289450626713e+01
1.082000000000000028e+01,-8.519004818808719293e+00,1.471409932866016561e+02,2.426660591167608771e+01,1.149134276314306469e+01
1.083000000000000007e+01,-8.486208126112344985e+00,1.453143126243267886e+02,2.437267479478870058e+01,1.216617493484501722e+01
1.083999999999999986e+01,-8.454428606701194227e+00,1.434917596512247542e+02,2.449168346930990126e+01,1.284365244768033421e+01
1.084999999999999964e+01,-8.423806948242543058e+00,1.416731548006912362e+02,2.462419929924370265e+01,1.352376181763200158e+01
1.085999999999999943e+01,-8.394479489352615786e+00,1.398586691435680791e+02,2.477076801176968956e+01,1.420633812104420457e+01
1.086999999999999922e+01,-8.366562865781732583e+00,1.380487934422168337e+02,2.493186963543840662e+01,1.489108442578198144e+01
1.088000000000000078e+01,-8.340140843449020736e+00,1.362442792529742803e+02,2.510788260500304858e+01,1.557760375803913711e+01
1.089000000000000057e+01,-8.315254457034821911e+00,1.344460577244689148e+02,2.529905948145593086e+01,1.626544064117396005e+01
1.090000000000000036e+01,-8.291896268556037342e+00,1.326551435409499220e+02,2.550551673651141726e+01,1.695412833532604324e+01
1.091000000000000014e+01,-8.270009199184309878e+00,1.308725326114291363e+02,2.572723982615782390e+01,1.764323730971082682e+01
1.091999999999999993e+01,-8.249489997140177167e+00,1.290991025578462654e+02,2.596410341215974427e+01,1.833242024634002121e+01
1.092999999999999972e+01,-8.230197011377832439e+00,1.273355247944910644e+02,2.621590518112205714e+01,1.902144904155850469e+01
1.093999999999999950e+01,-8.211961571098205681e+00,1.255821960300295075e+02,2.648241037045654522e+01,1.971023985591082450e+01
1.094999999999999929e+01,-8.194601951449362431e+00,1.238391954065793641e+02,2.676340296416976727e+01,2.039886324818101215e+01
1.096000000000000085e+01,-8.177938663040409395e+00,1.221062713024752355e+02,2.705873869657943587e+01,2.108753775979614531e+01
1.097000000000000064e+01,-8.161809662725680425e+00,1.203828592068446284e+02,2.736839461289790520e+01,2.177660688808323641e+01
1.098000000000000043e+01,-8.146084066251560785e+00,1.186681292278184543e+02,2.769251006151761985e+01,2.246650105416459198e+01
1.099000000000000021e+01,-8.130673060977054334e+00,1.169610589822468540e+02,2.803141465876858618e+01,2.315768775657447875e+01
1.100000000000000000e+01,-8.115536966131621455e+00,1.152605251267425359e+02,2.838563993107136696e+01,2.385061442170595569e+01
1.100999999999999979e+01,-8.100687749465945942e+00,1.135654049149393643e+02,2.875591289305231157e+01,2.454564935595600872e+01
1.101999999999999957e+01,-8.086186747107941386e+00,1.118746781366923813e+02,2.914313160131556302e+01,2.524302655962406305e+01
1.102999999999999936e+01,-8.072137800493878856e+00,1.101875197459654174e+02,2.954832454125410379e+01,2.594279993272045459e+01
1.103999999999999915e+01,-8.058676468153871397e+00,1.085033744242736873e+02,2.997259736750017467e+01,2.664481161106875007e+01
1.105000000000000071e+01,-8.045956342196806332e+00,1.068220061372211092e+02,3.041707186193595547e+01,2.734867790100502560e+01
1.106000000000000050e+01,-8.034133761848677224e+00,1.051435182004257598e+02,3.088282287345176869e+01,2.805379465827237695e+01
1.107000000000000028e+01,-8.023352347329659295e+00,1.034683421933967509e+02,3.137081938541265203e+01,2.875936212873636677e+01
1.108000000000000007e+01,-8.013728771522405481e+00,1.017971969474182998e+02,3.188187568846802833e+01,2.946442738774194581e+01
1.108999999999999986e+01,-8.005341053763540771e+00,1.001310215156716339e+02,3.241661792216614657e+01,3.016794072998479592e+01
1.109999999999999964e+01,-7.998220419592614761e+00,9.847088829435669766e+01,3.297547002266914262e+01,3.086882081580855797e+01
1.110999999999999943e+01,-7.992347448091210893e+00,9.681790414878761908e+01,3.355866143887460851e+01,3.156602221178517809e+01
1.111999999999999922e+01,-7.987652852281057037e+00,9.517310841140410105e+01,3.416625695414529673e+01,3.225859830658453120e+01
1.113000000000000078e+01,-7.984022835808560536e+00,9.353737690700458529e+01,3.479820671887053152e+01,3.294575255559814053e+01
1.114000000000000057e+01,-7.981308568603980191e+00,9.191134070576961790e+01,3.545441235317510120e+01,3.362687169317688074e+01
1.115000000000000036e+01,-7.979338953749425478e+00,9.029532711998841421e+01,3.613480295567495659e+01,3.430153597232161644e+01
1.116000000000000014e+01,-7.977935546859528770e+00,8.868932859796636592e+01,3.683941331092790961e+01,3.496950358430515848e+01
1.116999999999999993e+01,-7.976928267523478056e+00,8.709300273372683421e+01,3.756845576626179906e+01,3.563066900961991479e+01
1.117999999999999972e+01,-7.976170436834502553e+00,8.550570377550045009e+01,3.832237732641799255e+01,3.628499789529510622e+01
1.118999999999999950e+01,-7.975551705665306024e+00,8.392654302111030518e+01,3.910189456519955087e+01,3.693244381328729986e+01
1.119999999999999929e+01,-7.975007612655645062e+00,8.235447263163688092e+01,3.990800091962549345e+01,3.757285458334929729e+01
1.121000000000000085e+01,-7.974524819678969756e+00,8.078838499596419354e+01,4.074194362647872225e+01,3.820587743369868861e+01
1.122000000000000064e+01,-7.974141488321332183e+00,7.922721813178357309e+01,4.160517069382198940e+01,3.883087290583643636e+01
1.123000000000000043e+01,-7.973942739941396241e+00,7.767005692863881450e+01,4.249925152631976033e+01,3.944684698829294689e+01
1.124000000000000021e+01,-7.974051630291693726e+00,7.611622042047777370e+01,4.342577779582576625e+01,4.005240951481123801e+01
1.125000000000000000e+01,-7.974616511897913540e+00,7.456532667408178838e+01,4.438625356110686226e+01,4.064576451822949110e+01
1.125999999999999979e+01,-7.975796005072534278e+00,7.301732912039477696e+01,4.538198525125543625e+01,4.122473519971010347e+01
1.126999999999999957e+01,-7.977743017498383438e+00,7.147252096753641126e+01,4.641398276482104990e+01,4.178682270695805556e+01
1.127999999999999936e+01,-7.980589326450793664e+00,6.993150740068263360e+01,4.748288249346943957e+01,4.232929429565349722e+01
1.128999999999999915e+01,-7.984432168045401568e+00,6.839514828312613304e+01,4.858890150678654862e+01,4.284929298115670093e+01
1.130000000000000071e+01,-7.989324079486090469e+00,6.686447675550680003e+01,4.973182945272425570e+01,4.334395780714595503e+01
1.131000000000000050e+01,-7.995266937328182166e+00,6.534060127976118793e+01,5.091106104700109114e+01,4.381054172508650169e+01
1.132000000000000028e+01,-8.002210755975413647e+00,6.382460014809346660e+01,5.212566758159149316e+01,4.424651315709328969e+01
1.133000000000000007e+01,-8.010057386249066269e+00,6.231741818669149779e+01,5.337450106774769409e+01,4.464962791865670511e+01
1.133999999999999986e+01,-8.018668814637530673e+00,6.081977528268694755e+01,5.465631998522237467e+01,4.501796049307436931e+01
1.134999999999999964e+01,-8.027879341376529254e+00,5.933209544111159772e+01,5.596992178381483996e+01,4.534988765124469978e+01
1.135999999999999943e+01,-8.037510542970643712e+00,5.785446336809358314e+01,5.731426493168324043e+01,4.564402280237559495e+01
1.136999999999999922e+01,-8.047387636417584034e+00,5.638661316488244069e+01,5.868856296169865772e+01,4.589910566836018546e+01
1.138000000000000078e+01,-8.057355691172231715e+00,5.492795076489738904e+01,6.009233491720745235e+01,4.611385810634046578e+01
1.139000000000000057e+01,-8.067294107719529705e+00,5.347760849529755234e+01,6.152540078887723496e+01,4.628682227911695435e+01
1.140000000000000036e+01,-8.077127913416124017e+00,5.203452691166797450e+01,6.298781655811595215e+01,4.641620107785781357e+01
1.141000000000000014e+01,-8.086834714237129518e+00,5.059755619819943462e+01,6.447975062251981626e+01,4.649972213557420986e+01
1.141999999999999993e+01,-8.096446561600016523e+00,4.916556729639921031e+01,6.600131080860543875e+01,4.653454563911591180e+01
1.142999999999999972e+01,-8.106046502982687585e+00,4.773756180361369417e+01,6.755233798064446660e+01,4.651723248584788450e+01
1.143999999999999950e+01,-8.115760125697837779e+00,4.631276972510232781e+01,6.913218762140031970e+01,4.644378345917357365e+01
1.144999999999999929e+01,-8.125742911778029764e+00,4.489072537101662164e+01,7.073952403272247125e+01,4.630975255081345665e+01
1.146000000000000085e+01,-8.136164640512232538e+00,4.347131390791215466e+01,7.237215249669164052e+01,4.611042902596012993e+01
1.147000000000000064e+01,-8.147192359976697773e+00,4.205478402601224275e+01,7.402691254426257217e+01,4.584107412006357407e+01
1.148000000000000043e+01,-8.158973575629875796e+00,4.064172552197311461e+01,7.569965029229219056e+01,4.549719029999829445e+01
1.149000000000000021e+01,-8.171621268651735548e+00,3.923301396607001124e+01,7.738527979410352486e+01,4.507479485157075771e+01
1.150000000000000000e+01,-8.185202172215552352e+00,3.782972770486288994e+01,7.907793303754799297e+01,4.457066624760212648e+01
1.150999999999999979e+01,-8.199729424993716265e+00,3.643304499425299525e+01,8.077118661802334998e+01,4.398253227580490687e+01
1.151999999999999957e+01,-8.215160318874056955e+00,3.504413088456496439e+01,8.245834169244793088e+01,4.330917388464347795e+01
1.152999999999999936e+01,-8.231399395474651826e+00,3.366402447302181145e+01,8.413272441213052844e+01,4.255042813711485650e+01
1.153999999999999915e+01,-8.248306657853328616e+00,3.229353723263176335e+01,8.578796851121907707e+01,4.170708671486881514e+01
1.155000000000000071e+01,-8.265710185297285406e+00,3.093317229397791834e+01,8.741824158421546542e+01,4.078070139354648660e+01
1.156000000000000050e+01,-8.283422007880401949e+00,2.958307281685172185e+01,8.901838249808903925e+01,3.977332247060753190e+01
1.157000000000000028e+01,-8.301255753236594259e+00,2.824300502325617401e+01,9.058392892926386253e+01,3.868720771749492116e+01
1.158000000000000007e+01,-8.319044359896867746e+00,2.691237823648924987e+01,9.211102965226761796e+01,3.752454584463869480e+01
1.158999999999999986e+01,-8.336656093015413660e+00,2.559030064483011202e+01,9.359625355171428396e+01,3.628723835174594825e+01
1.159999999999999964e+01,-8.354007219916834259e+00,2.427566583678468959e+01,9.503632364314715630e+01,3.497677675678774278e+01
1.160999999999999943e+01,-8.371070005188208540e+00,2.296726185092740380e+01,9.642781711264068178e+01,3.359423945218825480e+01
1.161999999999999922e+01,-8.387875144165501951e+00,2.166389196038632292e+01,9.776687956835739612e+01,3.214041560682706944e+01
1.163000000000000078e+01,-8.404508321750533639e+00,2.036449501055097500e+01,9.904900222056316750e+01,3.061604492046974713e+01
1.164000000000000057e+01,-8.421101194686066549e+00,1.906825304948570476e+01,1.002689043206072341e+02,2.902214412333769999e+01
1.165000000000000036e+01,-8.437817676482808338e+00,1.777467525305090845e+01,1.014205504510448037e+02,2.736037630318239167e+01
1.166000000000000014e+01,-8.454836887003686741e+00,1.648364958576287975e+01,1.024973144647278502e+02,2.563340959449994472e+01
1.166999999999999993e+01,-8.472334461191849186e+00,1.519545694079006637e+01,1.034922810265651378e+02,2.384520922117312125e+01
1.167999999999999972e+01,-8.490464064178993908e+00,1.391074627040752176e+01,1.043986544934930834e+02,2.200121241937634764e+01
1.168999999999999950e+01,-8.509340927385038000e+00,1.263047304004030380e+01,1.052102264555951763e+02,2.010834945053423439e+01
1.169999999999999929e+01,-8.529029016586575196e+00,1.135580684723227485e+01,1.059218409389599032e+02,1.817489447879253461e+01
1.171000000000000085e+01,-8.549533096244948283e+00,1.008801695123151809e+01,1.065297927829100644e+02,1.621015480226551375e+01
1.172000000000000064e+01,-8.570796499712155736e+00,8.828346552568007155e+00,1.070321014976696148e+02,1.422403184365334994e+01
1.173000000000000043e+01,-8.592704890009654761e+00,7.577887809228824878e+00,1.074286195296214288e+02,1.222650795419846581e+01
1.174000000000000021e+01,-8.615095739552192100e+00,6.337469694565502465e+00,1.077209577893024033e+02,1.022712548734669902e+01
1.175000000000000000e+01,-8.637772710161289780e+00,5.107569854095364903e+00,1.079122383718247704e+02,8.234526285741775808e+00
1.175999999999999979e+01,-8.660523620922322863e+00,3.888259617711554927e+00,1.080067097630134185e+02,6.256110392271775567e+00
1.176999999999999957e+01,-8.683140297992192558e+00,2.679188358550414151e+00,1.080092790782126855e+02,4.297854347196601310e+00
1.177999999999999936e+01,-8.705438354474289042e+00,1.479609650746822824e+00,1.079250260570342590e+02,2.364305414114216131e+00
1.178999999999999915e+01,-8.727274890295346310e+00,2.884474778153728880e-01,1.077587635883884616e+02,4.587427296629403850e-01
1.180000000000000071e+01,-8.748562256082990984e+00,-8.956034921977654717e-01,1.075147002578947877e+02,-1.416526328968608084e+00
1.181000000000000050e+01,-8.769276390949674038e+00,-2.073953321518241744e+00,1.071962439265458045e+02,-3.259783290113934306e+00
1.182000000000000028e+01,-8.789458791268332405e+00,-3.247980480682799431e+00,1.068059644898751372e+02,-5.069487523166439580e+00
1.183000000000000007e+01,-8.809211836228929116e+00,-4.418897825540915925e+00,1.063457116991200166e+02,-6.843896657417513296e+00
1.183999999999999986e+01,-8.828687905447335282e+00,-5.587634797898272332e+00,1.058168630321268751e+02,-8.580771765798209216e+00
1.184999999999999964e+01,-8.848073386155490994e+00,-6.754748096077879183e+00,1.052206595350593119e+02,-1.027720739297237174e+01
1.185999999999999943e+01,-8.867569202880932977e+00,-7.920370044609148508e+00,1.045585763578816767e+02,-1.192960820347684070e+01
1.186999999999999922e+01,-8.887369852795334424e+00,-9.084199935646235957e+00,1.038326708605351172e+02,-1.353381292021531301e+01
1.188000000000000078e+01,-8.907643065420952411e+00,-1.024553920530143003e+01,1.030458553461897111e+02,-1.508534512968209462e+01
1.189000000000000057e+01,-8.928512125091183194e+00,-1.140336693270755042e+01,1.022020532661352519e+02,-1.657975249481467017e+01
1.190000000000000036e+01,-8.950042620354919265e+00,-1.255644822789370352e+01,1.013062154794151866e+02,-1.801298373289824895e+01
1.191000000000000014e+01,-8.972234952735441027e+00,-1.370346492549471229e+01,1.003641940713207106e+02,-1.938174833227351712e+01
1.191999999999999993e+01,-8.995023390892580295e+00,-1.484315584279554834e+01,9.938249192870188153e+01,-2.068380800275052422e+01
1.192999999999999972e+01,-9.018281840130828897e+00,-1.597445282974348402e+01,9.836792339169595323e+01,-2.191816034876432795e+01
1.193999999999999950e+01,-9.041835856975632524e+00,-1.709659901384812386e+01,9.732723229654794750e+01,-2.308509196430398092e+01
1.194999999999999929e+01,-9.065479822143164057e+00,-1.820923705261645864e+01,9.626671733208023340e+01,-2.418609705276705668e+01
1.196000000000000085e+01,-9.088997644680407717e+00,-1.931245781507441706e+01,9.519191101213935724e+01,-2.522367570037552653e+01
1.197000000000000064e+01,-9.112184960790873589e+00,-2.040680359159821222e+01,9.410734904705637405e+01,-2.620104058042139528e+01
1.198000000000000043e+01,-9.134870566858943164e+00,-2.149322441778941339e+01,9.301645349146738795e+01,-2.712177057413192216e+01
1.199000000000000021e+01,-9.156934830713648665e+00,-2.257299098696485373e+01,9.192153792952402114e+01,-2.798945397986908645e+01
1.200000000000000000e+01,-9.178323079299001819e+00,-2.364757238393507421e+01,9.082392808288744845e+01,-2.880736285285358989e+01
1.200999999999999979e+01,-9.199052453469548141e+00,-2.471849090520844427e+01,8.972417813796707264e+01,-2.957819428492853930e+01
1.201999999999999957e+01,-9.219211403806928828e+00,-2.578716898192946871e+01,8.862235292302251821e+01,-3.030390507428486657e+01
1.202999999999999936e+01,-9.238951794845931431e+00,-2.685478428711931187e+01,8.751833962701664404e+01,-3.098565436293318598e+01
1.203999999999999915e+01,-9.258474388796569698e+00,-2.792214832315819351e+01,8.641215056757808100e+01,-3.162385566857773611e+01
1.205000000000000071e+01,-9.278009192044493147e+00,-2.898962125987869598e+01,8.530418080755426047e+01,-3.221832667835428765e+01
1.206000000000000050e+01,-9.297792683567635663e+00,-3.005707188656626982e+01,8.419539100179164848e+01,-3.276851368066897408e+01
1.207000000000000028e+01,-9.318044249358791831e+00,-3.112388677601794740e+01,8.308739601760535720e+01,-3.327375902957379594e+01
1.208000000000000007e+01,-9.338944201720327243e+00,-3.218902771569433696e+01,8.198245234720488384e+01,-3.373357572918607161e+01
1.208999999999999986e+01,-9.360615579397526531e+00,-3.325113167674067682e+01,8.088335041379730228e+01,-3.414789371134084206e+01
1.209999999999999964e+01,-9.383111538909874483e+00,-3.430864349523353951e+01,7.979322969870275983e+01,-3.451724753347366459e+01
1.210999999999999943e+01,-9.406409605740934765e+00,-3.535996833251891758e+01,7.871534352083531871e+01,-3.484288415316136422e+01
1.211999999999999922e+01,-9.430413406146969990e+00,-3.640362905335211963e+01,7.765280515909546466e+01,-3.512678065418978690e+01
1.213000000000000078e+01,-9.454961795675959735e+00,-3.743841302476295851e+01,7.660834743933440905e+01,-3.537157355030697659e+01
1.214000000000000057e+01,-9.479844588879704048e+00,-3.846349355724657926e+01,7.558412426952300223e+01,-3.558041191993869745e+01
1.215000000000000036e+01,-9.504823429559985826e+00,-3.947851329642307405e+01,7.458157582413471687e+01,-3.575675486697457472e+01
1.216000000000000014e+01,-9.529655781470520282e+00,-4.048362026561023441e+01,7.360137036663086008e+01,-3.590413894153223850e+01
1.216999999999999993e+01,-9.554119628950777710e+00,-4.147945177502577252e+01,7.264342629108753613e+01,-3.602594300306607522e+01
1.217999999999999972e+01,-9.578036315134287548e+00,-4.246706670641981418e+01,7.170700892407320737e+01,-3.612517678323596471e+01
1.218999999999999950e+01,-9.601289055616513579e+00,-4.344783223456140320e+01,7.079088877339746944e+01,-3.620431556586620303e+01
1.219999999999999929e+01,-9.623835060952828258e+00,-4.442327620796977783e+01,6.989354182954689065e+01,-3.626519751537752967e+01
1.221000000000000085e+01,-9.645709854435528641e+00,-4.539492049167611754e+01,6.901336863432082680e+01,-3.630899287141824772e+01
1.222000000000000064e+01,-9.667023211767713065e+00,-4.636411297888436422e+01,6.814890741429213961e+01,-3.633624615354496257e+01
1.223000000000000043e+01,-9.687947072071874999e+00,-4.733187633312435594e+01,6.729901777956600029e+01,-3.634698442793362716e+01
1.224000000000000021e+01,-9.708696655242762930e+00,-4.829878976357011311e+01,6.646301525755436046e+01,-3.634087739655560512e+01
1.225000000000000000e+01,-9.729506756455945649e+00,-4.926491652050164305e+01,6.564074293929905934e+01,-3.631742941426246318e+01
1.225999999999999979e+01,-9.750605689887162697e+00,-5.022978483911114722e+01,6.483257411695844041e+01,-3.627618025232051480e+01
1.226999999999999957e+01,-9.772189575271859496e+00,-5.119242441031481405e+01,6.403934805711855915e+01,-3.621689097941666091e+01
1.227999999999999936e+01,-9.794399598487135705e+00,-5.215145477729473811e+01,6.326224890032175097e+01,-3.613969380116560615e+01
1.228999999999999915e+01,-9.817304559046883483e+00,-5.310521691180164794e+01,6.250264405342697671e+01,-3.604518971753478951e+01
1.230000000000000071e+01,-9.840890491070718227e+00,-5.405193503491053519e+01,6.176190253881008374e+01,-3.593448466257798657e+01
1.231000000000000050e+01,-9.865058465214717742e+00,-5.498989279066867653e+01,6.104121516264915925e+01,-3.580916238106330240e+01
1.232000000000000028e+01,-9.889630902766839426e+00,-5.591760633016827597e+01,6.034143708216214463e+01,-3.567119963461693288e+01
1.233000000000000007e+01,-9.914365914405980362e+00,-5.683397682715215637e+01,5.966296978832761511e+01,-3.552283553259283622e+01
1.233999999999999986e+01,-9.938978372776105630e+00,-5.773840648949958165e+01,5.900569432359136357e+01,-3.536641124421173998e+01
1.234999999999999964e+01,-9.963165705502831315e+00,-5.863086525704562746e+01,5.836896146109909012e+01,-3.520419877420788168e+01
1.235999999999999943e+01,-9.986635827924271069e+00,-5.951189997373605678e+01,5.775163828267346133e+01,-3.503823784859562096e+01
1.236999999999999922e+01,-1.000913430014017713e+01,-6.038258360057933771e+01,5.715220469765083777e+01,-3.487019842073222264e+01
1.238000000000000078e+01,-1.003046775831123050e+01,-6.124440848315165908e+01,5.656888841364296638e+01,-3.470128313779579798e+01
1.239000000000000057e+01,-1.005052097434004210e+01,-6.209913408333465412e+01,5.599982307646596524e+01,-3.453217963156159698e+01
1.240000000000000036e+01,-1.006926553445700989e+01,-6.294860508875068916e+01,5.544321204234725542e+01,-3.436306709695644201e+01
1.241000000000000014e+01,-1.008675903466174084e+01,-6.379455961458220514e+01,5.489747976283211273e+01,-3.419367575365490808e+01
1.241999999999999993e+01,-1.010313475835916641e+01,-6.463844870662721576e+01,5.436139417537239638e+01,-3.402339199642558754e+01
1.242999999999999972e+01,-1.011858288656201665e+01,-6.548128728600963200e+01,5.383414675410582362e+01,-3.385139694805097577e+01
1.243999999999999950e+01,-1.013332524813444202e+01,-6.632355319909140690e+01,5.331538171163141016e+01,-3.367682235963127368e+01
1.244999999999999929e+01,-1.014758632650833192e+01,-6.716514567125766177e+01,5.280517173327612568e+01,-3.349890588095304622e+01
1.246000000000000085e+01,-1.016156362555858017e+01,-6.800540796679702282e+01,5.230394384936861485e+01,-3.331712795306319208e+01
1.247000000000000064e+01,-1.017540053859814897e+01,-6.884321225284034540e+01,5.181236479637432524e+01,-3.313131495419671069e+01
1.248000000000000043e+01,-1.018916458377359291e+01,-6.967709829422199164e+01,5.133119972958146349e+01,-3.294169742866817074e+01
1.249000000000000021e+01,-1.020283331929659099e+01,-7.050545223776528303e+01,5.086116087315830470e+01,-3.274891764594738675e+01
1.250000000000000000e+01,-1.021628949873644032e+01,-7.132670776187642048e+01,5.040276336586715900e+01,-3.255398662442641466e+01
1.250999999999999979e+01,-1.022932613722227657e+01,-7.213954950754543916e+01,4.995620423292862711e+01,-3.235819635873013311e+01
1.251999999999999957e+01,-1.024166119918162465e+01,-7.294309811990035541e+01,4.952127739659214711e+01,-3.216299768130548387e+01
1.252999999999999936e+01,-1.025296065459099637e+01,-7.373705751559091937e+01,4.909733340204123664e+01,-3.196985753631083327e+01
1.253999999999999915e+01,-1.026286776004535106e+01,-7.452180819048628280e+01,4.868328761115404291e+01,-3.178011122450632797e+01
1.255000000000000071e+01,-1.027103569232432001e+01,-7.529843541295839771e+01,4.827767551358958542e+01,-3.159482534611385063e+01
1.256000000000000050e+01,-1.027716019245012902e+01,-7.606868771989427103e+01,4.787874897465987090e+01,-3.141468580245738806e+01
1.257000000000000028e+01,-1.028100875677816362e+01,-7.683486867622896455e+01,4.748460307672049652e+01,-3.123992247676883238e+01
1.258000000000000007e+01,-1.028244319669347462e+01,-7.759967252282216066e+01,4.709332006675276006e+01,-3.107027832821712110e+01
1.258999999999999986e+01,-1.028143308327853234e+01,-7.836598108342695923e+01,4.670311511050713449e+01,-3.090502591041326141e+01
1.259999999999999964e+01,-1.027805863149377430e+01,-7.913664409150806023e+01,4.631246832427535054e+01,-3.074302917907265353e+01
1.260999999999999943e+01,-1.027250282668263992e+01,-7.991426712802427801e+01,4.592022904451608412e+01,-3.058284340474854091e+01
1.261999999999999922e+01,-1.026503387673839285e+01,-8.070103026460913043e+01,4.552568145547944312e+01,-3.042284165267025386e+01
1.263000000000000078e+01,-1.025598020008704125e+01,-8.149855645028016227e+01,4.512856524311624895e+01,-3.026135322566213759e+01
1.264000000000000057e+01,-1.024570097765654353e+01,-8.230784232331674843e+01,4.472905035731886869e+01,-3.009679816452206325e+01
1.265000000000000036e+01,-1.023455571097664674e+01,-8.312925645851153433e+01,4.432767053930600554e+01,-2.992780261084831750e+01
1.266000000000000014e+01,-1.022287621394488433e+01,-8.396260215738104193e+01,4.392522523565541803e+01,-2.975328250456937695e+01
1.266999999999999993e+01,-1.021094406091311058e+01,-8.480723472743126479e+01,4.352266318141977308e+01,-2.957248734597976991e+01
1.267999999999999972e+01,-1.019897579944851884e+01,-8.566221750391112266e+01,4.312096280603048370e+01,-2.938500098850408904e+01
1.268999999999999950e+01,-1.018711731261908326e+01,-8.652649708964793263e+01,4.272102449894278919e+01,-2.919070190644040963e+01
1.269999999999999929e+01,-1.017544768466520644e+01,-8.739907662821222800e+01,4.232358776712878523e+01,-2.898969037436154039e+01
1.271000000000000085e+01,-1.016399188016579025e+01,-8.827916641108022588e+01,4.192918277070230459e+01,-2.878219389857179067e+01
1.272000000000000064e+01,-1.015274057769084237e+01,-8.916629365940238472e+01,4.153812114332653493e+01,-2.856846464469323621e+01
1.273000000000000043e+01,-1.014167468769499969e+01,-9.006035771859134798e+01,4.115052596676942898e+01,-2.834868330726569141e+01
1.274000000000000021e+01,-1.013079151091396923e+01,-9.096162283094305678e+01,4.076639584772694747e+01,-2.812288285736920557e+01
1.275000000000000000e+01,-1.012012922856651542e+01,-9.187064760849779077e+01,4.038569376660019117e+01,-2.789090303457426856e+01
1.275999999999999979e+01,-1.010978650827289727e+01,-9.278815763015144569e+01,4.000844818622759647e+01,-2.765238260809882576e+01
1.276999999999999957e+01,-1.009993447123364874e+01,-9.371487440645269373e+01,3.963485218152057143e+01,-2.740679172746762404e+01
1.277999999999999936e+01,-1.009081905847114768e+01,-9.465131943626118982e+01,3.926534630721511121e+01,-2.715350162907972020e+01
1.278999999999999915e+01,-1.008275286672006565e+01,-9.559761549608734299e+01,3.890067261667581278e+01,-2.689188415007540911e+01
1.280000000000000071e+01,-1.007609666826505723e+01,-9.655330821922389362e+01,3.854189052388065306e+01,-2.662142952744902402e+01
1.281000000000000050e+01,-1.007123193895468738e+01,-9.751722938913293603e+01,3.819034968231558480e+01,-2.634186835765331125e+01
1.282000000000000028e+01,-1.006852666440973110e+01,-9.848741952844106606e+01,3.784762016604020118e+01,-2.605328271684551922e+01
1.283000000000000007e+01,-1.006829738493543225e+01,-9.946112193309348015e+01,3.751538530138046212e+01,-2.575619239994573206e+01
1.283999999999999986e+01,-1.007077083511423155e+01,-1.004348540147598499e+02,3.719530685048417951e+01,-2.545160485276859319e+01
1.284999999999999964e+01,-1.007604864247066345e+01,-1.014045553414608634e+02,3.688887536934709033e+01,-2.514102122685837770e+01
1.285999999999999943e+01,-1.008407840960851054e+01,-1.023658055814703545e+02,3.659726016305857854e+01,-2.482639551455294225e+01
1.286999999999999922e+01,-1.009463416167674410e+01,-1.033140999032998479e+02,3.632117330864468840e+01,-2.451004833323444743e+01
1.288000000000000078e+01,-1.010730862774005878e+01,-1.042451643359755451e+02,3.606076089833383236e+01,-2.419454112767874321e+01
1.289000000000000057e+01,-1.012151914672207553e+01,-1.051552891747920597e+02,3.581553229006742356e+01,-2.388252001875978081e+01
1.290000000000000036e+01,-1.013652812900090616e+01,-1.060416548633063485e+02,3.558433507970321585e+01,-2.357654109315722835e+01
1.291000000000000014e+01,-1.015147794088858468e+01,-1.069026222621347273e+02,3.536538001503262763e+01,-2.327889058163913560e+01
1.291999999999999993e+01,-1.016543881233063473e+01,-1.077379584732153148e+02,3.515631634586278409e+01,-2.299141414751706236e+01
1.292999999999999972e+01,-1.017746695621676878e+01,-1.085489712526187418e+02,3.495435426126304179e+01,-2.271536941567919143e+01
1.293999999999999950e+01,-1.018666866969862816e+01,-1.093385302911050729e+02,3.475642720352585968e+01,-2.245131486458395997e+01
1.294999999999999929e+01,-1.019226498480984056e+01,-1.101109626455457686e+02,3.455938312946280888e+01,-2.219904616887256310e+01
1.296000000000000085e+01,-1.019365071691258073e+01,-1.108718219888711474e+02,3.436019049703121908e+01,-2.195758791170619872e+01
1.297000000000000064e+01,-1.019044177488255976e+01,-1.116275457722728106e+02,3.415614230732835921e+01,-2.172524427764156485e+01
1.298000000000000043e+01,-1.018250549034566532e+01,-1.123850286471407571e+02,3.394504042569775493e+01,-2.149970708588513446e+01
1.299000000000000021e+01,-1.016997045962535928e+01,-1.131511519305184947e+02,3.372534309598069058e+01,-2.127821379195151152e+01
1.300000000000000000e+01,-1.015321473267060881e+01,-1.139323151466396951e+02,3.349626130555090953e+01,-2.105774258332277427e+01
1.300999999999999979e+01,-1.013283372966532525e+01,-1.147340153677683077e+02,3.325779437508676750e+01,-2.083522726916671886e+01
1.301999999999999957e+01,-1.010959156328697972e+01,-1.155605132865813971e+02,3.301070135303999820e+01,-2.060777211314412227e+01
1.302999999999999936e+01,-1.008436110639221006e+01,-1.164146131782544416e+02,3.275641165356687878e+01,-2.037284661936406494e+01
1.303999999999999915e+01,-1.005805895234824732e+01,-1.172975695870378416e+02,3.249688486005832999e+01,-2.012844267036320289e+01
1.305000000000000071e+01,-1.003158135371426773e+01,-1.182091193321520706e+02,3.223443473672905668e+01,-1.987318097391291261e+01
1.306000000000000050e+01,-1.000574645357643355e+01,-1.191476254130099477e+02,3.197153552820489253e+01,-1.960635974893962086e+01
1.307000000000000028e+01,-9.981246899388189320e+00,-1.201103108437190343e+02,3.171062927843205514e+01,-1.932794500677128724e+01
1.308000000000000007e+01,-9.958615520400460497e+00,-1.210935556445505910e+02,3.145395130611942491e+01,-1.903850771655257290e+01
1.308999999999999986e+01,-9.938205371960060930e+00,-1.220932287177172242e+02,3.120338762896742324e+01,-1.873911784939902248e+01
1.309999999999999964e+01,-9.920184234578954374e+00,-1.231050273200752798e+02,3.096037371867268106e+01,-1.843120836216251490e+01
1.310999999999999943e+01,-9.904542653473844993e+00,-1.241247994686012817e+02,3.072583919484497272e+01,-1.811642352484886231e+01
1.311999999999999922e+01,-9.891113810110519822e+00,-1.251488282227848288e+02,3.050019851296200457e+01,-1.779646578829377290e+01
1.313000000000000078e+01,-9.879602902541162024e+00,-1.261740610068557942e+02,3.028338377117476909e+01,-1.747295394872493546e+01
1.314000000000000057e+01,-9.869623252220629084e+00,-1.271982718276546791e+02,3.007491267355442943e+01,-1.714730305147676859e+01
1.315000000000000036e+01,-9.860736049645890233e+00,-1.282201493941810782e+02,2.987398252677741084e+01,-1.682063361468054907e+01
1.316000000000000014e+01,-9.852490522573196685e+00,-1.292393097103200432e+02,2.967957991797857531e+01,-1.649371461479597656e+01
1.316999999999999993e+01,-9.844461396573773726e+00,-1.302562375043308975e+02,2.949059539523394946e+01,-1.616694148007433185e+01
1.317999999999999972e+01,-9.836280852024547272e+00,-1.312721664841175482e+02,2.930593300706252435e+01,-1.584034728348668963e+01
1.318999999999999950e+01,-9.827662772632493215e+00,-1.322889132951186184e+02,2.912460589119410059e+01,-1.551364261174830084e+01
1.319999999999999929e+01,-9.818417895061944733e+00,-1.333086835672197594e+02,2.894581112994323036e+01,-1.518627741588830915e+01
1.321000000000000085e+01,-9.808459427844271161e+00,-1.343338700167624040e+02,2.876897963800842817e+01,-1.485751671318944034e+01
1.322000000000000064e+01,-9.797799694705465967e+00,-1.353668619151134180e+02,2.859379967302638903e+01,-1.452652145447794929e+01
1.323000000000000043e+01,-9.786539242289373774e+00,-1.364098823928339357e+02,2.842021535771739238e+01,-1.419242625174699413e+01
1.324000000000000021e+01,-9.774850517092305680e+00,-1.374648654291470393e+02,2.824840405593418780e+01,-1.385440692071319013e+01
1.325000000000000000e+01,-9.762958580203214609e+00,-1.385333786745433429e+02,2.807873827008163659e+01,-1.351173275303672128e+01
1.325999999999999979e+01,-9.751121361127140119e+00,-1.396165923019966897e+02,2.791173872705197212e+01,-1.316380081833232651e+01
1.326999999999999957e+01,-9.739611675819915604e+00,-1.407152886857106751e+02,2.774802541706574388e+01,-1.281015207899202224e+01
1.327999999999999936e+01,-9.728702713577845884e+00,-1.418299035113057300e+02,2.758827259703226176e+01,-1.245047135562036367e+01
1.328999999999999915e+01,-9.718658022889947290e+00,-1.429605863350450079e+02,2.743317233308746239e+01,-1.208457493475587086e+01
1.330000000000000071e+01,-9.709726296456524963e+00,-1.441072677822370736e+02,2.728340928078853622e+01,-1.171239067987452565e+01
1.331000000000000050e+01,-9.702140563118430094e+00,-1.452697214267579682e+02,2.713964736733550964e+01,-1.133393581378282278e+01
1.332000000000000028e+01,-9.696120816873959214e+00,-1.464476106656643708e+02,2.700252712430659230e+01,-1.094929711223031887e+01
1.333000000000000007e+01,-9.691878707312294949e+00,-1.476405142117210971e+02,2.687267085871851435e+01,-1.055861720110231339e+01
1.333999999999999986e+01,-9.689622715515952223e+00,-1.488479277158123750e+02,2.675069181868110135e+01,-1.016208916509182636e+01
1.334999999999999964e+01,-9.689562254907462702e+00,-1.500692430170448688e+02,2.663720310453527418e+01,-9.759959975618079042e+00
1.335999999999999943e+01,-9.691909354483795980e+00,-1.513037101349948728e+02,2.653282231239753486e+01,-9.352541562537123099e+00
1.336999999999999922e+01,-9.696876968025625487e+00,-1.525503899624933126e+02,2.643816871151410908e+01,-8.940226904762461402e+00
1.338000000000000078e+01,-9.704673455791690273e+00,-1.538081073891116262e+02,2.635385102003090907e+01,-8.523507476212692779e+00
1.339000000000000057e+01,-9.715493343014193428e+00,-1.550754151206618303e+02,2.628044537818956883e+01,-8.102987873479039038e+00
1.340000000000000036e+01,-9.729505007894390545e+00,-1.563505777414000022e+02,2.621846472271989370e+01,-7.679393518196898860e+00
1.341000000000000014e+01,-9.746836432111322779e+00,-1.576315837122103574e+02,2.616832224352744163e+01,-7.253567947363971591e+00
1.341999999999999993e+01,-9.767560512361949776e+00,-1.589161902331292424e+02,2.613029278262323629e+01,-6.826457294185469316e+00
1.342999999999999972e+01,-9.791681650400793302e+00,-1.602020025066346989e+02,2.610447678802402294e+01,-6.399080991036834476e+00
1.343999999999999950e+01,-9.819125394256559503e+00,-1.614865852235617183e+02,2.609077168526262369e+01,-5.972489340576716543e+00
1.344999999999999929e+01,-9.849732789289856072e+00,-1.627676003535776772e+02,2.608885524894495944e+01,-5.547710239710896829e+00
1.346000000000000085e+01,-9.883260817222344841e+00,-1.640429618398651712e+02,2.609818476220778649e+01,-5.125688848176118917e+00
1.347000000000000064e+01,-9.919389863145047670e+00,-1.653109948518719250e+02,2.611801449464118718e+01,-4.707225224539895336e+00
1.348000000000000043e+01,-9.957738571085553048e+00,-1.665705851316712653e+02,2.614743239335719593e+01,-4.292915776389170546e+00
1.349000000000000021e+01,-9.997885756023965342e+00,-1.678213029869372406e+02,2.618541498537494405e+01,-3.883104673775398918e+00
1.350000000000000000e+01,-1.003939828036932980e+01,-1.690634869406658538e+02,2.623089748831828771e+01,-3.477851065720043433e+00
1.350999999999999979e+01,-1.008186304488816631e+01,-1.702982741858828888e+02,2.628285421579643000e+01,-3.076916970034018206e+00
1.351999999999999957e+01,-1.012492057962121450e+01,-1.715275689024274755e+02,2.634038276983495663e+01,-2.679779091619921783e+00
1.352999999999999936e+01,-1.016829725487252745e+01,-1.727539450139026087e+02,2.640278446927646883e+01,-2.285665663605222164e+00
1.353999999999999915e+01,-1.021183296655369688e+01,-1.739804866223934994e+02,2.646963317411426431e+01,-1.893616894813403118e+00
1.355000000000000071e+01,-1.025550135488155590e+01,-1.752105763722722997e+02,2.654082525936231107e+01,-1.502565028361341204e+00
1.356000000000000050e+01,-1.029942020726694807e+01,-1.764476483685168091e+02,2.661660497910300194e+01,-1.111427703557907876e+00
1.357000000000000028e+01,-1.034385062284948020e+01,-1.776949269958520006e+02,2.669756171321284199e+01,-7.192065967112826197e-01
1.358000000000000007e+01,-1.038918465878801989e+01,-1.789551752515785381e+02,2.678459834631315672e+01,-3.250824569867808989e-01
1.358999999999999986e+01,-1.043592237382124743e+01,1.797695243714243816e+02,2.687887294115003911e+01,7.150221196700838611e-02
1.359999999999999964e+01,-1.048464026061691357e+01,1.784779367126668888e+02,2.698171856216597320e+01,4.707804613326131427e-01
1.360999999999999943e+01,-1.053595387230187974e+01,1.771697741734530780e+02,2.709454825036155157e+01,8.726239053059291484e-01
1.361999999999999922e+01,-1.059047791544352357e+01,1.758457227076447964e+02,2.721875352052603958e+01,1.276534658233111186e+00
1.363000000000000078e+01,-1.064878718480909114e+01,1.745073928794337235e+02,2.735560524840941810e+01,1.681666716150098217e+00
1.364000000000000057e+01,-1.071138149649029359e+01,1.731572016933475027e+02,2.750616546277024810e+01,2.086874643608806146e+00
1.365000000000000036e+01,-1.077865731341358213e+01,1.717981962098611177e+02,2.767121746924206604e+01,2.490785069939272844e+00
1.366000000000000014e+01,-1.085088813770670235e+01,1.704338339378837475e+02,2.785122006858761878e+01,2.891884601779266983e+00
1.366999999999999993e+01,-1.092821504132389521e+01,1.690677376473551305e+02,2.804628955629837250e+01,3.288616414535923127e+00
1.367999999999999972e+01,-1.101064796825820657e+01,1.677034437007323220e+02,2.825621085352606698e+01,3.679477044530916174e+00
1.368999999999999950e+01,-1.109807769269314015e+01,1.663441633919433116e+02,2.848047665556008567e+01,4.063104798135221962e+00
1.369999999999999929e+01,-1.119029756768730799e+01,1.649925761476892205e+02,2.871835102920626426e+01,4.438351752849746923e+00
1.371000000000000085e+01,-1.128703346029993604e+01,1.636506717141009801e+02,2.896895160297895799e+01,4.804332568213223631e+00
1.372000000000000064e+01,-1.138797957026024577e+01,1.623196554706669303e+02,2.923134256813563780e+01,5.160445239947136997e+00
1.373000000000000043e+01,-1.149283722527463247e+01,1.609999266544593866e+02,2.950462936713051931e+01,5.506361442280157448e+00
1.374000000000000021e+01,-1.160135331641560974e+01,1.596911335633020030e+02,2.978804540952707924e+01,5.841987041110877854e+00
1.375000000000000000e+01,-1.171335487222192739e+01,1.583923030241472532e+02,3.008102159224933558e+01,6.167396453334650808e+00
1.375999999999999979e+01,-1.182877644759065561e+01,1.571020341672030156e+02,3.038323087365404618e+01,6.482747424650815660e+00
1.376999999999999957e+01,-1.194767756009140491e+01,1.558187397119355353e+02,3.069460257613870979e+01,6.788185121558318436e+00
1.377999999999999936e+01,-1.207024831664350195e+01,1.545409125397390255e+02,3.101530423282660820e+01,7.083745848348860896e+00
1.378999999999999915e+01,-1.219680254370139139e+01,1.532673921848484895e+02,3.134569228883338710e+01,7.369270983980422685e+00
1.380000000000000071e+01,-1.232775901553490883e+01,1.519976055730996620e+02,3.168623639213332410e+01,7.644340821791627327e+00
1.381000000000000050e+01,-1.246361259546725364e+01,1.507317589519380476e+02,3.203742495046289207e+01,7.908235989068143290e+00
1.382000000000000028e+01,-1.260489810656161502e+01,1.494709630676265135e+02,3.239966175506641832e+01,8.159931264289481234e+00
1.383000000000000007e+01,-1.275215042169861235e+01,1.482172804737950287e+02,3.277316456446246207e+01,8.398123224235236606e+00
1.383999999999999986e+01,-1.290586456338796317e+01,1.469736914657029558e+02,3.315787651351170950e+01,8.621289595914305437e+00
1.384999999999999964e+01,-1.306645954697195577e+01,1.457439826684541799e+02,3.355340008474784241e+01,8.827774798387192590e+00
1.385999999999999943e+01,-1.323424934342095227e+01,1.445325691415524716e+02,3.395896124934825622e+01,9.015893238867938919e+00
1.386999999999999922e+01,-1.340942374854851238e+01,1.433442666578181957e+02,3.437340841085029552e+01,9.184039740442552002e+00
1.388000000000000078e+01,-1.359204118107870940e+01,1.421840354559973321e+02,3.479524717544497747e+01,9.330795259497277172e+00
1.389000000000000057e+01,-1.378203452482635072e+01,1.410567202256184487e+02,3.522270800379853739e+01,9.455016001108216273e+00
1.390000000000000036e+01,-1.397923009065417510e+01,1.399668132677300889e+02,3.565383982875431457e+01,9.555895305250082572e+00
1.391000000000000014e+01,-1.418337860744714263e+01,1.389182684222867579e+02,3.608661919294257103e+01,9.632990296751668069e+00
1.391999999999999993e+01,-1.439419588450270382e+01,1.379143920120415316e+02,3.651906186470036175e+01,9.686209146794579894e+00
1.392999999999999972e+01,-1.461140949237756459e+01,1.369578331915069498e+02,3.694932270487448278e+01,9.715759557291960391e+00
1.393999999999999950e+01,-1.483480661522061439e+01,1.360506893038706551e+02,3.737577013537763548e+01,9.722064217188709279e+00
1.394999999999999929e+01,-1.506427731319925201e+01,1.351947321227471832e+02,3.779702403295074475e+01,9.705653803779824784e+00
1.396000000000000085e+01,-1.529984698965520096e+01,1.343917487707799125e+02,3.821195007490678819e+01,9.667051881745923225e+00
1.397000000000000064e+01,-1.554169203222352635e+01,1.336439778865664607e+02,3.861960903465989503e+01,9.606668153912535146e+00
1.398000000000000043e+01,-1.579013343891187304e+01,1.329546089205310295e+02,3.901916556813785775e+01,9.524716532835954652e+00
1.399000000000000021e+01,-1.604560466531548357e+01,1.323283019545733623e+02,3.940976684233143601e+01,9.421172327876464081e+00
1.400000000000000000e+01,-1.630859173473462675e+01,1.317716783060299406e+02,3.979040615891738497e+01,9.295778687125174855e+00
1.400999999999999979e+01,-1.657954558213688045e+01,1.312937285761731800e+02,4.015978988920531378e+01,9.148106760870446053e+00
1.401999999999999957e+01,-1.685876844815081910e+01,1.309060838348439404e+02,4.051622714085083032e+01,8.977667489791008038e+00
1.402999999999999936e+01,-1.714627785141871286e+01,1.306230956271886328e+02,4.085756042092803142e+01,8.784066168273421127e+00
1.403999999999999915e+01,-1.744165343374895016e+01,1.304616697660785292e+02,4.118115214398170565e+01,8.567184709991149560e+00
1.405000000000000071e+01,-1.774387423026823996e+01,1.304407968360647772e+02,4.148393634327844381e+01,8.327371560178955079e+00
1.406000000000000050e+01,-1.805115727665333480e+01,1.305807207490442181e+02,4.176253776314678845e+01,8.065616144108656016e+00
1.407000000000000028e+01,-1.836081350467993900e+01,1.309016909606837942e+02,4.201345226307444136e+01,7.783684234086038600e+00
1.408000000000000007e+01,-1.866914375423676375e+01,1.314222639294989108e+02,4.223327404600475177e+01,7.484193111137648735e+00
1.408999999999999986e+01,-1.897140558240427666e+01,1.321571687218985289e+02,4.241894777972366626e+01,7.170611025625676760e+00
1.409999999999999964e+01,-1.926188775894780392e+01,1.331148438591307297e+02,4.256801847971189545e+01,6.847173871921105714e+00
1.410999999999999943e+01,-1.953412905096336871e+01,1.342948917174424253e+02,4.267885021329651352e+01,6.518722251155613101e+00
1.411999999999999922e+01,-1.978130468853662549e+01,1.356858632248396930e+02,4.275078698722324333e+01,6.190472731492166147e+00
1.413000000000000078e+01,-1.999677264362353313e+01,1.372639219414737681e+02,4.278423560364030465e+01,5.867746352039729274e+00
1.414000000000000057e+01,-2.017472400228889740e+01,1.389929512746871580e+02,4.278065998529691427e+01,5.555683561295245099e+00
1.415000000000000036e+01,-2.031083038473050095e+01,1.408264737201594698e+02,4.274248791879028175e+01,5.258976651213227882e+00
1.416000000000000014e+01,-2.040275053486893597e+01,1.427113330099286088e+02,4.267294238541011708e+01,4.981647994051290773e+00
1.416999999999999993e+01,-2.045037139871863019e+01,1.445925669946900030e+02,4.257581874951642220e+01,4.726895588943357929e+00
1.417999999999999972e+01,-2.045572175470030984e+01,1.464184959946309732e+02,4.245523466842390548e+01,4.497017914840231612e+00
1.418999999999999950e+01,-2.042258664453949990e+01,1.481449738305005326e+02,4.231538106733966487e+01,4.293419594289198393e+00
1.419999999999999929e+01,-2.035592914734657199e+01,1.497380406276475355e+02,4.216030008954162156e+01,4.116689593038732831e+00
1.421000000000000085e+01,-2.026126049869532153e+01,1.511747272147850936e+02,4.199371041574004693e+01,3.966735930511331887e+00
1.422000000000000064e+01,-2.014408402326246161e+01,1.524422536063692633e+02,4.181889291100382167e+01,3.842955920537237446e+00
1.423000000000000043e+01,-2.000949074700338670e+01,1.535361641646692874e+02,4.163864140753504017e+01,3.744419015962741959e+00
1.424000000000000021e+01,-1.986193072048392594e+01,1.544580091541547517e+02,4.145527560808577050e+01,3.670040185863320481e+00
1.425000000000000000e+01,-1.970514264696069162e+01,1.552130804582646135e+02,4.127070638560051208e+01,3.618724940864681106e+00
1.425999999999999979e+01,-1.954220175574961615e+01,1.558085340775507746e+02,4.108653869559304184e+01,3.589472047776157027e+00
1.426999999999999957e+01,-1.937563946534855575e+01,1.562520578316012916e+02,4.090419423535642096e+01,3.581426001616216492e+00
1.427999999999999936e+01,-1.920759240150739089e+01,1.565511061842695426e+02,4.072503503219019194e+01,3.593877796586716133e+00
1.428999999999999915e+01,-1.903994743978077864e+01,1.567126335139662103e+02,4.055047030889357274e+01,3.626218795774012627e+00
1.430000000000000071e+01,-1.887446010279907682e+01,1.567432068943944046e+02,4.038203206161419700e+01,3.677857897930174591e+00
1.431000000000000050e+01,-1.871283390706189564e+01,1.566493605068540660e+02,4.022140939454435227e+01,3.748116169093053340e+00
1.432000000000000028e+01,-1.855675709487960034e+01,1.564380578772906176e+02,4.007043720461412306e+01,3.836115234586263245e+00
1.433000000000000007e+01,-1.840790003323268209e+01,1.561171480847266650e+02,3.993104059481601809e+01,3.940675836616626793e+00
1.433999999999999986e+01,-1.826788112961905597e+01,1.556957313121328923e+02,3.980514170383643346e+01,4.060241154488071658e+00
1.434999999999999964e+01,-1.813821141393291114e+01,1.551843813435641835e+02,3.969453986994244588e+01,4.192836115192820401e+00
1.435999999999999943e+01,-1.802022827849022235e+01,1.545952024763507495e+02,3.960077880358025482e+01,4.336069524696850586e+00
1.436999999999999922e+01,-1.791502780770448666e+01,1.539417221063905004e+02,3.952501557856252390e+01,4.487181017809178663e+00
1.438000000000000078e+01,-1.782340331502885888e+01,1.532386363849535087e+02,3.946790584209049513e+01,4.643130097616398722e+00
1.439000000000000057e+01,-1.774579572793756199e+01,1.525014352862951910e+02,3.942951791480125934e+01,4.800720327007686805e+00
1.440000000000000036e+01,-1.768225973436453913e+01,1.517459370389947537e+02,3.940928568844766744e+01,4.956748311175617872e+00
1.441000000000000014e+01,-1.763244831003693136e+01,1.509877626420695833e+02,3.940600670288082341e+01,5.108164623389510162e+00
1.441999999999999993e+01,-1.759561735249898362e+01,1.502417814362738966e+02,3.941788772627460702e+01,5.252232374718035501e+00
1.442999999999999972e+01,-1.757065145736670075e+01,1.495215600271709491e+02,3.944263578157427474e+01,5.386668809855640561e+00
1.443999999999999950e+01,-1.755611109961663630e+01,1.488388497643637720e+02,3.947758809776964029e+01,5.509756244086529975e+00
1.444999999999999929e+01,-1.755030034002925632e+01,1.482031517303706494e+02,3.951987024494389544e+01,5.620410948932609507e+00
1.446000000000000085e+01,-1.755135247088682604e+01,1.476214008645847855e+02,3.956656817989046715e+01,5.718202269720994657e+00
1.447000000000000064e+01,-1.755732874249973108e+01,1.470978097065303132e+02,3.961489761059203829e+01,5.803319162942969456e+00
1.448000000000000043e+01,-1.756632273326566107e+01,1.466339044602140973e+02,3.966235349660710341e+01,5.876487072239712006e+00
1.449000000000000021e+01,-1.757656057574975605e+01,1.462287697920132814e+02,3.970682399936859497e+01,5.938843960429105451e+00
1.450000000000000000e+01,-1.758648584890917022e+01,1.458794942041236027e+02,3.974665684929932752e+01,5.991789544910423260e+00
1.450999999999999979e+01,-1.759481819285019100e+01,1.455817780141021274e+02,3.978067159352925586e+01,6.036825487899111664e+00
1.451999999999999957e+01,-1.760057701351946235e+01,1.453306365652555883e+02,3.980811784619417182e+01,6.075405786326767199e+00
1.452999999999999936e+01,-1.760306592990946228e+01,1.451211091825488779e+02,3.982858654291108991e+01,6.108815544082197846e+00
1.453999999999999915e+01,-1.760181922111416242e+01,1.449488755481609132e+02,3.984188729217379432e+01,6.138092772954204079e+00
1.455000000000000071e+01,-1.759651740049557489e+01,1.448106886097750134e+02,3.984790934065184587e+01,6.164002343464026978e+00
1.456000000000000050e+01,-1.758688405179804448e+01,1.447045559548631957e+02,3.984648583329967408e+01,6.187064465934970947e+00
1.457000000000000028e+01,-1.757257934138221955e+01,1.446296355877819337e+02,3.983728071208496857e+01,6.207633024849561032e+00
1.458000000000000007e+01,-1.755310675073747007e+01,1.445858514898614260e+02,3.981971485236196173e+01,6.226012589740547831e+00
1.458999999999999986e+01,-1.752774854321336306e+01,1.445732738065807723e+02,3.979294323898172081e+01,6.242597731619764723e+00
1.459999999999999964e+01,-1.749554249906818271e+01,1.445913438854950357e+02,3.975588867245666336e+01,6.258014964317012208e+00
1.460999999999999943e+01,-1.745530776147183261e+01,1.446380526155685402e+02,3.970733033253550559e+01,6.273246607033192923e+00
1.461999999999999922e+01,-1.740572144396332632e+01,1.447091984501522290e+02,3.964603827662272550e+01,6.289717343184235254e+00
1.463000000000000078e+01,-1.734544028420437201e+01,1.447978549827325878e+02,3.957093845898018714e+01,6.309328223080918896e+00
1.464000000000000057e+01,-1.727325380159196300e+01,1.448941621707535035e+02,3.948128799925115828e+01,6.334429029999915528e+00
1.465000000000000036e+01,-1.718824842479729753e+01,1.449855169202431284e+02,3.937683800179200233e+01,6.367727665675738002e+00
1.466000000000000014e+01,-1.708995768097776846e+01,1.450571791934112582e+02,3.925796178268971914e+01,6.412143539931870251e+00
1.466999999999999993e+01,-1.697847351714120734e+01,1.450932379480788654e+02,3.912573003174905750e+01,6.470619665583685176e+00
1.467999999999999972e+01,-1.685449902740889527e+01,1.450778129663359550e+02,3.898192081978341861e+01,6.545914037713194134e+00
1.468999999999999950e+01,-1.671933261109105473e+01,1.449963223578834288e+02,3.882896053141989512e+01,6.640393938197807877e+00
1.469999999999999929e+01,-1.657478560148801350e+01,1.448366348130595043e+02,3.866980047478821803e+01,6.755856565451366258e+00
1.471000000000000085e+01,-1.642304654302052214e+01,1.445899531588422633e+02,3.850774172709199661e+01,6.893395975791563046e+00
1.472000000000000064e+01,-1.626651278400476031e+01,1.442513318043632182e+02,3.834622658407299411e+01,7.053330439239234195e+00
1.473000000000000043e+01,-1.610761253123463277e+01,1.438197977757603496e+02,3.818861812057105709e+01,7.235197033936365152e+00
1.474000000000000021e+01,-1.594863833610847870e+01,1.432981053881713081e+02,3.803798971735169943e+01,7.437812795021626400e+00
1.475000000000000000e+01,-1.579160775530261240e+01,1.426921963214127800e+02,3.789694431990609758e+01,7.659394986473777145e+00
1.475999999999999979e+01,-1.563816064417071416e+01,1.420104565345898777e+02,3.776747930953623467e+01,7.897727729683476028e+00
1.476999999999999957e+01,-1.548949681472325146e+01,1.412628626273938153e+02,3.765090789658276549e+01,8.150358582010518660e+00
1.477999999999999936e+01,-1.534635348730455995e+01,1.404600999492857341e+02,3.754784249927918438e+01,8.414806707803343500e+00
1.478999999999999915e+01,-1.520901921698009573e+01,1.396127200182901902e+02,3.745824008010212935e+01,8.688763874085157823e+00
1.480000000000000071e+01,-1.507737942783211160e+01,1.387303905715786527e+02,3.738150414804756849e+01,8.970270472406497220e+00
1.481000000000000050e+01,-1.495098780347476364e+01,1.378212799692096837e+02,3.731663330357651631e+01,9.257851017753095491e+00
1.482000000000000028e+01,-1.482915708511084674e+01,1.368916084261322226e+02,3.726240203794524319e+01,9.550597058842825504e+00
1.483000000000000007e+01,-1.471106205708458603e+01,1.359453898673831702e+02,3.721755632961053806e+01,9.848190081307391708e+00
1.483999999999999986e+01,-1.459584666013014598e+01,1.349843778952272828e+02,3.718100482009196384e+01,1.015086259380130151e+01
1.484999999999999964e+01,-1.448272650994767119e+01,1.340082158770818808e+02,3.715198640584424083e+01,1.045930173833489896e+01
1.485999999999999943e+01,-1.437107799639445815e+01,1.330147744034938739e+02,3.713019720788594213e+01,1.077450581259711448e+01
1.486999999999999922e+01,-1.426050596261478631e+01,1.320006409927714230e+02,3.711586404503837855e+01,1.109760924073078669e+01
1.488000000000000078e+01,-1.415088389849947603e+01,1.309617100700932610e+02,3.710975734328631148e+01,1.142969500545289208e+01
1.489000000000000057e+01,-1.404236351684571460e+01,1.298938096066593459e+02,3.711314313269961218e+01,1.177161479599102911e+01
1.490000000000000036e+01,-1.393535409324583796e+01,1.287932973357986839e+02,3.712768048890270478e+01,1.212383593510578450e+01
1.491000000000000014e+01,-1.383047542262833574e+01,1.276575653206073753e+02,3.715527655106348703e+01,1.248633074509968388e+01
1.491999999999999993e+01,-1.372849104849425572e+01,1.264854057146529982e+02,3.719791538370135697e+01,1.285851897104248742e+01
1.492999999999999972e+01,-1.363023011065256895e+01,1.252772098377179759e+02,3.725747907131598424e+01,1.323926796884241064e+01
1.493999999999999950e+01,-1.353650658656317951e+01,1.240349933426469704e+02,3.733557952359048926e+01,1.362694936203986984e+01
1.494999999999999929e+01,-1.344804401821262729e+01,1.227622587948165602e+02,3.743341777922611158e+01,1.401954540303973751e+01
1.496000000000000085e+01,-1.336541236382802467e+01,1.214637211721718018e+02,3.755168452182298466e+01,1.441479375135757657e+01
1.497000000000000064e+01,-1.328898178794950624e+01,1.201449308901241437e+02,3.769051146262940222e+01,1.481035601054849593e+01
1.498000000000000043e+01,-1.321889633126829011e+01,1.188118334799584659e+02,3.784947853282029939e+01,1.520399323125337965e+01
1.499000000000000021e+01,-1.315506867385816570e+01,1.174703061790651617e+02,3.802767671665571925e+01,1.559373074636550704e+01
1.500000000000000000e+01,-1.309719567315341493e+01,1.161257106302610396e+02,3.822382108284782021e+01,1.597799524502229040e+01
1.500999999999999979e+01,-1.304479297726363285e+01,1.147824984032146602e+02,3.843640343706987039e+01,1.635570903474396687e+01
1.501999999999999957e+01,-1.299724571369825910e+01,1.134439022805467658e+02,3.866386945475033343e+01,1.672633006516087661e+01
1.502999999999999936e+01,-1.295387100197158503e+01,1.121117407869287916e+02,3.890480171883933025e+01,1.708983141959532048e+01
1.503999999999999915e+01,-1.291398689112176079e+01,1.107863556444192312e+02,3.915808838470255893e+01,1.744662029211031395e+01
1.505000000000000071e+01,-1.287698143303109433e+01,1.094666912895473274e+02,3.942305771846632467e+01,1.779740332726596463e+01
1.506000000000000050e+01,-1.284237518903097630e+01,1.081505125161187664e+02,3.969956172170558517e+01,1.814301173472934181e+01
1.507000000000000028e+01,-1.280987074656042068e+01,1.068347418507641891e+02,3.998799727750699873e+01,1.848420484352207183e+01
1.508000000000000007e+01,-1.277938391885315994e+01,1.055158844141685535e+02,4.028926012308101434e+01,1.882147390490389682e+01
1.508999999999999986e+01,-1.275105317267120242e+01,1.041904971835217992e+02,4.060463455135278110e+01,1.915486849397448310e+01
1.509999999999999964e+01,-1.272522624596678753e+01,1.028556539091135278e+02,4.093562903651280038e+01,1.948386574519320291e+01
1.510999999999999943e+01,-1.270242550056984676e+01,1.015093576607472414e+02,4.128377404989406330e+01,1.980729825694526625e+01
1.511999999999999922e+01,-1.268329587814534598e+01,1.001508599364591987e+02,4.165040255157195048e+01,2.012335047482201134e+01
1.513000000000000078e+01,-1.266854103507340312e+01,9.878085698993416486e+01,4.203643572269186279e+01,2.042962647047541935e+01
1.514000000000000057e+01,-1.265885412983476144e+01,9.740154822651925315e+01,4.244219644453266227e+01,2.072328495991227371e+01
1.515000000000000036e+01,-1.265484982317716955e+01,9.601655576767714706e+01,4.286727099218662573e+01,2.100123068254859504e+01
1.516000000000000014e+01,-1.265700348143511533e+01,9.463071671245641880e+01,4.331043558089360346e+01,2.126034528351042141e+01
1.516999999999999993e+01,-1.266560257903894104e+01,9.324976925562397412e+01,4.376965893004725672e+01,2.149773595909153556e+01
1.517999999999999972e+01,-1.268071410013457267e+01,9.187996058135816213e+01,4.424218503731967189e+01,2.171097676326206027e+01
1.518999999999999950e+01,-1.270217048994720876e+01,9.052760887381325006e+01,4.472469214665188986e+01,2.189831618257211332e+01
1.519999999999999929e+01,-1.272957545320405259e+01,8.919865457873058290e+01,4.521351499209342251e+01,2.205882598592795318e+01
1.521000000000000085e+01,-1.276232960440206021e+01,8.789823766961255558e+01,4.570490873692506995e+01,2.219247094437624668e+01
1.522000000000000064e+01,-1.279967457011411724e+01,8.663033803838942504e+01,4.619532589869859152e+01,2.230008690987865450e+01
1.523000000000000043e+01,-1.284075258009229970e+01,8.539751456381175387e+01,4.668167340346272454e+01,2.238326542698287724e+01
1.524000000000000021e+01,-1.288467690309051328e+01,8.420077382002557442e+01,4.716151698341553100e+01,2.244415528191537490e+01
1.525000000000000000e+01,-1.293060685457076886e+01,8.303959070007609000e+01,4.763320503878208712e+01,2.248520332585641057e+01
1.525999999999999979e+01,-1.297781982064472217e+01,8.191208996272413856e+01,4.809589352914627369e+01,2.250886647178710476e+01
1.526999999999999957e+01,-1.302577216404096561e+01,8.081538050620483205e+01,4.854946618590028606e+01,2.251733216559470918e+01
1.527999999999999936e+01,-1.307414131702958215e+01,7.974601503772346689e+01,4.899435838571316992e+01,2.251228482107798001e+01
1.528999999999999915e+01,-1.312284296525894689e+01,7.870052987334106831e+01,4.943130619998138542e+01,2.249475061823157418e+01
1.530000000000000071e+01,-1.317201986594893626e+01,7.767600636023942684e+01,4.986105251493992796e+01,2.246504355233204464e+01
1.531000000000000050e+01,-1.322200213739074570e+01,7.667058965633486878e+01,5.028404841169930251e+01,2.242282315885318056e+01
1.532000000000000028e+01,-1.327324224747379233e+01,7.568390350658906129e+01,5.070018965151439261e+01,2.236726060001277006e+01
1.533000000000000007e+01,-1.332623085628818771e+01,7.471731041246157190e+01,5.110862518010461741e+01,2.229729632894501634e+01
1.533999999999999986e+01,-1.338140173401809818e+01,7.377398278323329350e+01,5.150766745804473601e+01,2.221196062678526317e+01
1.534999999999999964e+01,-1.343903504139631444e+01,7.285876920952875935e+01,5.189482372091872264e+01,2.211071900381370625e+01
1.535999999999999943e+01,-1.349916843366117547e+01,7.197785827428442929e+01,5.226695368604854508e+01,2.199379876504885090e+01
1.536999999999999922e+01,-1.356152497751230257e+01,7.113825890057562162e+01,5.262054374006534374e+01,2.186245196341880614e+01
1.538000000000000078e+01,-1.362546598891087690e+01,7.034713111352874648e+01,5.295207173637817277e+01,2.171911438292872276e+01
1.539000000000000057e+01,-1.368997569506007750e+01,6.961101517837197150e+01,5.325842226517929845e+01,2.156743053566335888e+01
1.540000000000000036e+01,-1.375368296903244847e+01,6.893502126744419911e+01,5.353730210709800730e+01,2.141213043878752131e+01
1.541000000000000014e+01,-1.381492297117279833e+01,6.832205586965089594e+01,5.378760192200444834e+01,2.125876343961165560e+01
1.541999999999999993e+01,-1.387183801232583491e+01,6.777217280566604529e+01,5.400965459442088701e+01,2.111331464485742160e+01
1.542999999999999972e+01,-1.392251218920844202e+01,6.728214139544760997e+01,5.420535306779721196e+01,2.098174695730941153e+01
1.543999999999999950e+01,-1.396512866482249215e+01,6.684531612023540958e+01,5.437810913928996115e+01,2.086952292493342398e+01
1.544999999999999929e+01,-1.399813285613524805e+01,6.645186598935796951e+01,5.453265622506494736e+01,2.078116337866215346e+01
1.546000000000000085e+01,-1.402038078919488662e+01,6.608937671146402693e+01,5.467471956051340953e+01,2.071989387535763782e+01
1.547000000000000064e+01,-1.403125115387673993e+01,6.574378022097968710e+01,5.481059313847222114e+01,2.068741690132736721e+01
1.548000000000000043e+01,-1.403070321629266637e+01,6.540050650100290852e+01,5.494667174238647078e+01,2.068383059411340952e+01
1.549000000000000021e+01,-1.401927055765295016e+01,6.504570791339364177e+01,5.508898827162074952e+01,2.070769673967009084e+01
1.550000000000000000e+01,-1.399799098329182812e+01,6.466738989235071244e+01,5.524280226002672123e+01,2.075624476649828409e+01
1.550999999999999979e+01,-1.396828329524567280e+01,6.425629908071098839e+01,5.541227697357003024e+01,2.082568602639457822e+01
1.551999999999999957e+01,-1.393178937681843266e+01,6.380646533028664891e+01,5.560027172539225404e+01,2.091160427237062791e+01
1.552999999999999936e+01,-1.389020362416482079e+01,6.331535389640287548e+01,5.580826455151683518e+01,2.100938353375764933e+01
1.553999999999999915e+01,-1.384511105224244076e+01,6.278364292059902141e+01,5.603640891998869478e+01,2.111463287441334558e+01
1.555000000000000071e+01,-1.379785148884800527e+01,6.221468696685720090e+01,5.628371691509165231e+01,2.122356832952348427e+01
1.556000000000000050e+01,-1.374942177457326231e+01,6.161375486187307615e+01,5.654835039016760589e+01,2.133331562291284555e+01
1.557000000000000028e+01,-1.370042226181176837e+01,6.098714069033228213e+01,5.682799122015744331e+01,2.144210342193740360e+01
1.558000000000000007e+01,-1.365104901584995289e+01,6.034124543294947074e+01,5.712025284718534124e+01,2.154932628448531418e+01
1.558999999999999986e+01,-1.360112918677173433e+01,5.968171873158666330e+01,5.742308916378076589e+01,2.165546906341052136e+01
1.559999999999999964e+01,-1.355019383551501910e+01,5.901273908978079419e+01,5.773515497607319702e+01,2.176189952045105613e+01
1.560999999999999943e+01,-1.349757974382036707e+01,5.833649731197569821e+01,5.805607602843019777e+01,2.187055150751093890e+01
1.561999999999999922e+01,-1.344254926922658733e+01,5.765293095990292471e+01,5.838659612053548642e+01,2.198353489380513182e+01
1.563000000000000078e+01,-1.338441529880056180e+01,5.695973531739154794e+01,5.872858323219337251e+01,2.210271800183645041e+01
1.564000000000000057e+01,-1.332265728685898942e+01,5.625264826512179894e+01,5.908489367164017381e+01,2.222933188226478052e+01
1.565000000000000036e+01,-1.325701482111713858e+01,5.552597455925373993e+01,5.945911033815723812e+01,2.236364273634058009e+01
1.566000000000000014e+01,-1.318754755205475604e+01,5.477328403156231218e+01,5.985518561884576627e+01,2.250472995808519272e+01
1.566999999999999993e+01,-1.311465458597088229e+01,5.398819454981622101e+01,6.027702939038294971e+01,2.265039441399053644e+01
1.567999999999999972e+01,-1.303905195803220884e+01,5.316513996605456072e+01,6.072808735961627491e+01,2.279720690399719274e+01
1.568999999999999950e+01,-1.296171250983243084e+01,5.230002860096715267e+01,6.121095486720686552e+01,2.294069220360675132e+01
1.569999999999999929e+01,-1.288377724685877190e+01,5.139071775859573421e+01,6.172706720743119035e+01,2.307563095826414212e+01
1.571000000000000085e+01,-1.280645019108637683e+01,5.043725930980657779e+01,6.227650045502181797e+01,2.319645055716195969e+01
1.572000000000000064e+01,-1.273088956711223219e+01,4.944190368765562482e+01,6.285790736629823527e+01,2.329766708871756364e+01
1.573000000000000043e+01,-1.265810712385990122e+01,4.840887844382265826e+01,6.346860132674883914e+01,2.337433372020231204e+01
1.574000000000000021e+01,-1.258888512303833629e+01,4.734397891221017574e+01,6.410478753654419393e+01,2.342244689565392335e+01
1.575000000000000000e+01,-1.252371773016727374e+01,4.625402149824771669e+01,6.476192490931966006e+01,2.343926168504831153e+01
1.575999999999999979e+01,-1.246278077870083933e+01,4.514621593841285829e+01,6.543518551598039323e+01,2.342347280620892391e+01
1.576999999999999957e+01,-1.240593142256026837e+01,4.402751390147146537e+01,6.611996286395711309e+01,2.337522934281633269e+01
1.577999999999999936e+01,-1.235273706222312740e+01,4.290398970088212849e+01,6.681236873841204726e+01,2.329596902978472173e+01
1.578999999999999915e+01,-1.230253097624439462e+01,4.178030579318870963e+01,6.750965379066489902e+01,2.318808061175124635e+01
1.580000000000000071e+01,-1.225449014414635052e+01,4.065931096260830202e+01,6.821049175444555601e+01,2.305442698903598497e+01
1.581000000000000050e+01,-1.220772875117340917e+01,3.954181140210983614e+01,6.891508153965654060e+01,2.289778338671147750e+01
1.582000000000000028e+01,-1.216139896297852907e+01,3.842654274363444955e+01,6.962504371363091593e+01,2.272025944215394588e+01
1.583000000000000007e+01,-1.211478909835174989e+01,3.731035357357603033e+01,7.034311436182041177e+01,2.252277906226064275e+01
1.583999999999999986e+01,-1.206740877885781771e+01,3.618858876646739731e+01,7.107266550127164351e+01,2.230468646528455423e+01
1.584999999999999964e+01,-1.201905141347571870e+01,3.505563674619090619e+01,7.181710303869296297e+01,2.206353249519970205e+01
1.585999999999999943e+01,-1.196982665538300417e+01,3.390558283882280932e+01,7.257920814568235812e+01,2.179507502735543767e+01
1.586999999999999922e+01,-1.192015903565027912e+01,3.273289596541766855e+01,7.336049510735401213e+01,2.149350432284983015e+01
1.588000000000000078e+01,-1.187075324139774501e+01,3.153307162750348880e+01,7.416065880792626785e+01,2.115188107831754749e+01
1.589000000000000057e+01,-1.182253064674454990e+01,3.030316154521901950e+01,7.497717914124696392e+01,2.076275305807771332e+01
1.590000000000000036e+01,-1.177654494029481747e+01,2.904213755302689393e+01,7.580513844658322853e+01,2.031889612685849045e+01
1.591000000000000014e+01,-1.173388651682477857e+01,2.775106032005543355e+01,7.663729139325522510e+01,1.981410772173799728e+01
1.591999999999999993e+01,-1.169558560934055258e+01,2.643304724113869497e+01,7.746440384680916225e+01,1.924396669743227051e+01
1.592999999999999972e+01,-1.166252319478707733e+01,2.509305433128745833e+01,7.827584785455398730e+01,1.860646585285067900e+01
1.593999999999999950e+01,-1.163535698907785942e+01,2.373750185713726779e+01,7.906040543465549320e+01,1.790242621632331321e+01
1.594999999999999929e+01,-1.161446785024396355e+01,2.237378247164625122e+01,7.980719851220314354e+01,1.713561907431208908e+01
1.596000000000000085e+01,-1.159992999275384307e+01,2.100969500003392554e+01,8.050663299999976630e+01,1.631255436487222710e+01
1.597000000000000064e+01,-1.159150673472956150e+01,1.965284859959619013e+01,8.115122981172831373e+01,1.544193999044984444e+01
1.598000000000000043e+01,-1.158867201073966413e+01,1.831008238414684897e+01,8.173622123217178626e+01,1.453386865962796470e+01
1.599000000000000021e+01,-1.159065642121205286e+01,1.698694549836923073e+01,8.225981989311924281e+01,1.359883633349929433e+01
1.600000000000000000e+01,-1.159651497271472032e+01,1.568728165195116020e+01,8.272311580544426590e+01,1.264672803691825287e+01
