f_GHz,S11_dB,S11_deg,ReZin_ohm,ImZin_ohm
1.000000000000000000e+00,-5.263830361456188767e-01,-1.301345948771695191e+02,1.841544251491426198e+00,-2.321799130240450282e+01
1.010000000000000009e+00,-5.368119377310283102e-01,-1.316377960595368393e+02,1.855638379423248274e+00,-2.242533185614130176e+01
1.020000000000000018e+00,-5.481097777231054291e-01,-1.331454575016251454e+02,1.872810841269944460e+00,-2.163959757175390664e+01
1.030000000000000027e+00,-5.602167363421657331e-01,-1.346569881839375569e+02,1.892793934275480705e+00,-2.086075315890991888e+01
1.040000000000000036e+00,-5.730484846901114926e-01,-1.361719596248905759e+02,1.915252164685951275e+00,-2.008867807582407039e+01
1.050000000000000044e+00,-5.865039378938854409e-01,-1.376901468002826050e+02,1.939810608347656284e+00,-1.932315039402418932e+01
1.060000000000000053e+00,-6.004745118547065719e-01,-1.392115535152524899e+02,1.966086372031839558e+00,-1.856383891970451927e+01
1.070000000000000062e+00,-6.148541795866578896e-01,-1.407364198951995604e+02,1.993720844868214215e+00,-1.781030409710391638e+01
1.080000000000000071e+00,-6.295495399718553653e-01,-1.422652110323764418e+02,2.022410354511711361e+00,-1.706200759102627984e+01
1.090000000000000080e+00,-6.444890897993036383e-01,-1.437985873342206844e+02,2.051932935570825567e+00,-1.631832980374703368e+01
1.100000000000000089e+00,-6.596309357335218282e-01,-1.453373586457667841e+02,2.082169186632425451e+00,-1.557859397214481412e+01
1.110000000000000098e+00,-6.749682968101116121e-01,-1.468824256222491442e+02,2.113115630530298716e+00,-1.484209496648894522e+01
1.120000000000000107e+00,-6.905323232951676715e-01,-1.484347129681709987e+02,2.144889575092483014e+00,-1.410813052578632565e+01
1.129999999999999893e+00,-7.063919799703078928e-01,-1.499950999122895325e+02,2.177725153540601699e+00,-1.337603246073161678e+01
1.139999999999999902e+00,-7.226509906474247735e-01,-1.515643535674951181e+02,2.211960943931661205e+00,-1.264519536219374807e+01
1.149999999999999911e+00,-7.394420918201976001e-01,-1.531430705948564821e+02,2.248020255935228917e+00,-1.191510057573380088e+01
1.159999999999999920e+00,-7.569190722286299744e-01,-1.547316318736374683e+02,2.286385762908746511e+00,-1.118533362036338197e+01
1.169999999999999929e+00,-7.752472600239732614e-01,-1.563301737485747367e+02,2.327570591708075565e+00,-1.045559379935953181e+01
1.179999999999999938e+00,-7.945932439942289260e-01,-1.579385779975818309e+02,2.372088225819974472e+00,-9.725695413525816235e+00
1.189999999999999947e+00,-8.151146708181942202e-01,-1.595564810755155634e+02,2.420423616541376166e+00,-8.995560677877621814e+00
1.199999999999999956e+00,-8.369509446664298302e-01,-1.611833015847710442e+02,2.473007741652103242e+00,-8.265205100014275885e+00
1.209999999999999964e+00,-8.602155730534468692e-01,-1.628182834313995500e+02,2.530197528108369731e+00,-7.534716652139104909e+00
1.219999999999999973e+00,-8.849907627126460952e-01,-1.644605508544067618e+02,2.592262601512332676e+00,-6.804230523243166573e+00
1.229999999999999982e+00,-9.113246833782924217e-01,-1.661091705486018952e+02,2.659379780303392060e+00,-6.073901552345905230e+00
1.239999999999999991e+00,-9.392315992116005985e-01,-1.677632154963605444e+02,2.731635634629704157e+00,-5.343876608264791273e+00
1.250000000000000000e+00,-9.686948314570874574e-01,-1.694218249188781158e+02,2.809036812616729772e+00,-4.614269193671239222e+00
1.260000000000000009e+00,-9.996722765966158386e-01,-1.710842549733051499e+02,2.891527231094948913e+00,-3.885138412207962411e+00
1.270000000000000018e+00,-1.032103977340558254e+00,-1.727499154614565384e+02,2.979010664123732610e+00,-3.156474150260038858e+00
1.280000000000000027e+00,-1.065921045608945406e+00,-1.744183888605932964e+02,3.071376773369147273e+00,-2.428189895832563838e+00
1.290000000000000036e+00,-1.101055083927632960e+00,-1.760894293921292046e+02,3.168528245279219391e+00,-1.700124058641681479e+00
1.300000000000000044e+00,-1.137447160313986849e+00,-1.777629415320974431e+02,3.270406468270948164e+00,-9.720499912953942667e-01
1.310000000000000053e+00,-1.175055374966378796e+00,-1.794389392241445194e+02,3.377013132877046075e+00,-2.436941782325622308e-01
1.320000000000000062e+00,-1.213860123080812592e+00,1.788825110640147216e+02,3.488425293314063591e+00,4.852386924521958633e-01
1.330000000000000071e+00,-1.253866307881224218e+00,1.772013585625086591e+02,3.604801798086303855e+00,1.215035768283367013e+00
1.340000000000000080e+00,-1.295101983937878787e+00,1.755176413949154721e+02,3.726379566907691565e+00,1.945943779756227343e+00
1.350000000000000089e+00,-1.337613197106121810e+00,1.738315574741239686e+02,3.853458926826968334e+00,2.678137532098811224e+00
1.360000000000000098e+00,-1.381455111260717850e+00,1.721435254192384150e+02,3.986378070216590519e+00,3.411692410693983213e+00
1.370000000000000107e+00,-1.426679847056417927e+00,1.704542280212801018e+02,4.125477600416250112e+00,4.146564173072889048e+00
1.379999999999999893e+00,-1.473321777802948596e+00,1.687646315965994290e+02,4.271057027033745790e+00,4.882579072191394864e+00
1.389999999999999902e+00,-1.521381309056262010e+00,1.670759759245315195e+02,4.423325910360095925e+00,5.619436908229626049e+00
1.399999999999999911e+00,-1.570808393837682004e+00,1.653897312808754236e+02,4.582353092922301308e+00,6.356728958721236111e+00
1.409999999999999920e+00,-1.621487192110760756e+00,1.637075212518023477e+02,4.748018064529858862e+00,7.093971906796904925e+00
1.419999999999999929e+00,-1.673223362730215102e+00,1.620310124502793769e+02,4.919968954151487495e+00,7.830657885301498311e+00
1.429999999999999938e+00,-1.725735471009557820e+00,1.603617748768661215e+02,5.097591885334317396e+00,8.566319586635872341e+00
1.439999999999999947e+00,-1.778651895968711427e+00,1.587011193886065428e+02,5.279996408866353796e+00,9.300608067111120647e+00
1.449999999999999956e+00,-1.831514415492743630e+00,1.570499214619467239e+02,5.466021351884885249e+00,1.003337943834211821e+01
1.459999999999999964e+00,-1.883789320147354562e+00,1.554084430029271005e+02,5.654264600099167204e+00,1.076478517145844727e+01
1.469999999999999973e+00,-1.934886444928264337e+00,1.537761661322747102e+02,5.843138977237095411e+00,1.149535939076852387e+01
1.479999999999999982e+00,-1.984185911323972373e+00,1.521516543218722290e+02,6.030954474801799137e+00,1.222609551539820316e+01
1.489999999999999991e+00,-2.031071659595821366e+00,1.505324565770626748e+02,6.216024684404515277e+00,1.295850417735522697e+01
1.500000000000000000e+00,-2.074970073768061862e+00,1.489150691348578448e+02,6.396792593670006077e+00,1.369464475355306909e+01
1.510000000000000009e+00,-2.115391245128550146e+00,1.472949660742356173e+02,6.571968260788321636e+00,1.443712427066914117e+01
1.520000000000000018e+00,-2.151969799179275888e+00,1.456667052434271454e+02,6.740668717698618195e+00,1.518905989271710411e+01
1.530000000000000027e+00,-2.184501852508558883e+00,1.440241092905847324e+02,6.902549219996114260e+00,1.595400448694425855e+01
1.540000000000000036e+00,-2.212974678987654542e+00,1.423605140371708728e+02,7.057915017595021823e+00,1.673583846956330135e+01
1.550000000000000044e+00,-2.237586107207003128e+00,1.406690690021506498e+02,7.207804306648600168e+00,1.753863468414933280e+01
1.560000000000000053e+00,-2.258751524070401029e+00,1.389430687707135519e+02,7.354035798109737065e+00,1.836650584844249323e+01
1.570000000000000062e+00,-2.277097518353196293e+00,1.371762901841039479e+02,7.499217976527636331e+00,1.922344561854390577e+01
1.580000000000000071e+00,-2.293442489142117680e+00,1.353633096832009528e+02,7.646721001928276529e+00,2.011317430848554011e+01
1.590000000000000080e+00,-2.308765763228272760e+00,1.334997776492602384e+02,7.800615655680060101e+00,2.103899882999854043e+01
1.600000000000000089e+00,-2.324167726951979596e+00,1.315826317127086327e+02,7.965586188103942256e+00,2.200369384246446813e+01
1.610000000000000098e+00,-2.340824057396936553e+00,1.296102377381862141e+02,8.146825068850484186e+00,2.300940798687259559e+01
1.620000000000000107e+00,-2.359937295861850526e+00,1.275824543353632237e+02,8.349917439227709792e+00,2.405759603812458991e+01
1.629999999999999893e+00,-2.382688787190678337e+00,1.255006231794325657e+02,8.580721752917321865e+00,2.514897538399131705e+01
1.639999999999999902e+00,-2.410193516429270488e+00,1.233674923618457200e+02,8.845251085117451950e+00,2.628350378470934601e+01
1.649999999999999911e+00,-2.443459741272161700e+00,1.211870830650253339e+02,9.149557385433675805e+00,2.746037502512129436e+01
1.659999999999999920e+00,-2.483354671640012779e+00,1.189645111057098319e+02,9.499619025965760244e+00,2.867802977621661853e+01
1.669999999999999929e+00,-2.530576884985556330e+00,1.167057746650794741e+02,9.901230751375955208e+00,2.993418050620159931e+01
1.679999999999999938e+00,-2.585635746851450811e+00,1.144175183303970300e+02,1.035989485663202458e+01,3.122585127925334447e+01
1.689999999999999947e+00,-2.648837850614094158e+00,1.121067819601168196e+02,1.088071325754744834e+01,3.254943533374329689e+01
1.699999999999999956e+00,-2.720280385106279564e+00,1.097807413419574800e+02,1.146828209853286573e+01,3.390077497281798458e+01
1.709999999999999964e+00,-2.799851347024459702e+00,1.074464465166893348e+02,1.212659352268506296e+01,3.527526903506065992e+01
1.719999999999999973e+00,-2.887236585032959990e+00,1.051105632242982466e+02,1.285895288249624002e+01,3.666801255995796538e+01
1.729999999999999982e+00,-2.981933735475410074e+00,1.027791232794055389e+02,1.366792344248786506e+01,3.807397082308920488e+01
1.739999999999999991e+00,-3.083273126178473600e+00,1.004572907332800611e+02,1.455531373587733057e+01,3.948818548505862935e+01
1.750000000000000000e+00,-3.190445631503431745e+00,9.814915221263568412e+01,1.552222423223113168e+01,4.090600430857744385e+01
1.760000000000000009e+00,-3.302537218723968770e+00,9.585754147705436878e+01,1.656916887954578854e+01,4.232331835029368250e+01
1.770000000000000018e+00,-3.418569516011427112e+00,9.358390952071371771e+01,1.769628266329794997e+01,4.373678285031594015e+01
1.780000000000000027e+00,-3.537545171404066213e+00,9.132825190368964741e+01,1.890361837653284383e+01,4.514399176817327941e+01
1.790000000000000036e+00,-3.658496115689702677e+00,8.908910390000177415e+01,2.019152491377596803e+01,4.654357272226803133e+01
1.800000000000000044e+00,-3.780532186515642046e+00,8.686361111281732406e+01,2.156108704802907283e+01,4.793517032178055359e+01
1.810000000000000053e+00,-3.902887043613660900e+00,8.464767834632230858e+01,2.301459492721082967e+01,4.931929205118643722e+01
1.820000000000000062e+00,-4.024958041647095364e+00,8.243619306174717565e+01,2.455600265392795833e+01,5.069700134450446427e+01
1.830000000000000071e+00,-4.146336839646343364e+00,8.022331244345905077e+01,2.619133093960574854e+01,5.206945552222637019e+01
1.840000000000000080e+00,-4.266828067391672974e+00,7.800279606609576888e+01,2.792896943695043532e+01,5.343729946305421663e+01
1.850000000000000089e+00,-4.386454308945887171e+00,7.576836061543420442e+01,2.977983904637798318e+01,5.479993697565287647e+01
1.860000000000000098e+00,-4.505446883848877704e+00,7.351403012979434948e+01,3.175738123507347410e+01,5.615470948775762849e+01
1.870000000000000107e+00,-4.624223223712808917e+00,7.123445539387178371e+01,3.387734776611422660e+01,5.749601601192559741e+01
1.879999999999999893e+00,-4.743352849994625586e+00,6.892517940740489735e+01,3.615736827847707957e+01,5.881441102669806043e+01
1.889999999999999902e+00,-4.863514879288856285e+00,6.658283162928607624e+01,3.861627428183855670e+01,6.009572064825446347e+01
1.899999999999999911e+00,-4.985450505967474299e+00,6.420524090019797825e+01,4.127315756738338592e+01,6.132022524407226172e+01
1.909999999999999920e+00,-5.109914015990631775e+00,6.179146437487894161e+01,4.414614197587448530e+01,6.246197071356100139e+01
1.919999999999999929e+00,-5.237625627650625226e+00,5.934173640658220705e+01,4.725085475258185852e+01,6.348829151820659433e+01
1.929999999999999938e+00,-5.369228944931921710e+00,5.685734643976370251e+01,5.059860311010713474e+01,6.435965387887273437e+01
1.939999999999999947e+00,-5.505255174268164353e+00,5.434045833428388761e+01,5.419429844094565141e+01,6.502995138460732960e+01
1.949999999999999956e+00,-5.646095608148796963e+00,5.179388529965327592e+01,5.803422765503655256e+01,6.544739749502396364e+01
1.959999999999999964e+00,-5.791983296052556796e+00,4.922083514700553053e+01,6.210384571061442927e+01,6.555614661830762202e+01
1.969999999999999973e+00,-5.942984338299437397e+00,4.662464035018985697e+01,6.637584437588805031e+01,6.529872357713607300e+01
1.979999999999999982e+00,-6.098998846351929792e+00,4.400848688068134607e+01,7.080881812681174381e+01,6.461924122684047234e+01
1.989999999999999991e+00,-6.259771281166721657e+00,4.137515523440718113e+01,7.534686907428663005e+01,6.346724125878510137e+01
2.000000000000000000e+00,-6.424909564452850219e+00,3.872678659779879951e+01,7.992043888619676295e+01,6.180182697021729155e+01
2.009999999999999787e+00,-6.593912014624053519e+00,3.606468660307056950e+01,8.444851061376122914e+01,5.959561319164390625e+01
2.020000000000000018e+00,-6.766200765806033246e+00,3.338917833672698521e+01,8.884210026488645440e+01,5.683795319940711721e+01
2.029999999999999805e+00,-6.941159888407506529e+00,3.069951484264074892e+01,9.300870696675994509e+01,5.353696062920096921e+01
2.040000000000000036e+00,-7.118175980357772659e+00,2.799385896966504461e+01,9.685718888804196069e+01,4.972003502553303633e+01
2.049999999999999822e+00,-7.296678606389416899e+00,2.526933485227368692e+01,1.003024551937127313e+02,4.543287929909357814e+01
2.060000000000000053e+00,-7.476177714896278026e+00,2.252215061451463640e+01,1.032694490050650558e+02,4.073727880631339104e+01
2.069999999999999840e+00,-7.656295143553418114e+00,1.974778638228179872e+01,1.056961169850670359e+02,3.570809824280394196e+01
2.080000000000000071e+00,-7.836787597124769356e+00,1.694123599200305819e+01,1.075353354590373698e+02,3.042998189075039051e+01
2.089999999999999858e+00,-8.017559058285335993e+00,1.409728569880927829e+01,1.087559870544819773e+02,2.499411716734694977e+01
2.100000000000000089e+00,-8.198661430673165995e+00,1.121080953421498272e+01,1.093434763980283719e+02,1.949520624235917055e+01
2.109999999999999876e+00,-8.380283212993182573e+00,8.277059377639931270e+00,1.092999169928447429e+02,1.402858386816446945e+01
2.120000000000000107e+00,-8.562727027974405658e+00,5.291928569971100060e+00,1.086440563535095976e+02,8.687309531193914580e+00
2.129999999999999893e+00,-8.746377739190361211e+00,2.252170862292484088e+00,1.074108179146606261e+02,3.559090956452333643e+00
2.140000000000000124e+00,-8.931663568187374835e+00,-8.444388793023196449e-01,1.056502173653347398e+02,-1.276954372860265030e+00
2.149999999999999911e+00,-9.119013011074510899e+00,-3.999010284508702107e+00,1.034254178373002730e+02,-5.753491919536397603e+00
2.160000000000000142e+00,-9.308810444330358536e+00,-7.211511920383000707e+00,1.008098275037568641e+02,-9.817747118563280750e+00
2.169999999999999929e+00,-9.501353152494441900e+00,-1.048081216400842308e+01,9.788336325894705681e+01,-1.343344690817598774e+01
2.180000000000000160e+00,-9.696812186235669984e+00,-1.380478026020361249e+01,9.472822120854229411e+01,-1.658159380079881018e+01
2.189999999999999947e+00,-9.895199056707490115e+00,-1.718043866416427790e+01,9.142462926271325330e+01,-1.925993553834740624e+01
2.200000000000000178e+00,-1.009633986631844849e+01,-2.060415616765374835e+01,8.804706720175944668e+01,-2.148122621333579474e+01
2.209999999999999964e+00,-1.029985811435632392e+01,-2.407187044746622462e+01,8.466133319873544849e+01,-2.327057032982707696e+01
2.220000000000000195e+00,-1.050516711180121199e+01,-2.757932818506507999e+01,8.132265955745408803e+01,-2.466224925663653167e+01
2.229999999999999982e+00,-1.071147267477767606e+01,-3.112233046223315469e+01,7.807489399970992849e+01,-2.569643797374538252e+01
2.240000000000000213e+00,-1.091778649809425517e+01,-3.469697054798473346e+01,7.495061431484035097e+01,-2.641615004066726158e+01
2.250000000000000000e+00,-1.112295028506130201e+01,-3.829985045581162950e+01,7.197195725601963545e+01,-2.686463770480845881e+01
2.259999999999999787e+00,-1.132567027635477430e+01,-4.192826197933310084e+01,6.915191695126982552e+01,-2.708335844224797384e+01
2.270000000000000018e+00,-1.152456124795554082e+01,-4.558031771460125725e+01,6.649588822636920327e+01,-2.711052386353668808e+01
2.279999999999999805e+00,-1.171819834059879639e+01,-4.925501838076600336e+01,6.400327554629852500e+01,-2.698018258056019292e+01
2.290000000000000036e+00,-1.190517429234604840e+01,-5.295224509443465877e+01,6.166904071440394119e+01,-2.672175483898536541e+01
2.299999999999999822e+00,-1.208415887306204439e+01,-5.667266951377578721e+01,5.948510994421732079e+01,-2.635992664149513232e+01
2.310000000000000053e+00,-1.225395670421265670e+01,-6.041758098690057466e+01,5.744159760413678129e+01,-2.591481591935636075e+01
2.319999999999999840e+00,-1.241355934028204366e+01,-6.418863758652203444e+01,5.552782881041072471e+01,-2.540233514233650780e+01
2.330000000000000071e+00,-1.256218761250235261e+01,-6.798755626488490122e+01,5.373315800784335039e+01,-2.483468789942241628e+01
2.339999999999999858e+00,-1.269932084672240791e+01,-7.181576502578559484e+01,5.204758887501798625e+01,-2.422094822184806517e+01
2.350000000000000089e+00,-1.282471062451456945e+01,-7.567404559706157841e+01,5.046220550174894015e+01,-2.356767967101501782e+01
2.359999999999999876e+00,-1.293837812151176081e+01,-7.956219747436537659e+01,4.896942827969994738e+01,-2.287955690227498451e+01
2.370000000000000107e+00,-1.304059552138431322e+01,-8.347875285909816512e+01,4.756311172769495954e+01,-2.215995678007382352e+01
2.379999999999999893e+00,-1.313185334165105367e+01,-8.742076714827601336e+01,4.623850585664527557e+01,-2.141149055696491388e+01
2.390000000000000124e+00,-1.321281653187713623e+01,-9.138370217028571574e+01,4.499210712692115521e+01,-2.063645417052639175e+01
2.399999999999999911e+00,-1.328427281172440289e+01,-9.536141065936344319e+01,4.382142858077347114e+01,-1.983718071956818818e+01
2.410000000000000142e+00,-1.334707690032531247e+01,-9.934622196220485080e+01,4.272472037813913204e+01,-1.901628729781356242e+01
2.419999999999999929e+00,-1.340209412873477390e+01,-1.033291218415173347e+02,4.170067115420157222e+01,-1.817681670672833505e+01
2.430000000000000160e+00,-1.345014655283323535e+01,-1.073000141547444173e+02,4.074811736412573993e+01,-1.732228206866700759e+01
2.439999999999999947e+00,-1.349196423243646947e+01,-1.112480492491493607e+02,3.986578265008361655e+01,-1.645662811325917119e+01
2.450000000000000178e+00,-1.352814392379856301e+01,-1.151620027497654064e+02,3.905206316895861818e+01,-1.558412642911504520e+01
2.459999999999999964e+00,-1.355911710803250259e+01,-1.190306883334619528e+02,3.830486872627230355e+01,-1.470922327750413849e+01
2.470000000000000195e+00,-1.358512905067132515e+01,-1.228433882804000774e+02,3.762152424406737339e+01,-1.383635809589743459e+01
2.479999999999999982e+00,-1.360623040743938539e+01,-1.265902853611467407e+02,3.699873196188492130e+01,-1.296976925484263354e+01
2.490000000000000213e+00,-1.362228266661091425e+01,-1.302628784977675025e+02,3.643259185526336807e+01,-1.211330166771526251e+01
2.500000000000000000e+00,-1.363297833489727218e+01,-1.338543625631045586e+02,3.591867576556502684e+01,-1.127022901952539335e+01
2.509999999999999787e+00,-1.363787612072470878e+01,-1.373599500605857884e+02,3.545214920677422299e+01,-1.044310192940443116e+01
2.520000000000000018e+00,-1.363645037138598148e+01,-1.407771101497423274e+02,3.502793328236366932e+01,-9.633632235417996625e+00
2.529999999999999805e+00,-1.362815267789373763e+01,-1.441056998283535506e+02,3.464089728991911699e+01,-8.842622476450818780e+00
2.540000000000000036e+00,-1.361248197959350925e+01,-1.473479644630133407e+02,3.428607035426203709e+01,-8.069948087781048329e+00
2.549999999999999822e+00,-1.358905790775928502e+01,-1.505083914163525947e+02,3.395885805827757764e+01,-7.314597382144917503e+00
2.560000000000000053e+00,-1.355769083224191540e+01,-1.535934116302146322e+02,3.365524805049636115e+01,-6.574770795854997019e+00
2.569999999999999840e+00,-1.351844147982179045e+01,-1.566109588943438382e+02,3.337198766154853757e+01,-5.848036198255631035e+00
2.580000000000000071e+00,-1.347166336667064002e+01,-1.595699130650884570e+02,3.310671727487304850e+01,-5.131531730674969261e+00
2.589999999999999858e+00,-1.341802273407862067e+01,-1.624794686335426093e+02,3.285804593109900651e+01,-4.422202424622289740e+00
2.600000000000000089e+00,-1.335849304199276943e+01,-1.653484805232366455e+02,3.262556034008208172e+01,-3.717052674612523422e+00
2.609999999999999876e+00,-1.329432395588739979e+01,-1.681848423808017117e+02,3.240976459751948369e+01,-3.013394348005978163e+00
2.620000000000000107e+00,-1.322698760896560799e+01,-1.709949481051152134e+02,3.221195454685155113e+01,-2.309070407279532944e+00
2.629999999999999893e+00,-1.315810719702023057e+01,-1.737832760675137536e+02,3.203403683340722097e+01,-1.602636409395959083e+00
2.640000000000000124e+00,-1.308937430002535507e+01,-1.765521200826889867e+02,3.187830733742484313e+01,-8.934866383168360571e-01
2.649999999999999911e+00,-1.302246161453235018e+01,-1.793014750400646733e+02,3.174720628461508909e+01,-1.819170677669319225e-01
2.660000000000000142e+00,-1.295893717199581907e+01,1.779709287892667362e+02,3.164306784078438994e+01,5.308771208547348186e-01
2.669999999999999929e+00,-1.290018493258632759e+01,1.752694584544437646e+02,3.156788077207785648e+01,1.242866938559144874e+00
2.680000000000000160e+00,-1.284733526303681828e+01,1.726002986377723403e+02,3.152307445080294457e+01,1.951311776934891329e+00
2.689999999999999947e+00,-1.280120756638494406e+01,1.699710809339834157e+02,3.150934182557008967e+01,2.652929915872055400e+00
2.700000000000000178e+00,-1.276226645615461308e+01,1.673904414533843408e+02,3.152650852034195594e+01,3.344107521453854037e+00
2.709999999999999964e+00,-1.273059244935739542e+01,1.648675231075297063e+02,3.157345525318981316e+01,4.021135427932959416e+00
2.720000000000000195e+00,-1.270586815796838209e+01,1.624114366389038935e+02,3.164809920245053831e+01,4.680462091020022974e+00
2.729999999999999982e+00,-1.268738124929219779e+01,1.600306942501139531e+02,3.174743842740121025e+01,5.318949809337543577e+00
2.740000000000000213e+00,-1.267404580319336205e+01,1.577326324594664868e+02,3.186766142935794832e+01,5.934119582868686571e+00
2.750000000000000000e+00,-1.266444384362001685e+01,1.555228467681644702e+02,3.200432087941763371e+01,6.524368126823191893e+00
2.759999999999999787e+00,-1.265688846579158522e+01,1.534046692113506083e+02,3.215256611548007726e+01,7.089139247866201643e+00
2.770000000000000018e+00,-1.264950885437518657e+01,1.513787291821528527e+02,3.230742330196560630e+01,7.629031893132935060e+00
2.779999999999999805e+00,-1.264035544518375787e+01,1.494426452991524741e+02,3.246410575020569667e+01,8.145829555738838934e+00
2.790000000000000036e+00,-1.262752059931979431e+01,1.475908980114476776e+02,3.261833091769194226e+01,8.642440895751366980e+00
2.799999999999999822e+00,-1.260926682229258589e+01,1.458149256347180653e+02,3.276661644796534034e+01,9.122749337193861052e+00
2.810000000000000053e+00,-1.258415148544633411e+01,1.441034684622996451e+02,3.290652663259539423e+01,9.591379189116294057e+00
2.819999999999999840e+00,-1.255113511163208884e+01,1.424431571240065466e+02,3.303684373416078301e+01,1.005339597666641538e+01
2.830000000000000071e+00,-1.250966042366378517e+01,1.408193066927586017e+02,3.315764571571839525e+01,1.051396725377993313e+01
2.839999999999999858e+00,-1.245969196044348948e+01,1.392168445293578714e+02,3.327028211259791135e+01,1.097801544228761728e+01
2.850000000000000089e+00,-1.240171089467374266e+01,1.376212760095638430e+02,3.337725130544654917e+01,1.144989510481744155e+01
2.859999999999999876e+00,-1.233666577827982636e+01,1.360195847578564212e+02,3.348199323683933670e+01,1.193312340625364598e+01
2.870000000000000107e+00,-1.226588590352856301e+01,1.344009750335555964e+02,3.358861983658754014e+01,1.243018525026313625e+01
2.879999999999999893e+00,-1.219096845287324093e+01,1.327573903402535223e+02,3.370160998279630604e+01,1.294242528823087213e+01
2.890000000000000124e+00,-1.211365277742141799e+01,1.310837769648502444e+02,3.382549655067417405e+01,1.347002948061644112e+01
2.899999999999999911e+00,-1.203569488006688459e+01,1.293780955402704365e+02,3.396457063416772115e+01,1.401209064450570274e+01
2.910000000000000142e+00,-1.195875301801455137e+01,1.276411110228719679e+02,3.412262350403108968e+01,1.456674633046134204e+01
2.919999999999999929e+00,-1.188429216016175083e+01,1.258760081816659522e+02,3.430274151355710188e+01,1.513137362825147392e+01
2.930000000000000160e+00,-1.181351171856817217e+01,1.240878858110696541e+02,3.450716394988166513e+01,1.570282374128987612e+01
2.939999999999999947e+00,-1.174729815636385410e+01,1.222831808724632339e+02,3.473720928370321559e+01,1.627767873855957248e+01
2.950000000000000178e+00,-1.168620205648398880e+01,1.204690671259867969e+02,3.499327146471574679e+01,1.685251312752859221e+01
2.959999999999999964e+00,-1.163043801604808536e+01,1.186528647821492370e+02,3.527488457643155328e+01,1.742414334467340353e+01
2.970000000000000195e+00,-1.157990511308610238e+01,1.168414905588006576e+02,3.558085089310725380e+01,1.798984881725424856e+01
2.979999999999999982e+00,-1.153422539698711802e+01,1.150409723364398786e+02,3.590942383686738992e+01,1.854754912884321172e+01
2.990000000000000213e+00,-1.149279761520562815e+01,1.132560493207205923e+02,3.625853342930253120e+01,1.909592346442507704e+01
3.000000000000000000e+00,-1.145486301707931709e+01,1.114898763846663172e+02,3.662603783053202022e+01,1.963446140107697602e+01
3.009999999999999787e+00,-1.141957949620447010e+01,1.097438487673248346e+02,3.700998105346909028e+01,2.016343855418795528e+01
3.020000000000000018e+00,-1.138609959856039744e+01,1.080175592057510130e+02,3.740883472231013940e+01,2.068381653432325962e+01
3.029999999999999805e+00,-1.135364720317576115e+01,1.063088929073886391e+02,3.782170157257068865e+01,2.119707361587057903e+01
3.040000000000000036e+00,-1.132158721969039306e+01,1.046142563085209218e+02,3.824846074063651002e+01,2.170497957013314760e+01
3.049999999999999822e+00,-1.128948269449125519e+01,1.029289240499783347e+02,3.868983975784603757e+01,2.220933417736527105e+01
3.060000000000000053e+00,-1.125713445098733700e+01,1.012474766890949667e+02,3.914740500170869097e+01,2.271169299387609541e+01
3.069999999999999840e+00,-1.122459983871369360e+01,9.956429157163965726e+01,3.962347019180145224e+01,2.321310536400161340e+01
3.080000000000000071e+00,-1.119218917683751258e+01,9.787404317348128302e+01,4.012093020156683565e+01,2.371388831790564922e+01
3.089999999999999858e+00,-1.116044073961369953e+01,9.617216853316163849e+01,4.064303396822418080e+01,2.421345630379576264e+01
3.100000000000000089e+00,-1.113007725777563905e+01,9.445525838119672812e+01,4.119311497173256242e+01,2.471022145401758152e+01
3.109999999999999876e+00,-1.110194854753073201e+01,9.272134419542358330e+01,4.177430044713188551e+01,2.520157316909521583e+01
3.120000000000000107e+00,-1.107696580398997988e+01,9.097006369582736340e+01,4.238922143606610859e+01,2.568393995287519260e+01
3.129999999999999893e+00,-1.105603326197015690e+01,8.920269993041850398e+01,4.303974544461963347e+01,2.615293104358545762e+01
3.140000000000000124e+00,-1.103998245233860942e+01,8.742210010511838902e+01,4.372675231505288451e+01,2.660355049165408658e+01
3.149999999999999911e+00,-1.102951338971021045e+01,8.563248844766191326e+01,4.444997217546756474e+01,2.703047170690048873e+01
3.160000000000000142e+00,-1.102514596768167721e+01,8.383919234586836922e+01,4.520790190583485924e+01,2.742835585080186789e+01
3.169999999999999929e+00,-1.102718382001171449e+01,8.204830320964634893e+01,4.599781304034995344e+01,2.779219268326857417e+01
3.180000000000000160e+00,-1.103569205678499365e+01,8.026629388145919108e+01,4.681585885217108967e+01,2.811763787137246950e+01
3.189999999999999947e+00,-1.105048963657107031e+01,7.849961398536886747e+01,4.765728109318390437e+01,2.840131708708806357e+01
3.200000000000000178e+00,-1.107115664121563192e+01,7.675428420466180057e+01,4.851670747600540778e+01,2.864106561398746109e+01
3.209999999999999964e+00,-1.109705627869487898e+01,7.503551057645577771e+01,4.938852016276291579e+01,2.883607392469984276e+01
3.220000000000000195e+00,-1.112737093306081704e+01,7.334734047300374016e+01,5.026726470920032597e+01,2.898691575904496887e+01
3.229999999999999982e+00,-1.116115090972058255e+01,7.169238250791471501e+01,5.114806013331815393e+01,2.909544584512538279e+01
3.240000000000000213e+00,-1.119737364450831762e+01,7.007161228523990815e+01,5.202696619005963896e+01,2.916456869462555446e+01
3.250000000000000000e+00,-1.123501009460101052e+01,6.848428364988295414e+01,5.290126518511512899e+01,2.919789589425574050e+01
3.259999999999999787e+00,-1.127309394286632482e+01,6.692795997887763804e+01,5.376962330123654255e+01,2.919932429183442224e+01
3.270000000000000018e+00,-1.131078834357771257e+01,6.539867164281160683e+01,5.463210958637303349e+01,2.917257866162762525e+01
3.279999999999999805e+00,-1.134744447628410136e+01,6.389119443611877358e+01,5.549006734768124716e+01,2.912076776028104419e+01
3.290000000000000036e+00,-1.138264638512344895e+01,6.239943083566004134e+01,5.634584989010907918e+01,2.904600135366384350e+01
3.299999999999999822e+00,-1.141623758046895176e+01,6.091686349565402026e+01,5.720244758846824595e+01,2.894910841896916764e+01
3.310000000000000053e+00,-1.144832661309994037e+01,5.943704083296866258e+01,5.806304421041014052e+01,2.882948500938385195e+01
3.319999999999999840e+00,-1.147927105828544825e+01,5.795404994943624644e+01,5.893054636268184510e+01,2.868508638248714604e+01
3.330000000000000071e+00,-1.150964169519382096e+01,5.646293353176256602e+01,5.980713112188142588e+01,2.851256391971275050e+01
3.339999999999999858e+00,-1.154017072988739656e+01,5.496001448435286107e+01,6.069385420037199452e+01,2.830753444849058198e+01
3.350000000000000089e+00,-1.157168936128510950e+01,5.344310337178874448e+01,6.159035538811215815e+01,2.806495842925200535e+01
3.359999999999999876e+00,-1.160506066331895525e+01,5.191157702487671344e+01,6.249469020803486075e+01,2.777959417830409450e+01
3.370000000000000107e+00,-1.164111367118596085e+01,5.036632959073536142e+01,6.340330696696658919e+01,2.744648784868511981e+01
3.379999999999999893e+00,-1.168058387975808010e+01,4.880960812062821219e+01,6.431117658497051082e+01,2.706145356670157298e+01
3.390000000000000124e+00,-1.172406432484262240e+01,4.724475259457907583e+01,6.521206869922916383e+01,2.662149572615616933e+01
3.399999999999999911e+00,-1.177197025316834100e+01,4.567586505049627732e+01,6.609895204013793091e+01,2.612512722252334996e+01
3.410000000000000142e+00,-1.182451925983827223e+01,4.410743480164259722e+01,6.696448132901119266e+01,2.557254465089983242e+01
3.419999999999999929e+00,-1.188172775803512060e+01,4.254394742035259469e+01,6.780151925394761747e+01,2.496563488931819563e+01
3.430000000000000160e+00,-1.194342373822392211e+01,4.098950496636324914e+01,6.860363332006663484e+01,2.430780651742128029e+01
3.439999999999999947e+00,-1.200927491410637060e+01,3.944748422746260275e+01,6.936550622781120978e+01,2.360366208802567201e+01
3.450000000000000178e+00,-1.207883047055863024e+01,3.792025845535240336e+01,7.008320647382062418e+01,2.285854988999160042e+01
3.459999999999999964e+00,-1.215157368619029832e+01,3.640900576283527812e+01,7.075428280759489041e+01,2.207805237236646434e+01
3.470000000000000195e+00,-1.222698172494182778e+01,3.491362333293898956e+01,7.137766968474201690e+01,2.126747913836467063e+01
3.479999999999999982e+00,-1.230458797979767205e+01,3.343276028535156996e+01,7.195341704940788929e+01,2.043143314980356706e+01
3.490000000000000213e+00,-1.238404167580313420e+01,3.196397325335830431e+01,7.248228222628594608e+01,1.957350937114874156e+01
3.500000000000000000e+00,-1.246515919433984720e+01,3.050399789672621154e+01,7.296524057270299579e+01,1.869616736676824686e+01
3.509999999999999787e+00,-1.254796192733234861e+01,2.904911789484736673e+01,7.340298241561060877e+01,1.780079646300509921e+01
3.520000000000000018e+00,-1.263269647204767132e+01,2.759560217472207455e+01,7.379546590916018545e+01,1.688796744351225598e+01
3.529999999999999805e+00,-1.271983455672546270e+01,2.614017312428413220e+01,7.414158934892637376e+01,1.595784134726874903e+01
3.540000000000000036e+00,-1.281005202527852838e+01,2.468046482409073050e+01,7.443903342003986268e+01,1.501068596469923477e+01
3.549999999999999822e+00,-1.290418819398013461e+01,2.321543153022502892e+01,7.468430523616677874e+01,1.404743558270580195e+01
3.560000000000000053e+00,-1.300318860429250201e+01,2.174567230071177804e+01,7.487299318296557260e+01,1.307022063596997974e+01
3.569999999999999840e+00,-1.310803539458417255e+01,2.027364636646905893e+01,7.500021600172237868e+01,1.208279245210811048e+01
3.580000000000000071e+00,-1.321967010284233979e+01,1.880376368058828973e+01,7.506122333195132512e+01,1.109077553513747816e+01
3.589999999999999858e+00,-1.333891375290058967e+01,1.734234416711138493e+01,7.505208114999916802e+01,1.010169665681008055e+01
3.600000000000000089e+00,-1.346638875255612788e+01,1.589744622268199414e+01,7.497035816791127161e+01,9.124765976646994403e+00
3.609999999999999876e+00,-1.360244668868895168e+01,1.447856954898182202e+01,7.481572242748454471e+01,8.170417999930954522e+00
3.620000000000000107e+00,-1.374710577759347530e+01,1.309623986923731565e+01,7.459036404024311651e+01,7.249654665433105549e+00
3.629999999999999893e+00,-1.390000168148908344e+01,1.176148473250144022e+01,7.429918076967685181e+01,6.373262940541112087e+00
3.640000000000000124e+00,-1.406035567895082927e+01,1.048521215083174596e+01,7.394969508648429724e+01,5.550998736866712413e+00
3.649999999999999911e+00,-1.422696467133138576e+01,9.277509093244750815e+00,7.355170858869909978e+01,4.790833472273257065e+00
3.660000000000000142e+00,-1.439821794476183037e+01,8.146886393801446857e+00,7.311673487211177758e+01,4.098348398044626251e+00
3.669999999999999929e+00,-1.457214555272507184e+01,7.099511015153936455e+00,7.265727829573958729e+01,3.476337901686074261e+00
3.680000000000000160e+00,-1.474650209513305832e+01,6.138484804954617680e+00,7.218603943156951175e+01,2.924652221444371758e+00
3.689999999999999947e+00,-1.491888702791989374e+01,5.263247552670439866e+00,7.171512769614221838e+01,2.440279106233259832e+00
3.700000000000000178e+00,-1.508689817200008676e+01,4.469195439656892255e+00,7.125535036268541944e+01,2.017638554155384512e+00
3.709999999999999964e+00,-1.524830906162905464e+01,3.747606290669667661e+00,7.081562941791698051e+01,1.649048035820496416e+00
3.720000000000000195e+00,-1.540125419176940191e+01,3.085943320428001346e+00,7.040257840806449963e+01,1.325307942669846195e+00
3.729999999999999982e+00,-1.554440083320989174e+01,2.468566275168231350e+00,7.002025426615425374e+01,1.036356586453399231e+00
3.740000000000000213e+00,-1.567708392622231095e+01,1.877817345417416739e+00,6.967008605977324009e+01,7.719479949117015183e-01
3.750000000000000000e+00,-1.579938318315752532e+01,1.295381807940380936e+00,6.935097373482048511e+01,5.223110977266389732e-01
3.759999999999999787e+00,-1.591212912119246070e+01,7.037683539774540753e-01,6.905954399039354996e+01,2.787536324404216170e-01
3.770000000000000018e+00,-1.601683575468602427e+01,8.772848682605756399e-02,6.879054552227552222e+01,3.417746428619974908e-02
3.779999999999999805e+00,-1.611556922103319067e+01,-5.645535276944284586e-01,6.853736029305741795e+01,-2.165254535917063849e-01
3.790000000000000036e+00,-1.621077060789950508e+01,-1.260623303208583179e+00,6.829260030074337351e+01,-4.762240496310088944e-01
3.799999999999999822e+00,-1.630505563900172561e+01,-2.003331038115902629e+00,6.804875079927278136e+01,-7.454678561967196249e-01
3.810000000000000053e+00,-1.640101332331820672e+01,-2.790814533976662570e+00,6.779881260917183283e+01,-1.022587509621908142e+00
3.819999999999999840e+00,-1.650102140358240632e+01,-3.616839073624076750e+00,6.753689050034579111e+01,-1.303973768949308942e+00
3.830000000000000071e+00,-1.660709047562863816e+01,-4.471417449582122394e+00,6.725867428862626696e+01,-1.584515125679018643e+00
3.839999999999999858e+00,-1.672074293555267488e+01,-5.341629253259092103e+00,6.696176618554544291e+01,-1.858155656655113841e+00
3.850000000000000089e+00,-1.684292873693314618e+01,-6.212568606143154426e+00,6.664582241801454643e+01,-2.118519199015160392e+00
3.859999999999999876e+00,-1.697397777520603057e+01,-7.068365184275640978e+00,6.631249754283511777e+01,-2.359536742862555769e+00
3.870000000000000107e+00,-1.711358834004423812e+01,-7.893236956270014204e+00,6.596520284591113636e+01,-2.576013496946440551e+00
3.879999999999999893e+00,-1.726085181744495145e+01,-8.672539227461262712e+00,6.560871153909751285e+01,-2.764080743057354184e+00
3.890000000000000124e+00,-1.741431477714944620e+01,-9.393770966257193322e+00,6.524865934423318947e+01,-2.921493582291653013e+00
3.899999999999999911e+00,-1.757207978089465072e+01,-1.004748663679391640e+01,6.489099713395557956e+01,-3.047755673309377134e+00
3.910000000000000142e+00,-1.773194482582676201e+01,-1.062804369398838134e+01,6.454145219308681192e+01,-3.144072262270609652e+00
3.919999999999999929e+00,-1.789157774647100752e+01,-1.113409944376633831e+01,6.420504776186153606e+01,-3.213149995186546093e+00
3.930000000000000160e+00,-1.804871619266105043e+01,-1.156876535074657575e+01,6.388571928162702562e+01,-3.258874291754956243e+00
3.939999999999999947e+00,-1.820137689957724092e+01,-1.193934133300544431e+01,6.358605281914161367e+01,-3.285902038192031416e+00
3.950000000000000178e+00,-1.834805169550354265e+01,-1.225659261227762720e+01,6.330715857044324224e+01,-3.299209781797925789e+00
3.959999999999999964e+00,-1.848786439519737002e+01,-1.253359490567826384e+01,6.304868127870632577e+01,-3.303636807085704064e+00
3.970000000000000195e+00,-1.862066440237288489e+01,-1.278424784154844041e+01,6.280894007027517745e+01,-3.303459725146700610e+00
3.979999999999999982e+00,-1.874704012742348169e+01,-1.302162164922767218e+01,6.258518225228404219e+01,-3.302031325095145409e+00
3.990000000000000213e+00,-1.886824686972319398e+01,-1.325633830695175064e+01,6.237392851189355270e+01,-3.301511601957819231e+00
4.000000000000000000e+00,-1.898605658976721600e+01,-1.349518395227351064e+01,6.217138047353476793e+01,-3.302712764880621155e+00
4.009999999999999787e+00,-1.910254749663828733e+01,-1.374010719866126706e+01,6.197385600311065446e+01,-3.305072137410019373e+00
4.019999999999999574e+00,-1.921985709816218701e+01,-1.398769375834207196e+01,6.177821384749121592e+01,-3.306756916889039832e+00
4.030000000000000249e+00,-1.933992275952643425e+01,-1.422914275312413679e+01,6.158222833311770472e+01,-3.304893088385380651e+00
4.040000000000000036e+00,-1.946423027829423091e+01,-1.445072213620350077e+01,6.138487797822085668e+01,-3.295898479993057517e+00
4.049999999999999822e+00,-1.959358600970151443e+01,-1.463465794573782830e+01,6.118651946551777598e+01,-3.275888734741429165e+00
4.059999999999999609e+00,-1.972792422091679398e+01,-1.476041189742619686e+01,6.098892999808969506e+01,-3.241116831253126218e+00
4.070000000000000284e+00,-1.986616040526556404e+01,-1.480631271843586205e+01,6.079521513735102189e+01,-3.188403346820080753e+00
4.080000000000000071e+00,-2.000610381543986449e+01,-1.475151233701303788e+01,6.060959360320540412e+01,-3.115516689970015296e+00
4.089999999999999858e+00,-2.014444758768577515e+01,-1.457822106604840151e+01,6.043708285818866699e+01,-3.021469650919778260e+00
4.099999999999999645e+00,-2.027685998584916405e+01,-1.427412178383979224e+01,6.028311773846861854e+01,-2.906709379657584691e+00
4.110000000000000320e+00,-2.039820125787395355e+01,-1.383476693074657327e+01,6.015313802579390057e+01,-2.773190215273314774e+00
4.120000000000000107e+00,-2.050288205373245276e+01,-1.326563816675044194e+01,6.005217986426541898e+01,-2.624330523871698073e+00
4.129999999999999893e+00,-2.058535695101255314e+01,-1.258343918239000914e+01,5.998450140206071524e+01,-2.464864222817762407e+00
4.139999999999999680e+00,-2.064071066063904425e+01,-1.181616631344526169e+01,5.995326653662282723e+01,-2.300604163983898776e+00
4.150000000000000355e+00,-2.066525364003936716e+01,-1.100162973829228186e+01,5.996030369506245705e+01,-2.138138059465250596e+00
4.160000000000000142e+00,-2.065701537973302493e+01,-1.018440321877817034e+01,6.000595030930480078e+01,-1.984478843431705108e+00
4.169999999999999929e+00,-2.061602637526345561e+01,-9.411592307052380590e+00,6.008898855523306537e+01,-1.846691254198831400e+00
4.179999999999999716e+00,-2.054432167308494073e+01,-8.728170665343588652e+00,6.020667391636273180e+01,-1.731515911000993002e+00
4.190000000000000391e+00,-2.044566788780635136e+01,-8.172772604881453518e+00,6.035485466349154393e+01,-1.645011827974869556e+00
4.200000000000000178e+00,-2.032508382982048190e+01,-7.774676437795505990e+00,6.052817669193339611e+01,-1.592238235298724991e+00
4.209999999999999964e+00,-2.018826488538699948e+01,-7.552344911370224345e+00,6.072036372242028790e+01,-1.576996341363077869e+00
4.219999999999999751e+00,-2.004102199105087578e+01,-7.513477025804625065e+00,6.092455742433006805e+01,-1.601650475148641339e+00
4.230000000000000426e+00,-1.988881611248139691e+01,-7.656226301437708770e+00,6.113369588705577939e+01,-1.667044979854356734e+00
4.240000000000000213e+00,-1.973642756105021689e+01,-7.971119999772074749e+00,6.134090295611176202e+01,-1.772527579990116120e+00
4.250000000000000000e+00,-1.958776321552206667e+01,-8.443246114877531738e+00,6.153985660550808490e+01,-1.916081540441272990e+00
4.259999999999999787e+00,-1.944578207898061706e+01,-9.054389704795369198e+00,6.172510318221801384e+01,-2.094558358506724449e+00
4.269999999999999574e+00,-1.931251071627568194e+01,-9.784930303374995475e+00,6.189228714797782516e+01,-2.303991334990921569e+00
4.280000000000000249e+00,-1.918912078224303031e+01,-1.061541744209313798e+01,6.203827323211592670e+01,-2.539960056371499242e+00
4.290000000000000036e+00,-1.907604616012896059e+01,-1.152780844871784538e+01,6.216114909060399896e+01,-2.797968577019243064e+00
4.299999999999999822e+00,-1.897312347920540887e+01,-1.250638549577125858e+01,6.226011010254249101e+01,-3.073797465562230879e+00
4.309999999999999609e+00,-1.887974488964745134e+01,-1.353837817320313341e+01,6.233524169803474990e+01,-3.363792541971596606e+00
4.320000000000000284e+00,-1.879501517576261094e+01,-1.461431511743568912e+01,6.238722641338645758e+01,-3.665060697501013376e+00
4.330000000000000071e+00,-1.871790666933096503e+01,-1.572812266186241992e+01,6.241701099195369551e+01,-3.975554363538715830e+00
4.339999999999999858e+00,-1.864740553688663738e+01,-1.687698619320035931e+01,6.242547238601249404e+01,-4.294039165348427112e+00
4.349999999999999645e+00,-1.858264261748990975e+01,-1.806099384373037608e+01,6.241312043768019890e+01,-4.619952212572798089e+00
4.360000000000000320e+00,-1.852300184510046321e+01,-1.928259229899904881e+01,6.237986997904360464e+01,-4.953169842561215397e+00
4.370000000000000107e+00,-1.846819999407340163e+01,-2.054589833705263402e+01,6.232490709874345214e+01,-5.293712483985279604e+00
4.379999999999999893e+00,-1.841833330907689614e+01,-2.185592311337909877e+01,6.224666441443181952e+01,-5.641420186069971976e+00
4.389999999999999680e+00,-1.837388939665996190e+01,-2.321777474949994868e+01,6.214290925674833943e+01,-5.995635120943910046e+00
4.400000000000000355e+00,-1.833572608303089524e+01,-2.463590522638724423e+01,6.201093743595844643e+01,-6.354926982718264838e+00
4.410000000000000142e+00,-1.830502210375692584e+01,-2.611345894604952989e+01,6.184785441019070618e+01,-6.716893638355889706e+00
4.419999999999999929e+00,-1.828320683991881168e+01,-2.765176417457788816e+01,6.165091600595737020e+01,-7.078062613894595678e+00
4.429999999999999716e+00,-1.827187744079819254e+01,-2.924998840030886527e+01,6.141789336555683576e+01,-7.433909194049268976e+00
4.440000000000000391e+00,-1.827271150133280386e+01,-3.090495858806756146e+01,6.114742265704023794e+01,-7.778994656069669666e+00
4.450000000000000178e+00,-1.828738222942430980e+01,-3.261113092699380189e+01,6.083930031526563909e+01,-8.107214609601031796e+00
4.459999999999999964e+00,-1.831748116820877570e+01,-3.436068403786883607e+01,6.049468975131037496e+01,-8.412134292639112942e+00
4.469999999999999751e+00,-1.836445149320698533e+01,-3.614370514903170317e+01,6.011621532940314694e+01,-8.687377001058633752e+00
4.480000000000000426e+00,-1.842953306189475171e+01,-3.794843956837042498e+01,5.970793276172818054e+01,-8.927025472177405163e+00
4.490000000000000213e+00,-1.851371898797203031e+01,-3.976157824585065015e+01,5.927517988400482096e+01,-9.125995198429141197e+00
4.500000000000000000e+00,-1.861772263288169427e+01,-4.156856455961062835e+01,5.882432562246015095e+01,-9.280343463443028185e+00
4.509999999999999787e+00,-1.874195352967313255e+01,-4.335390813507073915e+01,5.836244560847546126e+01,-9.387487381565017941e+00
4.519999999999999574e+00,-1.888650078971219415e+01,-4.510149940344594199e+01,5.789695883830346901e+01,-9.446316510445148751e+00
4.530000000000000249e+00,-1.905112287440656971e+01,-4.679492302527977898e+01,5.743526055943069508e+01,-9.457198438203802127e+00
4.540000000000000036e+00,-1.923524312245749357e+01,-4.841777087962170611e+01,5.698438278400830370e+01,-9.421887048921501417e+00
4.549999999999999822e+00,-1.943795099491241984e+01,-4.995395591252044909e+01,5.655070682851885522e+01,-9.343351497522556670e+00
4.559999999999999609e+00,-1.965800952736782392e+01,-5.138802677244370898e+01,5.613974371618149917e+01,-9.225548661734524813e+00
4.570000000000000284e+00,-1.989386985279826803e+01,-5.270548000988853943e+01,5.575598969826037887e+01,-9.073163144489676313e+00
4.580000000000000071e+00,-2.014369376875920992e+01,-5.389306206409120392e+01,5.540285668601500646e+01,-8.891337475761332598e+00
4.589999999999999858e+00,-2.040538506239726502e+01,-5.493904798189590366e+01,5.508267164569340935e+01,-8.685411948365205248e+00
4.599999999999999645e+00,-2.067662959447944004e+01,-5.583347888484409083e+01,5.479673512466034424e+01,-8.460689428656786859e+00
4.610000000000000320e+00,-2.095494296038032189e+01,-5.656833710310035457e+01,5.454542684146218079e+01,-8.222236217878172937e+00
4.620000000000000107e+00,-2.123772298130482028e+01,-5.713763838405493090e+01,5.432834531728578753e+01,-7.974726040481828981e+00
4.629999999999999893e+00,-2.152230257248466927e+01,-5.753742632762737941e+01,5.414446846828539606e+01,-7.722330690649788387e+00
4.639999999999999680e+00,-2.180599708760098920e+01,-5.776566620193251111e+01,5.399232261904514019e+01,-7.468657792050257704e+00
4.650000000000000355e+00,-2.208613956979943538e+01,-5.782205320912716218e+01,5.387014836108345150e+01,-7.216733451755040107e+00
4.660000000000000142e+00,-2.236009797818377365e+01,-5.770777187189554525e+01,5.377605300221717499e+01,-6.969025250586911469e+00
4.669999999999999929e+00,-2.262527078125054913e+01,-5.742526426392324623e+01,5.370814103538758388e+01,-6.727498995956649352e+00
4.679999999999999716e+00,-2.287906136993678530e+01,-5.697807958444032295e+01,5.366461611201578563e+01,-6.493701027817989413e+00
4.690000000000000391e+00,-2.311883715343235934e+01,-5.637087995243497573e+01,5.364385040706862640e+01,-6.268856727979019716e+00
4.700000000000000178e+00,-2.334188509394623168e+01,-5.560966219082389017e+01,5.364441991096081352e+01,-6.053975369257715400e+00
4.709999999999999964e+00,-2.354538052894248423e+01,-5.470222023094824237e+01,5.366510690183599053e+01,-5.849951655460944977e+00
4.719999999999999751e+00,-2.372638886176958195e+01,-5.365881894521226769e+01,5.370487341210906607e+01,-5.657655276815512835e+00
4.730000000000000426e+00,-2.388191847070336493e+01,-5.249298428097107205e+01,5.376281166357307484e+01,-5.478001476250177859e+00
4.740000000000000213e+00,-2.400903673493205659e+01,-5.122224937867576244e+01,5.383807899549046283e+01,-5.311997836246153071e+00
4.750000000000000000e+00,-2.410504911346668422e+01,-4.986865090928888122e+01,5.392982560768552958e+01,-5.160765031373572675e+00
4.759999999999999787e+00,-2.416772518173031870e+01,-4.845876608174953049e+01,5.403712343179814326e+01,-5.025531892196185346e+00
4.769999999999999574e+00,-2.419553910368700045e+01,-4.702313568215519979e+01,5.415890366400224565e+01,-4.907607539962988596e+00
4.780000000000000249e+00,-2.418788064467617005e+01,-4.559503313629411281e+01,5.429390905256023814e+01,-4.808335360474013775e+00
4.790000000000000036e+00,-2.414519187292393099e+01,-4.420869043946572674e+01,5.444066509827729305e+01,-4.729035023926391190e+00
4.799999999999999822e+00,-2.406899663640688303e+01,-4.289723326551351335e+01,5.459747209202843266e+01,-4.670939518485596409e+00
4.809999999999999609e+00,-2.396181224117861319e+01,-4.169065903875056733e+01,5.476241759290381594e+01,-4.635134200195156318e+00
4.820000000000000284e+00,-2.382695840504226581e+01,-4.061418225953779171e+01,5.493340675845190191e+01,-4.622504178221535476e+00
4.830000000000000071e+00,-2.366829896350148843e+01,-3.968717620511078792e+01,5.510820608463559012e+01,-4.633695015926466709e+00
4.839999999999999858e+00,-2.348996101085356258e+01,-3.892279750731333365e+01,5.528449479030775393e+01,-4.669089856759438995e+00
4.849999999999999645e+00,-2.329607320172861762e+01,-3.832824039166457908e+01,5.545991744886642039e+01,-4.728803861111685158e+00
4.860000000000000320e+00,-2.309055330602015843e+01,-3.790546931727936197e+01,5.563213163246627602e+01,-4.812694502842763455e+00
4.870000000000000107e+00,-2.287696019993498808e+01,-3.765223701294647896e+01,5.579884531650112933e+01,-4.920384098536836781e+00
4.879999999999999893e+00,-2.265841195651887219e+01,-3.756320210241343460e+01,5.595784052010549203e+01,-5.051289216179006836e+00
4.889999999999999680e+00,-2.243756213417375989e+01,-3.763099799616514929e+01,5.610698195258759569e+01,-5.204650592866991943e+00
4.900000000000000355e+00,-2.221662123234782982e+01,-3.784715334208600979e+01,5.624421202134132614e+01,-5.379557073693456815e+00
4.910000000000000142e+00,-2.199740877498851077e+01,-3.820281054064441406e+01,5.636753609299735501e+01,-5.574957950042604082e+00
4.919999999999999929e+00,-2.178142234280930012e+01,-3.868922592476550903e+01,5.647500402229189831e+01,-5.789659880048760421e+00
4.929999999999999716e+00,-2.156991197849920638e+01,-3.929806161081954485e+01,5.656469533477586253e+01,-6.022307138295033724e+00
4.940000000000000391e+00,-2.136395095321044124e+01,-4.002149593593507859e+01,5.663471580678611161e+01,-6.271346968784655473e+00
4.950000000000000178e+00,-2.116449646206456592e+01,-4.085218888205647403e+01,5.668321237956244829e+01,-6.534984919393409974e+00
4.959999999999999964e+00,-2.097243619569219319e+01,-4.178314288096258622e+01,5.670841136587959852e+01,-6.811137785232945774e+00
4.969999999999999751e+00,-2.078861881946932044e+01,-4.280749936218799689e+01,5.670868190477751369e+01,-7.097393752340048323e+00
4.980000000000000426e+00,-2.061386813485069069e+01,-4.391830841606327596e+01,5.668262289687291400e+01,-7.390990137205213806e+00
4.990000000000000213e+00,-2.044898206635941307e+01,-4.510830386519292290e+01,5.662916765296951382e+01,-7.688818499925726080e+00
5.000000000000000000e+00,-2.029471859572110404e+01,-4.636970969116169528e+01,5.654769675728231704e+01,-7.987464775955102070e+00
5.009999999999999787e+00,-2.015177135886727200e+01,-4.769409696916676467e+01,5.643814676569605382e+01,-8.283288544371746553e+00
5.019999999999999574e+00,-2.002073787444544450e+01,-4.907230398679666195e+01,5.630110085930332531e+01,-8.572540984402694519e+00
5.030000000000000249e+00,-1.990208336150668345e+01,-5.049442667186458777e+01,5.613784782962979136e+01,-8.851516034980434711e+00
5.040000000000000036e+00,-1.979610293153846001e+01,-5.194988218087827647e+01,5.595039791126016837e+01,-9.116724474194816352e+00
5.049999999999999822e+00,-1.970288471604949265e+01,-5.342754554794370847e+01,5.574144782103194729e+01,-9.365076809551345249e+00
5.059999999999999609e+00,-1.962227631404499562e+01,-5.491595739840158075e+01,5.551429243106978362e+01,-9.594058629402011817e+00
5.070000000000000284e+00,-1.955385688338203565e+01,-5.640359936615361391e+01,5.527268609331962068e+01,-9.801881774277433124e+00
5.080000000000000071e+00,-1.949691728218592957e+01,-5.787923231400463919e+01,5.502066195737237564e+01,-9.987596378502697547e+00
5.089999999999999858e+00,-1.945045086288893188e+01,-5.933228996936199451e+01,5.476232196754534698e+01,-1.015115221151313918e+01
5.099999999999999645e+00,-1.941315774185579812e+01,-6.075331645312409279e+01,5.450161309020811728e+01,-1.029340226781605949e+01
5.110000000000000320e+00,-1.938346545833191925e+01,-6.213442995606857977e+01,5.424210650210870455e+01,-1.041604655262766244e+01
5.120000000000000107e+00,-1.935956869041610773e+01,-6.346978655642180911e+01,5.398679605048860708e+01,-1.052151886040144113e+01
5.129999999999999893e+00,-1.933948988276768688e+01,-6.475600867721550458e+01,5.373793057896938308e+01,-1.061282357586107850e+01
5.139999999999999680e+00,-1.932116106725111138e+01,-6.599253370278694319e+01,5.349689210235622738e+01,-1.069333288873906795e+01
5.150000000000000355e+00,-1.930252475571596804e+01,-6.718183249692840775e+01,5.326412869000736805e+01,-1.076655725831052735e+01
5.160000000000000142e+00,-1.928164871195027885e+01,-6.832944821726472640e+01,5.303914755168910489e+01,-1.083590358583448676e+01
5.169999999999999929e+00,-1.925684612303068732e+01,-6.944381578010258238e+01,5.282057033604556295e+01,-1.090443648793092990e+01
5.179999999999999716e+00,-1.922678992399665887e+01,-7.053584285935538389e+01,5.260624905178008959e+01,-1.097465839388079090e+01
5.190000000000000391e+00,-1.919060864644536935e+01,-7.161826282806038080e+01,5.239343725715677635e+01,-1.104832387957239348e+01
5.200000000000000178e+00,-1.914795187140846977e+01,-7.270480366663143457e+01,5.217900723391318252e+01,-1.112630253609704667e+01
5.209999999999999964e+00,-1.909901641154391783e+01,-7.380924715462734298e+01,5.195969990683889961e+01,-1.120850250702984496e+01
5.219999999999999751e+00,-1.904452930121857790e+01,-7.494447189107876284e+01,5.173239062542104705e+01,-1.129386339059486311e+01
5.230000000000000426e+00,-1.898568949283622942e+01,-7.612157656395760341e+01,5.149435111073488258e+01,-1.138042241545012168e+01
5.240000000000000213e+00,-1.892407550572240282e+01,-7.734916566420820061e+01,5.124348651042540581e+01,-1.146545185277874168e+01
5.250000000000000000e+00,-1.886152997596322578e+01,-7.863285261601176046e+01,5.097852716389179761e+01,-1.154565904237250606e+01
5.259999999999999787e+00,-1.880003348464363810e+01,-7.997500238934854622e+01,5.069915768644634824e+01,-1.161743400300992057e+01
5.269999999999999574e+00,-1.874157925566383653e+01,-8.137470488713405814e+01,5.040607126772374613e+01,-1.167712434385925491e+01
5.280000000000000249e+00,-1.868805792126958210e+01,-8.282794758596091356e+01,5.010094411583887108e+01,-1.172131401203558276e+01
5.290000000000000036e+00,-1.864115841510323079e+01,-8.432794363003866067e+01,4.978633283311231139e+01,-1.174708192494060732e+01
5.299999999999999822e+00,-1.860228797938851386e+01,-8.586556928207055250e+01,4.946550503426119860e+01,-1.175221889421220389e+01
5.309999999999999609e+00,-1.857251182814831836e+01,-8.742986971024295428e+01,4.914221961018165530e+01,-1.173538607141493451e+01
5.320000000000000284e+00,-1.855251145135165558e+01,-8.900860115924810145e+01,4.882047689176125971e+01,-1.169620461494810648e+01
5.330000000000000071e+00,-1.854255987709592191e+01,-9.058878748264947944e+01,4.850426023075957005e+01,-1.163527334007762448e+01
5.339999999999999858e+00,-1.854251226473378367e+01,-9.215727744885735717e+01,4.819728933268915938e+01,-1.155411773450589585e+01
5.349999999999999645e+00,-1.855181073482707177e+01,-9.370129471728793646e+01,4.790280258735496943e+01,-1.145507910175915889e+01
5.360000000000000320e+00,-1.856950308319598264e+01,-9.520897425310830897e+01,4.762338139510356427e+01,-1.134115629709797624e+01
5.370000000000000107e+00,-1.859427571451696082e+01,-9.666987718821232534e+01,4.736082484073802590e+01,-1.121581448367895462e+01
5.379999999999999893e+00,-1.862450152411071613e+01,-9.807547127415038801e+01,4.711607863358884885e+01,-1.108277579197260998e+01
5.389999999999999680e+00,-1.865830334523400325e+01,-9.941955718923054519e+01,4.688921838877375592e+01,-1.094580610548879918e+01
5.400000000000000355e+00,-1.869363281228824647e+01,-1.006986137172439157e+02,4.667948420896890838e+01,-1.080851083667337420e+01
5.410000000000000142e+00,-1.872836302071392467e+01,-1.019120294077469708e+02,4.648536109166909824e+01,-1.067415083222889827e+01
5.419999999999999929e+00,-1.876039130511740893e+01,-1.030621872455710673e+02,4.630469779139438913e+01,-1.054548765357302997e+01
5.429999999999999716e+00,-1.878774612482117945e+01,-1.041543743336108321e+02,4.613485526216604882e+01,-1.042466547240283603e+01
5.440000000000000391e+00,-1.880868995338434502e+01,-1.051965018085075627e+02,4.597287461162164846e+01,-1.031313466053443584e+01
5.450000000000000178e+00,-1.882180883635661672e+01,-1.061986404739265595e+02,4.581565363587764494e+01,-1.021161976073991795e+01
5.459999999999999964e+00,-1.882607946484448647e+01,-1.071724019575832187e+02,4.566012059402865475e+01,-1.012013186235344797e+01
5.469999999999999751e+00,-1.882090648935313482e+01,-1.081302186282212148e+02,4.550339410133734930e+01,-1.003802252830073627e+01
5.480000000000000426e+00,-1.880612620833256088e+01,-1.090845924001260556e+02,4.534291904091508485e+01,-9.964073507579190192e+00
5.490000000000000213e+00,-1.878197709163778839e+01,-1.100473883739600751e+02,4.517657030402448015e+01,-9.896613807553885422e+00
5.500000000000000000e+00,-1.874904192813742299e+01,-1.110292422258031451e+02,4.500271891861299878e+01,-9.833653640806520713e+00
5.509999999999999787e+00,-1.870816979847536388e+01,-1.120391319874020297e+02,4.482025849985008392e+01,-9.773023629715179794e+00
5.519999999999999574e+00,-1.866038792956714687e+01,-1.130841397795530128e+02,4.462859359619000088e+01,-9.712507674739448760e+00
5.530000000000000249e+00,-1.860681359607900731e+01,-1.141694027870764785e+02,4.442759496635779470e+01,-9.649959130525941120e+00
5.540000000000000036e+00,-1.854857484124745071e+01,-1.152982303154841759e+02,4.421752966413490782e+01,-9.583392257755326327e+00
5.549999999999999822e+00,-1.848674642040379013e+01,-1.164723483030890492e+02,4.399897567380278218e+01,-9.511044027731029971e+00
5.559999999999999609e+00,-1.842230462306581629e+01,-1.176922251175840586e+02,4.377273152625232910e+01,-9.431404838168091942e+00
5.570000000000000284e+00,-1.835610200350622634e+01,-1.189574319925439880e+02,4.353973080984693667e+01,-9.343220105511401030e+00
5.580000000000000071e+00,-1.828886086371723252e+01,-1.202669962277434195e+02,4.330096991396921879e+01,-9.245467627074882344e+00
5.589999999999999858e+00,-1.822118272266865091e+01,-1.216197132630690021e+02,4.305745497476448236e+01,-9.137317750899120128e+00
5.599999999999999645e+00,-1.815356997547803530e+01,-1.230143932287389532e+02,4.281017116882190976e+01,-9.018084576813002684e+00
5.610000000000000320e+00,-1.808645543053291149e+01,-1.244500273639158081e+02,4.256007457248685455e+01,-8.887176593796395352e+00
5.620000000000000107e+00,-1.802023532788891558e+01,-1.259258690173376607e+02,4.230810409436651298e+01,-8.744054405059850765e+00
5.629999999999999893e+00,-1.795530171170728195e+01,-1.274414323172405403e+02,4.205520876173398648e+01,-8.588201659696583334e+00
5.639999999999999680e+00,-1.789207058737486022e+01,-1.289964186707045428e+02,4.180238409121434273e+01,-8.419113215614965284e+00
5.650000000000000355e+00,-1.783100307657742789e+01,-1.305905867134173377e+02,4.155071051422161332e+01,-8.236302156486262405e+00
5.660000000000000142e+00,-1.777261771810269053e+01,-1.322235849109417813e+02,4.130138688932882474e+01,-8.039324843549769284e+00
5.669999999999999929e+00,-1.771749306144038627e+01,-1.338947675475457686e+02,4.105575296549735498e+01,-7.827820960739493295e+00
5.679999999999999716e+00,-1.766626066768145620e+01,-1.356030143450730918e+02,4.081529613224558517e+01,-7.601563735496235097e+00
5.690000000000000391e+00,-1.761958947465082659e+01,-1.373465716749166461e+02,4.058163971054616326e+01,-7.360514357365032012e+00
5.700000000000000178e+00,-1.757816312733149999e+01,-1.391229297154328037e+02,4.035651216407549668e+01,-7.104874163753230221e+00
5.709999999999999964e+00,-1.754265228039723468e+01,-1.409287455566274332e+02,4.014169869555069425e+01,-6.835128419648768272e+00
5.719999999999999751e+00,-1.751368404597908324e+01,-1.427598177799411872e+02,3.993897851172692981e+01,-6.552076401804253436e+00
5.730000000000000426e+00,-1.749181072097859868e+01,-1.446111139697767953e+02,3.975005242196407806e+01,-6.256843855128757070e+00
5.740000000000000213e+00,-1.747747974287548445e+01,-1.464768492964460336e+02,3.957646628228120989e+01,-5.950875527518682873e+00
5.750000000000000000e+00,-1.747100655889141407e+01,-1.483506118866843337e+02,3.941953609177652140e+01,-5.635907211678389928e+00
5.759999999999999787e+00,-1.747255181297958870e+01,-1.502255291063780192e+02,3.928028034157990334e+01,-5.313918357295800199e+00
5.769999999999999574e+00,-1.748210400410776089e+01,-1.520944679073399470e+02,3.915936460393537999e+01,-4.987067740084388134e+00
5.780000000000000249e+00,-1.749946857014614210e+01,-1.539502617389568968e+02,3.905706244431168273e+01,-4.657615815962807382e+00
5.790000000000000036e+00,-1.752426420178488087e+01,-1.557859558894492977e+02,3.897323564923718209e+01,-4.327838227363231205e+00
5.799999999999999822e+00,-1.755592706486780585e+01,-1.575950622514766337e+02,3.890733556979132146e+01,-3.999935474679345404e+00
5.809999999999999609e+00,-1.759372346446887292e+01,-1.593718132707891755e+02,3.885842613937192169e+01,-3.675944041402590123e+00
5.820000000000000284e+00,-1.763677126787484895e+01,-1.611114032647203373e+02,3.882522786549102278e+01,-3.357654282865886852e+00
5.830000000000000071e+00,-1.768407006615281318e+01,-1.628102036100094097e+02,3.880618084079533503e+01,-3.046540155571128672e+00
5.839999999999999858e+00,-1.773453956052022562e+01,-1.644659369080848990e+02,3.879952359796297401e+01,-2.743705359763844331e+00
5.849999999999999645e+00,-1.778706500627261278e+01,-1.660777947017894860e+02,3.880338349848658197e+01,-2.449849668094101318e+00
5.860000000000000320e+00,-1.784054777358273824e+01,-1.676464842573709575e+02,3.881587337732042187e+01,-2.165258104032665720e+00
5.870000000000000107e+00,-1.789395828198579963e+01,-1.691741928616847019e+02,3.883518846904173216e+01,-1.889814231823579105e+00
5.879999999999999893e+00,-1.794638787018807946e+01,-1.706644632605526795e+02,3.885969732994340120e+01,-1.623037188737754821e+00
5.889999999999999680e+00,-1.799709573509763061e+01,-1.721219810739240756e+02,3.888802064112361023e+01,-1.364140347651883411e+00
5.900000000000000355e+00,-1.804554706035848710e+01,-1.735522835220889704e+02,3.891909248251029396e+01,-1.112107807586322217e+00
5.910000000000000142e+00,-1.809143894389708151e+01,-1.749614073580074773e+02,3.895219989186976051e+01,-8.657834608801269205e-01
5.919999999999999929e+00,-1.813471171923005087e+01,-1.763555010426292995e+02,3.898699817338528106e+01,-6.239663598359912466e-01
5.929999999999999716e+00,-1.817554462940580962e+01,-1.777404305440908274e+02,3.902350133333413851e+01,-3.855056414984273094e-01
5.940000000000000391e+00,-1.821433634597041262e+01,-1.791214087896410945e+02,3.906204898426887695e+01,-1.493884327079802732e-01
5.950000000000000178e+00,-1.825167227474283749e+01,1.794973244015736498e+02,3.910325285073037804e+01,8.518507318031141862e-02
5.959999999999999964e+00,-1.828828172146708653e+01,1.781127514845749999e+02,3.914792743295058841e+01,3.187439078709549678e-01
5.969999999999999751e+00,-1.832498864589273069e+01,1.767232433987847458e+02,3.919701030401080288e+01,5.515089298246649285e-01
5.980000000000000426e+00,-1.836265986225058455e+01,1.753286395814903358e+02,3.925147787243304975e+01,7.833769513562078846e-01
5.990000000000000213e+00,-1.840215420241615973e+01,1.739302464148993010e+02,3.931226225764640958e+01,1.013925948077077699e+00
6.000000000000000000e+00,-1.844427547568401238e+01,1.725307646801294936e+02,3.938017428720933566e+01,1.242439479823878257e+00
6.009999999999999787e+00,-1.848973119879929428e+01,1.711341601493553526e+02,3.945583666100841214e+01,1.467947364187642600e+00
6.019999999999999574e+00,-1.853909818637450257e+01,1.697454926558313844e+02,3.953963018328168744e+01,1.689278946142254378e+00
6.030000000000000249e+00,-1.859279530439535932e+01,1.683707182264478206e+02,3.963165477514049684e+01,1.905124997789967356e+00
6.040000000000000036e+00,-1.865106307164649735e+01,1.670164767010821265e+02,3.973170586205082344e+01,2.114104318599237864e+00
6.049999999999999822e+00,-1.871394937655732349e+01,1.656898742743122455e+02,3.983926576575282041e+01,2.314831421594490291e+00
6.059999999999999609e+00,-1.878130036021030236e+01,1.643982670758161646e+02,3.995350897065615925e+01,2.505982206514159039e+00
6.070000000000000284e+00,-1.885275548283609126e+01,1.631490486371679083e+02,4.007331960603899290e+01,2.686355157504470181e+00
6.080000000000000071e+00,-1.892774591793140360e+01,1.619494411507092764e+02,4.019731919065182524e+01,2.854926285544611808e+00
6.089999999999999858e+00,-1.900549568294911751e+01,1.608062880218753889e+02,4.032390261139673981e+01,3.010896696818955220e+00
6.099999999999999645e+00,-1.908502529828558281e+01,1.597258435458246311e+02,4.045128042376333610e+01,3.153732248484313327e+00
6.110000000000000320e+00,-1.916515824535298762e+01,1.587135548251161765e+02,4.057752582640505778e+01,3.283195203577074395e+00
6.120000000000000107e+00,-1.924453103865051062e+01,1.577738315552779795e+02,4.070062502089815126e+01,3.399368080902796851e+00
6.129999999999999893e+00,-1.932160828477344694e+01,1.569098013344289768e+02,4.081853005506204113e+01,3.502669994519772789e+00
6.139999999999999680e+00,-1.939470459201118402e+01,1.561230519571003299e+02,4.092921359276179061e+01,3.593865693746932877e+00
6.150000000000000355e+00,-1.946201550059366525e+01,1.554133678251066044e+02,4.103072528449777678e+01,3.674067277242667018e+00
6.160000000000000142e+00,-1.952165957750074554e+01,1.547784749119369394e+02,4.112124947206910974e+01,3.744728219322648322e+00
6.169999999999999929e+00,-1.957173330286358492e+01,1.542138168959835980e+02,4.119916381034008168e+01,3.807628992608012464e+00
6.179999999999999716e+00,-1.961037924213999162e+01,1.537123927260764447e+02,4.126309802565504725e+01,3.864853292556179376e+00
6.190000000000000391e+00,-1.963586621971677815e+01,1.532646909712166803e+02,4.131199148945847810e+01,3.918753761905660493e+00
6.200000000000000178e+00,-1.964667791927124085e+01,1.528587564823499747e+02,4.134514764343227000e+01,3.971906256164154936e+00
6.209999999999999964e+00,-1.964160387632296079e+01,1.524804181078622207e+02,4.136228267871626940e+01,4.027052131083864062e+00
6.219999999999999751e+00,-1.961982473317605979e+01,1.521136915751710603e+02,4.136356537469826833e+01,4.087028767777336036e+00
6.230000000000000426e+00,-1.958098251648064902e+01,1.517413502814226263e+02,4.134964476743578388e+01,4.154689523817681973e+00
6.240000000000000213e+00,-1.952522709138663615e+01,1.513456320477759220e+02,4.132166244145107470e+01,4.232815400305259601e+00
6.250000000000000000e+00,-1.945323204643521109e+01,1.509090270989394185e+02,4.128124676918041303e+01,4.324021798653228110e+00
6.259999999999999787e+00,-1.936617681476628050e+01,1.504150772194152808e+02,4.123048734354740219e+01,4.430664646121471151e+00
6.269999999999999574e+00,-1.926569614379979711e+01,1.498491123019263398e+02,4.117188907860892755e+01,4.554750750701940021e+00
6.280000000000000249e+00,-1.915380214679070647e+01,1.491988594308922700e+02,4.110830685419971076e+01,4.697857402065253929e+00
6.290000000000000036e+00,-1.903278722393718070e+01,1.484548789051402764e+02,4.104286298551832601e+01,4.861065927654217411e+00
6.299999999999999822e+00,-1.890511758208552706e+01,1.476108063358334164e+02,4.097885104016041424e+01,5.044913173839724152e+00
6.309999999999999609e+00,-1.877332683284891246e+01,1.466634045002301150e+02,4.091963046596683995e+01,5.249363806003321642e+00
6.320000000000000284e+00,-1.863991755017121577e+01,1.456124483152472351e+02,4.086851704895307336e+01,5.473805044820402976e+00
6.330000000000000071e+00,-1.850727629962735676e+01,1.444604785334844337e+02,4.082867437036370006e+01,5.717064128776723209e+00
6.339999999999999858e+00,-1.837760511844621902e+01,1.432124642404448878e+02,4.080301121348169602e+01,5.977447550050911218e+00
6.349999999999999645e+00,-1.825287019826646429e+01,1.418754123321338056e+02,4.079408936522627016e+01,6.252800050383704900e+00
6.360000000000000320e+00,-1.813476686820016681e+01,1.404579560997947283e+02,4.080404556583255271e+01,6.540580535199722156e+00
6.370000000000000107e+00,-1.802469896553535023e+01,1.389699471140614833e+02,4.083453057901417793e+01,6.837951470331804060e+00
6.379999999999999893e+00,-1.792377024841619715e+01,1.374220666048857424e+02,4.088666755836266020e+01,7.141877932251547101e+00
6.389999999999999680e+00,-1.783278550998429779e+01,1.358254656602163379e+02,4.096103111188021728e+01,7.449232237491420605e+00
6.400000000000000355e+00,-1.775225933948763313e+01,1.341914384001687210e+02,4.105764771781511513e+01,7.756899929596686505e+00
6.410000000000000142e+00,-1.768243090074612311e+01,1.325311289564642152e+02,4.117601739555593099e+01,8.061882821722623049e+00
6.419999999999999929e+00,-1.762328354978371792e+01,1.308552714441230762e+02,4.131515574655866629e+01,8.361394780479844968e+00
6.429999999999999716e+00,-1.757456851062500292e+01,1.291739618450577893e+02,4.147365461980444934e+01,8.652946026834218429e+00
6.440000000000000391e+00,-1.753583211773336004e+01,1.274964614547047006e+02,4.164975871725384593e+01,8.934411985721833815e+00
6.450000000000000178e+00,-1.750644628383562207e+01,1.258310328722485707e+02,4.184145447046188337e+01,9.204083212821370097e+00
6.459999999999999964e+00,-1.748564184982939906e+01,1.241848110347142864e+02,4.204656656955695126e+01,9.460693730011707103e+00
6.469999999999999751e+00,-1.747254432347999753e+01,1.225637130999463267e+02,4.226285673087275541e+01,9.703426241343683145e+00
6.480000000000000426e+00,-1.746621123871394232e+01,1.209723916871185878e+02,4.248811879390638779e+01,9.931894154047034462e+00
6.490000000000000213e+00,-1.746567001068968494e+01,1.194142357523855082e+02,4.272026418202764830e+01,1.014610200187980382e+01
6.500000000000000000e+00,-1.746995478632985055e+01,1.178914219827632195e+02,4.295739224767778097e+01,1.034638760377352007e+01
6.509999999999999787e+00,-1.747814047342125932e+01,1.164050169705996183e+02,4.319784108799269262e+01,1.053335088575200018e+01
6.519999999999999574e+00,-1.748937195618857743e+01,1.149551267397516625e+02,4.344021601115983344e+01,1.070777553114164071e+01
6.530000000000000249e+00,-1.750288654343720651e+01,1.135410858268987226e+02,4.368339481937677249e+01,1.087055031123658821e+01
6.540000000000000036e+00,-1.751802799147641565e+01,1.121616736765691940e+02,4.392651124131592155e+01,1.102259695650614191e+01
6.549999999999999822e+00,-1.753425100107703116e+01,1.108153422992955512e+02,4.416891994604265648e+01,1.116481071609163855e+01
6.559999999999999609e+00,-1.755111586114830047e+01,1.095004366587951949e+02,4.441014835191755594e+01,1.129801837644111195e+01
6.570000000000000284e+00,-1.756827381484522022e+01,1.082153886177249120e+02,4.464984169669357783e+01,1.142295661105279869e+01
6.580000000000000071e+00,-1.758544464348888425e+01,1.069588667238098338e+02,4.488770841361078112e+01,1.154027131790865290e+01
6.589999999999999858e+00,-1.760238878327925249e+01,1.057298675787781548e+02,4.512347269794783955e+01,1.165053630668147200e+01
6.599999999999999645e+00,-1.761887691046631943e+01,1.045277396385950368e+02,4.535684026506567790e+01,1.175428756338155267e+01
6.610000000000000320e+00,-1.763466028576306499e+01,1.033521365002155079e+02,4.558748178167861198e+01,1.185206756258662786e+01
6.620000000000000107e+00,-1.764944520721946475e+01,1.022029034324310715e+02,4.581503644172796896e+01,1.194447289474168628e+01
6.629999999999999893e+00,-1.766287468047880083e+01,1.010799075371568421e+02,4.603913584538739912e+01,1.203219795683614812e+01
6.639999999999999680e+00,-1.767451989188869987e+01,9.998282798938650728e+01,4.625944594400520771e+01,1.211606769043016385e+01
6.650000000000000355e+00,-1.768388328698911849e+01,9.891092786104928791e+01,4.647572257278152819e+01,1.219705334782321771e+01
6.660000000000000142e+00,-1.769041404411289164e+01,9.786283264759748590e+01,4.668787424561620014e+01,1.227626695866167772e+01
6.669999999999999929e+00,-1.769353553365257170e+01,9.683634230068220461e+01,4.689602465044782065e+01,1.235493241164795819e+01
6.679999999999999716e+00,-1.769268304012817694e+01,9.582830280446877680e+01,4.710056682653906535e+01,1.243433364185185575e+01
6.690000000000000391e+00,-1.768734871209468551e+01,9.483455966180406449e+01,4.730220141646895371e+01,1.251574304931195947e+01
6.700000000000000178e+00,-1.767712955721517787e+01,9.385000887776253364e+01,4.750195265191567273e+01,1.260033566977891795e+01
6.709999999999999964e+00,-1.766177351117490701e+01,9.286875141393612410e+01,4.770115773033094086e+01,1.268909649154366726e+01
6.719999999999999751e+00,-1.764121836675722932e+01,9.188434554126494902e+01,4.790142774836198214e+01,1.278272944366180042e+01
6.730000000000000426e+00,-1.761561877814257926e+01,9.089013957028217305e+01,4.810458109202190968e+01,1.288157684948408210e+01
6.740000000000000213e+00,-1.758535766492381924e+01,8.987965699961175403e+01,4.831255284071276890e+01,1.298555753987838735e+01
6.750000000000000000e+00,-1.755103999748455124e+01,8.884699905716125556e+01,4.852728605251408567e+01,1.309413045600247472e+01
6.759999999999999787e+00,-1.751346889014192243e+01,8.778722721121120287e+01,4.875061256376506691e+01,1.320628862408499238e+01
6.769999999999999574e+00,-1.747360583285652424e+01,8.669669084510957191e+01,4.898413204970423607e+01,1.332058607269648220e+01
6.780000000000000249e+00,-1.743251844532510475e+01,8.557327220348034302e+01,4.922909853339007213e+01,1.343519779747512644e+01
6.790000000000000036e+00,-1.739132012438219732e+01,8.441653037663633086e+01,4.948632333707526954e+01,1.354801043123009485e+01
6.799999999999999822e+00,-1.735110630484118133e+01,8.322773656902631956e+01,4.975610271002705787e+01,1.365673896983754787e+01
6.809999999999999609e+00,-1.731289183504573970e+01,8.200980242951887078e+01,5.003817710036167199e+01,1.375906281579853108e+01
6.820000000000000284e+00,-1.727755335217512211e+01,8.076711060218863736e+01,5.033172730273342665e+01,1.385277259508399794e+01
6.830000000000000071e+00,-1.724577973904502670e+01,7.950526142574778987e+01,5.063541052369942719e+01,1.393591775759383289e+01
6.839999999999999858e+00,-1.721803294456116973e+01,7.823075209977700695e+01,5.094743677862543763e+01,1.400694400588229804e+01
6.849999999999999645e+00,-1.719452078414139251e+01,7.695060535992566031e+01,5.126568302407912370e+01,1.406480927557529803e+01
6.860000000000000320e+00,-1.717518285538748657e+01,7.567196468295648515e+01,5.158783917457140689e+01,1.410906750502994633e+01
6.870000000000000107e+00,-1.715969038214478459e+01,7.440167314320591174e+01,5.191157689805746145e+01,1.413991095145640386e+01
6.879999999999999893e+00,-1.714746054984588497e+01,7.314585387163896257e+01,5.223472918515589924e+01,1.415816442061418101e+01
6.889999999999999680e+00,-1.713768559304936900e+01,7.190951183026746207e+01,5.255546656647559445e+01,1.416522841131878963e+01
6.900000000000000355e+00,-1.712937641227632568e+01,7.069617902790909625e+01,5.287245492741768516e+01,1.416297257519229902e+01
6.910000000000000142e+00,-1.712141973012550977e+01,6.950762759726036677e+01,5.318498045035602928e+01,1.415358560562356338e+01
6.919999999999999929e+00,-1.711264671097359980e+01,6.834367615862853995e+01,5.349302940840343723e+01,1.413939211216592540e+01
6.929999999999999716e+00,-1.710190962924886904e+01,6.720211326644995609e+01,5.379731419050080632e+01,1.412265059257324751e+01
6.940000000000000391e+00,-1.708816176131460907e+01,6.607875630978705317e+01,5.409924164304146643e+01,1.410534876911164659e+01
6.950000000000000178e+00,-1.707053448331893009e+01,6.496765449140548299e+01,5.440082496860382832e+01,1.408901300893632680e+01
6.959999999999999964e+00,-1.704840491947070191e+01,6.386143095954146531e+01,5.470454536073409457e+01,1.407454728206528038e+01
6.969999999999999751e+00,-1.702144769550210768e+01,6.275174355235175483e+01,5.501317368058889201e+01,1.406211438331360064e+01
6.980000000000000426e+00,-1.698966555254637711e+01,6.162982868234627887e+01,5.532956538999800244e+01,1.405106841761321235e+01
6.990000000000000213e+00,-1.695339567858960095e+01,6.048708173812293865e+01,5.565644348686895171e+01,1.403994336679048693e+01
7.000000000000000000e+00,-1.691329128868555998e+01,5.931562256068593086e+01,5.599618442192453927e+01,1.402649842407654646e+01
7.009999999999999787e+00,-1.687028073724543731e+01,5.810879722158917104e+01,5.635062116038871949e+01,1.400781706627667234e+01
7.019999999999999574e+00,-1.682550875721103978e+01,5.686157686208326822e+01,5.672087600897761916e+01,1.398045371588389685e+01
7.030000000000000249e+00,-1.678026589818276193e+01,5.557082854205049927e+01,5.710723384829377380e+01,1.394061933981728885e+01
7.040000000000000036e+00,-1.673591271080398712e+01,5.423544884193633209e+01,5.750906418131539510e+01,1.388439534002564457e+01
7.049999999999999822e+00,-1.669380477342675206e+01,5.285636538342485835e+01,5.792479798542722591e+01,1.380796348814321561e+01
7.059999999999999609e+00,-1.665522353778399278e+01,5.143642234281013259e+01,5.835196267943032922e+01,1.370783837106549363e+01
7.070000000000000284e+00,-1.662131652213571442e+01,4.998017247614995995e+01,5.878727547424970368e+01,1.358108789149379980e+01
7.080000000000000071e+00,-1.659304892236219331e+01,4.849360033886618027e+01,5.922679188207676759e+01,1.342552698782427179e+01
7.089999999999999858e+00,-1.657116747571560111e+01,4.698380022832427727e+01,5.966610224610577262e+01,1.323987018946234429e+01
7.099999999999999645e+00,-1.655617651828643488e+01,4.545862921346063956e+01,6.010056503794137228e+01,1.302383022662596446e+01
7.110000000000000320e+00,-1.654832564320246036e+01,4.392635171704744579e+01,6.052556177179776142e+01,1.277815290958066363e+01
7.120000000000000107e+00,-1.654760813576753975e+01,4.239528849117875353e+01,6.093675528418250309e+01,1.250458292683115502e+01
7.129999999999999893e+00,-1.655376933648890514e+01,4.087348011361115141e+01,6.133033145828551369e+01,1.220576084564228481e+01
7.139999999999999680e+00,-1.656632415210569675e+01,3.936837359856279761e+01,6.170320476664591069e+01,1.188505788110782468e+01
7.150000000000000355e+00,-1.658458299393720026e+01,3.788654030383154492e+01,6.205317053607109301e+01,1.154636113173947720e+01
7.160000000000000142e+00,-1.660768538822066986e+01,3.643343371227553718e+01,6.237899150059273978e+01,1.119382705514585830e+01
7.169999999999999929e+00,-1.663464032100794654e+01,3.501319636779984279e+01,6.268041249161414186e+01,1.083162416258294414e+01
7.179999999999999716e+00,-1.666437203506387732e+01,3.362852564226390228e+01,6.295810418280337473e+01,1.046368671393500627e+01
7.190000000000000391e+00,-1.669576951602216042e+01,3.228060747437353228e+01,6.321354366653024215e+01,1.009349947284228399e+01
7.200000000000000178e+00,-1.672773736236061737e+01,3.096912523461833189e+01,6.344884534786597641e+01,9.723929646917708780e+00
7.209999999999999964e+00,-1.675924523884748396e+01,2.969234715265834623e+01,6.366655950400939901e+01,9.357116651128547957e+00
7.219999999999999751e+00,-1.678937279647060876e+01,2.844729037910212099e+01,6.386945753397333903e+01,8.994424141076111212e+00
7.230000000000000426e+00,-1.681734692626121941e+01,2.722995325384752618e+01,6.406032245549580750e+01,8.636452715087367338e+00
7.240000000000000213e+00,-1.684256858161895565e+01,2.603560062065854552e+01,6.424176093978495317e+01,8.283106471966963369e+00
7.250000000000000000e+00,-1.686462716533581840e+01,2.485908119827284679e+01,6.441604963778587489e+01,7.933702681539386070e+00
7.259999999999999787e+00,-1.688330156097326551e+01,2.369515220538320932e+01,6.458502431992440052e+01,7.587111363967631306e+00
7.269999999999999574e+00,-1.689854814581302378e+01,2.253878544609182555e+01,6.475001594260530169e+01,7.241910551925939465e+00
7.280000000000000249e+00,-1.691047736298121862e+01,2.138543117243647274e+01,6.491183357051262703e+01,6.896543257692667517e+00
7.290000000000000036e+00,-1.691932146410429993e+01,2.023122092611660250e+01,6.507079039768251505e+01,6.549463452021915266e+00
7.299999999999999822e+00,-1.692539671763572429e+01,1.907309738871276750e+01,6.522676609060582109e+01,6.199260442333825338e+00
7.309999999999999609e+00,-1.692906364326208646e+01,1.790886692402411029e+01,6.537929642197633484e+01,5.844753692255227229e+00
7.320000000000000284e+00,-1.693068869141323418e+01,1.673717786018263709e+01,6.552767973490125542e+01,5.485053150352622531e+00
7.330000000000000071e+00,-1.693061031500582203e+01,1.555743374665569512e+01,6.567108921300811630e+01,5.119583355707739258e+00
7.339999999999999858e+00,-1.692911168956766232e+01,1.436965530578164341e+01,6.580868024530818161e+01,4.748072753848608940e+00
7.349999999999999645e+00,-1.692640154397085794e+01,1.317430742286227563e+01,6.593968333740964738e+01,4.370512564295880864e+00
7.360000000000000320e+00,-1.692260376506772346e+01,1.197210841252731228e+01,6.606347494198499248e+01,3.987091960787533029e+00
7.370000000000000107e+00,-1.691775570417544472e+01,1.076383825457410381e+01,6.617962109560036765e+01,3.598118047615940895e+00
7.379999999999999893e+00,-1.691181448102615548e+01,9.550160847542258580e+00,6.628789161887426928e+01,3.203929985248212375e+00
7.389999999999999680e+00,-1.690467006932455263e+01,8.331472886662828259e+00,6.638824557583649266e+01,2.804816566068143224e+00
7.400000000000000355e+00,-1.689616356378568085e+01,7.107788973103061458e+00,6.648079139758466738e+01,2.400945601382932004e+00
7.410000000000000142e+00,-1.688610877484322970e+01,5.878669187496097237e+00,6.656572728731073596e+01,1.992311791563301737e+00
7.419999999999999929e+00,-1.687431517889331900e+01,4.643191776433156726e+00,6.664326904047889855e+01,1.578707532289092663e+00
7.429999999999999716e+00,-1.686061027465915174e+01,3.399969987350349943e+00,6.671357313137870904e+01,1.159718628079951408e+00
7.440000000000000391e+00,-1.684485956234550486e+01,2.147208667224804746e+00,6.677666283140187886e+01,7.347444124673901955e-01
7.450000000000000178e+00,-1.682698266470087844e+01,8.827932734930831193e-01,6.683236431957128332e+01,3.030395547464769801e-01
7.459999999999999964e+00,-1.680696452665570462e+01,-3.955983010183705684e-01,6.688025837128522255e+01,-1.362269471847843971e-01
7.469999999999999751e+00,-1.678486112568957367e+01,-1.690371987783354513e+00,6.691965145267704429e+01,-5.839013109250225098e-01
7.480000000000000426e+00,-1.676079964825489554e+01,-3.003893007572625340e+00,6.694956810160472571e+01,-1.040769386572724997e+00
7.490000000000000213e+00,-1.673497358213867159e+01,-4.338370804590786278e+00,6.696876452877609154e+01,-1.507482293001092932e+00
7.500000000000000000e+00,-1.670763358752938998e+01,-5.695761919352297475e+00,6.697576158862591456e+01,-1.984489081826684265e+00
7.509999999999999787e+00,-1.667907530010577233e+01,-7.077696800400154586e+00,6.696889378527920655e+01,-2.471981241397008144e+00
7.519999999999999574e+00,-1.664962536577496621e+01,-8.485433745701994823e+00,6.694636989773427160e+01,-2.969852516173186352e+00
7.530000000000000249e+00,-1.661962700778396140e+01,-9.919840364612673156e+00,6.690634019792334186e+01,-3.477675976182263984e+00
7.540000000000000036e+00,-1.658942630059075185e+01,-1.138140046707856712e+01,6.684696512337941954e+01,-3.994698676173266350e+00
7.549999999999999822e+00,-1.655936010224120380e+01,-1.287024234194584515e+01,6.676648063684469037e+01,-4.519852746848354919e+00
7.559999999999999609e+00,-1.652974631570974040e+01,-1.438618310367669828e+01,6.666325629646622986e+01,-5.051780503047468507e+00
7.570000000000000284e+00,-1.650087684742870664e+01,-1.592878319191087044e+01,6.653584316713273950e+01,-5.588870252763426194e+00
7.580000000000000071e+00,-1.647301334092965774e+01,-1.749740514737850106e+01,6.638300998656794150e+01,-6.129299022553228227e+00
7.589999999999999858e+00,-1.644638551042761776e+01,-1.909127135312031598e+01,6.620376730076583272e+01,-6.671078403138660740e+00
7.599999999999999645e+00,-1.642119170011921270e+01,-2.070951638560486785e+01,6.599738044561193817e+01,-7.212100130073175741e+00
7.610000000000000320e+00,-1.639760115884464398e+01,-2.235123082183467247e+01,6.576337314194775274e+01,-7.750178760674784506e+00
7.620000000000000107e+00,-1.637575744878138551e+01,-2.401549465768283653e+01,6.550152399946573212e+01,-8.283089760974755578e+00
7.629999999999999893e+00,-1.635578239790869759e+01,-2.570139978577649487e+01,6.521185835559680299e+01,-8.808602324303070219e+00
7.639999999999999680e+00,-1.633778005198069394e+01,-2.740806215369216403e+01,6.489463763299664834e+01,-9.324507156652229511e+00
7.650000000000000355e+00,-1.632184017255398345e+01,-2.913462519198174761e+01,6.455034786066599395e+01,-9.828640157114728382e+00
7.660000000000000142e+00,-1.630804095100018358e+01,-3.088025680681798590e+01,6.417968828564653450e+01,-1.031890331017427975e+01
7.669999999999999929e+00,-1.629645075088055961e+01,-3.264414263846018827e+01,6.378356024068018115e+01,-1.079328415857951207e+01
7.679999999999999716e+00,-1.628712883866079508e+01,-3.442547838412427552e+01,6.336305576203609036e+01,-1.124987496369266182e+01
7.690000000000000391e+00,-1.628012520213892955e+01,-3.622346378670529532e+01,6.291944498213341319e+01,-1.168689215562811334e+01
7.700000000000000178e+00,-1.627547967527466710e+01,-3.803730043612899436e+01,6.245416112633062511e+01,-1.210269603413753892e+01
7.709999999999999964e+00,-1.627322067779239845e+01,-3.986619487359899949e+01,6.196878204713271998e+01,-1.249581002592459456e+01
7.719999999999999751e+00,-1.627336393135873394e+01,-4.170936769952359668e+01,6.146500760746349101e+01,-1.286493825483348807e+01
7.730000000000000426e+00,-1.627591152793761609e+01,-4.356606853953888248e+01,6.094463280950456863e+01,-1.320897983680506904e+01
7.740000000000000213e+00,-1.628085170001065762e+01,-4.543559589687489364e+01,6.040951725790149851e+01,-1.352703823470829647e+01
7.750000000000000000e+00,-1.628815957970675754e+01,-4.731732018604601109e+01,5.986155223244284684e+01,-1.381842421858632619e+01
7.759999999999999787e+00,-1.629779914019936626e+01,-4.921070766637190275e+01,5.930262721562676376e+01,-1.408265144949685777e+01
7.769999999999999574e+00,-1.630972639596309648e+01,-5.111534262563396425e+01,5.873459808438973795e+01,-1.431942437640380739e+01
7.780000000000000249e+00,-1.632389380837188142e+01,-5.303094504055798808e+01,5.815925927379110760e+01,-1.452861891467420818e+01
7.790000000000000036e+00,-1.634025571067465066e+01,-5.495738108030657543e+01,5.757832203269541793e+01,-1.471025715781506094e+01
7.799999999999999822e+00,-1.635877444324704655e+01,-5.689466422031286896e+01,5.699340043497126373e+01,-1.486447805905319086e+01
7.809999999999999609e+00,-1.637942678771876359e+01,-5.884294537332903730e+01,5.640600613570125432e+01,-1.499150651879752871e+01
7.820000000000000284e+00,-1.640221021756097386e+01,-6.080249127691349287e+01,5.581755204704926143e+01,-1.509162356493843760e+01
7.830000000000000071e+00,-1.642714845127792955e+01,-6.277365133530806673e+01,5.522936424445605041e+01,-1.516514028257639168e+01
7.839999999999999858e+00,-1.645429580750395715e+01,-6.475681411563355994e+01,5.464270059661807011e+01,-1.521237783764747320e+01
7.849999999999999645e+00,-1.648373991992792753e+01,-6.675235565127327675e+01,5.405877393194366931e+01,-1.523365537551841875e+01
7.860000000000000320e+00,-1.651560247028858441e+01,-6.876058251737873661e+01,5.347877708440597644e+01,-1.522928681838579656e+01
7.870000000000000107e+00,-1.655003773146450996e+01,-7.078167323461357796e+01,5.290390695480006400e+01,-1.519958671235341363e+01
7.879999999999999893e+00,-1.658722886804679320e+01,-7.281562186949723525e+01,5.233538480332502729e+01,-1.514488437707768398e+01
7.889999999999999680e+00,-1.662738210467740529e+01,-7.486218770454505034e+01,5.177447034937659254e+01,-1.506554478161666388e+01
7.900000000000000355e+00,-1.667071902843956366e+01,-7.692085455290188634e+01,5.122246785727859475e+01,-1.496199389617505560e+01
7.910000000000000142e+00,-1.671746742774288208e+01,-7.899080272461029040e+01,5.068072316869409377e+01,-1.483474582024565080e+01
7.919999999999999929e+00,-1.676785117645388823e+01,-8.107089587278203169e+01,5.015061152064529892e+01,-1.468442880724856536e+01
7.929999999999999716e+00,-1.682207974229376646e+01,-8.315968402873807008e+01,4.963351687029967252e+01,-1.451180740759327392e+01
7.940000000000000391e+00,-1.688033793051202736e+01,-8.525542314923001186e+01,4.913080424409411506e+01,-1.431779831788077040e+01
7.950000000000000178e+00,-1.694277646867471887e+01,-8.735611051285292206e+01,4.864378726287556987e+01,-1.410347810722046802e+01
7.959999999999999964e+00,-1.700950399953249104e+01,-8.945953437046138390e+01,4.817369341208481615e+01,-1.387008172499246506e+01
7.969999999999999751e+00,-1.708058098093346899e+01,-9.156333541464412917e+01,4.772162979911359315e+01,-1.361899149951468146e+01
7.980000000000000426e+00,-1.715601589920732906e+01,-9.366507691181207917e+01,4.728855206885443607e+01,-1.335171713528653825e+01
7.990000000000000213e+00,-1.723576408927877779e+01,-9.576231975487098680e+01,4.687523885711592442e+01,-1.306986793794446911e+01
8.000000000000000000e+00,-1.731972932401421517e+01,-9.785269826024115503e+01,4.648227369161672584e+01,-1.277511908630943793e+01
8.009999999999999787e+00,-1.740776818951923843e+01,-9.993399226930813484e+01,4.611003565332407561e+01,-1.246917419382811509e+01
8.019999999999999574e+00,-1.749969710518993082e+01,-1.020041910470710036e+02,4.575869944154671742e+01,-1.215372663934058828e+01
8.029999999999999361e+00,-1.759530168159885477e+01,-1.040615446321966573e+02,4.542824479647302383e+01,-1.183042219700283582e+01
8.039999999999999147e+00,-1.769434794253765020e+01,-1.061045987170568452e+02,4.511847456912030907e+01,-1.150082536672481481e+01
8.050000000000000711e+00,-1.779659477958940883e+01,-1.081322098509268699e+02,4.482904013050706027e+01,-1.116639151728173829e+01
8.060000000000000497e+00,-1.790180687133444337e+01,-1.101435387736510876e+02,4.455947231238008044e+01,-1.082844652761336945e+01
8.070000000000000284e+00,-1.800976719960336681e+01,-1.121380209803086956e+02,4.430921569847782138e+01,-1.048817507553356343e+01
8.080000000000000071e+00,-1.812028824712435693e+01,-1.141153151313822605e+02,4.407766386019615368e+01,-1.014661810926547325e+01
8.089999999999999858e+00,-1.823322097705100830e+01,-1.160752315587923107e+02,4.386419306978134358e+01,-9.804679382760840056e+00
8.099999999999999645e+00,-1.834846078256376956e+01,-1.180176447428229807e+02,4.366819213622045481e+01,-9.463140282168142292e+00
8.109999999999999432e+00,-1.846594975387522197e+01,-1.199423950961776626e+02,4.348908629212599664e+01,-9.122681563038948838e+00
8.119999999999999218e+00,-1.858567483179359670e+01,-1.218491865393563387e+02,4.332635350009265807e+01,-8.783910101609041732e+00
8.130000000000000782e+00,-1.870766168473573288e+01,-1.237374870633071282e+02,4.317953211671588321e+01,-8.447388381044486749e+00
8.140000000000000568e+00,-1.883196443714991020e+01,-1.256064396751871470e+02,4.304821951141252612e+01,-8.113664218980542131e+00
8.150000000000000355e+00,-1.895865166690074943e+01,-1.274547907946767680e+02,4.293206193513496061e+01,-7.783298217221860327e+00
8.160000000000000142e+00,-1.908778935422175493e+01,-1.292808423537422868e+02,4.283073661559590306e+01,-7.456886583255862178e+00
8.169999999999999929e+00,-1.921942168751845514e+01,-1.310824326396937352e+02,4.274392766595708082e+01,-7.135077324176013924e+00
8.179999999999999716e+00,-1.935355080103053638e+01,-1.328569494209960453e+02,4.267129788481042851e+01,-6.818578318727015919e+00
8.189999999999999503e+00,-1.949011663292213115e+01,-1.346013772166743081e+02,4.261245885966388869e+01,-6.508156392058963569e+00
8.199999999999999289e+00,-1.962897815210602559e+01,-1.363123787986951356e+02,4.256694194103794615e+01,-6.204627202354659588e+00
8.210000000000000853e+00,-1.976989721262734889e+01,-1.379864092013903019e+02,4.253417262135815946e+01,-5.908836448176882250e+00
8.220000000000000639e+00,-1.991252625876446203e+01,-1.396198586661867864e+02,4.251345063721055340e+01,-5.621633571338123581e+00
8.230000000000000426e+00,-2.005640102012282000e+01,-1.412092190659813298e+02,4.250393773142507570e+01,-5.343839718254385751e+00
8.240000000000000213e+00,-2.020093919482804168e+01,-1.427512664298672860e+02,4.250465448764975918e+01,-5.076212195243715364e+00
8.250000000000000000e+00,-2.034544590469721115e+01,-1.442432502644172700e+02,4.251448701599613855e+01,-4.819407978789401525e+00
8.259999999999999787e+00,-2.048912639986371076e+01,-1.456830785557969534e+02,4.253220356106081113e+01,-4.573948995750715341e+00
8.269999999999999574e+00,-2.063110607582691713e+01,-1.470694858495651545e+02,4.255648036576627646e+01,-4.340191853315475079e+00
8.279999999999999361e+00,-2.077045733966734176e+01,-1.484021709535409173e+02,4.258593540417417245e+01,-4.118304465259544855e+00
8.289999999999999147e+00,-2.090623224286742499e+01,-1.496818909715628081e+02,4.261916794668544384e+01,-3.908251592253244588e+00
8.300000000000000711e+00,-2.103749913470350918e+01,-1.509104999234608044e+02,4.265480139729731235e+01,-3.709790706578092845e+00
8.310000000000000497e+00,-2.116338096372823685e+01,-1.520909233945216101e+02,4.269152649819371703e+01,-3.522478840181450188e+00
8.320000000000000284e+00,-2.128309237168349100e+01,-1.532270655035208904e+02,4.272814187665940722e+01,-3.345690232422573906e+00
8.330000000000000071e+00,-2.139597249718375593e+01,-1.543236506625447930e+02,4.276358904164008123e+01,-3.178643729570706178e+00
8.339999999999999858e+00,-2.150151052817490083e+01,-1.553860094386436401e+02,4.279697932742014643e+01,-3.020438082379778066e+00
8.349999999999999645e+00,-2.159936155523730150e+01,-1.564198243391870733e+02,4.282761090701458784e+01,-2.870092623080322980e+00
8.359999999999999432e+00,-2.168935115366114275e+01,-1.574308564418737717e+02,4.285497480643646639e+01,-2.726590351960041847e+00
8.369999999999999218e+00,-2.177146825639290029e+01,-1.584246765291637473e+02,4.287874976697084151e+01,-2.588920279223819509e+00
8.380000000000000782e+00,-2.184584710913222949e+01,-1.594064242014152057e+02,4.289878673423690003e+01,-2.456115973994870139e+00
8.390000000000000568e+00,-2.191274023612812627e+01,-1.603806153057947199e+02,4.291508460469506758e+01,-2.327287659732076630e+00
8.400000000000000355e+00,-2.197248522258864512e+01,-1.613510124451425156e+02,4.292775954600608657e+01,-2.201645822119577378e+00
8.410000000000000142e+00,-2.202546862405252526e+01,-1.623205662419059081e+02,4.293701066128728172e+01,-2.078515093289888593e+00
8.419999999999999929e+00,-2.207209040503247621e+01,-1.632914275162040099e+02,4.294308495084347754e+01,-1.957338060053538387e+00
8.429999999999999716e+00,-2.211273202004132088e+01,-1.642650236085065103e+02,4.294624443133608338e+01,-1.837669523409735772e+00
8.439999999999999503e+00,-2.214773066238415566e+01,-1.652421864959257221e+02,4.294673792382909738e+01,-1.719162527595879730e+00
8.449999999999999289e+00,-2.217736142678299771e+01,-1.662233165451698085e+02,4.294477946496415655e+01,-1.601548109471204517e+00
8.460000000000000853e+00,-2.220182826749834604e+01,-1.672085638344758820e+02,4.294053459258091010e+01,-1.484611143539801947e+00
8.470000000000000639e+00,-2.222126377427168364e+01,-1.681980088569548286e+02,4.293411498012624605e+01,-1.368164847532605810e+00
8.480000000000000426e+00,-2.223573700249269791e+01,-1.691918258600709066e+02,4.292558111645008978e+01,-1.252026463889442276e+00
8.490000000000000213e+00,-2.224526793071261466e+01,-1.701904148039631650e+02,4.291495201785879487e+01,-1.135996360114266190e+00
8.500000000000000000e+00,-2.224984661416726084e+01,-1.711944916466271707e+02,4.290222037710621805e+01,-1.019842330011072384e+00
8.509999999999999787e+00,-2.224945478556750089e+01,-1.722051310839635221e+02,4.288737114584829868e+01,-9.032902768097509361e-01
8.519999999999999574e+00,-2.224408754533839883e+01,-1.732237606490188000e+02,4.287040134343435227e+01,-7.860217771798391206e-01
8.529999999999999361e+00,-2.223377289354478137e+01,-1.742521098165991020e+02,4.285133889791241302e+01,-6.676783270873060117e-01
8.539999999999999147e+00,-2.221858717896119018e+01,-1.752921220319825295e+02,4.283025854732137816e+01,-5.478714220887750397e-01
8.550000000000000711e+00,-2.219866504858910616e+01,-1.763458409485252503e+02,4.280729323375112472e+01,-4.261970866055793672e-01
8.560000000000000497e+00,-2.217420312047095976e+01,-1.774152842473878309e+02,4.278263996479041253e+01,-3.022530885161201497e-01
8.570000000000000284e+00,-2.214545730084544317e+01,-1.785023189928040210e+02,4.275655973894782136e+01,-1.756568901577104380e-01
8.580000000000000071e+00,-2.211273434063895849e+01,-1.796085515137340280e+02,4.272937176808954973e+01,-4.606240739458418443e-02
8.589999999999999858e+00,-2.207637879705934481e+01,1.792647575253508307e+02,4.270144281530102859e+01,8.682613411400887105e-02
8.599999999999999645e+00,-2.203675697216073104e+01,1.781167455379433875e+02,4.267317294236780612e+01,2.232445713490880113e-01
8.609999999999999432e+00,-2.199423960697303926e+01,1.769469644629044751e+02,4.264497928230388624e+01,3.633642246685877542e-01
8.619999999999999218e+00,-2.194918511219900026e+01,1.757553617207486241e+02,4.261727959205723693e+01,5.072926158643240591e-01
8.630000000000000782e+00,-2.190192493593695389e+01,1.745422296936762621e+02,4.259047729172750252e+01,6.550791589171162110e-01
8.640000000000000568e+00,-2.185275234516453224e+01,1.733081305752072296e+02,4.256494947193541378e+01,8.067249807399571315e-01
8.650000000000000355e+00,-2.180191547951154973e+01,1.720538053650132042e+02,4.254103897992997219e+01,9.621956168945606791e-01
8.660000000000000142e+00,-2.174961507245750170e+01,1.707800767431374140e+02,4.251905122004770021e+01,1.121435058267806317e+00
8.669999999999999929e+00,-2.169600677090667773e+01,1.694877555709199157e+02,4.249925577578051161e+01,1.284379521204082053e+00
8.679999999999999716e+00,-2.164120755621987513e+01,1.681775599242197927e+02,4.248189243261884940e+01,1.450969381432385186e+00
8.689999999999999503e+00,-2.158530540793651653e+01,1.668500539990090203e+02,4.246718070504143583e+01,1.621157941053774199e+00
8.699999999999999289e+00,-2.152837107888377233e+01,1.655056120982531809e+02,4.245533159362116038e+01,1.794916062934978296e+00
8.710000000000000853e+00,-2.147047068456535612e+01,1.641444103934616123e+02,4.244656005558044143e+01,1.972232170833808640e+00
8.720000000000000639e+00,-2.141167776181204374e+01,1.627664464586457029e+02,4.244109658780612193e+01,2.153107630117122806e+00
8.730000000000000426e+00,-2.135208352505363649e+01,1.613715839225806690e+02,4.243919640381123060e+01,2.337548041634172957e+00
8.740000000000000213e+00,-2.129180423696270807e+01,1.599596172088089077e+02,4.244114492778571446e+01,2.525551448474805838e+00
8.750000000000000000e+00,-2.123098489647024323e+01,1.585303494495520624e+02,4.244725870644422372e+01,2.717094824947451137e+00
8.759999999999999787e+00,-2.116979880359358646e+01,1.570836754455267794e+02,4.245788131602996884e+01,2.912120451632286500e+00
8.769999999999999574e+00,-2.110844295155332873e+01,1.556196611056224128e+02,4.247337437089874612e+01,3.110523855675572324e+00
8.779999999999999361e+00,-2.104712958323938921e+01,1.541386111585208312e+02,4.249410426994162293e+01,3.312144903320047629e+00
8.789999999999999147e+00,-2.098607459421332422e+01,1.526411180126985698e+02,4.252042579652001564e+01,3.516763380180774945e+00
8.800000000000000711e+00,-2.092548373831180442e+01,1.511280863063648212e+02,4.255266407102754300e+01,3.724100007205815910e+00
8.810000000000000497e+00,-2.086553777549049116e+01,1.496007297413239030e+02,4.259109660693958688e+01,3.933823351968831705e+00
8.820000000000000284e+00,-2.080637778765024848e+01,1.480605390275302398e+02,4.263593731813310228e+01,4.145562549375406469e+00
8.830000000000000071e+00,-2.074809188016992678e+01,1.465092219888519480e+02,4.268732425796454777e+01,4.358925190294976382e+00
8.839999999999999858e+00,-2.069070439544947959e+01,1.449486189452235863e+02,4.274531264318989798e+01,4.573519218074182824e+00
8.849999999999999645e+00,-2.063416860408843689e+01,1.433805982883958166e+02,4.280987434468617892e+01,4.788977234823613038e+00
8.859999999999999432e+00,-2.057836362349407366e+01,1.418069386447447187e+02,4.288090453907011579e+01,5.004981299157662988e+00
8.869999999999999218e+00,-2.052309605467787179e+01,1.402292051306809242e+02,4.295823564644410908e+01,5.221286123982506133e+00
8.880000000000000782e+00,-2.046810653526744517e+01,1.386486279215042714e+02,4.304165807227242624e+01,5.437738576497682885e+00
8.890000000000000568e+00,-2.041308108893846907e+01,1.370659916313447866e+02,4.313094667331933607e+01,5.654291550935682586e+00
8.900000000000000355e+00,-2.035766681895196584e+01,1.354815437837236516e+02,4.322589132850367122e+01,5.871010622876418950e+00
8.910000000000000142e+00,-2.030149116146178656e+01,1.338949298760437898e+02,4.332632956424482984e+01,6.088072383133335208e+00
8.919999999999999929e+00,-2.024418360478762580e+01,1.323051611576729556e+02,4.343217890385476210e+01,6.305753955431264934e+00
8.929999999999999716e+00,-2.018539852290919612e+01,1.307106192446012756e+02,4.354346651493919751e+01,6.524413878017440105e+00
8.939999999999999503e+00,-2.012483759823544460e+01,1.291090991528720906e+02,4.366035383554685723e+01,6.744465217118150946e+00
8.949999999999999289e+00,-2.006227025221210170e+01,1.274978894124293305e+02,4.378315416776538882e+01,6.966342416726061693e+00
8.960000000000000853e+00,-1.999755058598319835e+01,1.258738848836904225e+02,4.391234171448004986e+01,7.190463913243857697e+00
8.970000000000000639e+00,-1.993062956462607360e+01,1.242337250731026046e+02,4.404855115908600993e+01,7.417192903089000922e+00
8.980000000000000426e+00,-1.986156154393482609e+01,1.225739484837504278e+02,4.419256759141411806e+01,7.646798810892197373e+00
8.990000000000000213e+00,-1.979050470293223540e+01,1.208911521496186197e+02,4.434530729948825467e+01,7.879421951082237641e+00
9.000000000000000000e+00,-1.971771545533015058e+01,1.191821451838089416e+02,4.450779060902278417e+01,8.115043615159134305e+00
9.009999999999999787e+00,-1.964353740751033683e+01,1.174440859633836709e+02,4.468110850168383763e+01,8.353463380833566987e+00
9.019999999999999574e+00,-1.956838585045779766e+01,1.156745943521200530e+02,4.486638513463405076e+01,8.594284873954721959e+00
9.029999999999999361e+00,-1.949272907304660052e+01,1.138718328636926316e+02,4.506473859202409926e+01,8.836910575847346294e+00
9.039999999999999147e+00,-1.941706793942308806e+01,1.120345535445118941e+02,4.527724221780793812e+01,9.080545615571894658e+00
9.050000000000000711e+00,-1.934191518210824512e+01,1.101621102460740360e+02,4.550488872011192143e+01,9.324209872444869873e+00
9.060000000000000497e+00,-1.926777574307562446e+01,1.082544385483726188e+02,4.574855892560993453e+01,9.566757183381019658e+00
9.070000000000000284e+00,-1.919512927930399115e+01,1.063120076677819128e+02,4.600899663194266509e+01,9.806900035009725514e+00
9.080000000000000071e+00,-1.912441567478072102e+01,1.043357501225731312e+02,4.628679049530493472e+01,1.004323784280651921e+01
9.089999999999999858e+00,-1.905602410383239587e+01,1.023269757249235141e+02,4.658236333763807835e+01,1.027428678863763878e+01
9.099999999999999645e+00,-1.899028590068149924e+01,1.002872766836031388e+02,4.689596870053078703e+01,1.049850920521177144e+01
9.109999999999999432e+00,-1.892747122805530324e+01,9.821843034364917457e+01,4.722769394559241363e+01,1.071434065496032062e+01
9.119999999999999218e+00,-1.886778931536550985e+01,9.612230547923516610e+01,4.757746873570128798e+01,1.092021313983737585e+01
9.130000000000000782e+00,-1.881139185903124655e+01,9.400077720606124387e+01,4.794507735747229304e+01,1.111457327978714282e+01
9.140000000000000568e+00,-1.875837904369873854e+01,9.185565458157235241e+01,4.833017308873709794e+01,1.129589478753573317e+01
9.150000000000000355e+00,-1.870880755077206814e+01,8.968862388315513101e+01,4.873229269758853377e+01,1.146268511588349170e+01
9.160000000000000142e+00,-1.866269986663716196e+01,8.750120944411682444e+01,4.915086919700714674e+01,1.161348672440742824e+01
9.169999999999999929e+00,-1.862005418460448780e+01,8.529475282037280692e+01,4.958524117771169415e+01,1.174687396368060455e+01
9.179999999999999716e+00,-1.858085421007010396e+01,8.307040998844823321e+01,5.003465739682889080e+01,1.186144706194351883e+01
9.189999999999999503e+00,-1.854507822623450153e+01,8.082916527068387325e+01,5.049827579346359130e+01,1.195582507707340270e+01
9.199999999999999289e+00,-1.851270685604489330e+01,7.857185978390414505e+01,5.097515670321833170e+01,1.202863990559326446e+01
9.210000000000000853e+00,-1.848372906169192476e+01,7.629923145445474120e+01,5.146425070899638854e+01,1.207853348896315815e+01
9.220000000000000639e+00,-1.845814605096785854e+01,7.401196307598179658e+01,5.196438224244077020e+01,1.210416020661092062e+01
9.230000000000000426e+00,-1.843597290298382063e+01,7.171073454020313420e+01,5.247423068092273724e+01,1.210419609145057329e+01
9.240000000000000213e+00,-1.841723787534817092e+01,6.939627526568604310e+01,5.299231120970569009e+01,1.207735596007353074e+01
9.250000000000000000e+00,-1.840197950122874815e+01,6.706941298762971826e+01,5.351695808183244196e+01,1.202241884638915970e+01
9.259999999999999787e+00,-1.839024171827636422e+01,6.473111543535365797e+01,5.404631306137426350e+01,1.193826131030520799e+01
9.269999999999999574e+00,-1.838206738405674656e+01,6.238252197792525777e+01,5.457832174305953998e+01,1.182389732244706515e+01
9.279999999999999361e+00,-1.837749061857940092e+01,6.002496301288822877e+01,5.511074008341294217e+01,1.167852257398815929e+01
9.289999999999999147e+00,-1.837652847067393225e+01,5.765996565278987873e+01,5.564115285610583328e+01,1.150156030747058722e+01
9.300000000000000711e+00,-1.837917243108546472e+01,5.528924507424487444e+01,5.616700488202674535e+01,1.129270519290188801e+01
9.310000000000000497e+00,-1.838538031331095368e+01,5.291468168718176912e+01,5.668564483411073240e+01,1.105196146197482499e+01
9.320000000000000284e+00,-1.839506899698683640e+01,5.053828502154721036e+01,5.719438025713878915e+01,1.077967152708220766e+01
9.330000000000000071e+00,-1.840810848228458241e+01,4.816214589180275851e+01,5.769054127709512159e+01,1.047653169205354473e+01
9.339999999999999858e+00,-1.842431764125735683e+01,4.578837897397010437e+01,5.817154942417963781e+01,1.014359231495457792e+01
9.349999999999999645e+00,-1.844346197655053388e+01,4.341905841127539389e+01,5.863498718421006828e+01,9.782240873986209451e+00
9.359999999999999432e+00,-1.846525361138012045e+01,4.105614945083758727e+01,5.907866343951931754e+01,9.394167733757779359e+00
9.369999999999999218e+00,-1.848935363830590717e+01,3.870143940128322413e+01,5.950066994740381432e+01,8.981315887201759551e+00
9.380000000000000782e+00,-1.851537684873503409e+01,3.635647137954659058e+01,5.989942447000660053e+01,8.545817404350614765e+00
9.390000000000000568e+00,-1.854289875128181819e+01,3.402248436656173425e+01,6.027369709467643588e+01,8.089920588541946955e+00
9.400000000000000355e+00,-1.857146466726001677e+01,3.170036299134126168e+01,6.062261758855669314e+01,7.615912771636221379e+00
9.410000000000000142e+00,-1.860060056984648114e+01,2.939060018377797334e+01,6.094566318338578270e+01,7.126044157166469439e+00
9.419999999999999929e+00,-1.862982521639809264e+01,2.709327535493692096e+01,6.124262781967399150e+01,6.622458083403401474e+00
9.429999999999999716e+00,-1.865866301998299193e+01,2.480805006876469676e+01,6.151357541645088389e+01,6.107132530683065497e+00
9.439999999999999503e+00,-1.868665702704255693e+01,2.253418227096985049e+01,6.175878101166138379e+01,5.581836705028011991e+00
9.449999999999999289e+00,-1.871338132423375455e+01,2.027055907681103974e+01,6.197866451407719524e+01,5.048105209586467801e+00
9.460000000000000853e+00,-1.873845219843229515e+01,1.801574695694991490e+01,6.217372224672276815e+01,4.507230814372953809e+00
9.470000000000000639e+00,-1.876153742561476179e+01,1.576805699305858965e+01,6.234446142687130532e+01,3.960275309915431752e+00
9.480000000000000426e+00,-1.878236316762475866e+01,1.352562181296668520e+01,6.249134225298597300e+01,3.408096526988027897e+00
9.490000000000000213e+00,-1.880071810508315977e+01,1.128647997093409394e+01,6.261473142964140948e+01,2.851388441091588177e+00
9.500000000000000000e+00,-1.881645461806753872e+01,9.048663008505597460e+00,6.271486985888132892e+01,2.290730439623688941e+00
9.509999999999999787e+00,-1.882948702678980979e+01,6.810280279245485957e+00,6.279185597399432339e+01,1.726641356688437545e+00
9.519999999999999574e+00,-1.883978710274442392e+01,4.569596866312603645e+00,6.284564490246874158e+01,1.159633784730804029e+00
9.529999999999999361e+00,-1.884737723726303571e+01,2.325100537058958583e+00,6.287606242304666182e+01,5.902644328893088543e-01
9.539999999999999147e+00,-1.885232179271163133e+01,7.555459190301430650e-02,6.288283161680460864e+01,1.917687417413881448e-02
9.550000000000000711e+00,-1.885471725059009174e+01,-2.179965427220245111e+00,6.286560927544675792e+01,-5.528661561982994854e-01
9.560000000000000497e+00,-1.885468180589234777e+01,-4.442052017936738650e+00,6.282402857255246431e+01,-1.124962757819554016e+00
9.570000000000000284e+00,-1.885234504002751521e+01,-6.710962688258732101e+00,6.275774425421779767e+01,-1.696064927729438843e+00
9.580000000000000071e+00,-1.884783824254008877e+01,-8.986632301815356882e+00,6.266647666932029637e+01,-2.264984387327872550e+00
9.589999999999999858e+00,-1.884128585555966495e+01,-1.126869866898710448e+01,6.255005131666846552e+01,-2.830409892504836655e+00
9.599999999999999645e+00,-1.883279839677101819e+01,-1.355653868294362674e+01,6.240843119251041315e+01,-3.390933936279830085e+00
9.609999999999999432e+00,-1.882246708899595689e+01,-1.584931197683934379e+01,6.224174001195962802e+01,-3.945086175161196529e+00
9.619999999999999218e+00,-1.881036029800814546e+01,-1.814600899088375741e+01,6.205027527105873730e+01,-4.491370602352673380e+00
9.630000000000000782e+00,-1.879652176351551418e+01,-2.044550045492722390e+01,6.183451102435509483e+01,-5.028303463796951256e+00
9.640000000000000568e+00,-1.878097050740718998e+01,-2.274658557371373746e+01,6.159509109038090457e+01,-5.554449149124607743e+00
9.650000000000000355e+00,-1.876370222211681948e+01,-2.504803660528272502e+01,6.133281409083885904e+01,-6.068451745142998455e+00
9.660000000000000142e+00,-1.874469188209277348e+01,-2.734863800647336163e+01,6.104861222536730736e+01,-6.569060550946101529e+00
9.669999999999999929e+00,-1.872389728318395541e+01,-2.964721884501304316e+01,6.074352595457397541e+01,-7.055148546302120849e+00
9.679999999999999716e+00,-1.870126319743253873e+01,-3.194267771167588776e+01,6.041867680831972365e+01,-7.525723502543415933e+00
9.689999999999999503e+00,-1.867672583269576947e+01,-3.423399987945135337e+01,6.007524037698654240e+01,-7.979932059371213526e+00
9.699999999999999289e+00,-1.865021730545112888e+01,-3.652026692503190475e+01,5.971442122250142148e+01,-8.417057608435412064e+00
9.710000000000000853e+00,-1.862166986831330817e+01,-3.880065943095446812e+01,5.933743101661970343e+01,-8.836513191229419917e+00
9.720000000000000639e+00,-1.859101967799977473e+01,-4.107445370883148428e+01,5.894547073361388811e+01,-9.237830821355874633e+00
9.730000000000000426e+00,-1.855820994116896117e+01,-4.334101371475756537e+01,5.853971724701816015e+01,-9.620648685227209285e+00
9.740000000000000213e+00,-1.852319333095924492e+01,-4.559977946238266355e+01,5.812131425059959611e+01,-9.984697581833662738e+00
9.750000000000000000e+00,-1.848593362241029681e+01,-4.785025327876619627e+01,5.769136707509684925e+01,-1.032978776295745149e+01
9.759999999999999787e+00,-1.844640654674271474e+01,-5.009198520049866943e+01,5.725094072358090358e+01,-1.065579706700230389e+01
9.769999999999999574e+00,-1.840459990971072557e+01,-5.232455868601980598e+01,5.680106030527006311e+01,-1.096266093973923361e+01
9.779999999999999361e+00,-1.836051305569117531e+01,-5.454757764217229976e+01,5.634271300448370567e+01,-1.125036463738218195e+01
9.789999999999999147e+00,-1.831415578552594425e+01,-5.676065554916899458e+01,5.587685076356365244e+01,-1.151893763865449749e+01
9.800000000000000711e+00,-1.826554685207849005e+01,-5.896340723920435067e+01,5.540439296588983353e+01,-1.176845007191902326e+01
9.810000000000000497e+00,-1.821471216363963208e+01,-6.115544365928570159e+01,5.492622855506414936e+01,-1.199901080149490262e+01
9.820000000000000284e+00,-1.816168282314936988e+01,-6.333636974448949530e+01,5.444321719695283690e+01,-1.221076671650285661e+01
9.830000000000000071e+00,-1.810649312268344602e+01,-6.550578535495682786e+01,5.395618926338848809e+01,-1.240390272189960186e+01
9.839999999999999858e+00,-1.804917860002861474e+01,-6.766328909434064087e+01,5.346594457508474107e+01,-1.257864193604671499e+01
9.849999999999999645e+00,-1.798977424966376049e+01,-6.980848472933109861e+01,5.297324997692331294e+01,-1.273524564082655708e+01
9.859999999999999432e+00,-1.792831296597913493e+01,-7.194098986488366165e+01,5.247883592642036632e+01,-1.287401259700713751e+01
9.869999999999999218e+00,-1.786482428349511054e+01,-7.406044648968408239e+01,5.198339235538018954e+01,-1.299527741835955652e+01
9.880000000000000782e+00,-1.779933346791387194e+01,-7.616653298109278580e+01,5.148756411813959488e+01,-1.309940778432560649e+01
9.890000000000000568e+00,-1.773186100308335966e+01,-7.825897713787767884e+01,5.099194637180124090e+01,-1.318680035707355458e+01
9.900000000000000355e+00,-1.766242251174415401e+01,-8.033756978341412491e+01,5.049708024923218375e+01,-1.325787535174133325e+01
9.910000000000000142e+00,-1.759102914111277016e+01,-8.240217844557355420e+01,5.000344918833095420e+01,-1.331306978815194064e+01
9.919999999999999929e+00,-1.751768843644432394e+01,-8.445276057010923410e+01,4.951147627347670976e+01,-1.335282952947761181e+01
9.929999999999999716e+00,-1.744240571514841065e+01,-8.648937566450184988e+01,4.902152292748776574e+01,-1.337760028993226591e+01
9.939999999999999503e+00,-1.736518593942575350e+01,-8.851219570617706722e+01,4.853388926322880792e+01,-1.338781787074580620e+01
9.949999999999999289e+00,-1.728603606583605057e+01,-9.052151309405232382e+01,4.804881636021536906e+01,-1.338389796111678720e+01
9.960000000000000853e+00,-1.720496782547045100e+01,-9.251774538983015361e+01,4.756649066957682237e+01,-1.336622591617582145e+01
9.970000000000000639e+00,-1.712200085913012515e+01,-9.450143610066506028e+01,4.708705066746922796e+01,-1.333514699252996216e+01
9.980000000000000426e+00,-1.703716609967664652e+01,-9.647325081232466459e+01,4.661059577089019257e+01,-1.329095757689833945e+01
9.990000000000000213e+00,-1.695050926098647892e+01,-9.843396810273303288e+01,4.613719740181112172e+01,-1.323389797641249999e+01
1.000000000000000000e+01,-1.686209426288260360e+01,-1.003844648554272823e+02,4.566691193974344287e+01,-1.316414734155753941e+01
1.000999999999999979e+01,-1.677200639759833933e+01,-1.023256958490003399e+02,4.519979514699490153e+01,-1.308182125647302385e+01
1.001999999999999957e+01,-1.668035502929899394e+01,-1.042586678117725683e+02,4.473591749597798639e+01,-1.298697245056119876e+01
1.002999999999999936e+01,-1.658727561699266317e+01,-1.061844084820435938e+02,4.427537968769986776e+01,-1.287959495771004015e+01
1.003999999999999915e+01,-1.649293086488681581e+01,-1.081039315775059890e+02,4.381832754013804276e+01,-1.275963187716234870e+01
1.005000000000000071e+01,-1.639751083362405737e+01,-1.100181989224283257e+02,4.336496535950347919e+01,-1.262698668060084550e+01
1.006000000000000050e+01,-1.630123189002544848e+01,-1.119280812763073527e+02,4.291556689925513979e+01,-1.248153777609037007e+01
1.007000000000000028e+01,-1.620433442955723180e+01,-1.138343196238637347e+02,4.247048306991815991e+01,-1.232315579837820962e+01
1.008000000000000007e+01,-1.610707937093047804e+01,-1.157374888006650195e+02,4.203014569036022863e+01,-1.215172286707281124e+01
1.008999999999999986e+01,-1.600974349130363450e+01,-1.176379653275847943e+02,4.159506676448467744e+01,-1.196715286081089857e+01
1.009999999999999964e+01,-1.591261373834712067e+01,-1.195359012077607019e+02,4.116583301550231511e+01,-1.176941161668403701e+01
1.010999999999999943e+01,-1.581598071701971797e+01,-1.214312052092842009e+02,4.074309569587303059e+01,-1.155853589603139930e+01
1.011999999999999922e+01,-1.572013160009579025e+01,-1.233235328324624334e+02,4.032755599264345392e+01,-1.133464997027838450e+01
1.013000000000000078e+01,-1.562534274920023769e+01,-1.252122857654430845e+02,3.991994664079203403e+01,-1.109797877642321851e+01
1.014000000000000057e+01,-1.553187235558053381e+01,-1.270966211929912077e+02,3.952101061708709295e+01,-1.084885676574019442e+01
1.015000000000000036e+01,-1.543995341657732290e+01,-1.289754708668648391e+02,3.913147799258929638e+01,-1.058773180868016972e+01
1.016000000000000014e+01,-1.534978735530884641e+01,-1.308475693965937978e+02,3.875204215716274803e+01,-1.031516380544869094e+01
1.016999999999999993e+01,-1.526153856875351167e+01,-1.327114907962983636e+02,3.838333668467731030e+01,-1.003181796342423304e+01
1.017999999999999972e+01,-1.517533015486532477e+01,-1.345656919414990398e+02,3.802591408055979372e+01,-9.738453016461933842e+00
1.018999999999999950e+01,-1.509124102430324399e+01,-1.364085612606423865e+02,3.768022754816512787e+01,-9.435904955456431153e+00
1.019999999999999929e+01,-1.500930454836689343e+01,-1.382384707174941241e+02,3.734661673673440418e+01,-9.125067095618508262e+00
1.021000000000000085e+01,-1.492950883316951405e+01,-1.400538289400064969e+02,3.702529820495734469e+01,-8.806867509213823553e+00
1.022000000000000064e+01,-1.485179864220779677e+01,-1.418531332267260439e+02,3.671636106603890681e+01,-8.482244993048954740e+00
1.023000000000000043e+01,-1.477607891670484896e+01,-1.436350181229790905e+02,3.641976798912203606e+01,-8.152124812138657362e+00
1.024000000000000021e+01,-1.470221976724968727e+01,-1.453982983173509069e+02,3.613536143415549162e+01,-7.817395462882248403e+00
1.025000000000000000e+01,-1.463006273393945733e+01,-1.471420037761474191e+02,3.586287470828847290e+01,-7.478887631968533789e+00
1.025999999999999979e+01,-1.455942803903140792e+01,-1.488654053195134281e+02,3.560194716616594235e+01,-7.137356394945425286e+00
1.026999999999999957e+01,-1.449012249064514357e+01,-1.505680292522154105e+02,3.535214264774270276e+01,-6.793467507149417273e+00
1.027999999999999936e+01,-1.442194764375394911e+01,-1.522496601904578597e+02,3.511297006810413279e+01,-6.447788398144195909e+00
1.028999999999999915e+01,-1.435470779135289909e+01,-1.539103318569174519e+02,3.488390495568593508e+01,-6.100784200349187891e+00
1.030000000000000071e+01,-1.428821734968539303e+01,-1.555503063187984196e+02,3.466441068764565614e+01,-5.752818837490178971e+00
1.031000000000000050e+01,-1.422230722088564292e+01,-1.571700428736099866e+02,3.445395820037504109e+01,-5.404160886128100749e+00
1.032000000000000028e+01,-1.415682976633635448e+01,-1.587701584888450839e+02,3.425204306144785704e+01,-5.054993623479218989e+00
1.033000000000000007e+01,-1.409166210357656723e+01,-1.603513823134600216e+02,3.405819897349010716e+01,-4.705428407921623091e+00
1.033999999999999986e+01,-1.402670754466854852e+01,-1.619145072411234310e+02,3.387200703128205248e+01,-4.355520325448408059e+00
1.034999999999999964e+01,-1.396189511742814027e+01,-1.634603417674608750e+02,3.369310035542643078e+01,-4.005284893778547683e+00
1.035999999999999943e+01,-1.389717724333093329e+01,-1.649896654126002318e+02,3.352116405837275437e+01,-3.654714559127046680e+00
1.036999999999999922e+01,-1.383252577637375680e+01,-1.665031907648416620e+02,3.335593083694694627e+01,-3.303793755560249235e+00
1.038000000000000078e+01,-1.376792672479923141e+01,-1.680015347536298407e+02,3.319717280378862512e+01,-2.952511422633199878e+00
1.039000000000000057e+01,-1.370337407271101249e+01,-1.694852011145240738e+02,3.304469044332407179e+01,-2.600870085074456828e+00
1.040000000000000036e+01,-1.363886318379820750e+01,-1.709545752171158028e+02,3.289829978472415206e+01,-2.248890873053748685e+00
1.041000000000000014e+01,-1.357438430009621300e+01,-1.724099315508250072e+02,3.275781900889806764e+01,-1.896614181983745206e+00
1.041999999999999993e+01,-1.350991664339289677e+01,-1.738514532685193785e+02,3.262305573995467256e+01,-1.544096012430403286e+00
1.042999999999999972e+01,-1.344542358674947913e+01,-1.752792623363115467e+02,3.249379621199032186e+01,-1.191400367987438758e+00
1.043999999999999950e+01,-1.338084929207300711e+01,-1.766934580847284906e+02,3.236979735474631781e+01,-8.385883973666853342e-01
1.044999999999999929e+01,-1.331611711180158508e+01,-1.780941613472303686e+02,3.225078261791826151e+01,-4.857052246406107776e-01
1.046000000000000085e+01,-1.325112993469119438e+01,-1.794815609422273326e+02,3.213644206990466756e+01,-1.327656007079880407e-01
1.047000000000000064e+01,-1.318577252432087477e+01,1.791440409697370058e+02,3.202643698242052750e+01,2.202603834292432561e-01
1.048000000000000043e+01,-1.311991576175964624e+01,1.777821881242256552e+02,3.192040876999766041e+01,5.734602628649119183e-01
1.049000000000000021e+01,-1.305342256892735975e+01,1.764322372297206982e+02,3.181799181658889708e+01,9.269896591913406869e-01
1.050000000000000000e+01,-1.298615516509876677e+01,1.750933356725209364e+02,3.171882941408631496e+01,1.281079211154359188e+00
1.050999999999999979e+01,-1.291798320460339511e+01,1.737644119764690913e+02,3.162259178224521605e+01,1.636037191109087630e+00
1.051999999999999957e+01,-1.284879226769008120e+01,1.724441803056252240e+02,3.152899495634121507e+01,1.992247324859427238e+00
1.052999999999999936e+01,-1.277849213633805725e+01,1.711311593347737414e+02,3.143781923363356512e+01,2.350161675877335821e+00
1.053999999999999915e+01,-1.270702428797555505e+01,1.698237047932037456e+02,3.134892587203109926e+01,2.710288814117279621e+00
1.055000000000000071e+01,-1.263436808487166019e+01,1.685200539931283856e+02,3.126227083631148318e+01,3.073177836416402631e+00
1.056000000000000050e+01,-1.256054522356573067e+01,1.672183797725503780e+02,3.117791458228431978e+01,3.439399111334296766e+00
1.057000000000000028e+01,-1.248562213079492267e+01,1.659168505957113382e+02,3.109602714220950048e+01,3.809522860432120073e+00
1.058000000000000007e+01,-1.240971013953777735e+01,1.646136931287740879e+02,3.101688810275324926e+01,4.184096840183237020e+00
1.058999999999999986e+01,-1.233296343750078705e+01,1.633072534841288928e+02,3.094088142148451226e+01,4.563624441768552309e+00
1.059999999999999964e+01,-1.225557493572892653e+01,1.619960535110795377e+02,3.086848537863631492e+01,4.948544477339191339e+00
1.060999999999999943e+01,-1.217777034269211356e+01,1.606788389768703951e+02,3.080025827784532311e+01,5.339213778240880615e+00
1.061999999999999922e+01,-1.209980083733638700e+01,1.593546171734175800e+02,3.073682076744815106e+01,5.735893509349798691e+00
1.063000000000000078e+01,-1.202193480525319380e+01,1.580226823239784721e+02,3.067883583427307315e+01,6.138739826905390551e+00
1.064000000000000057e+01,-1.194444913202229408e+01,1.566826280631651400e+02,3.062698761493928146e+01,6.547799201587156226e+00
1.065000000000000036e+01,-1.186762053822750929e+01,1.553343471386324666e+02,3.058196017462128680e+01,6.963008421088599853e+00
1.066000000000000014e+01,-1.179171739678118236e+01,1.539780192615026522e+02,3.054441732730596470e+01,7.384199001687953512e+00
1.066999999999999993e+01,-1.171699240283870935e+01,1.526140886626548649e+02,3.051498442836864555e+01,7.811105496178520902e+00
1.067999999999999972e+01,-1.164367637884435602e+01,1.512432333629821528e+02,3.049423287751677947e+01,8.243376999877103373e+00
1.068999999999999950e+01,-1.157197340127524576e+01,1.498663284284684778e+02,3.048266784726567380e+01,8.680591034726420574e+00
1.069999999999999929e+01,-1.150205733965000832e+01,1.484844055639720750e+02,3.048071951829021131e+01,9.122268935214966845e+00
1.071000000000000085e+01,-1.143406980901769643e+01,1.470986113242301485e+02,3.048873787555952575e+01,9.567891865383101546e+00
1.072000000000000064e+01,-1.136811945933447277e+01,1.457101660157835283e+02,3.050699091257452622e+01,1.001691665617915739e+01
1.073000000000000043e+01,-1.130428246203267406e+01,1.443203250614230910e+02,3.053566591643809147e+01,1.046879075692033823e+01
1.074000000000000021e+01,-1.124260400734485543e+01,1.429303442315245434e+02,3.057487337164208085e+01,1.092296573214074051e+01
1.075000000000000000e+01,-1.118310059601333606e+01,1.415414497442486095e+02,3.062465292987187482e+01,1.137890889360576097e+01
1.075999999999999979e+01,-1.112576289542436037e+01,1.401548138259502139e+02,3.068498084834376982e+01,1.183611282468176107e+01
1.076999999999999957e+01,-1.107055893180726791e+01,1.387715359277761422e+02,3.075577829904372251e+01,1.229410271902245810e+01
1.077999999999999936e+01,-1.101743740524972814e+01,1.373926294344331609e+02,3.083691999209608170e+01,1.275244160706751906e+01
1.078999999999999915e+01,-1.096633094079640003e+01,1.360190133933530490e+02,3.092824263251105066e+01,1.321073367283305977e+01
1.080000000000000071e+01,-1.091715912433097024e+01,1.346515085503239675e+02,3.102955283293232114e+01,1.366862596238732230e+01
1.081000000000000050e+01,-1.086983121349199877e+01,1.332908368108182060e+02,3.114063422635393508e+01,1.412580884886176058e+01
1.082000000000000028e+01,-1.082424845849690165e+01,1.319376231601237919e+02,3.126125365165159664e+01,1.458201564406608419e+01
1.083000000000000007e+01,-1.078030601228745766e+01,1.305923990707213136e+02,3.139116641032179089e+01,1.503702173379860163e+01
1.083999999999999986e+01,-1.073789445075060733e+01,1.292556064977920016e+02,3.153012070454829185e+01,1.549064356578261936e+01
1.084999999999999964e+01,-1.069690095903983007e+01,1.279276017038471167e+02,3.167786145531816899e+01,1.594273774166941315e+01
1.085999999999999943e+01,-1.065721026680989603e+01,1.266086583471603859e+02,3.183413375747039709e+01,1.639320036601177932e+01
1.086999999999999922e+01,-1.061870543170762637e+01,1.252989694979788737e+02,3.199868625163538383e+01,1.684196669567272053e+01
1.088000000000000078e+01,-1.058126857576611357e+01,1.239986484908695985e+02,3.217127467951500819e+01,1.728901102390310385e+01
1.089000000000000057e+01,-1.054478167335108907e+01,1.227077287594137402e+02,3.235166584073127893e+01,1.773434663547406487e+01
1.090000000000000036e+01,-1.050912747285226700e+01,1.214261630098264817e+02,3.253964209170371191e+01,1.817802559296967857e+01
1.091000000000000014e+01,-1.047419060911028765e+01,1.201538222543450161e+02,3.273500642777021596e+01,1.862013806787689774e+01
1.091999999999999993e+01,-1.043985893207989335e+01,1.188904953286257609e+02,3.293758807936093547e+01,1.906081091893416257e+01
1.092999999999999972e+01,-1.040602504246540860e+01,1.176358895504338875e+02,3.314724844309110097e+01,1.950020524639259989e+01
1.093999999999999950e+01,-1.037258799036041523e+01,1.163896331361537335e+02,3.336388707103696305e+01,1.993851271279967108e+01
1.094999999999999929e+01,-1.033945506165055939e+01,1.151512798803334761e+02,3.358744736712314705e+01,2.037595051334614382e+01
1.096000000000000085e+01,-1.030654355221001239e+01,1.139203164313283594e+02,3.381792159735098835e+01,2.081275499318889999e+01
1.097000000000000064e+01,-1.027378241430227845e+01,1.126961722787641946e+02,3.405535481636361084e+01,2.124917403444023023e+01
1.098000000000000043e+01,-1.024111365483293312e+01,1.114782323262579382e+02,3.429984734866863505e+01,2.168545845924855797e+01
1.099000000000000021e+01,-1.020849337193238604e+01,1.102658516787027594e+02,3.455155553677140290e+01,2.212185280497627460e+01
1.100000000000000000e+01,-1.017589233438989993e+01,1.090583720511705366e+02,3.481069057464012673e+01,2.255858591145732817e+01
1.100999999999999979e+01,-1.014329603622292453e+01,1.078551390280728981e+02,3.507751537409759379e+01,2.299586180961295767e+01
1.101999999999999957e+01,-1.011070419367336726e+01,1.066555192845005564e+02,3.535233955227276681e+01,2.343385140959403756e+01
1.102999999999999936e+01,-1.007812969097024158e+01,1.054589168385514739e+02,3.563551276728910011e+01,2.387268545326668345e+01
1.103999999999999915e+01,-1.004559702067864890e+01,1.042647874385442037e+02,3.592741675417033065e+01,2.431244912252792290e+01
1.105000000000000071e+01,-1.001314030074711781e+01,1.030726502992167184e+02,3.622845651212692530e+01,2.475317858765161461e+01
1.106000000000000050e+01,-9.980800980209993511e+00,1.018820965760441908e+02,3.653905115900076339e+01,2.519485964774150233e+01
1.107000000000000028e+01,-9.948625366324186814e+00,1.006927941903697530e+02,3.685962499296090300e+01,2.563742846971051748e+01
1.108000000000000007e+01,-9.916662116067625377e+00,9.950448886981210705e+01,3.719059928344348265e+01,2.608077428536367037e+01
1.108999999999999986e+01,-9.884959833783758754e+00,9.831700152617739263e+01,3.753238525439619622e+01,2.652474377045066589e+01
1.109999999999999964e+01,-9.853564904741423547e+00,9.713022233499080471e+01,3.788537862815622503e+01,2.696914671621744830e+01
1.110999999999999943e+01,-9.822519672846176775e+00,9.594410208731530076e+01,3.824995597573295925e+01,2.741376252227087207e+01
1.111999999999999922e+01,-9.791861041783523234e+00,9.475864154013703455e+01,3.862647297912747035e+01,2.785834699609441500e+01
1.113000000000000078e+01,-9.761619545116902330e+00,9.357387958570200226e+01,3.901526456528250009e+01,2.830263894273377900e+01
1.114000000000000057e+01,-9.731818895187243967e+00,9.238988108768725738e+01,3.941664673153933762e+01,2.874636606801746908e+01
1.115000000000000036e+01,-9.702475985977223161e+00,9.120672519346248919e+01,3.983091976088000763e+01,2.918924979669734654e+01
1.116000000000000014e+01,-9.673601294126305206e+00,9.002449483257520058e+01,4.025837243220441763e+01,2.963100871632232369e+01
1.116999999999999993e+01,-9.645199597337040132e+00,8.884326796222804035e+01,4.069928677456979926e+01,3.007136048885975654e+01
1.117999999999999972e+01,-9.617270912277932737e+00,8.766311093470719129e+01,4.115394289980990550e+01,3.051002221330543662e+01
1.118999999999999950e+01,-9.589811545879602050e+00,8.648407415583673696e+01,4.162262347668547591e+01,3.094670936080661505e+01
1.119999999999999929e+01,-9.562815155018082436e+00,8.530618999520505952e+01,4.210561747916941755e+01,3.138113352610898588e+01
1.121000000000000085e+01,-9.536273719595687481e+00,8.412947271562089213e+01,4.260322294521366615e+01,3.181299933352561382e+01
1.122000000000000064e+01,-9.510178351848670886e+00,8.295392002706536516e+01,4.311574861044310580e+01,3.224200089249939083e+01
1.123000000000000043e+01,-9.484519888568703649e+00,8.177951575251194072e+01,4.364351442106966772e+01,3.266781821094201632e+01
1.124000000000000021e+01,-9.459289240555957434e+00,8.060623302866197548e+01,4.418685106772301197e+01,3.309011394173764842e+01
1.125000000000000000e+01,-9.434477502453544773e+00,7.943403745841678187e+01,4.474609880239668058e+01,3.350853076142434617e+01
1.125999999999999979e+01,-9.410075853490884157e+00,7.826288968307751759e+01,4.532160589101815162e+01,3.392268956689616743e+01
1.126999999999999957e+01,-9.386075303084853161e+00,7.709274694507266190e+01,4.591372710342472629e+01,3.433218853673110260e+01
1.127999999999999936e+01,-9.362466352588752372e+00,7.592356335604181083e+01,4.652282264359147490e+01,3.473660295227935535e+01
1.128999999999999915e+01,-9.339238654182578259e+00,7.475528875637215265e+01,4.714925787308597904e+01,3.513548552565487881e+01
1.130000000000000071e+01,-9.316380749105825032e+00,7.358786623437384833e+01,4.779340408219048442e+01,3.552836685347656953e+01
1.131000000000000050e+01,-9.293879960060003498e+00,7.242122854896491901e+01,4.845564042316843967e+01,3.591475552175954533e+01
1.132000000000000028e+01,-9.271722497336330804e+00,7.125529385237287272e+01,4.913635695060292363e+01,3.629413734137570202e+01
1.133000000000000007e+01,-9.249893816448867767e+00,7.008996122436364828e+01,4.983595853018645983e+01,3.666597320368455115e+01
1.133999999999999986e+01,-9.228379238752010494e+00,6.892510659567540188e+01,5.055486919779323074e+01,3.702969511594654506e+01
1.134999999999999964e+01,-9.207164818092753222e+00,6.776057964862377503e+01,5.129353639405745469e+01,3.738470010395474219e+01
1.135999999999999943e+01,-9.186238408608979000e+00,6.659620223525089955e+01,5.205243438393223698e+01,3.773034184700172489e+01
1.136999999999999922e+01,-9.165590863946089684e+00,6.543176875096310141e+01,5.283206611099549121e+01,3.806592012441419115e+01
1.138000000000000078e+01,-9.145217278808846828e+00,6.426704875242884896e+01,5.363296274327203861e+01,3.839066838547731209e+01
1.139000000000000057e+01,-9.125118171829585734e+00,6.310179192508319801e+01,5.445568024589116618e+01,3.870373998468894428e+01
1.140000000000000036e+01,-9.105300505520979470e+00,6.193573530374987257e+01,5.530079246424788408e+01,3.900419382993796091e+01
1.141000000000000014e+01,-9.085778445126033276e+00,6.076861244760097946e+01,5.616888041092965267e+01,3.929098035142967404e+01
1.141999999999999993e+01,-9.066573773173105977e+00,5.960016408622266937e+01,5.706051770580364035e+01,3.956292879616109559e+01
1.142999999999999972e+01,-9.047715899349421775e+00,5.843014960400707736e+01,5.797625240154897597e+01,3.981873687356258529e+01
1.143999999999999950e+01,-9.029241434048220327e+00,5.725835862944988719e+01,5.891658571348865792e+01,4.005696371587271898e+01
1.144999999999999929e+01,-9.011193326179380847e+00,5.608462195391890504e+01,5.988194843828492253e+01,4.027602697219143124e+01
1.146000000000000085e+01,-8.993619598789292624e+00,5.490882102541315390e+01,6.087267606703837686e+01,4.047420463536965229e+01
1.147000000000000064e+01,-8.976571746882576974e+00,5.373089534540030598e+01,6.188898375328979995e+01,4.064964192006825527e+01
1.148000000000000043e+01,-8.960102887949940254e+00,5.255084723417566295e+01,6.293094236838621214e+01,4.080036318847514565e+01
1.149000000000000021e+01,-8.944265774913922940e+00,5.136874361072710826e+01,6.399845685456718059e+01,4.092428858194599428e+01
1.150000000000000000e+01,-8.929110791968581040e+00,5.018471464177756047e+01,6.509124796589163964e+01,4.101925468998475566e+01
1.150999999999999979e+01,-8.914684055316294931e+00,4.899894933439676947e+01,6.620883827274319344e+01,4.108303830150966718e+01
1.151999999999999957e+01,-8.901025733079766411e+00,4.781168835975044118e+01,6.735054300965731500e+01,4.111338206532670370e+01
1.152999999999999936e+01,-8.888168682412031174e+00,4.662321458566478327e+01,6.851546598967124169e+01,4.110802076182832110e+01
1.153999999999999915e+01,-8.876137478406020520e+00,4.543384194833837597e+01,6.970250042038369997e+01,4.106470687470456227e+01
1.155000000000000071e+01,-8.864947880694373339e+00,4.424390339765729152e+01,7.091033407271693534e+01,4.098123425957459176e+01
1.156000000000000050e+01,-8.854606751855047975e+00,4.305373869881903204e+01,7.213745791208066294e+01,4.085545893432864517e+01
1.157000000000000028e+01,-8.845112409314786817e+00,4.186368286229019731e+01,7.338217704225951366e+01,4.068531634906908323e+01
1.158000000000000007e+01,-8.836455361809065323e+00,4.067405590567572915e+01,7.464262266950358082e+01,4.046883490396131577e+01
1.158999999999999986e+01,-8.828619354915074879e+00,3.948515453028038280e+01,7.591676379324994173e+01,4.020414593108581158e+01
1.159999999999999964e+01,-8.821582629735924996e+00,3.829724613120087895e+01,7.720241748216422195e+01,3.988949079257853469e+01
1.160999999999999943e+01,-8.815319286061169990e+00,3.711056536521269322e+01,7.849725689409554263e+01,3.952322611894101101e+01
1.161999999999999922e+01,-8.809800637286603120e+00,3.592531329053800704e+01,7.979881662167294110e+01,3.910382846751925001e+01
1.163000000000000078e+01,-8.804996449420270821e+00,3.474165888329800111e+01,8.110449544930301613e+01,3.862989977983997392e+01
1.164000000000000057e+01,-8.800875970297285633e+00,3.355974254388452493e+01,8.241155713526279669e+01,3.810017493122602872e+01
1.165000000000000036e+01,-8.797408676627634705e+00,3.237968104839274730e+01,8.371713031848906894e+01,3.751353239092881608e+01
1.166000000000000014e+01,-8.794564694004035843e+00,3.120157328901331084e+01,8.501820902614912256e+01,3.686900856358408163e+01
1.166999999999999993e+01,-8.792314876263420231e+00,3.002550609265839299e+01,8.631165546472733752e+01,3.616581580469198087e+01
1.167999999999999972e+01,-8.790630563022988397e+00,2.885155941424360293e+01,8.759420676931298999e+01,3.540336345681749464e+01
1.168999999999999950e+01,-8.789483065059531697e+00,2.767981027001936312e+01,8.886248714103057011e+01,3.458128061756896443e+01
1.169999999999999929e+01,-8.788842953817450621e+00,2.651033490188348196e+01,9.011302632753462660e+01,3.369943881059180057e+01
1.171000000000000085e+01,-8.788679251397557124e+00,2.534320883564714677e+01,9.134228473331484111e+01,3.275797236922414868e+01
1.172000000000000064e+01,-8.788958629093471586e+00,2.417850470059964607e+01,9.254668465202465200e+01,3.175729422734955776e+01
1.173000000000000043e+01,-8.789644724795916630e+00,2.301628789746883896e+01,9.372264628310618662e+01,3.069810498663779796e+01
1.174000000000000021e+01,-8.790697682030383930e+00,2.185661041851579611e+01,9.486662643564689290e+01,2.958139360330677547e+01
1.175000000000000000e+01,-8.792073996492167254e+00,2.069950331859607928e+01,9.597515724185960551e+01,2.840842878114590420e+01
1.175999999999999979e+01,-8.793726730927870605e+00,1.954496849260732461e+01,9.704488189647291563e+01,2.718074110163973245e+01
1.176999999999999957e+01,-8.795606127997938728e+00,1.839297051860138410e+01,9.807258447506353605e+01,2.590009696320866794e+01
1.177999999999999936e+01,-8.797660615807728846e+00,1.724342936678253579e+01,9.905521129248646162e+01,2.456846641338719905e+01
1.178999999999999915e+01,-8.799838164959773223e+00,1.609621474719966372e+01,9.998988202316853346e+01,2.318798780628022271e+01
1.180000000000000071e+01,-8.802087922266672138e+00,1.495114277322891816e+01,1.008738898504664405e+02,2.176093277995427755e+01
1.181000000000000050e+01,-8.804362017625578574e+00,1.380797545967829087e+01,1.017046911321104830e+02,2.028967523041676202e+01
1.182000000000000028e+01,-8.806617419629150234e+00,1.266642336476323294e+01,1.024798863225119447e+02,1.877666770991118739e+01
1.183000000000000007e+01,-8.808817704365841550e+00,1.152615144048845686e+01,1.031971950272747591e+02,1.722442799929535440e+01
1.183999999999999986e+01,-8.810934601863776194e+00,1.038678789600875163e+01,1.038544289346106808e+02,1.563553755334926620e+01
1.184999999999999964e+01,-8.812949196144176156e+00,9.247935625436458196e+00,1.044494668523776113e+02,1.401265219888886016e+01
1.185999999999999943e+01,-8.814852677236483913e+00,8.109185527568472551e+00,1.049802360995367110e+02,1.235852402043203035e+01
1.186999999999999922e+01,-8.816646575130057784e+00,6.970130870516142885e+00,1.054447040301333374e+02,1.067603195974339947e+01
1.188000000000000078e+01,-8.818342443964708011e+00,5.830381745625356160e+00,1.058408825360219794e+02,8.968217449241137729e+00
1.189000000000000057e+01,-8.819961006608929566e+00,4.689578623086150699e+00,1.061668470655885699e+02,7.238320544125838474e+00
1.190000000000000036e+01,-8.821530811589614274e+00,3.547404070166670476e+00,1.064207701410655034e+02,5.489811629858816211e+00
1.191000000000000014e+01,-8.823086492557619565e+00,2.403591818703744831e+00,1.066009677228359180e+02,3.726413927800079406e+00
1.191999999999999993e+01,-8.824666751860524627e+00,1.257932561223799706e+00,1.067059552394364061e+02,1.952112711599498951e+00
1.192999999999999972e+01,-8.826312211736343727e+00,1.102760988995907937e-01,1.067345088585484660e+02,1.711483259732242690e-01
1.193999999999999950e+01,-8.828063287367511336e+00,-1.039470260534393287e+00,1.066857267746297566e+02,-1.612008347899228200e+00
1.194999999999999929e+01,-8.829958234737574685e+00,-2.191346872992662842e+00,1.065590850448197529e+02,-3.392697577323401159e+00
1.196000000000000085e+01,-8.832031513096387343e+00,-3.345350044262171973e+00,1.063544828647846288e+02,-5.166127446658083322e+00
1.197000000000000064e+01,-8.834312577966615621e+00,-4.501442744325935941e+00,1.060722731145546760e+02,-6.927441784785217216e+00
1.198000000000000043e+01,-8.836825187911399482e+00,-5.659566878263510681e+00,1.057132754204514526e+02,-8.671794466398834444e+00
1.199000000000000021e+01,-8.839587269243981638e+00,-6.819656124270882636e+00,1.052787707077032451e+02,-1.039442458472623976e+01
1.200000000000000000e+01,-8.842611340427135147e+00,-7.981648305671815713e+00,1.047704780507164060e+02,-1.209072699617427205e+01
1.200999999999999979e+01,-8.845905455230317571e+00,-9.145496297479219550e+00,1.041905163409925734e+02,-1.375631335679634759e+01
1.201999999999999957e+01,-8.849474583938809147e+00,-1.031117657675005006e+01,1.035413546800962195e+02,-1.538705992244792142e+01
1.202999999999999936e+01,-8.853322317995269586e+00,-1.147869470189673891e+01,1.028257563064020559e+02,-1.697913991739988049e+01
1.203999999999999915e+01,-8.857452757955520894e+00,-1.264808723653992750e+01,1.020467211859955370e+02,-1.852903999354408171e+01
1.205000000000000071e+01,-8.861872429524762396e+00,-1.381941990156640720e+01,1.012074321234359360e+02,-2.003356199159460616e+01
1.206000000000000050e+01,-8.866592068921185898e+00,-1.499278202475354504e+01,1.003112084358110820e+02,-2.148981267716378341e+01
1.207000000000000028e+01,-8.871628127231417693e+00,-1.616827763897321901e+01,9.936147000535862617e+01,-2.289518519678135888e+01
1.208000000000000007e+01,-8.877003863173616338e+00,-1.734601383592572077e+01,9.836171304716755515e+01,-2.424733657624914684e+01
1.208999999999999986e+01,-8.882749923251481050e+00,-1.852608719271513849e+01,9.731549738455719023e+01,-2.554416562539525870e+01
1.209999999999999964e+01,-8.888904345332488077e+00,-1.970856923719799525e+01,9.622644359779485512e+01,-2.678379514362959668e+01
1.210999999999999943e+01,-8.895511963269575162e+00,-2.089349199381656064e+01,9.509823725990339938e+01,-2.796456142155001245e+01
1.211999999999999922e+01,-8.902623233011432546e+00,-2.208083464969900334e+01,9.393463671392009928e+01,-2.908501283162703643e+01
1.213000000000000078e+01,-8.910292541374106534e+00,-2.327051230286603811e+01,9.273948054534967866e+01,-3.014391794972102545e+01
1.214000000000000057e+01,-8.918576094204009763e+00,-2.446236760832333701e+01,9.151669107208749665e+01,-3.114028231157553961e+01
1.215000000000000036e+01,-8.927529508514929546e+00,-2.565616593695899539e+01,9.027027076772829162e+01,-3.207337173717900214e+01
1.216000000000000014e+01,-8.937205251533892891e+00,-2.685159442352359349e+01,8.900428946228123550e+01,-3.294273927625577159e+01
1.216999999999999993e+01,-8.947650077494163412e+00,-2.804826502278064382e+01,8.772286130222521194e+01,-3.374825232474475456e+01
1.217999999999999972e+01,-8.958902610389609222e+00,-2.924572143660662604e+01,8.643011165768909621e+01,-3.449011637044677769e+01
1.218999999999999950e+01,-8.970991208472167244e+00,-3.044344953759121353e+01,8.513013529739396290e+01,-3.516889213090610156e+01
1.219999999999999929e+01,-8.983932225421009221e+00,-3.164089071197945557e+01,8.382694808956486554e+01,-3.578550348702385264e+01
1.221000000000000085e+01,-8.997728755728203964e+00,-3.283745738862410235e+01,8.252443513953674881e+01,-3.634123449610397927e+01
1.222000000000000064e+01,-9.012369920137574653e+00,-3.403254991888589132e+01,8.122629859388960938e+01,-3.683771477236953018e+01
1.223000000000000043e+01,-9.027830713291033149e+00,-3.522557392885808270e+01,7.993600832186039895e+01,-3.727689353256089078e+01
1.224000000000000021e+01,-9.044072402410057165e+00,-3.641595727964324425e+01,7.865675836211188710e+01,-3.766100351231507659e+01
1.225000000000000000e+01,-9.061043435047004380e+00,-3.760316583959183845e+01,7.739143146175500476e+01,-3.799251668284463079e+01
1.225999999999999979e+01,-9.078680787587339651e+00,-3.878671738715750195e+01,7.614257331806241780e+01,-3.827409418526983131e+01
1.226999999999999957e+01,-9.096911665808006475e+00,-3.996619311428879939e+01,7.491237735037931600e+01,-3.850853313274836864e+01
1.227999999999999936e+01,-9.115655455486566083e+00,-4.114124637594954947e+01,7.370268006330807964e+01,-3.869871291903147892e+01
1.228999999999999915e+01,-9.134825815387028314e+00,-4.231160851804462197e+01,7.251496638089095370e+01,-3.884754345050900781e+01
1.230000000000000071e+01,-9.154332806941827272e+00,-4.347709179978505745e+01,7.135038378450367702e+01,-3.895791733697952708e+01
1.231000000000000050e+01,-9.174084964060861935e+00,-4.463758959400580295e+01,7.020976370260638078e+01,-3.903266759149552456e+01
1.232000000000000028e+01,-9.193991221645923417e+00,-4.579307418821750986e+01,6.909364838660806640e+01,-3.907453185899463932e+01
1.233000000000000007e+01,-9.213962641025741362e+00,-4.694359261085720902e+01,6.800232145511085946e+01,-3.908612366887181366e+01
1.233999999999999986e+01,-9.233913892759602504e+00,-4.808926096520756488e+01,6.693584037709908330e+01,-3.906991073073365328e+01
1.234999999999999964e+01,-9.253764480009088800e+00,-4.923025776567133249e+01,6.589406936301786288e+01,-3.902819989653043109e+01
1.235999999999999943e+01,-9.273439706873316979e+00,-5.036681673959886751e+01,6.487671140652285828e+01,-3.896312811536611775e+01
1.236999999999999922e+01,-9.292871413848445172e+00,-5.149921948877284450e+01,6.388333853356282788e+01,-3.887665851735632572e+01
1.238000000000000078e+01,-9.311998515423024259e+00,-5.262778830761995863e+01,6.291341963604071452e+01,-3.877058067747590542e+01
1.239000000000000057e+01,-9.330767381807465455e+00,-5.375287934231059239e+01,6.196634556582950637e+01,-3.864651411843002649e+01
1.240000000000000036e+01,-9.349132107603955077e+00,-5.487487615955676290e+01,6.104145141869209823e+01,-3.850591419572281637e+01
1.241000000000000014e+01,-9.367054705204481024e+00,-5.599418368936471779e+01,6.013803613122081515e+01,-3.835007964652943002e+01
1.241999999999999993e+01,-9.384505250831715273e+00,-5.711122242393997794e+01,5.925537963946899822e+01,-3.818016125298543528e+01
1.242999999999999972e+01,-9.401461997900618428e+00,-5.822642270433500755e+01,5.839275790516239795e+01,-3.799717124659922973e+01
1.243999999999999950e+01,-9.417911457615089077e+00,-5.934021891240790580e+01,5.754945611079114087e+01,-3.780199324250579451e+01
1.244999999999999929e+01,-9.433848432413066476e+00,-6.045304340918439578e+01,5.672478027054380334e+01,-3.759539262304372897e+01
1.246000000000000085e+01,-9.449275975946843431e+00,-6.156532011826210038e+01,5.591806741607552311e+01,-3.737802737785517593e+01
1.247000000000000064e+01,-9.464205245367363517e+00,-6.267745773708797685e+01,5.512869441263135428e+01,-3.715045944662395527e+01
1.248000000000000043e+01,-9.478655208938025822e+00,-6.378984265915598684e+01,5.435608536038139249e+01,-3.691316660120287452e+01
1.249000000000000021e+01,-9.492652175006540460e+00,-6.490283179387020596e+01,5.359971745440618207e+01,-3.666655485256411140e+01
1.250000000000000000e+01,-9.506229117027226394e+00,-6.601674556489307122e+01,5.285912512753284176e+01,-3.641097128585576570e+01
1.250999999999999979e+01,-9.519424782910244076e+00,-6.713186143993864619e+01,5.213390229137662857e+01,-3.614671712835693995e+01
1.251999999999999957e+01,-9.532282594167577727e+00,-6.824840838518862540e+01,5.142370252512493778e+01,-3.587406075634462610e+01
1.252999999999999936e+01,-9.544849359385905174e+00,-6.936656263905727826e+01,5.072823713587212069e+01,-3.559325026355169541e+01
1.253999999999999915e+01,-9.557173845498216025e+00,-7.048644516023512097e+01,5.004727112058476024e+01,-3.530452515958244675e+01
1.255000000000000071e+01,-9.569305267128365600e+00,-7.160812102546792346e+01,4.938061718588671312e+01,-3.500812675122824658e+01
1.256000000000000050e+01,-9.581291767097750878e+00,-7.273160093912200352e+01,4.872812811314170744e+01,-3.470430678818153325e+01
1.257000000000000028e+01,-9.593178968527476869e+00,-7.385684487861523451e+01,4.808968787731011219e+01,-3.439333402693205954e+01
1.258000000000000007e+01,-9.605008679851978926e+00,-7.498376774916256693e+01,4.746520202439475611e+01,-3.407549847726826897e+01
1.258999999999999986e+01,-9.616817828095660659e+00,-7.611224677140931760e+01,4.685458787228770916e+01,-3.375111323492041038e+01
1.259999999999999964e+01,-9.628637683185610641e+00,-7.724213019002179692e+01,4.625776511577748096e+01,-3.342051395840042716e+01
1.260999999999999943e+01,-9.640493417724346870e+00,-7.837324678282462287e+01,4.567464738538886593e+01,-3.308405620322609053e+01
1.261999999999999922e+01,-9.652404023905734931e+00,-7.950541557912288226e+01,4.510513523356676302e+01,-3.274211096764221196e+01
1.263000000000000078e+01,-9.664382583919929104e+00,-8.063845516995456819e+01,4.454911090697434872e+01,-3.239505891738033938e+01
1.264000000000000057e+01,-9.676436864338510802e+00,-8.177219201600115639e+01,4.400643512060813123e+01,-3.204328383246122769e+01
1.265000000000000036e+01,-9.688570180781484353e+00,-8.290646723042596022e+01,4.347694589088823136e+01,-3.168716584987509322e+01
1.266000000000000014e+01,-9.700782458757188920e+00,-8.404114142955353373e+01,4.296045932494381248e+01,-3.132707505977491635e+01
1.266999999999999993e+01,-9.713071401795138726e+00,-8.517609739554308135e+01,4.245677211599379319e+01,-3.096336595157240978e+01
1.267999999999999972e+01,-9.725433670298995636e+00,-8.631124047017938494e+01,4.196566537263073116e+01,-3.059637310604438198e+01
1.268999999999999950e+01,-9.737865974796630297e+00,-8.744649678319247244e+01,4.148690932308976898e+01,-3.022640839966348025e+01
1.269999999999999929e+01,-9.750365995652416018e+00,-8.858180959633693874e+01,4.102026839107394807e+01,-2.985375983975117364e+01
1.271000000000000085e+01,-9.762933057306646845e+00,-8.971713420009663764e+01,4.056550614038958713e+01,-2.947869199698505582e+01
1.272000000000000064e+01,-9.775568507478562097e+00,-9.085243191903320792e+01,4.012238963045997053e+01,-2.910144785878991414e+01
1.273000000000000043e+01,-9.788275778664612403e+00,-9.198766385310824489e+01,3.969069280873488026e+01,-2.872225180568699088e+01
1.274000000000000021e+01,-9.801060138361240348e+00,-9.312278499842823010e+01,3.927019868065675468e+01,-2.834131332318948182e+01
1.275000000000000000e+01,-9.813928163164270302e+00,-9.425773934937258502e+01,3.886070013204111007e+01,-2.795883101168432106e+01
1.275999999999999979e+01,-9.826886997645127408e+00,-9.539245648771554897e+01,3.846199941972147940e+01,-2.757499644962309659e+01
1.276999999999999957e+01,-9.839943479300544027e+00,-9.652685002101323164e+01,3.807390648086011709e+01,-2.718999750091631284e+01
1.277999999999999936e+01,-9.853103223985836934e+00,-9.766081805444032682e+01,3.769623632700285043e+01,-2.680402073139456576e+01
1.278999999999999915e+01,-9.866369770767427383e+00,-9.879424568299172904e+01,3.732880587528151040e+01,-2.641725270376503687e+01
1.280000000000000071e+01,-9.879743880514041621e+00,-9.992700929209122762e+01,3.697143061856059632e+01,-2.602988004509746034e+01
1.281000000000000050e+01,-9.893223069036579886e+00,-1.010589822720938713e+02,3.662392154482134288e+01,-2.564208831329872496e+01
1.282000000000000028e+01,-9.906801434221003788e+00,-1.021900416027934426e+02,3.628608268356852307e+01,-2.525405981652081877e+01
1.283000000000000007e+01,-9.920469809125805227e+00,-1.033200746621422041e+02,3.595770958724890676e+01,-2.486597064990710138e+01
1.283999999999999986e+01,-9.934216241757759747e+00,-1.044489855693821880e+02,3.563858895570515273e+01,-2.447798729721462507e+01
1.284999999999999964e+01,-9.948026769916566536e+00,-1.055767003924248826e+02,3.532849949132468481e+01,-2.409026319297475283e+01
1.285999999999999943e+01,-9.961886429007842381e+00,-1.067031706328587575e+02,3.502721394334097482e+01,-2.370293564960834942e+01
1.286999999999999922e+01,-9.975780404904785570e+00,-1.078283745441290620e+02,3.473450217395645723e+01,-2.331612352252564335e+01
1.288000000000000078e+01,-9.989695225327810846e+00,-1.089523160284655461e+02,3.445013496850479839e+01,-2.292992591761290200e+01
1.289000000000000057e+01,-1.000361987380372497e+01,-1.100750210806192513e+02,3.417388822726797315e+01,-2.254442214589190030e+01
1.290000000000000036e+01,-1.001754671130937169e+01,-1.111965319823182057e+02,3.390554712604807719e+01,-2.215967300866194734e+01
1.291000000000000014e+01,-1.003147210255175459e+01,-1.123168996795141794e+02,3.364490982134981323e+01,-2.177572336426216637e+01
1.291999999999999993e+01,-1.004539666586079605e+01,-1.134361749736934541e+02,3.339179030571453666e+01,-2.139260579701513265e+01
1.292999999999999972e+01,-1.005932509628850902e+01,-1.145543993093135384e+02,3.314602008727988647e+01,-2.101034509223635283e+01
1.293999999999999950e+01,-1.007326554828761900e+01,-1.156715960260935248e+02,3.290744846932350498e+01,-2.062896312961917999e+01
1.294999999999999929e+01,-1.008722860420451006e+01,-1.167877629570290168e+02,3.267594133152797298e+01,-2.024848374989458222e+01
1.296000000000000085e+01,-1.010122589432162599e+01,-1.179028671867023377e+02,3.245137845374446073e+01,-1.986893713243075510e+01
1.297000000000000064e+01,-1.011526846981802663e+01,-1.190168426426747885e+02,3.223364956254165747e+01,-1.949036324677218346e+01
1.298000000000000043e+01,-1.012936505854540492e+01,-1.201295909851659616e+02,3.202264940802974280e+01,-1.911281400750752724e+01
1.299000000000000021e+01,-1.014352035224846205e+01,-1.212409860023783068e+02,3.181827228158007514e+01,-1.873635386403080005e+01
1.300000000000000000e+01,-1.015773348088146300e+01,-1.223508814307367913e+02,3.162040645446242948e+01,-1.836105868618797388e+01
1.300999999999999979e+01,-1.017199682399784422e+01,-1.234591218238607695e+02,3.142892904638062745e+01,-1.798701295248891441e+01
1.301999999999999957e+01,-1.018629529083516161e+01,-1.245655558151485280e+02,3.124370181823282877e+01,-1.761430539706781673e+01
1.302999999999999936e+01,-1.020060617068845765e+01,-1.256700508795680093e+02,3.106456832569853788e+01,-1.724302341210783496e+01
1.303999999999999915e+01,-1.021489961540235925e+01,-1.267725085212786524e+02,3.089135277365031840e+01,-1.687324662194801661e+01
1.305000000000000071e+01,-1.022913976905947209e+01,-1.278728787118260470e+02,3.072386078330061920e+01,-1.650504013320354346e+01
1.306000000000000050e+01,-1.024328650959034981e+01,-1.289711723903974985e+02,3.056188213442891666e+01,-1.613844801407676854e+01
1.307000000000000028e+01,-1.025729771690731340e+01,-1.300674709182597439e+02,3.040519538582037384e+01,-1.577348756081625858e+01
1.308000000000000007e+01,-1.027113193627890375e+01,-1.311619315522498255e+02,3.025357412092978748e+01,-1.541014486862939314e+01
1.308999999999999986e+01,-1.028475126793517092e+01,-1.322547882578093379e+02,3.010679442554237539e+01,-1.504837214047696747e+01
1.309999999999999964e+01,-1.029812428780115141e+01,-1.333463475038937815e+02,2.996464309162253059e+01,-1.468808704581501701e+01
1.310999999999999943e+01,-1.031122879252625069e+01,-1.344369790469607722e+02,2.982692596653417993e+01,-1.432917429138477772e+01
1.311999999999999922e+01,-1.032405416625496564e+01,-1.355271020906999127e+02,2.969347583652970357e+01,-1.397148939913475019e+01
1.313000000000000078e+01,-1.033660318718952453e+01,-1.366171675709807687e+02,2.956415925148010970e+01,-1.361486451560536359e+01
1.314000000000000057e+01,-1.034889312778832249e+01,-1.377076376302617291e+02,2.943888176392649214e+01,-1.325911591671629886e+01
1.315000000000000036e+01,-1.036095605085233728e+01,-1.387989635841420011e+02,2.931759116518632169e+01,-1.290405273548847020e+01
1.316000000000000014e+01,-1.037283826093794659e+01,-1.398915638227076670e+02,2.920027844599151834e+01,-1.254948633970516347e+01
1.316999999999999993e+01,-1.038459893177511262e+01,-1.409858031173140489e+02,2.908697637723471274e+01,-1.219523973082863399e+01
1.317999999999999972e+01,-1.039630799050807042e+01,-1.420819747161691566e+02,2.897775578383119921e+01,-1.184115632972731369e+01
1.318999999999999950e+01,-1.040804339356054165e+01,-1.431802864168727751e+02,2.887271975648664224e+01,-1.148710755954678397e+01
1.319999999999999929e+01,-1.041988797232343877e+01,-1.442808515178871858e+02,2.877199619782421536e+01,-1.113299872745573182e+01
1.321000000000000085e+01,-1.043192605628309977e+01,-1.453836851984964369e+02,2.867572921832976718e+01,-1.077877283691304555e+01
1.322000000000000064e+01,-1.044424009456648328e+01,-1.464887064877877947e+02,2.858406997445967335e+01,-1.042441211916173671e+01
1.323000000000000043e+01,-1.045690749354860927e+01,-1.475957455891088728e+02,2.849716757053056782e+01,-1.006993724334333251e+01
1.324000000000000021e+01,-1.046999786888183515e+01,-1.487045559578340601e+02,2.841516062642059381e+01,-9.715404334669488051e+00
1.325000000000000000e+01,-1.048357087702796875e+01,-1.498148302140897670e+02,2.833817004762883229e+01,-9.360900085771307388e+00
1.325999999999999979e+01,-1.049767474700989567e+01,-1.509262187300096514e+02,2.826629342950927537e+01,-9.006535375698152990e+00
1.326999999999999957e+01,-1.051234558121514517e+01,-1.520383495783611352e+02,2.819960139307234570e+01,-8.652437904717421802e+00
1.327999999999999936e+01,-1.052760743860966031e+01,-1.531508484742979306e+02,2.813813599713003555e+01,-8.298744404981997391e+00
1.328999999999999915e+01,-1.054347315867749479e+01,-1.542633573859253033e+02,2.808191121317442196e+01,-7.945592994678036369e+00
1.330000000000000071e+01,-1.055994583367419182e+01,-1.553755506270764783e+02,2.803091529761101341e+01,-7.593116207318722388e+00
1.331000000000000050e+01,-1.057702079388308469e+01,-1.564871474657501835e+02,2.798511476225820971e+01,-7.241435152560074862e+00
1.332000000000000028e+01,-1.059468793846841272e+01,-1.575979205672695969e+02,2.794445953813198003e+01,-6.890655157224979455e+00
1.333000000000000007e+01,-1.061293422545771570e+01,-1.587076999210109136e+02,2.790888885688410426e+01,-6.540863104362952818e+00
1.333999999999999986e+01,-1.063174612968751553e+01,-1.598163722488098131e+02,2.787833734346629200e+01,-6.192126544957432976e+00
1.334999999999999964e+01,-1.065111188750745086e+01,-1.609238762353824370e+02,2.785274082413771168e+01,-5.844494512923616547e+00
1.335999999999999943e+01,-1.067102337083744246e+01,-1.620301942298519577e+02,2.783204140404393101e+01,-5.497999840865039900e+00
1.336999999999999922e+01,-1.069147746887491834e+01,-1.631353413184322392e+02,2.781619145333255361e+01,-5.152662662285635520e+00
1.338000000000000078e+01,-1.071247690041993650e+01,-1.642393528415671824e+02,2.780515625239921818e+01,-4.808494704343543091e+00
1.339000000000000057e+01,-1.073403042969413690e+01,-1.653422715106569854e+02,2.779891517543295976e+01,-4.465503929982891584e+00
1.340000000000000036e+01,-1.075615250947225654e+01,-1.664441352639677518e+02,2.779746142565060296e+01,-4.123699082429209462e+00
1.341000000000000014e+01,-1.077886242302220055e+01,-1.675449668909334378e+02,2.780080046380029302e+01,-3.783093718177750642e+00
1.341999999999999993e+01,-1.080218303676321412e+01,-1.686447662595707015e+02,2.780894738266819033e+01,-3.443709382944776465e+00
1.342999999999999972e+01,-1.082613930538844826e+01,-1.697435057211785931e+02,2.782192356512062759e+01,-3.105577681737448970e+00
1.343999999999999950e+01,-1.085075668810904403e+01,-1.708411289634289290e+02,2.783975301481548925e+01,-2.768741109987817861e+00
1.344999999999999929e+01,-1.087605963749194515e+01,-1.719375532640602842e+02,2.786245876338561089e+01,-2.433252636864105423e+00
1.346000000000000085e+01,-1.090207031113531144e+01,-1.730326747902062436e+02,2.789005973521691573e+01,-2.099174153153062772e+00
1.347000000000000064e+01,-1.092880763240159148e+01,-1.741263763187161260e+02,2.792256839382102029e+01,-1.766574003764678436e+00
1.348000000000000043e+01,-1.095628679188598298e+01,-1.752185365427741885e+02,2.795998940808014765e+01,-1.435523909621129190e+00
1.349000000000000021e+01,-1.098451923934025842e+01,-1.763090399963881509e+02,2.800231947056813908e+01,-1.106095638330529152e+00
1.350000000000000000e+01,-1.101351317004092323e+01,-1.773977865810852563e+02,2.804954828357705310e+01,-7.783578032307715278e-01
1.350999999999999979e+01,-1.104327446399007684e+01,-1.784846997214294788e+02,2.810166061203613097e+01,-4.523731548061707408e-01
1.351999999999999957e+01,-1.107380799473024524e+01,-1.795697323035180659e+02,2.815863919670139381e+01,-1.281966789382802119e-01
1.352999999999999936e+01,-1.110511919046663110e+01,1.793471302477896359e+02,2.822046823531141513e+01,1.941252622733662114e-01
1.353999999999999915e+01,-1.113721570653945747e+01,1.782658701388847646e+02,2.828713708153153661e+01,5.145546119585147071e-01
1.355000000000000071e+01,-1.117010905714341185e+01,1.771864407178726424e+02,2.835864378665874952e+01,8.330601001994478727e-01
1.356000000000000050e+01,-1.120381605657521540e+01,1.761087731169355948e+02,2.843499811948913703e+01,1.149614619357950396e+00
1.357000000000000028e+01,-1.123835993606099137e+01,1.750327855337948790e+02,2.851622374451094188e+01,1.464191693151134954e+00
1.358000000000000007e+01,-1.127377103005372661e+01,1.739583944180911317e+02,2.860235931359354566e+01,1.776761327992144146e+00
1.358999999999999986e+01,-1.131008696336871111e+01,1.728855266518184521e+02,2.869345832466466817e+01,2.087285596744018257e+00
1.359999999999999964e+01,-1.134735231432129154e+01,1.718141317171048570e+02,2.878958771338237455e+01,2.395714334093351550e+00
1.360999999999999943e+01,-1.138561777522703089e+01,1.707441928384698997e+02,2.889082526002235696e+01,2.701981316430063451e+00
1.361999999999999922e+01,-1.142493887607282588e+01,1.696757361708774283e+02,2.899725600285430360e+01,3.006001257918176073e+00
1.363000000000000078e+01,-1.146537437589057618e+01,1.686088372718732558e+02,2.910896794096530016e+01,3.307667882113955127e+00
1.364000000000000057e+01,-1.150698445593833341e+01,1.675436243307378277e+02,2.922604737523670693e+01,3.606853231716200536e+00
1.365000000000000036e+01,-1.154982886664116393e+01,1.664802779090495903e+02,2.934857426981801254e+01,3.903408266704809559e+00
1.366000000000000014e+01,-1.159396518486266814e+01,1.654190272505242660e+02,2.947661801476236931e+01,4.197164683581530831e+00
1.366999999999999993e+01,-1.163944732913144442e+01,1.643601435171889875e+02,2.961023393350256327e+01,4.487937776457518346e+00
1.367999999999999972e+01,-1.168632445874791159e+01,1.633039305784440387e+02,2.974946080973378315e+01,4.775530064603116465e+00
1.368999999999999950e+01,-1.173464035010747253e+01,1.622507141965854203e+02,2.989431961310241803e+01,5.059735339714265479e+00
1.369999999999999929e+01,-1.178443330281779566e+01,1.612008305988460677e+02,3.004481349028737469e+01,5.340342746281824482e+00
1.371000000000000085e+01,-1.183573658262199757e+01,1.601546154895773668e+02,3.020092896765692458e+01,5.617140504101638676e+00
1.372000000000000064e+01,-1.188857936150206562e+01,1.591123945309682028e+02,3.036263819455317048e+01,5.889918914089294688e+00
1.373000000000000043e+01,-1.194298807147462327e+01,1.580744762079383747e+02,3.052990195315934585e+01,6.158472354860561104e+00
1.374000000000000021e+01,-1.199898805118041523e+01,1.570411478006484174e+02,3.070267308158909003e+01,6.422600072629695234e+00
1.375000000000000000e+01,-1.205660533664092071e+01,1.560126749310961429e+02,3.088089990915016259e+01,6.682105682755685727e+00
1.375999999999999979e+01,-1.211586843203371089e+01,1.549893048488603142e+02,3.106452929186704282e+01,6.936795427503593459e+00
1.376999999999999957e+01,-1.217680989460232333e+01,1.539712732998162323e+02,3.125350886425052366e+01,7.186475359799826990e+00
1.377999999999999936e+01,-1.223946758033335414e+01,1.529588145075969976e+02,3.144778818840806167e+01,7.430947735219104899e+00
1.378999999999999915e+01,-1.230388542304248212e+01,1.519521735180031499e+02,3.164731857877374921e+01,7.670006983247312782e+00
1.380000000000000071e+01,-1.237011365705793864e+01,1.509516199365492071e+02,3.185205150173039002e+01,7.903435685018924239e+00
1.381000000000000050e+01,-1.243820843973613322e+01,1.499574619492516945e+02,3.206193558343671413e+01,8.131001002094807362e+00
1.382000000000000028e+01,-1.250823088072834821e+01,1.489700594704345917e+02,3.227691239397626077e+01,8.352451976755963514e+00
1.383000000000000007e+01,-1.258024553590501071e+01,1.479898353143534564e+02,3.249691129886848273e+01,8.567518059943962427e+00
1.383999999999999986e+01,-1.265431847070810534e+01,1.470172834367067480e+02,3.272184376817868667e+01,8.775909123393926592e+00
1.384999999999999964e+01,-1.273051503636620119e+01,1.460529735260783184e+02,3.295159759905809693e+01,8.977317086082374331e+00
1.385999999999999943e+01,-1.280889752947094173e+01,1.450975515251695072e+02,3.318603153252978899e+01,9.171419142954718495e+00
1.386999999999999922e+01,-1.288952291847303933e+01,1.441517360029187103e+02,3.342497072630470001e+01,9.357882438821070181e+00
1.388000000000000078e+01,-1.297244081844473840e+01,1.432163106535865893e+02,3.366820348288169384e+01,9.536369895720303802e+00
1.389000000000000057e+01,-1.305769187793277730e+01,1.422921135388391463e+02,3.391547953067596666e+01,9.706546790792478063e+00
1.390000000000000036e+01,-1.314530671002824747e+01,1.413800239861339207e+02,3.416651002365317424e+01,9.868087604904941301e+00
1.391000000000000014e+01,-1.323530545611392562e+01,1.404809482867324562e+02,3.442096927325221145e+01,1.002068262832837320e+01
1.391999999999999993e+01,-1.332769801825002176e+01,1.395958054793951533e+02,3.467849806887826958e+01,1.016404382343714374e+01
1.392999999999999972e+01,-1.342248493865757197e+01,1.387255145471327182e+02,3.493870829468713168e+01,1.029790950628784607e+01
1.393999999999999950e+01,-1.351965884661534290e+01,1.378709842870808302e+02,3.520118842544733440e+01,1.042204751503181193e+01
1.394999999999999929e+01,-1.361920633888670018e+01,1.370331069381009854e+02,3.546550939611687170e+01,1.053625667502995533e+01
1.396000000000000085e+01,-1.372111011409701042e+01,1.362127563758168378e+02,3.573123029871975120e+01,1.064036653586834014e+01
1.397000000000000064e+01,-1.382535114848172775e+01,1.354107913274800410e+02,3.599790337238288629e+01,1.073423552881328824e+01
1.398000000000000043e+01,-1.393191068356991735e+01,1.346280636442716627e+02,3.626507781917601392e+01,1.081774785750205758e+01
1.399000000000000021e+01,-1.404077179802674991e+01,1.338654312279250860e+02,3.653230209539781015e+01,1.089080957271855432e+01
1.400000000000000000e+01,-1.415192035698315642e+01,1.331237747780101586e+02,3.679912448544441617e+01,1.095334437861782462e+01
1.400999999999999979e+01,-1.426534517202199481e+01,1.324040171436481046e+02,3.706509194895527770e+01,1.100528976090770428e+01
1.401999999999999957e+01,-1.438103726112346337e+01,1.317071437648048970e+02,3.732974742368797649e+01,1.104659401042933986e+01
1.402999999999999936e+01,-1.449898816622020803e+01,1.310342225042102200e+02,3.759262594694209270e+01,1.107721463742842438e+01
1.403999999999999915e+01,-1.461918736118106565e+01,1.303864211231253591e+02,3.785325010807141410e+01,1.109711853804199144e+01
1.405000000000000071e+01,-1.474161885874497457e+01,1.297650207532456363e+02,3.811112544672771918e+01,1.110628409663943827e+01
1.406000000000000050e+01,-1.486625719459039985e+01,1.291714239608137405e+02,3.836573645326302540e+01,1.110470520224107993e+01
1.407000000000000028e+01,-1.499306302403078917e+01,1.286071563728629314e+02,3.861654380210542570e+01,1.109239694444828572e+01
1.408000000000000007e+01,-1.512197860628634594e+01,1.280738613132366481e+02,3.886298335550433336e+01,1.106940255595720402e+01
1.408999999999999986e+01,-1.525292346863312432e+01,1.275732874419243075e+02,3.910446732035018869e+01,1.103580100616192894e+01
1.409999999999999964e+01,-1.538579053527226570e+01,1.271072699627923441e+02,3.934038773798831556e+01,1.099171454226423705e+01
1.410999999999999943e+01,-1.552044297250787963e+01,1.266777065151633650e+02,3.957012225486624146e+01,1.093731543473191614e+01
1.411999999999999922e+01,-1.565671194364564656e+01,1.262865293452189235e+02,3.979304188338719683e+01,1.087283122056054019e+01
1.413000000000000078e+01,-1.579439538670818699e+01,1.259356757160560818e+02,4.000852024232690951e+01,1.079854785069156264e+01
1.414000000000000057e+01,-1.593325783037074928e+01,1.256270587159182668e+02,4.021594358893966614e+01,1.071481032914604370e+01
1.415000000000000036e+01,-1.607303115523230375e+01,1.253625406245694194e+02,4.041472084162277412e+01,1.062202066519229327e+01
1.416000000000000014e+01,-1.621341609742321310e+01,1.251439107703617282e+02,4.060429275823197059e+01,1.052063322376803001e+01
1.416999999999999993e+01,-1.635408419008895820e+01,1.249728693427818484e+02,4.078413948846543491e+01,1.041114782646125470e+01
1.417999999999999972e+01,-1.649467975726999924e+01,1.248510179245163840e+02,4.095378585768240498e+01,1.029410119681396729e+01
1.418999999999999950e+01,-1.663482152624893828e+01,1.247798566056152367e+02,4.111280395292074985e+01,1.017005753214201924e+01
1.419999999999999929e+01,-1.677410341992952780e+01,1.247607865000187957e+02,4.126081284979609620e+01,1.003959909663753081e+01
1.421000000000000085e+01,-1.691209413929863103e+01,1.247951153890388980e+02,4.139747561455266833e+01,9.903317751964381799e+00
1.422000000000000064e+01,-1.704833525269822303e+01,1.248840631793743512e+02,4.152249400784859290e+01,9.761808266097853348e+00
1.423000000000000043e+01,-1.718233767341797602e+01,1.250287630136947570e+02,4.163560157434107367e+01,9.615664073521873689e+00
1.424000000000000021e+01,-1.731357662355130245e+01,1.252302533443618415e+02,4.173655599615573664e+01,9.465475915058592093e+00
1.425000000000000000e+01,-1.744148543684589825e+01,1.254894562032550738e+02,4.182513169639823758e+01,9.311833487162818557e+00
1.425999999999999979e+01,-1.756544882632011451e+01,1.258071373792165275e+02,4.190111368722953245e+01,9.155329908338940115e+00
1.426999999999999957e+01,-1.768479650741529596e+01,1.261838453206355837e+02,4.196429356211691442e+01,8.996568497331395520e+00
1.427999999999999936e+01,-1.779879829299398608e+01,1.266198273364106655e+02,4.201446834082234716e+01,8.836171086458266544e+00
1.428999999999999915e+01,-1.790666192754745722e+01,1.271149240333313060e+02,4.205144260560562941e+01,8.674786892762712753e+00
1.430000000000000071e+01,-1.800753496823747923e+01,1.276684457831395321e+02,4.207503404354775967e+01,8.513100861761076388e+00
1.431000000000000050e+01,-1.810051191573733576e+01,1.282790381468902581e+02,4.208508216429492421e+01,8.351840396726627702e+00
1.432000000000000028e+01,-1.818464752170034870e+01,1.289445462830423708e+02,4.208145962934307960e+01,8.191779493430622949e+00
1.433000000000000007e+01,-1.825897674041969765e+01,1.296618910131586517e+02,4.206408534218428485e+01,8.033739507811230141e+00
1.433999999999999986e+01,-1.832254116208159544e+01,1.304269709241972350e+02,4.203293823828767728e+01,7.878586073358247788e+00
1.434999999999999964e+01,-1.837442100851225035e+01,1.312346051449653999e+02,4.198807060282884862e+01,7.727222028331545367e+00
1.435999999999999943e+01,-1.841377097099281457e+01,1.320785298298326040e+02,4.192961974523441171e+01,7.580576576238963860e+00
1.436999999999999922e+01,-1.843985743866009841e+01,1.329514577157523547e+02,4.185781697422565628e+01,7.439591249431750875e+00
1.438000000000000078e+01,-1.845209413905817897e+01,1.338452045322325148e+02,4.177299303420270604e+01,7.305203539694102410e+00
1.439000000000000057e+01,-1.845007301578704784e+01,1.347508790999610255e+02,4.167557946134340341e+01,7.178329271070867712e+00
1.440000000000000036e+01,-1.843358738724236190e+01,1.356591266075615181e+02,4.156610566473022317e+01,7.059844897711059275e+00
1.441000000000000014e+01,-1.840264507923138027e+01,1.365604080066168535e+02,4.144519189794382186e+01,6.950570903476080531e+00
1.441999999999999993e+01,-1.835747022970556941e+01,1.374452938975682912e+02,4.131353862273495281e+01,6.851257363408388201e+00
1.442999999999999972e+01,-1.829849367328262133e+01,1.383047495676412098e+02,4.117191304495270288e+01,6.762572514867131623e+00
1.443999999999999950e+01,-1.822633302616665674e+01,1.391303893120734756e+02,4.102113379758287692e+01,6.685094903170617719e+00
1.444999999999999929e+01,-1.814176460765983734e+01,1.399146825061756090e+02,4.086205484038487867e+01,6.619309344571036036e+00
1.446000000000000085e+01,-1.804568999912886085e+01,1.406511002305498721e+02,4.069554963557349936e+01,6.565606622635865364e+00
1.447000000000000064e+01,-1.793910028114294875e+01,1.413341984020409825e+02,4.052249655100480652e+01,6.524286535592475289e+00
1.448000000000000043e+01,-1.782304081834885778e+01,1.419596401289047662e+02,4.034376625295293906e+01,6.495563669930666251e+00
1.449000000000000021e+01,-1.769857896542014686e+01,1.425241654349812848e+02,4.016021160377285071e+01,6.479575110032183005e+00
1.450000000000000000e+01,-1.756677637341358178e+01,1.430255200293331086e+02,3.997266030368172807e+01,6.476389216022398365e+00
1.450999999999999979e+01,-1.742866681883805668e+01,1.434623563056867681e+02,3.978191023981401031e+01,6.486014614123889466e+00
1.451999999999999957e+01,-1.728523977260274691e+01,1.438341194618963073e+02,3.958872725682798688e+01,6.508408638129521862e+00
1.452999999999999936e+01,-1.713742935231571352e+01,1.441409299750365278e+02,3.939384486439579547e+01,6.543484622228019632e+00
1.453999999999999915e+01,-1.698610789967677448e+01,1.443834711781560713e+02,3.919796526425835737e+01,6.591117653707714297e+00
1.455000000000000071e+01,-1.683208320138953695e+01,1.445628878613774191e+02,3.900176102204265050e+01,6.651148625166989348e+00
1.456000000000000050e+01,-1.667609830880280342e+01,1.446806990726149422e+02,3.880587672769758711e+01,6.723386655089491626e+00
1.457000000000000028e+01,-1.651883297554492813e+01,1.447387259110113291e+02,3.861093007674305966e+01,6.807610149910681585e+00
1.458000000000000007e+01,-1.636090588500981724e+01,1.447390332585719932e+02,3.841751194953273085e+01,6.903566940614342506e+00
1.458999999999999986e+01,-1.620287704255071759e+01,1.446838831480359033e+02,3.822618524953782781e+01,7.010974028410507763e+00
1.459999999999999964e+01,-1.604524992709414377e+01,1.445756968035244086e+02,3.803748246345723061e+01,7.129517509549973653e+00
1.460999999999999943e+01,-1.588847320674902797e+01,1.444170222451244570e+02,3.785190210411745682e+01,7.258853218127802265e+00
1.461999999999999922e+01,-1.573294200355219630e+01,1.442105046163816269e+02,3.766990437141944881e+01,7.398608533617903049e+00
1.463000000000000078e+01,-1.557899883168436084e+01,1.439588569565120793e+02,3.749190649996507574e+01,7.548385658452465563e+00
1.464000000000000057e+01,-1.542693442577791352e+01,1.436648298785619886e+02,3.731827834209259009e+01,7.707766496005305612e+00
1.465000000000000036e+01,-1.527698872116268447e+01,1.433311794218311093e+02,3.714933875511719208e+01,7.876319069275082185e+00
1.466000000000000014e+01,-1.512935224995484340e+01,1.429606331294312156e+02,3.698535332069731396e+01,8.053605234532103196e+00
1.466999999999999993e+01,-1.498416818252059457e+01,1.425558550872432875e+02,3.682653382724562618e+01,8.239189280364678680e+00
1.467999999999999972e+01,-1.484153518143993367e+01,1.421194111968796392e+02,3.667303980295643129e+01,8.432646876554196425e+00
1.468999999999999950e+01,-1.470151115378322615e+01,1.416537363100717357e+02,3.652498221103099496e+01,8.633573760927548690e+00
1.469999999999999929e+01,-1.456411789651926370e+01,1.411611050099727436e+02,3.638242922648720423e+01,8.841593533109380232e+00
1.471000000000000085e+01,-1.442934653801674472e+01,1.406436077863003220e+02,3.624541382323278071e+01,9.056363964144130918e+00
1.472000000000000064e+01,-1.429716359399489889e+01,1.401031341290329237e+02,3.611394272843388364e+01,9.277581327348148221e+00
1.473000000000000043e+01,-1.416751738609612410e+01,1.395413636841787763e+02,3.598800616463877589e+01,9.504982400544356835e+00
1.474000000000000021e+01,-1.404034452142535727e+01,1.389597661097865000e+02,3.586758771170532611e+01,9.738343970738839062e+00
1.475000000000000000e+01,-1.391557610634103526e+01,1.383596096844549663e+02,3.575267358934912210e+01,9.977479873590571202e+00
1.475999999999999979e+01,-1.379314337003668456e+01,1.377419781043768126e+02,3.564326069111731954e+01,1.022223580382293662e+01
1.476999999999999957e+01,-1.367298240334649684e+01,1.371077943122893146e+02,3.553936279028270206e+01,1.047248232056048778e+01
1.477999999999999936e+01,-1.355503777371377438e+01,1.364578496857896539e+02,3.544101448054543368e+01,1.072810662608060639e+01
1.478999999999999915e+01,-1.343926485393599002e+01,1.357928365210922834e+02,3.534827259743387629e+01,1.098900380308548108e+01
1.480000000000000071e+01,-1.332563079364595282e+01,1.351133815186346396e+02,3.526121507390229937e+01,1.125506824402996564e+01
1.481000000000000050e+01,-1.321411416048690946e+01,1.344200779312636200e+02,3.517993739735194225e+01,1.152618599136277666e+01
1.482000000000000028e+01,-1.310470337389204687e+01,1.337135141788578494e+02,3.510454703602372462e+01,1.180222863065675654e+01
1.483000000000000007e+01,-1.299739413983633973e+01,1.329942970516127616e+02,3.503515637255086546e+01,1.208304924620017928e+01
1.483999999999999986e+01,-1.289218616257762662e+01,1.322630680879308613e+02,3.497187480644175395e+01,1.236848077238525612e+01
1.484999999999999964e+01,-1.278907945381197209e+01,1.315205122792232260e+02,3.491480075470428091e+01,1.265833686967315685e+01
1.485999999999999943e+01,-1.268807057774741942e+01,1.307673588725481864e+02,3.486401428518970391e+01,1.295241523882616796e+01
1.486999999999999922e+01,-1.258914916170955145e+01,1.300043746604026467e+02,3.481957106039460825e+01,1.325050307990199983e+01
1.488000000000000078e+01,-1.249229496773137882e+01,1.292323507155340110e+02,3.478149815558041524e+01,1.355238422066449822e+01
1.489000000000000057e+01,-1.239747576477975244e+01,1.284520840046582180e+02,3.474979215396271570e+01,1.385784729771963875e+01
1.490000000000000036e+01,-1.230464616891531371e+01,1.276643556655942575e+02,3.472441972692380574e+01,1.416669428447375623e+01
1.491000000000000014e+01,-1.221374753578317396e+01,1.268699079355703532e+02,3.470532069490788984e+01,1.447874863035065118e+01
1.491999999999999993e+01,-1.212470890284932068e+01,1.260694217637958303e+02,3.469241335248027980e+01,1.479386230822923487e+01
1.492999999999999972e+01,-1.203744889422764075e+01,1.252634970295872847e+02,3.468560164666366319e+01,1.511192115938424330e+01
1.493999999999999950e+01,-1.195187842495234776e+01,1.244526370294584439e+02,3.468478363760770833e+01,1.543284807011111681e+01
1.494999999999999929e+01,-1.186790397968603905e+01,1.236372385135098284e+02,3.468986055889144637e+01,1.575660369996375998e+01
1.496000000000000085e+01,-1.178543119769058301e+01,1.228175880729445737e+02,3.470074574147884050e+01,1.608318469267823403e+01
1.497000000000000064e+01,-1.170436847475068021e+01,1.219938651434616759e+02,3.471737267601507426e+01,1.641261951941216779e+01
1.498000000000000043e+01,-1.162463029535287262e+01,1.211661513360023150e+02,3.473970156268563159e+01,1.674496231078658326e+01
1.499000000000000021e+01,-1.154614003469180261e+01,1.203344452817530623e+02,3.476772383047714499e+01,1.708028521082152551e+01
1.500000000000000000e+01,-1.146883201792019946e+01,1.194986817261484191e+02,3.480146428717906559e+01,1.741866991607459880e+01
1.500999999999999979e+01,-1.139265268948145149e+01,1.186587532656004100e+02,3.484098077212764366e+01,1.776019913493526303e+01
1.501999999999999957e+01,-1.131756082270828045e+01,1.178145329203508993e+02,3.488636140672198849e+01,1.810494870820310709e+01
1.502999999999999936e+01,-1.124352678231080382e+01,1.169658956942611212e+02,3.493771975304503741e+01,1.845298107191503334e+01
1.503999999999999915e+01,-1.117053093258755680e+01,1.161127373899333151e+02,3.499518837910120084e+01,1.880434062215590885e+01
1.505000000000000071e+01,-1.109856135510338149e+01,1.152549892128552074e+02,3.505891147336078717e+01,1.915905137010008730e+01
1.506000000000000050e+01,-1.102761109508415416e+01,1.143926270851247722e+02,3.512903723870435613e+01,1.951711706911789435e+01
1.507000000000000028e+01,-1.095767519135115009e+01,1.135256750611007845e+02,3.520571081888382992e+01,1.987852377271250504e+01
1.508000000000000007e+01,-1.088874775768904257e+01,1.126542027508903061e+02,3.528906846737716307e+01,2.024324456184326593e+01
1.508999999999999986e+01,-1.082081937362527846e+01,1.117783171676484102e+02,3.537923356284795062e+01,2.061124598195641511e+01
1.509999999999999964e+01,-1.075387501121538847e+01,1.108981498783497415e+02,3.547631491638441759e+01,2.098249557082762706e+01
1.510999999999999943e+01,-1.068789267483348482e+01,1.100138407177877298e+02,3.558040761680033626e+01,2.135696975184940172e+01
1.511999999999999922e+01,-1.062284286773222064e+01,1.091255195933045030e+02,3.569159643830906958e+01,2.173466132303077814e+01
1.513000000000000078e+01,-1.055868892773272272e+01,1.082332880443639311e+02,3.580996160862969901e+01,2.211558579398280955e+01
1.514000000000000057e+01,-1.049538820075146717e+01,1.073372022185135677e+02,3.593558652441130619e+01,2.249978591030643571e+01
1.515000000000000036e+01,-1.043289395090026161e+01,1.064372587861386279e+02,3.606856682319061491e+01,2.288733385039517643e+01
1.516000000000000014e+01,-1.037115784517311923e+01,1.055333850537528519e+02,3.620902009282620782e+01,2.327833077183225541e+01
1.516999999999999993e+01,-1.031013280409283794e+01,1.046254341716635707e+02,3.635709543250030151e+01,2.367290360712263819e+01
1.517999999999999972e+01,-1.024977598086735675e+01,1.037131858971203400e+02,3.651298208072417850e+01,2.407119924214390494e+01
1.518999999999999950e+01,-1.019005162293949951e+01,1.027963529047271010e+02,3.667691639614521648e+01,2.447337643472600277e+01
1.519999999999999929e+01,-1.013093358200742244e+01,1.018745921717946175e+02,3.684918661077914237e+01,2.487959602483885391e+01
1.521000000000000085e+01,-1.007240727054373330e+01,1.009475205472284927e+02,3.703013496103288560e+01,2.529001013417927624e+01
1.522000000000000064e+01,-1.001447091168764203e+01,1.000147332748546489e+02,3.722015702300848972e+01,2.570475113793578004e+01
1.523000000000000043e+01,-9.957135990698288808e+00,9.907582401515702486e+01,3.741969831509825894e+01,2.612392120724856781e+01
1.524000000000000021e+01,-9.900426884323520582e+00,9.813040481217252875e+01,3.762924846140840174e+01,2.654758316602132240e+01
1.525000000000000000e+01,-9.844379713229029605e+00,9.717812449160867061e+01,3.784933341331410617e+01,2.697575328540321848e+01
1.525999999999999979e+01,-9.789040525844059815e+00,9.621868414564163174e+01,3.808050638544893474e+01,2.740839646457557777e+01
1.526999999999999957e+01,-9.734462974061331764e+00,9.525184864084641845e+01,3.832333826285552902e+01,2.784542403326634030e+01
1.527999999999999936e+01,-9.680705677864178682e+00,9.427745344958781004e+01,3.857840826958570091e+01,2.828669417866031921e+01
1.528999999999999915e+01,-9.627829494434635649e+00,9.329540651680274266e+01,3.884629565329293399e+01,2.873201476733254367e+01
1.530000000000000071e+01,-9.575894906699767617e+00,9.230568529539668532e+01,3.912757303876253445e+01,2.918114812138387393e+01
1.531000000000000050e+01,-9.524959727446752566e+00,9.130832947741225780e+01,3.942280194474911070e+01,2.963381713499873626e+01
1.532000000000000028e+01,-9.475077280485935560e+00,9.030343028231321512e+01,3.973253075625927977e+01,3.008971199768560112e+01
1.533000000000000007e+01,-9.426295173459669385e+00,8.929111741238354227e+01,4.005729521535378979e+01,3.054849673388908116e+01
1.533999999999999986e+01,-9.378654722231603458e+00,8.827154493143842728e+01,4.039762125662649339e+01,3.100981478066021424e+01
1.534999999999999964e+01,-9.332191029148257044e+00,8.724487735877077910e+01,4.075402978858789993e+01,3.147329290560656645e+01
1.535999999999999943e+01,-9.286933661678295593e+00,8.621127719681093993e+01,4.112704282847298742e+01,3.193854291072949181e+01
1.536999999999999922e+01,-9.242907828476994325e+00,8.517089493799979039e+01,4.151719025268759111e+01,3.240516076311911320e+01
1.538000000000000078e+01,-9.200135910632283753e+00,8.412386234093440862e+01,4.192501634187686932e+01,3.287272302524703349e+01
1.539000000000000057e+01,-9.158639179667929398e+00,8.307028945093624372e+01,4.235108528731468880e+01,3.334078070661591653e+01
1.540000000000000036e+01,-9.118439522665488184e+00,8.201026549304332036e+01,4.279598488703005188e+01,3.380885090347246802e+01
1.541000000000000014e+01,-9.079560999261955700e+00,8.094386341542526964e+01,4.326032779252687988e+01,3.427640681245495813e+01
1.541999999999999993e+01,-9.042031074643986699e+00,7.987114753770089237e+01,4.374474986047567171e+01,3.474286687726954170e+01
1.542999999999999972e+01,-9.005881405123318473e+00,7.879218348858954357e+01,4.424990540298153974e+01,3.520758393798153207e+01
1.543999999999999950e+01,-8.971148095467283312e+00,7.770704942284514516e+01,4.477645939514089690e+01,3.566983528859994834e+01
1.544999999999999929e+01,-8.937871396071255248e+00,7.661584740402494731e+01,4.532507696690212384e+01,3.612881450476191247e+01
1.546000000000000085e+01,-8.906094858976198125e+00,7.551871383481156386e+01,4.589641075406874648e+01,3.658362578074095239e+01
1.547000000000000064e+01,-8.875864020251251318e+00,7.441582790879782294e+01,4.649108688822542490e+01,3.703328132173871978e+01
1.548000000000000043e+01,-8.847224718258111409e+00,7.330741723731732407e+01,4.710969054764065334e+01,3.747670208763535982e+01
1.549000000000000021e+01,-8.820221189359720881e+00,7.219376005487096393e+01,4.775275205569567305e+01,3.791272189746023002e+01
1.550000000000000000e+01,-8.794894102233381972e+00,7.107518370444732625e+01,4.842073449055781253e+01,3.834009460310210926e+01
1.550999999999999979e+01,-8.771278697742463493e+00,6.995205942380232500e+01,4.911402365672505255e+01,3.875750375181543461e+01
1.551999999999999957e+01,-8.749403193112589960e+00,6.882479376887839351e+01,4.983292106991891757e+01,3.916357390628770219e+01
1.552999999999999936e+01,-8.729287587886840782e+00,6.769381729561277439e+01,5.057764033328435715e+01,3.955688260360953024e+01
1.553999999999999915e+01,-8.710942976701591789e+00,6.655957135425231286e+01,5.134830695388321686e+01,3.993597183255590721e+01
1.555000000000000071e+01,-8.694371433025576579e+00,6.542249401332409775e+01,5.214496128969948785e+01,4.029935790899806847e+01
1.556000000000000050e+01,-8.679566481896486607e+00,6.428300621148427751e+01,5.296756395991265975e+01,4.064553874149502377e+01
1.557000000000000028e+01,-8.666514131950433963e+00,6.314149922862749520e+01,5.381600272948737285e+01,4.097299770334775815e+01
1.558000000000000007e+01,-8.655194391360973682e+00,6.199832447324355655e+01,5.469009962827492188e+01,4.128020365306353767e+01
1.558999999999999986e+01,-8.645583152236405056e+00,6.085378640772400871e+01,5.558961691707291664e+01,4.156560705052152116e+01
1.559999999999999964e+01,-8.637654296766909212e+00,5.970813918991975555e+01,5.651426049403802665e+01,4.182763256879497504e+01
1.560999999999999943e+01,-8.631381858566141929e+00,5.856158731583956012e+01,5.746367945987567083e+01,4.206466906079462120e+01
1.561999999999999922e+01,-8.626742066016646504e+00,5.741429022747956168e+01,5.843746083156189286e+01,4.227505815971822045e+01
1.563000000000000078e+01,-8.623715101813779427e+00,5.626637052685679663e+01,5.943511879931126884e+01,4.245708312606325308e+01
1.564000000000000057e+01,-8.622286433985008713e+00,5.511792513872980948e+01,6.045607843252164315e+01,4.260895975933665625e+01
1.565000000000000036e+01,-8.622447606966792577e+00,5.396903851561762622e+01,6.149965431629127011e+01,4.272883123621411272e+01
1.566000000000000014e+01,-8.624196424293085528e+00,5.281979680114361742e+01,6.256502518949626790e+01,4.281476859869324869e+01
1.566999999999999993e+01,-8.627536503611247909e+00,5.167030177753125031e+01,6.365120620079527924e+01,4.286477829210866730e+01
1.567999999999999972e+01,-8.632476236043105544e+00,5.052068342893019803e+01,6.475702084191171082e+01,4.287681765797918843e+01
1.568999999999999950e+01,-8.639027231053814759e+00,4.937111005454431023e+01,6.588107490424268065e+01,4.284881865308569360e+01
1.569999999999999929e+01,-8.647202370861386100e+00,4.822179505622231233e+01,6.702173489144537655e+01,4.277871934333452231e+01
1.571000000000000085e+01,-8.657013631438850609e+00,4.707299978884085334e+01,6.817711317836209162e+01,4.266450197238737729e+01
1.572000000000000064e+01,-8.668469847623388347e+00,4.592503217683075434e+01,6.934506182669022678e+01,4.250423570400804607e+01
1.573000000000000043e+01,-8.681574606089364821e+00,4.477824114113189324e+01,7.052317636477904728e+01,4.229612156090057340e+01
1.574000000000000021e+01,-8.696324441470761002e+00,4.363300722050912839e+01,7.170881005313749768e+01,4.203853670521169050e+01
1.575000000000000000e+01,-8.712707488390524446e+00,4.248973008280596275e+01,7.289909825442235558e+01,4.173007508823000222e+01
1.575999999999999979e+01,-8.730702707263626294e+00,4.134881388092419030e+01,7.409099159487290365e+01,4.136958167895346605e+01
1.576999999999999957e+01,-8.750279757094190813e+00,4.021065159485056739e+01,7.528129574626680665e+01,4.095617797247474101e+01
1.577999999999999936e+01,-8.771399537403008040e+00,3.907560959961459446e+01,7.646671498084401719e+01,4.048927725210423034e+01
1.578999999999999915e+01,-8.794015367718015952e+00,3.794401370064931456e+01,7.764389625381707560e+01,3.996858906733838523e+01
1.580000000000000071e+01,-8.818074720835797464e+00,3.681613778039460527e+01,7.880947052185860002e+01,3.939411349101812476e+01
1.581000000000000050e+01,-8.843521379443370023e+00,3.569219600804981241e+01,7.996008834560313971e+01,3.876612680508382880e+01
1.582000000000000028e+01,-8.870297848557848752e+00,3.457233929045931120e+01,8.109244753560754759e+01,3.808516119626905549e+01
1.583000000000000007e+01,-8.898347831925939033e+00,3.345665630558307413e+01,8.220331161865698277e+01,3.735198169027979986e+01
1.583999999999999986e+01,-8.927618571499841948e+00,3.234517908617791448e+01,8.328951911235772343e+01,3.656756381282522028e+01
1.584999999999999964e+01,-8.958062856697248222e+00,3.123789274033519447e+01,8.434798485337067575e+01,3.573307528084006890e+01
1.585999999999999943e+01,-8.989640534330598953e+00,3.013474853956627086e+01,8.537569576536861859e+01,3.484986439615170895e+01
1.586999999999999922e+01,-9.022319389322095873e+00,2.903567930594158852e+01,8.636970431954851790e+01,3.391945679559021443e+01
1.588000000000000078e+01,-9.056075317671366420e+00,2.794061581539802575e+01,8.732712340358243353e+01,3.294356091976565182e+01
1.589000000000000057e+01,-9.090891772424562589e+00,2.684950282606389393e+01,8.824512629097311844e+01,3.192408115362526644e+01
1.590000000000000036e+01,-9.126758525554055979e+00,2.576231335057134331e+01,8.912095486809617739e+01,3.086313624549903523e+01
1.591000000000000014e+01,-9.163669848274405894e+00,2.467905992139223059e+01,8.995193827248954221e+01,2.976307950917665224e+01
1.591999999999999993e+01,-9.201622264091106729e+00,2.359980183897534545e+01,9.073552272854294642e+01,2.862651661575112527e+01
1.592999999999999972e+01,-9.240612068167976645e+00,2.252464772445235397e+01,9.146931179492467834e+01,2.745631660495715565e+01
1.593999999999999950e+01,-9.280632829855653299e+00,2.145375309435829791e+01,9.215111465774198507e+01,2.625561214436206825e+01
1.594999999999999929e+01,-9.321673100257024558e+00,2.038731310116753903e+01,9.277899872379012436e+01,2.502778602082143067e+01
1.596000000000000085e+01,-9.363714532878550045e+00,1.932555100473348375e+01,9.335134178442427810e+01,2.377644226739783662e+01
1.597000000000000064e+01,-9.406730593614929248e+00,1.826870332078008374e+01,9.386687858530167716e+01,2.250536204742011748e+01
1.598000000000000043e+01,-9.450685988877673083e+00,1.721700290101295749e+01,9.432473683626184879e+01,2.121844622189268037e+01
1.599000000000000021e+01,-9.495536881183438638e+00,1.617066140837978239e+01,9.472445853071192801e+01,1.991964818137260096e+01
1.600000000000000000e+01,-9.541231894576569061e+00,1.512985274063368379e+01,9.506600382824871076e+01,1.861290180395244676e+01
