f_GHz,S11_dB,S11_deg,ReZin_ohm,ImZin_ohm
1.000000000000000000e+00,-3.234947893139623054e-01,-1.295360558890382947e+02,1.137644176559431619e+00,-2.355231979414410759e+01
1.010000000000000009e+00,-3.115015734192478347e-01,-1.310869784196455043e+02,1.081843788482669266e+00,-2.273167317620574224e+01
1.020000000000000018e+00,-2.999480650946829141e-01,-1.326540708796902948e+02,1.029089126720532432e+00,-2.191254311371712404e+01
1.030000000000000027e+00,-2.889370771246944636e-01,-1.342374674956463707e+02,9.796107186697872171e-01,-2.109468847514690282e+01
1.040000000000000036e+00,-2.785713473686035058e-01,-1.358372679657752826e+02,9.336287270872251076e-01,-2.027788158793649842e+01
1.050000000000000044e+00,-2.689532051562505410e-01,-1.374535386019204282e+02,8.913531957668663352e-01,-1.946190606400109857e+01
1.060000000000000053e+00,-2.601842646072529686e-01,-1.390863136085900180e+02,8.529844617509346749e-01,-1.864655471320721247e+01
1.070000000000000062e+00,-2.523651455132570609e-01,-1.407355964769123204e+02,8.187137215559744385e-01,-1.783162755521354370e+01
1.080000000000000071e+00,-2.455952220334167990e-01,-1.424013614719254690e+02,7.887237383392932122e-01,-1.701692993778259932e+01
1.090000000000000080e+00,-2.399723991065939033e-01,-1.440835551927890776e+02,7.631896767818213689e-01,-1.620227076744686912e+01
1.100000000000000089e+00,-2.355929161810165207e-01,-1.457820981868090371e+02,7.422800526851295322e-01,-1.538746085630693194e+01
1.110000000000000098e+00,-2.325511776031449762e-01,-1.474968865996215754e+02,7.261577848282824155e-01,-1.457231138679108007e+01
1.120000000000000107e+00,-2.309396087922416518e-01,-1.492277938454086836e+02,7.149813374592310922e-01,-1.375663249446075476e+01
1.129999999999999893e+00,-2.308485371524549024e-01,-1.509746722826018868e+02,7.089059428562732856e-01,-1.294023196742119985e+01
1.139999999999999902e+00,-2.323660965390321465e-01,-1.527373548821171596e+02,7.080848946440341241e-01,-1.212291405961390467e+01
1.149999999999999911e+00,-2.355781539951107562e-01,-1.545156568767279737e+02,7.126709039395708878e-01,-1.130447841423214683e+01
1.159999999999999920e+00,-2.405682574078883973e-01,-1.563093773817000454e+02,7.228175118997047788e-01,-1.048471909271349567e+01
1.169999999999999929e+00,-2.474176026937784934e-01,-1.581183009782569684e+02,7.386805538047866992e-01,-9.663423704220644339e+00
1.179999999999999938e+00,-2.562050191077764882e-01,-1.599421992528085923e+02,7.604196714172709592e-01,-8.840372630214082150e+00
1.189999999999999947e+00,-2.670069712791366956e-01,-1.617808322861400541e+02,7.881998719718592561e-01,-8.015338338636947668e+00
1.199999999999999956e+00,-2.798975766002609333e-01,-1.636339500879255127e+02,8.221931337682096830e-01,-7.188084782360365743e+00
1.209999999999999964e+00,-2.949486366347625066e-01,-1.655012939729896857e+02,8.625800599341929553e-01,-6.358366876865406248e+00
1.219999999999999973e+00,-3.122296812613578054e-01,-1.673825978766953142e+02,9.095515834971982239e-01,-5.525930052652894275e+00
1.229999999999999982e+00,-3.318080243300851606e-01,-1.692775896076869060e+02,9.633107284402918635e-01,-4.690509878564995461e+00
1.239999999999999991e+00,-3.537488296729279780e-01,-1.711859920369725216e+02,1.024074432925397904e+00,-3.851831753068049036e+00
1.250000000000000000e+00,-3.781151863816010206e-01,-1.731075242229844093e+02,1.092075442340681768e+00,-3.009610661577168944e+00
1.260000000000000009e+00,-4.049681923380718529e-01,-1.750419024728317368e+02,1.167564281278043792e+00,-2.163550999104234762e+00
1.270000000000000018e+00,-4.343670450575342623e-01,-1.769888413404471521e+02,1.250811314973638622e+00,-1.313346458885246149e+00
1.280000000000000027e+00,-4.663691389773620966e-01,-1.789480545627515937e+02,1.342108912157104816e+00,-4.586799892001131029e-01
1.290000000000000036e+00,-5.010301683986773114e-01,1.790807440646889006e+02,1.441773722661576329e+00,4.007761776432240963e-01
1.300000000000000044e+00,-5.384042353579695517e-01,1.770978398707406711e+02,1.550149084550359824e+00,1.265360418209594773e+00
1.310000000000000053e+00,-5.785439617753125319e-01,1.751035165484965717e+02,1.667607576925869806e+00,2.135421524540400906e+00
1.320000000000000062e+00,-6.215006052913201184e-01,1.730980554495645833e+02,1.794553736000686461e+00,3.011318413760680546e+00
1.330000000000000071e+00,-6.673241782684674606e-01,1.710817349304615220e+02,1.931426953433127869e+00,3.893419727140673636e+00
1.340000000000000080e+00,-7.160635694923014327e-01,1.690548297485866840e+02,2.078704577350809490e+00,4.782103301827457464e+00
1.350000000000000089e+00,-7.677666681651460490e-01,1.670176105051357922e+02,2.236905237897397924e+00,5.677755494779656686e+00
1.360000000000000098e+00,-8.224804898391655517e-01,1.649703431322253948e+02,2.406592420517919884e+00,6.580770334230787277e+00
1.370000000000000107e+00,-8.802513039871029399e-01,1.629132884214156149e+02,2.588378311518965358e+00,7.491548469190789206e+00
1.379999999999999893e+00,-9.411247629578796126e-01,1.608467015907547477e+02,2.782927941656434090e+00,8.410495881968257592e+00
1.389999999999999902e+00,-1.005146032110999066e+00,1.587708318874051372e+02,2.990963654557331264e+00,9.338022322343345394e+00
1.399999999999999911e+00,-1.072359920968456670e+00,1.566859222228527244e+02,3.213269927591514197e+00,1.027453941471319077e+01
1.409999999999999920e+00,-1.142811015265998487e+00,1.545922088376440513e+02,3.450698573265722935e+00,1.122045838111659677e+01
1.419999999999999929e+00,-1.216543809827124845e+00,1.524899209925343371e+02,3.704174349174371272e+00,1.217618731335772786e+01
1.429999999999999938e+00,-1.293602842224514049e+00,1.503792806828633672e+02,3.974701003826721646e+00,1.314212791630251331e+01
1.439999999999999947e+00,-1.374032827233329312e+00,1.482605023729022093e+02,4.263367784037522590e+00,1.411867163161088357e+01
1.449999999999999956e+00,-1.457878792120984590e+00,1.461337927468325688e+02,4.571356426718361732e+00,1.510619503647067319e+01
1.459999999999999964e+00,-1.545186212857869723e+00,1.439993504729206109e+02,4.899948653452471881e+00,1.610505439508045455e+01
1.469999999999999973e+00,-1.636001151374138152e+00,1.418573659773406632e+02,5.250534179690520276e+00,1.711557922144091393e+01
1.479999999999999982e+00,-1.730370394028486469e+00,1.397080212239749244e+02,5.624619241156346483e+00,1.813806469021752932e+01
1.489999999999999991e+00,-1.828341591497471885e+00,1.375514894963694417e+02,6.023835627337877696e+00,1.917276270780474334e+01
1.500000000000000000e+00,-1.929963400337708634e+00,1.353879351778578553e+02,6.449950194808232951e+00,2.021987142806571214e+01
1.510000000000000009e+00,-2.035285626518743118e+00,1.332175135256697729e+02,6.904874810404272090e+00,2.127952296642811447e+01
1.520000000000000018e+00,-2.144359371272539505e+00,1.310403704346192626e+02,7.390676644547856000e+00,2.235176903208779464e+01
1.530000000000000027e+00,-2.257237179656178760e+00,1.288566421857115358e+02,7.909588696479865177e+00,2.343656416119585373e+01
1.540000000000000036e+00,-2.373973192277864630e+00,1.266664551747149545e+02,8.464020383777928203e+00,2.453374619453571981e+01
1.550000000000000044e+00,-2.494623300693715962e+00,1.244699256154092382e+02,9.056567965730740966e+00,2.564301360218528458e+01
1.560000000000000053e+00,-2.619245307044209881e+00,1.222671592118363293e+02,9.690024490981253180e+00,2.676389921640382141e+01
1.570000000000000062e+00,-2.747899088564864645e+00,1.200582507934410330e+02,1.036738886089239919e+01,2.789573989464203052e+01
1.580000000000000071e+00,-2.880646767676965148e+00,1.178432839064839897e+02,1.109187347744514796e+01,2.903764160033782815e+01
1.590000000000000080e+00,-3.017552888440773184e+00,1.156223303545321386e+02,1.186690979386004052e+01,3.018843936459551713e+01
1.600000000000000089e+00,-3.158684600237338991e+00,1.133954496801658394e+02,1.269615090301675409e+01,3.134665158332019530e+01
1.610000000000000098e+00,-3.304111849635131382e+00,1.111626885792803989e+02,1.358347007864000311e+01,3.251042812057654174e+01
1.620000000000000107e+00,-3.453907581496804546e+00,1.089240802384841658e+02,1.453295392315996715e+01,3.367749174146609903e+01
1.629999999999999893e+00,-3.608147950488802991e+00,1.066796435850777129e+02,1.554888847143517516e+01,3.484507250186535998e+01
1.639999999999999902e+00,-3.766912544274269692e+00,1.044293824379394096e+02,1.663573625083381557e+01,3.600983489738169396e+01
1.649999999999999911e+00,-3.930284619798441348e+00,1.021732845462875616e+02,1.779810190921022794e+01,3.716779784420040045e+01
1.659999999999999920e+00,-4.098351354216818621e+00,9.991132050173202117e+01,1.904068360305129559e+01,3.831424795963975072e+01
1.669999999999999929e+00,-4.271204112170995160e+00,9.764344250721516971e+01,2.036820690775136100e+01,3.944364716481512545e+01
1.679999999999999938e+00,-4.448938731286652626e+00,9.536958298433903281e+01,2.178533760298551414e+01,4.054953638444160902e+01
1.689999999999999947e+00,-4.631655827954147320e+00,9.308965299812808780e+01,2.329656934868849660e+01,4.162443810957893930e+01
1.699999999999999956e+00,-4.819461125656172129e+00,9.080354047541813145e+01,2.490608207450683054e+01,4.265976185491425099e+01
1.709999999999999964e+00,-5.012465808329991113e+00,8.851110818972721006e+01,2.661756695944900386e+01,4.364571810879526481e+01
1.719999999999999973e+00,-5.210786901496270218e+00,8.621219148155218193e+01,2.843401431304301141e+01,4.457124824452679235e+01
1.729999999999999982e+00,-5.414547684152420715e+00,8.390659567845001732e+01,3.035746165250643713e+01,4.542397999846299683e+01
1.739999999999999991e+00,-5.623878134718270694e+00,8.159409317385990335e+01,3.238870099897175692e+01,4.619022042536986561e+01
1.750000000000000000e+00,-5.838915414634728407e+00,7.927442011726283511e+01,3.452694710045268067e+01,4.685500052738345289e+01
1.760000000000000009e+00,-6.059804393553243962e+00,7.694727266074839633e+01,3.676947212531356968e+01,4.740218771691154132e+01
1.770000000000000018e+00,-6.286698220412088922e+00,7.461230269814581106e+01,3.911121748832159994e+01,4.781468347513928308e+01
1.780000000000000027e+00,-6.519758945074046963e+00,7.226911302228613465e+01,4.154439986675971852e+01,4.807472342088281891e+01
1.790000000000000036e+00,-6.759158195590460494e+00,6.991725181334791728e+01,4.405813590328533991e+01,4.816429480386073436e+01
1.800000000000000044e+00,-7.005077916552168382e+00,6.755620635617714242e+01,4.663811801196899864e+01,4.806568143065616283e+01
1.810000000000000053e+00,-7.257711174372377450e+00,6.518539586642718575e+01,4.926638112313271023e+01,4.776213756423079104e+01
1.820000000000000062e+00,-7.517263035698227291e+00,6.280416328370269952e+01,5.192120568811087367e+01,4.723868006123760921e+01
1.830000000000000071e+00,-7.783951525435383267e+00,6.041176586379272351e+01,5.457720400344170741e+01,4.648297215881825650e+01
1.840000000000000080e+00,-8.058008671043904059e+00,5.800736437056063721e+01,5.720563294158550605e+01,4.548625398689607380e+01
1.850000000000000089e+00,-8.339681639758365961e+00,5.559001062986976649e+01,5.977496479578274347e+01,4.424425620811942395e+01
1.860000000000000098e+00,-8.629233975099241505e+00,5.315863316153496498e+01,6.225172830888226372e+01,4.275801735367470258e+01
1.870000000000000107e+00,-8.926946938339911597e+00,5.071202054875045917e+01,6.460160467827515163e+01,4.103451628841256849e+01
1.879999999999999893e+00,-9.233120959271900574e+00,4.824880213536590645e+01,6.679073096602216708e+01,3.908703260245252409e+01
1.889999999999999902e+00,-9.548077198389881559e+00,4.576742555672413459e+01,6.878713044048815561e+01,3.693516227707771549e+01
1.899999999999999911e+00,-9.872159219093930460e+00,4.326613050576941788e+01,7.056216190611499428e+01,3.460444418117045018e+01
1.909999999999999920e+00,-1.020573476311069250e+01,4.074291800804287789e+01,7.209186422667728777e+01,3.212559230518978381e+01
1.919999999999999929e+00,-1.054919761425244218e+01,3.819551432110002054e+01,7.335807278269250276e+01,2.953337360163049041e+01
1.929999999999999938e+00,-1.090296952370716710e+01,3.562132837847958200e+01,7.434920332393713238e+01,2.686521425268411534e+01
1.939999999999999947e+00,-1.126750215262620358e+01,3.301740145652680525e+01,7.506063352371306507e+01,2.415965016272885180e+01
1.949999999999999956e+00,-1.164327896247711180e+01,3.038034744309388913e+01,7.549465779885477446e+01,2.145475423174190510e+01
1.959999999999999964e+00,-1.203081694704953897e+01,2.770628171706804110e+01,7.566003859314140811e+01,1.878667066249485273e+01
1.969999999999999973e+00,-1.243066804723118146e+01,2.499073619133451274e+01,7.557121902228006149e+01,1.618836643840841560e+01
1.979999999999999982e+00,-1.284342001361885544e+01,2.222855751189121065e+01,7.524729102333115804e+01,1.368867699962354045e+01
1.989999999999999991e+00,-1.326969637243486666e+01,1.941378472486000106e+01,7.471082659766365452e+01,1.131168394107070263e+01
2.000000000000000000e+00,-1.371015499221521594e+01,1.653950190659917396e+01,7.398667757227438813e+01,9.076424356793603820e+00
2.009999999999999787e+00,-1.416548452078193954e+01,1.359766029553138011e+01,7.310083460533081734e+01,6.996899930333437823e+00
2.020000000000000018e+00,-1.463639763296267304e+01,1.057886338672216020e+01,7.207941363733864648e+01,5.082332326662663213e+00
2.029999999999999805e+00,-1.512361955456490215e+01,7.472107319800750602e+00,7.094781261727727895e+01,3.337600680265011999e+00
2.040000000000000036e+00,-1.562786964341821516e+01,4.264467871692710688e+00,6.973005729098721872e+01,1.763795791001420366e+00
2.049999999999999822e+00,-1.614983282450092261e+01,9.407248029232576636e-01,6.844833492862299806e+01,3.588316269530353320e-01
2.060000000000000053e+00,-1.669011627194157654e+01,-2.517085123530049984e+00,6.712270042087567390e+01,-8.819349031011575191e-01
2.069999999999999840e+00,-1.724918475020339059e+01,-6.130192159578760958e+00,6.577093029705270055e+01,-1.965112766155312496e+00
2.080000000000000071e+00,-1.782726529092173351e+01,-9.923692657697687380e+00,6.440849619755104527e+01,-2.898739048296745668e+00
2.089999999999999858e+00,-1.842420823641124272e+01,-1.392720483130982423e+01,6.304862904305212368e+01,-3.691808877083561313e+00
2.100000000000000089e+00,-1.903928713123938010e+01,-1.817553077876946688e+01,6.170244737287811887e+01,-4.353878765442942722e+00
2.109999999999999876e+00,-1.967091497602769223e+01,-2.270921578056962886e+01,6.037912699240388292e+01,-4.894742838454433809e+00
2.120000000000000107e+00,-2.031625062660043568e+01,-2.757479464966676019e+01,5.908609332198778219e+01,-5.324177185342835017e+00
2.129999999999999893e+00,-2.097067075648986645e+01,-3.282435129885216440e+01,5.782922207958848304e+01,-5.651745085624179765e+00
2.140000000000000124e+00,-2.162709851970856434e+01,-3.851377781888399454e+01,5.661303778707328860e+01,-5.886654696400394293e+00
2.149999999999999911e+00,-2.227522551414931229e+01,-4.469882443292622298e+01,5.544090287830597674e+01,-6.037660577515789662e+00
2.160000000000000142e+00,-2.290076091826013283e+01,-5.142780354152424849e+01,5.431519284632855005e+01,-6.113000846264379007e+00
2.169999999999999929e+00,-2.348500693504064429e+01,-5.872997554698822142e+01,5.323745492034974802e+01,-6.120362535265392090e+00
2.180000000000000160e+00,-2.400526438555962372e+01,-6.659978827291296000e+01,5.220854927938060541e+01,-6.066868685410162776e+00
2.189999999999999947e+00,-2.443667616668404463e+01,-7.497984344610885898e+01,5.122877287626730691e+01,-5.959081709017912232e+00
2.200000000000000178e+00,-2.475584217144284338e+01,-8.374930880188598792e+01,5.029796665427364388e+01,-5.803018522670420509e+00
2.209999999999999964e+00,-2.494566825010509348e+01,-9.272676408086755373e+01,4.941560737195656117e+01,-5.604173826460776553e+00
2.220000000000000195e+00,-2.499975491201398370e+01,-1.016928756535073433e+02,4.858088548284595021e+01,-5.367548673699366724e+00
2.229999999999999982e+00,-2.492421057007494767e+01,-1.104279989893481826e+02,4.779277060325653537e+01,-5.097682126374868616e+00
2.240000000000000213e+00,-2.473589187544746082e+01,-1.187499148350556766e+02,4.705006609067325485e+01,-4.798684331183283192e+00
2.250000000000000000e+00,-2.445804007833256932e+01,-1.265368100828383575e+02,4.635145418165041775e+01,-4.474269788812858195e+00
2.259999999999999787e+00,-2.411542345743426097e+01,-1.337304150537615612e+02,4.569553302783226201e+01,-4.127789938188374030e+00
2.270000000000000018e+00,-2.373069570019809049e+01,-1.403245736160573927e+02,4.508084683986873387e+01,-3.762264450943617611e+00
2.279999999999999805e+00,-2.332252561004726132e+01,-1.463482335766874201e+02,4.450591021423828408e+01,-3.380410842374538483e+00
2.290000000000000036e+00,-2.290517350447711209e+01,-1.518496347027074762e+02,4.396922758554214283e+01,-2.984672165156890156e+00
2.299999999999999822e+00,-2.248890713756678394e+01,-1.568846232744910765e+02,4.346930862179534927e+01,-2.577242671354367243e+00
2.310000000000000053e+00,-2.208075031084719697e+01,-1.615092945974452903e+02,4.300468026544287881e+01,-2.160091415272150872e+00
2.319999999999999840e+00,-2.168526192877207848e+01,-1.657759997812577524e+02,4.257389601957734726e+01,-1.734983831662938680e+00
2.330000000000000071e+00,-2.130520955873809896e+01,-1.697315783236675202e+02,4.217554298738890139e+01,-1.303501366455471100e+00
2.339999999999999858e+00,-2.094209982466908571e+01,-1.734169032010568685e+02,4.180824709285104746e+01,-8.670592652025114200e-01
2.350000000000000089e+00,-2.059657406297164783e+01,-1.768671203760793276e+02,4.147067684126906784e+01,-4.269226415116796347e-01
2.359999999999999876e+00,-2.026869371587978463e+01,1.798877943081743638e+02,4.116154591861072731e+01,1.577904329136680869e-02
2.370000000000000107e+00,-1.995814171113777746e+01,1.768223731267127050e+02,4.087961487745979383e+01,4.600389548935225337e-01
2.379999999999999893e+00,-1.966436238948237758e+01,1.739149995857211763e+02,4.062369211392882562e+01,9.049611817770027988e-01
2.390000000000000124e+00,-1.938665757619234498e+01,1.711473077585802685e+02,4.039263430294850110e+01,1.349750222623210316e+00
2.399999999999999911e+00,-1.912425183081579405e+01,1.685036566146488610e+02,4.018534642810814006e+01,1.793701541732897864e+00
2.410000000000000142e+00,-1.887633624843836699e+01,1.659706815011772676e+02,4.000078151583190333e+01,2.236193075897292104e+00
2.419999999999999929e+00,-1.864209743639866446e+01,1.635369171612890398e+02,3.983794016142558547e+01,2.676677583896068580e+00
2.430000000000000160e+00,-1.842073629907578436e+01,1.611924836456903165e+02,3.969586991579103596e+01,3.114675737878030315e+00
2.439999999999999947e+00,-1.821147985105149658e+01,1.589288258791776514e+02,3.957366458584770186e+01,3.549769864046190104e+00
2.450000000000000178e+00,-1.801358828924756139e+01,1.567384981936526458e+02,3.947046348846937036e+01,3.981598248148944474e+00
2.459999999999999964e+00,-1.782635886569337558e+01,1.546149861537188883e+02,3.938545068665770543e+01,4.409849929163043747e+00
2.470000000000000195e+00,-1.764912762457724682e+01,1.525525591301003203e+02,3.931785422741707947e+01,4.834259912168866968e+00
2.479999999999999982e+00,-1.748126973599356404e+01,1.505461481538111457e+02,3.926694539309805521e+01,5.254604738724890645e+00
2.490000000000000213e+00,-1.732219892926736193e+01,1.485912445410257305e+02,3.923203797162987172e+01,5.670698360021448003e+00
2.500000000000000000e+00,-1.717136636958963791e+01,1.466838155953692251e+02,3.921248754587445973e+01,6.082388264722251137e+00
2.509999999999999787e+00,-1.702825921127918463e+01,1.448202343751175363e+02,3.920769079816546565e+01,6.489551819680927203e+00
2.520000000000000018e+00,-1.689239898434681564e+01,1.429972210719982115e+02,3.921708482281326269e+01,6.892092787644436669e+00
2.529999999999999805e+00,-1.676333991786414401e+01,1.412117940034653714e+02,3.924014643685912063e+01,7.289937991626382008e+00
2.540000000000000036e+00,-1.664066726680412600e+01,1.394612285888370309e+02,3.927639147755397886e+01,7.683034100842548675e+00
2.549999999999999822e+00,-1.652399568359049553e+01,1.377430229770866106e+02,3.932537407384275951e+01,8.071344517953024322e+00
2.560000000000000053e+00,-1.641296765814336922e+01,1.360548692338192041e+02,3.938668587847538305e+01,8.454846351834897078e+00
2.569999999999999840e+00,-1.630725203835431358e+01,1.343946291881557045e+02,3.945995524717941549e+01,8.833527464222695968e+00
2.580000000000000071e+00,-1.620654263500000880e+01,1.327603141961104711e+02,3.954484635154597783e+01,9.207383582288109380e+00
2.589999999999999858e+00,-1.611055690994338363e+01,1.311500682029802931e+02,3.964105821284508124e+01,9.576415472590166900e+00
2.600000000000000089e+00,-1.601903474325127519e+01,1.295621535892898066e+02,3.974832364483282277e+01,9.940626174808960158e+00
2.609999999999999876e+00,-1.593173727300109732e+01,1.279949393677437115e+02,3.986640809468972435e+01,1.030001829628817234e+01
2.620000000000000107e+00,-1.584844580064205033e+01,1.264468913662975496e+02,3.999510837247614603e+01,1.065459137066034678e+01
2.629999999999999893e+00,-1.576896075452609303e+01,1.249165640879264743e+02,4.013425126085809325e+01,1.100433928573246334e+01
2.640000000000000124e+00,-1.569310070442065452e+01,1.234025939834316858e+02,4.028369199829307945e+01,1.134924778738328932e+01
2.649999999999999911e+00,-1.562070142030602860e+01,1.219036939116071210e+02,4.044331263032996304e+01,1.168929206749781713e+01
2.660000000000000142e+00,-1.555161496943512311e+01,1.204186485928801602e+02,4.061302022512513332e+01,1.202443444496511304e+01
2.669999999999999929e+00,-1.548570884641263135e+01,1.189463108893582444e+02,4.079274495068329287e+01,1.235462214952922189e+01
2.680000000000000160e+00,-1.542286513187327834e+01,1.174855987670587183e+02,4.098243801266316666e+01,1.267978521884661092e+01
2.689999999999999947e+00,-1.536297967616307147e+01,1.160354928157278493e+02,4.118206945283467491e+01,1.299983451950796365e+01
2.700000000000000178e+00,-1.530596130522049947e+01,1.145950342186916089e+02,4.139162580942181791e+01,1.331465990306732827e+01
2.709999999999999964e+00,-1.525173104659424084e+01,1.131633230800881762e+02,4.161110764161664122e+01,1.362412850832831168e+01
2.720000000000000195e+00,-1.520022137420291308e+01,1.117395170299870131e+02,4.184052692150922326e+01,1.392808322130442633e+01
2.729999999999999982e+00,-1.515137547103259763e+01,1.103228300395716985e+02,4.207990429756846140e+01,1.422634130443287326e+01
2.740000000000000213e+00,-1.510514650946995019e+01,1.089125313889851299e+02,4.232926623464436489e+01,1.451869320680949826e+01
2.750000000000000000e+00,-1.506149694938392791e+01,1.075079447397607311e+02,4.258864203628203171e+01,1.480490156744866148e+01
2.759999999999999787e+00,-1.502039785439518482e+01,1.061084472721081227e+02,4.285806075597392351e+01,1.508470042387681076e+01
2.770000000000000018e+00,-1.498182822701412853e+01,1.047134688548054413e+02,4.313754800486890417e+01,1.535779463874388817e+01
2.779999999999999805e+00,-1.494577436349031530e+01,1.033224912221131433e+02,4.342712266445219882e+01,1.562385955758739442e+01
2.790000000000000036e+00,-1.491222922930496964e+01,1.019350471380532923e+02,4.372679351385019686e+01,1.588254091139263124e+01
2.799999999999999822e+00,-1.488119185626201357e+01,1.005507195336209350e+02,4.403655578274589999e+01,1.613345497813974916e+01
2.810000000000000053e+00,-1.485266676209900716e+01,9.916914060706193368e+01,4.435638764245496901e+01,1.637618901807993765e+01
2.819999999999999840e+00,-1.482666339345903239e+01,9.778999088130069595e+01,4.468624664954941039e+01,1.661030199799062146e+01
2.830000000000000071e+00,-1.480319559294315468e+01,9.641299821597080211e+01,4.502606615855444971e+01,1.683532562007161104e+01
2.839999999999999858e+00,-1.478228109081308617e+01,9.503793677432705067e+01,4.537575172271088064e+01,1.705076567138873145e+01
2.850000000000000089e+00,-1.476394102174000977e+01,9.366462594763399352e+01,4.573517750460073472e+01,1.725610370977633679e+01
2.859999999999999876e+00,-1.474819946680932681e+01,9.229292924149225996e+01,4.610418272157515673e+01,1.745079910178299798e+01
2.870000000000000107e+00,-1.473508302079504517e+01,9.092275312998582137e+01,4.648256815438883649e+01,1.763429142750201706e+01
2.879999999999999893e+00,-1.472462038452299993e+01,8.955404588459562376e+01,4.687009275119213214e+01,1.780600326586078097e+01
2.890000000000000124e+00,-1.471684198194825655e+01,8.818679638552828237e+01,4.726647036301125837e+01,1.796534337206328047e+01
2.899999999999999911e+00,-1.471177960138901675e+01,8.682103292352411472e+01,4.767136665097554982e+01,1.811171025627796993e+01
2.910000000000000142e+00,-1.470946606018567948e+01,8.545682200036463882e+01,4.808439620972593076e+01,1.824449616925443252e+01
2.919999999999999929e+00,-1.470993489189539360e+01,8.409426713622706018e+01,4.850511995553615208e+01,1.836309149624885961e+01
2.930000000000000160e+00,-1.471322005498844554e+01,8.273350769178597375e+01,4.893304283153701562e+01,1.846688955537745613e+01
2.939999999999999947e+00,-1.471935566188660616e+01,8.137471771255980002e+01,4.936761188587939841e+01,1.855529179024926023e+01
2.950000000000000178e+00,-1.472837572707348208e+01,8.001810480247937107e+01,4.980821478149864134e+01,1.862771333944506225e+01
2.959999999999999964e+00,-1.474031393291377334e+01,7.866390903303715731e+01,5.025417879813159772e+01,1.868358895712395906e+01
2.970000000000000195e+00,-1.475520341174155980e+01,7.731240189369933091e+01,5.070477038814605919e+01,1.872237924981640944e+01
2.979999999999999982e+00,-1.477307654271611881e+01,7.596388528852843081e+01,5.115919534733321683e+01,1.874357718441670428e+01
2.990000000000000213e+00,-1.479396476189547727e+01,7.461869058320469605e+01,5.161659965984119225e+01,1.874671481168445197e+01
3.000000000000000000e+00,-1.481789838394304049e+01,7.327717770585857693e+01,5.207607107266444757e+01,1.873137013842804066e+01
3.009999999999999787e+00,-1.484490643385827013e+01,7.193973430434181182e+01,5.253664144935177660e+01,1.869717407026173817e+01
3.020000000000000018e+00,-1.487501648710720659e+01,7.060677496178490742e+01,5.299728994469148802e+01,1.864381733574615652e+01
3.029999999999999805e+00,-1.490825451652208855e+01,6.927874047151624382e+01,5.345694703197722220e+01,1.857105729223892610e+01
3.040000000000000036e+00,-1.494464474433821621e+01,6.795609717165253016e+01,5.391449940202264912e+01,1.847872450434766733e+01
3.049999999999999822e+00,-1.498420949774106248e+01,6.663933633891848274e+01,5.436879573843650348e+01,1.836672897796719894e+01
3.060000000000000053e+00,-1.502696906630446350e+01,6.532897364050683109e+01,5.481865335695377439e+01,1.823506592699772000e+01
3.069999999999999840e+00,-1.507294155971148442e+01,6.402554864204665819e+01,5.526286567811619932e+01,1.808382094646758276e+01
3.080000000000000071e+00,-1.512214276416273329e+01,6.272962436901025995e+01,5.570021048269026664e+01,1.791317446538408120e+01
3.089999999999999858e+00,-1.517458599588958990e+01,6.144178691813036153e+01,5.612945887841445369e+01,1.772340535561190578e+01
3.100000000000000089e+00,-1.523028195020575026e+01,6.016264511463754872e+01,5.654938488557924359e+01,1.751489357973659367e+01
3.109999999999999876e+00,-1.528923854454397357e+01,5.889283021033139676e+01,5.695877552827455048e+01,1.728812177141722017e+01
3.120000000000000107e+00,-1.535146075394226983e+01,5.763299561666831039e+01,5.735644129865293195e+01,1.704367565620681546e+01
3.129999999999999893e+00,-1.541695043745943394e+01,5.638381666617176080e+01,5.774122684406270167e+01,1.678224323912480642e+01
3.140000000000000124e+00,-1.548570615402022810e+01,5.514599039453212015e+01,5.811202171220669754e+01,1.650461270710004413e+01
3.149999999999999911e+00,-1.555772296621152506e+01,5.392023533475353503e+01,5.846777097834467440e+01,1.621166901930831372e+01
3.160000000000000142e+00,-1.563299223057924792e+01,5.270729131361034803e+01,5.880748557165340173e+01,1.590438918574435512e+01
3.169999999999999929e+00,-1.571150137300906735e+01,5.150791923948325035e+01,5.913025211573672379e+01,1.558383626330205907e+01
3.180000000000000160e+00,-1.579323364781833838e+01,5.032290086934287388e+01,5.943524210130998142e+01,1.525115212824236721e+01
3.189999999999999947e+00,-1.587816787924343842e+01,4.915303854122484495e+01,5.972172021744326287e+01,1.490754911318867215e+01
3.200000000000000178e+00,-1.596627818407957733e+01,4.799915485698370787e+01,5.998905168138400512e+01,1.455430062463726415e+01
3.209999999999999964e+00,-1.605753367432551215e+01,4.686209229841596624e+01,6.023670842560212435e+01,1.419273088234936075e+01
3.220000000000000195e+00,-1.615189813880655834e+01,4.574271275800095538e+01,6.046427402379563887e+01,1.382420394392349650e+01
3.229999999999999982e+00,-1.624932970290308987e+01,4.464189696350823056e+01,6.067144726443631697e+01,1.345011219546641001e+01
3.240000000000000213e+00,-1.634978046570655863e+01,4.356054377358896801e+01,6.085804431010881643e+01,1.307186450190072158e+01
3.250000000000000000e+00,-1.645319611416554650e+01,4.249956931917966330e+01,6.102399941237913339e+01,1.269087421759074630e+01
3.259999999999999787e+00,-1.655951551408433531e+01,4.145990596315020582e+01,6.116936418408274534e+01,1.230854725938727867e+01
3.270000000000000018e+00,-1.666867027820046587e+01,4.044250104813114888e+01,6.129430546262169344e+01,1.192627043990331792e+01
3.279999999999999805e+00,-1.678058431201104739e+01,3.944831539989522895e+01,6.139910182799328453e+01,1.154540024907809048e+01
3.290000000000000036e+00,-1.689517333854866266e+01,3.847832155111586161e+01,6.148413886682878626e+01,1.116725225735460292e+01
3.299999999999999822e+00,-1.701234440394010150e+01,3.753350164783445564e+01,6.154990329783397129e+01,1.079309129475648810e+01
3.310000000000000053e+00,-1.713199536632525977e+01,3.661484499864712205e+01,6.159697609400235763e+01,1.042412253763693641e+01
3.319999999999999840e+00,-1.725401437158388873e+01,3.572334522457364869e+01,6.162602475233538257e+01,1.006148360981373457e+01
3.330000000000000071e+00,-1.737827932032102751e+01,3.485999696596805109e+01,6.163779487228573828e+01,9.706237778197579047e+00
3.339999999999999858e+00,-1.750465733171096971e+01,3.402579210182285863e+01,6.163310120969489247e+01,9.359368295840711838e+00
3.350000000000000089e+00,-1.763300421109612515e+01,3.322171543664608606e+01,6.161281837377886461e+01,9.021773918530007208e+00
3.359999999999999876e+00,-1.776316392968493219e+01,3.244873981098883320e+01,6.157787133106290156e+01,8.694265595466280416e+00
3.370000000000000107e+00,-1.789496812628596700e+01,3.170782059396594121e+01,6.152922587255780229e+01,8.377564310940876169e+00
3.379999999999999893e+00,-1.802823564273859702e+01,3.099988952006040677e+01,6.146787918950474960e+01,8.072300032826630556e+00
3.390000000000000124e+00,-1.816277210653288776e+01,3.032584783849443966e+01,6.139485068935005785e+01,7.779011705568512625e+00
3.399999999999999911e+00,-1.829836957601235881e+01,2.968655875184671089e+01,6.131117316794911432e+01,7.498148210460020557e+00
3.410000000000000142e+00,-1.843480626547249557e+01,2.908283913178096824e+01,6.121788443703038496e+01,7.230070204440206538e+00
3.419999999999999929e+00,-1.857184636933228461e+01,2.851545051408459486e+01,6.111601948833812514e+01,6.975052740422194475e+00
3.430000000000000160e+00,-1.870924000627607242e+01,2.798508939300697307e+01,6.100660325821854002e+01,6.733288567123353552e+00
3.439999999999999947e+00,-1.884672330572339050e+01,2.749237685638090412e+01,6.089064403924433577e+01,6.504892004274331896e+00
3.450000000000000178e+00,-1.898401866005205463e+01,2.703784762830027333e+01,6.076912756922590830e+01,6.289903289623463678e+00
3.459999999999999964e+00,-1.912083516651738080e+01,2.662193861515391546e+01,6.064301181297669530e+01,6.088293296966029722e+00
3.470000000000000195e+00,-1.925686928260629571e+01,2.624497708327028889e+01,6.051322243873762829e+01,5.899968529126059735e+00
3.479999999999999982e+00,-1.939180571745624349e+01,2.590716863172527695e+01,6.038064897937990594e+01,5.724776296009068233e+00
3.490000000000000213e+00,-1.952531857977259122e+01,2.560858516102942417e+01,6.024614165848214498e+01,5.562509995137245866e+00
3.500000000000000000e+00,-1.965707279922456863e+01,2.534915307616505942e+01,6.011050885311833269e+01,5.412914420124574910e+00
3.509999999999999787e+00,-1.978672583345000291e+01,2.512864199897907369e+01,5.997451515865586202e+01,5.275691031009318799e+00
3.520000000000000018e+00,-1.991392966646486329e+01,2.494665429816278390e+01,5.983888001594375794e+01,5.150503128960339794e+00
3.529999999999999805e+00,-2.003833309643937000e+01,2.480261577241157056e+01,5.970427685784441252e+01,5.036980886359964771e+00
3.540000000000000036e+00,-2.015958430155097858e+01,2.469576784114703116e+01,5.957133272996450302e+01,4.934726191450941712e+00
3.549999999999999822e+00,-2.027733366214892996e+01,2.462516160449992597e+01,5.944062833951169722e+01,4.843317274458419419e+00
3.560000000000000053e+00,-2.039123680609612776e+01,2.458965412739784995e+01,5.931269848625874630e+01,4.762313089252577569e+00
3.569999999999999840e+00,-2.050095783235062186e+01,2.458790727918646013e+01,5.918803283047079589e+01,4.691257431125747779e+00
3.580000000000000071e+00,-2.060617265620217609e+01,2.461838941858278673e+01,5.906707695417536286e+01,4.629682777081754352e+00
3.589999999999999858e+00,-2.070657240878663075e+01,2.467938015317998079e+01,5.895023367417367410e+01,4.577113840155003111e+00
3.600000000000000089e+00,-2.080186681431730022e+01,2.476897832375894382e+01,5.883786456757292171e+01,4.533070833710600489e+00
3.609999999999999876e+00,-2.089178746167849354e+01,2.488511326825874548e+01,5.873029167323102939e+01,4.497072445441164135e+00
3.620000000000000107e+00,-2.097609088332623628e+01,2.502555931194640237e+01,5.862779933525075649e+01,4.468638523924885142e+00
3.629999999999999893e+00,-2.105456135442708643e+01,2.518795331399166670e+01,5.853063615744574122e+01,4.447292483179727363e+00
3.640000000000000124e+00,-2.112701332921126962e+01,2.536981498249498301e+01,5.843901704045594414e+01,4.432563432710445284e+00
3.649999999999999911e+00,-2.119329343974005297e+01,2.556856955693116973e+01,5.835312527585929132e+01,4.423988042150210021e+00
3.660000000000000142e+00,-2.125328199450055422e+01,2.578157235615493903e+01,5.827311467416696189e+01,4.421112150810846408e+00
3.669999999999999929e+00,-2.130689392994574050e+01,2.600613460836169111e+01,5.819911170597076477e+01,4.423492133334006482e+00
3.680000000000000160e+00,-2.135407918649785941e+01,2.623954992245852225e+01,5.813121763771717099e+01,4.430696033238378462e+00
3.689999999999999947e+00,-2.139482250061025326e+01,2.647912073230364172e+01,5.806951064560197295e+01,4.442304476534805424e+00
3.700000000000000178e+00,-2.142914262505967571e+01,2.672218404830832839e+01,5.801404789291086672e+01,4.457911377781895723e+00
3.709999999999999964e+00,-2.145709100949763837e+01,2.696613588476339984e+01,5.796486755778309430e+01,4.477124451021794904e+00
3.720000000000000195e+00,-2.147874999127270002e+01,2.720845379351635884e+01,5.792199079985169163e+01,4.499565538005018794e+00
3.729999999999999982e+00,-2.149423056164886603e+01,2.744671702081682341e+01,5.788542365553568914e+01,4.524870766014993606e+00
3.740000000000000213e+00,-2.150366978404424501e+01,2.767862390833389696e+01,5.785515885293465743e+01,4.552690547468107418e+00
3.750000000000000000e+00,-2.150722794834542739e+01,2.790200627453156201e+01,5.783117753833104047e+01,4.582689433304412141e+00
3.759999999999999787e+00,-2.150508554858181398e+01,2.811484063163742775e+01,5.781345090724996538e+01,4.614545832024647964e+00
3.770000000000000018e+00,-2.149744017043188649e+01,2.831525620941184940e+01,5.780194173388549927e+01,4.647951606072476594e+00
3.779999999999999805e+00,-2.148450337060160820e+01,2.850153986385012672e+01,5.779660579348894345e+01,4.682611557117800416e+00
3.790000000000000036e+00,-2.146649762267388439e+01,2.867213804209304229e+01,5.779739317304697721e+01,4.718242811674849158e+00
3.799999999999999822e+00,-2.144365339431449158e+01,2.882565605085612859e+01,5.780424946627073268e+01,4.754574118378451786e+00
3.810000000000000053e+00,-2.141620640950994670e+01,2.896085493291929325e+01,5.781711684958207087e+01,4.791345068152971010e+00
3.819999999999999840e+00,-2.138439513757104393e+01,2.907664629426397696e+01,5.783593503643273692e+01,4.828305248428073959e+00
3.830000000000000071e+00,-2.134845853864652554e+01,2.917208544421373873e+01,5.786064210793416152e+01,4.865213342485217751e+00
3.839999999999999858e+00,-2.130863408403602222e+01,2.924636321421600016e+01,5.789117521841681935e+01,4.901836184946649411e+00
3.850000000000000089e+00,-2.126515605911495044e+01,2.929879681018017479e+01,5.792747117518290167e+01,4.937947784344707713e+00
3.859999999999999876e+00,-2.121825414750119876e+01,2.932882003133137516e+01,5.796946689236780514e+01,4.973328323621395874e+00
3.870000000000000107e+00,-2.116815228738637700e+01,2.933597315824388119e+01,5.801709971948489653e+01,5.007763149302078887e+00
3.879999999999999893e+00,-2.111506778479153112e+01,2.931989277686309592e+01,5.807030764589460858e+01,5.041041759959673740e+00
3.890000000000000124e+00,-2.105921066386769525e+01,2.928030176638159432e+01,5.812902938311029288e+01,5.072956804425666988e+00
3.899999999999999911e+00,-2.100078323114585288e+01,2.921699963897206231e+01,5.819320432752883221e+01,5.103303100015089910e+00
3.910000000000000142e+00,-2.093997982871125174e+01,2.912985338030903648e+01,5.826277240684669323e+01,5.131876680803368451e+00
3.919999999999999929e+00,-2.087698675045386665e+01,2.901878890287214219e+01,5.833767381409354158e+01,5.158473885728478869e+00
3.930000000000000160e+00,-2.081198229565028512e+01,2.888378319014687179e+01,5.841784863387721316e+01,5.182890495985286172e+00
3.939999999999999947e+00,-2.074513693497630484e+01,2.872485717963667895e+01,5.850323636608283806e+01,5.204920930832773074e+00
3.950000000000000178e+00,-2.067661356545510287e+01,2.854206940637318013e+01,5.859377535290649064e+01,5.224357510550504458e+00
3.959999999999999964e+00,-2.060656783266376024e+01,2.833551040645527053e+01,5.868940211571700871e+01,5.240989794854623796e+00
3.970000000000000195e+00,-2.053514850060118846e+01,2.810529786195309399e+01,5.879005060883886102e+01,5.254604004622906999e+00
3.979999999999999982e+00,-2.046249785185568015e+01,2.785157245407689430e+01,5.889565139791993431e+01,5.264982534279880610e+00
3.990000000000000213e+00,-2.038875210299697116e+01,2.757449438051131452e+01,5.900613077109905902e+01,5.271903561660812088e+00
4.000000000000000000e+00,-2.031404182238198075e+01,2.727424048491774400e+01,5.912140979171214639e+01,5.275140761609420359e+00
4.009999999999999787e+00,-2.023849233974586070e+01,2.695100194139846650e+01,5.924140330177749547e+01,5.274463128964130831e+00
4.019999999999999574e+00,-2.016222413900630528e+01,2.660498243386545880e+01,5.936601888597496668e+01,5.269634915960477173e+00
4.030000000000000249e+00,-2.008535322760805286e+01,2.623639676934666198e+01,5.949515580628672495e+01,5.260415688414549429e+00
4.040000000000000036e+00,-2.000799147745856033e+01,2.584546986497186438e+01,5.962870391789488167e+01,5.246560504356536647e+00
4.049999999999999822e+00,-1.993024693404363745e+01,2.543243605039121391e+01,5.976654257733306963e+01,5.227820218052241508e+00
4.059999999999999609e+00,-1.985222409165771040e+01,2.499753863038646884e+01,5.990853955426916855e+01,5.203941911580550972e+00
4.070000000000000284e+00,-1.977402413384375635e+01,2.454102965619427223e+01,6.005454995864693757e+01,5.174669455321361689e+00
4.080000000000000071e+00,-1.969574513911519986e+01,2.406316985834586220e+01,6.020441519523662777e+01,5.139744197849608121e+00
4.089999999999999858e+00,-1.961748225283801617e+01,2.356422869843679280e+01,6.035796195793345476e+01,5.098905784819651288e+00
4.099999999999999645e+00,-1.953932782679773439e+01,2.304448450201745757e+01,6.051500127639099702e+01,5.051893105457110345e+00
4.110000000000000320e+00,-1.946137152847492047e+01,2.250422463958861741e+01,6.067532762777904054e+01,4.998445364246149936e+00
4.120000000000000107e+00,-1.938370042241983526e+01,2.194374572740055740e+01,6.083871812660009937e+01,4.938303274308123214e+00
4.129999999999999893e+00,-1.930639902636686500e+01,2.136335382427815333e+01,6.100493180557534600e+01,4.871210367805643315e+00
4.139999999999999680e+00,-1.922954934487585632e+01,2.076336460496690961e+01,6.117370900060633687e+01,4.796914417475583114e+00
4.150000000000000355e+00,-1.915323088334636736e+01,2.014410349446436754e+01,6.134477085271673502e+01,4.715168962095792615e+00
4.160000000000000142e+00,-1.907752064523518243e+01,1.950590575142789262e+01,6.151781893966270331e+01,4.625734927326163870e+00
4.169999999999999929e+00,-1.900249311523074169e+01,1.884911649200218520e+01,6.169253504955449330e+01,4.528382331939482697e+00
4.179999999999999716e+00,-1.892822023101367535e+01,1.817409064830178878e+01,6.186858110833195923e+01,4.422892067985515041e+00
4.190000000000000391e+00,-1.885477134606930605e+01,1.748119285827729286e+01,6.204559927227209215e+01,4.309057741919813722e+00
4.200000000000000178e+00,-1.878221318582852817e+01,1.677079728583986196e+01,6.222321219585056440e+01,4.186687562202497936e+00
4.209999999999999964e+00,-1.871060979920663314e+01,1.604328737189705834e+01,6.240102348421824274e+01,4.055606257346012988e+00
4.219999999999999751e+00,-1.864002250739093114e+01,1.529905551839943456e+01,6.257861833827566045e+01,3.915657006896687609e+00
4.230000000000000426e+00,-1.857050985150762656e+01,1.453850270864638183e+01,6.275556439881447091e+01,3.766703366403360675e+00
4.240000000000000213e+00,-1.850212754057996989e+01,1.376203806795083295e+01,6.293141279444460423e+01,3.608631166088311470e+00
4.250000000000000000e+00,-1.843492840097815133e+01,1.297007836937676295e+01,6.310569939603186640e+01,3.441350361736712493e+00
4.259999999999999787e+00,-1.836896232836096132e+01,1.216304748964820170e+01,6.327794627813937467e+01,3.264796815297732469e+00
4.269999999999999574e+00,-1.830427624292315159e+01,1.134137582052261628e+01,6.344766338550595464e+01,3.078933981888797522e+00
4.280000000000000249e+00,-1.824091404859030519e+01,1.050549964095310784e+01,6.361435039992839791e+01,2.883754479360315148e+00
4.290000000000000036e+00,-1.817891659665052373e+01,9.655860455261052522e+00,6.377749880006303584e+01,2.679281516353779757e+00
4.299999999999999822e+00,-1.811832165417560603e+01,8.792904302326800092e+00,6.393659410366744567e+01,2.465570154914973777e+00
4.309999999999999609e+00,-1.805916387746639629e+01,7.917081040509720502e+00,6.409111827870776779e+01,2.242708384244639586e+00
4.320000000000000284e+00,-1.800147479065766376e+01,7.028843612647282413e+00,6.424055230661259941e+01,2.010817983112549445e+00
4.330000000000000071e+00,-1.794528276953485246e+01,6.128647295077732871e+00,6.438437887782646385e+01,1.770055149854024235e+00
4.339999999999999858e+00,-1.789061303054878493e+01,5.216948934202429555e+00,6.452208519676993603e+01,1.520610880726322112e+00
4.349999999999999645e+00,-1.783748762496468387e+01,4.294206173662842296e+00,6.465316587042256913e+01,1.262711079729492036e+00
4.360000000000000320e+00,-1.778592543804449377e+01,3.360876674767554029e+00,6.477712585209170015e+01,9.966163857854106745e-01
4.370000000000000107e+00,-1.773594219313937259e+01,2.417417332377724382e+00,6.489348340958564165e+01,7.226217063971953625e-01
4.379999999999999893e+00,-1.768755046055716917e+01,1.464283488062352534e+00,6.500177308505881513e+01,4.410554505467543795e-01
4.389999999999999680e+00,-1.764075967106906262e+01,5.019281419537167110e-01,6.510154861230766699e+01,1.522784575735735835e-01
4.400000000000000355e+00,-1.759557613392744102e+01,-4.691988355948785161e-01,6.519238575633876565e+01,-1.433173769420159616e-01
4.410000000000000142e+00,-1.755200305928300253e+01,-1.448651491750241105e+00,6.527388503966024302e+01,-4.453107727802936289e-01
4.419999999999999929e+00,-1.751004058491141535e+01,-2.435988577787860709e+00,6.534567432000952181e+01,-7.532530240433712443e-01
4.429999999999999716e+00,-1.746968580718760577e+01,-3.430774334179512941e+00,6.540741118515295227e+01,-1.066670230713067102e+00
4.440000000000000391e+00,-1.743093281627705338e+01,-4.432579273993729529e+00,6.545878513199104987e+01,-1.385065783486896018e+00
4.450000000000000178e+00,-1.739377273554877945e+01,-5.440980964522617036e+00,6.549951949946678553e+01,-1.707923078202737255e+00
4.459999999999999964e+00,-1.735819376525067526e+01,-6.455564807108989278e+00,6.552937312768406741e+01,-2.034708432092054764e+00
4.469999999999999751e+00,-1.732418123052609360e+01,-7.475924815152741765e+00,6.554814171914907206e+01,-2.364874170429936306e+00
4.480000000000000426e+00,-1.729171763388707461e+01,-8.501664390232258839e+00,6.555565888209189040e+01,-2.697861848976930599e+00
4.490000000000000213e+00,-1.726078271229740579e+01,-9.532397096191221664e+00,6.555179684032259502e+01,-3.033105575018806732e+00
4.500000000000000000e+00,-1.723135349905201963e+01,-1.056774743089458468e+01,6.553646679893904547e+01,-3.370035387871614496e+00
4.509999999999999787e+00,-1.720340439067206262e+01,-1.160735159518683091e+01,6.550961896031738263e+01,-3.708080658494530280e+00
4.519999999999999574e+00,-1.717690721906271278e+01,-1.265085825835514655e+01,6.547124219007335455e+01,-4.046673467365438981e+00
4.530000000000000249e+00,-1.715183132920510900e+01,-1.369792931913640821e+01,6.542136333795900782e+01,-4.385251920044820118e+00
4.540000000000000036e+00,-1.712814366267208044e+01,-1.474824066101589892e+01,6.536004622383705964e+01,-4.723263360876531536e+00
4.549999999999999822e+00,-1.710580884727070128e+01,-1.580148290021956825e+01,6.528739030383786712e+01,-5.060167447011042263e+00
4.559999999999999609e+00,-1.708478929312023809e+01,-1.685736212445683435e+01,6.520352903644149478e+01,-5.395439047357246665e+00
4.570000000000000284e+00,-1.706504529547321170e+01,-1.791560062007230059e+01,6.510862797244357125e+01,-5.728570934088484279e+00
4.580000000000000071e+00,-1.704653514457766050e+01,-1.897593758487429838e+01,6.500288259647177824e+01,-6.059076237884853278e+00
4.589999999999999858e+00,-1.702921524286128019e+01,-2.003812982348662430e+01,6.488651595085404722e+01,-6.386490642080420166e+00
4.599999999999999645e+00,-1.701304022969026164e+01,-2.110195242165149665e+01,6.475977607515075363e+01,-6.710374295209891926e+00
4.610000000000000320e+00,-1.699796311392005776e+01,-2.216719939549665597e+01,6.462293329651532758e+01,-7.030313426004591193e+00
4.620000000000000107e+00,-1.698393541440756138e+01,-2.323368431137131651e+01,6.447627740723613954e+01,-7.345921649567932477e+00
4.629999999999999893e+00,-1.697090730859874341e+01,-2.430124087146288048e+01,6.432011476633562097e+01,-7.656840958157924426e+00
4.639999999999999680e+00,-1.695882778923828482e+01,-2.536972346005350687e+01,6.415476536198764279e+01,-7.962742394628394393e+00
4.650000000000000355e+00,-1.694764482917128490e+01,-2.643900764494912181e+01,6.398055987079832363e+01,-8.263326411032590357e+00
4.660000000000000142e+00,-1.693730555412115990e+01,-2.750899062833933328e+01,6.379783674872682298e+01,-8.558322919097761883e+00
4.669999999999999929e+00,-1.692775642323216445e+01,-2.857959164113307793e+01,6.360693938666509695e+01,-8.847491043171654468e+00
4.679999999999999716e+00,-1.691894341706142413e+01,-2.965075227466977381e+01,6.340821336151373799e+01,-9.130618589765083115e+00
4.690000000000000391e+00,-1.691081223259525856e+01,-3.072243674363281229e+01,6.320200381105858867e+01,-9.407521250927478818e+00
4.700000000000000178e+00,-1.690330848474723169e+01,-3.179463207401940394e+01,6.298865295814373155e+01,-9.678041561375636093e+00
4.709999999999999964e+00,-1.689637791367550079e+01,-3.286734821013272523e+01,6.276849780662266909e+01,-9.942047631526314433e+00
4.719999999999999751e+00,-1.688996659713337323e+01,-3.394061803478626160e+01,6.254186802842257009e+01,-1.019943168036848213e+01
4.730000000000000426e+00,-1.688402116694398813e+01,-3.501449729724286897e+01,6.230908405784017390e+01,-1.045010839345526499e+01
4.740000000000000213e+00,-1.687848902856831401e+01,-3.608906444385326040e+01,6.207045540596425326e+01,-1.069401313221815641e+01
4.750000000000000000e+00,-1.687331858261931572e+01,-3.716442034692735774e+01,6.182627920493500540e+01,-1.093110002133382075e+01
4.759999999999999787e+00,-1.686845944706518807e+01,-3.824068792804048655e+01,6.157683898865759176e+01,-1.116133994103381788e+01
4.769999999999999574e+00,-1.686386267876471479e+01,-3.931801167277689757e+01,6.132240371361194065e+01,-1.138471845108026947e+01
4.780000000000000249e+00,-1.685948099289062441e+01,-4.039655703480080007e+01,6.106322702058081831e+01,-1.160123367266430883e+01
4.790000000000000036e+00,-1.685526897872477647e+01,-4.147650972814672343e+01,6.079954673546587429e+01,-1.181089415376250784e+01
4.799999999999999822e+00,-1.685118331025454808e+01,-4.255807490769361578e+01,6.053158460489818538e+01,-1.201371674254001753e+01
4.809999999999999609e+00,-1.684718294996510224e+01,-4.364147623894247374e+01,6.025954626007651882e+01,-1.220972449225546264e+01
4.820000000000000284e+00,-1.684322934421039974e+01,-4.472695485941949300e+01,5.998362140019030164e+01,-1.239894461982823337e+01
4.830000000000000071e+00,-1.683928660855594117e+01,-4.581476823525476760e+01,5.970398418490594850e+01,-1.258140653880442805e+01
4.839999999999999858e+00,-1.683532170152258445e+01,-4.690518891774644317e+01,5.942079382370106089e+01,-1.275713998592697429e+01
4.849999999999999645e+00,-1.683130458522098749e+01,-4.799850320593643715e+01,5.913419534833150237e+01,-1.292617325889442803e+01
4.860000000000000320e+00,-1.682720837145277670e+01,-4.909500972243350247e+01,5.884432055338616152e+01,-1.308853158120425242e+01
4.870000000000000107e+00,-1.682300945196462649e+01,-5.019501791084014997e+01,5.855128908873437155e+01,-1.324423560822717150e+01
4.879999999999999893e+00,-1.681868761167574888e+01,-5.129884646419306904e+01,5.825520968668124766e+01,-1.339330008686462037e+01
4.889999999999999680e+00,-1.681422612385465598e+01,-5.240682169475699226e+01,5.795618150582199490e+01,-1.353573267930606683e+01
4.900000000000000355e+00,-1.680961182639592622e+01,-5.351927585631606377e+01,5.765429557291858487e+01,-1.367153295953568026e+01
4.910000000000000142e+00,-1.680483517853832609e+01,-5.463654543076179237e+01,5.734963630361201581e+01,-1.380069158934496443e+01
4.919999999999999929e+00,-1.679989029756946195e+01,-5.575896939125815521e+01,5.704228308243231282e+01,-1.392318967869234569e+01
4.929999999999999716e+00,-1.679477497527506458e+01,-5.688688745458126306e+01,5.673231188237419786e+01,-1.403899833332252456e+01
4.940000000000000391e+00,-1.678949067410817264e+01,-5.802063833534570847e+01,5.641979690428032512e+01,-1.414807839062274475e+01
4.950000000000000178e+00,-1.678404250327271185e+01,-5.916055801477313025e+01,5.610481221641071414e+01,-1.425038034275937449e+01
4.959999999999999964e+00,-1.677843917513072114e+01,-6.030697803639972676e+01,5.578743337489128606e+01,-1.434584444421889771e+01
4.969999999999999751e+00,-1.677269294255041387e+01,-6.146022384069263467e+01,5.546773900622230258e+01,-1.443440099898518092e+01
4.980000000000000426e+00,-1.676681951800855330e+01,-6.262061314992980243e+01,5.514581233370110880e+01,-1.451597082073543454e+01
4.990000000000000213e+00,-1.676083797544206178e+01,-6.378845441394684457e+01,5.482174263046474749e+01,-1.459046585765001325e+01
5.000000000000000000e+00,-1.675477063600740379e+01,-6.496404532644223195e+01,5.449562658289774220e+01,-1.465778997172485099e+01
5.009999999999999787e+00,-1.674864293904856183e+01,-6.614767142051188387e+01,5.416756954936701618e+01,-1.471783986087315377e+01
5.019999999999999574e+00,-1.674248329969459448e+01,-6.733960475096532150e+01,5.383768670063580686e+01,-1.477050611062711205e+01
5.030000000000000249e+00,-1.673632295460337360e+01,-6.854010266977807930e+01,5.350610402986333014e+01,-1.481567436092386281e+01
5.040000000000000036e+00,-1.673019579743836260e+01,-6.974940669979197594e+01,5.317295922179879142e+01,-1.485322657230668142e+01
5.049999999999999822e+00,-1.672413820571033227e+01,-7.096774151050840374e+01,5.283840237261065909e+01,-1.488304237491357718e+01
5.059999999999999609e+00,-1.671818886063620724e+01,-7.219531399855149800e+01,5.250259655373164946e+01,-1.490500048287917956e+01
5.070000000000000284e+00,-1.671238856166248610e+01,-7.343231247412741425e+01,5.216571821512241058e+01,-1.491898015626219731e+01
5.080000000000000071e+00,-1.670678003727403294e+01,-7.467890595361023998e+01,5.182795742542745643e+01,-1.492486269233845242e+01
5.089999999999999858e+00,-1.670140775366032670e+01,-7.593524355723697283e+01,5.148951794859096509e+01,-1.492253292808111809e+01
5.099999999999999645e+00,-1.669631772274491510e+01,-7.720145400983663819e+01,5.115061715857607538e+01,-1.491188073588467589e+01
5.110000000000000320e+00,-1.669155731099894169e+01,-7.847764524154014509e+01,5.081148579586103153e+01,-1.489280249508077070e+01
5.120000000000000107e+00,-1.668717505036322279e+01,-7.976390408455085890e+01,5.047236757132842655e+01,-1.486520252252841878e+01
5.129999999999999893e+00,-1.668322045249288621e+01,-8.106029606129061449e+01,5.013351862499011702e+01,-1.482899444653297927e+01
5.139999999999999680e+00,-1.667974382742134409e+01,-8.236686525858506513e+01,4.979520684866694324e+01,-1.478410250953270832e+01
5.150000000000000355e+00,-1.667679610761605957e+01,-8.368363428201649867e+01,4.945771108324020560e+01,-1.473046278636939022e+01
5.160000000000000142e+00,-1.667442867827073627e+01,-8.501060428414848502e+01,4.912132020238701102e+01,-1.466802430650270495e+01
5.169999999999999929e+00,-1.667269321454935493e+01,-8.634775506001599865e+01,4.878633209578276109e+01,-1.459675007020372028e+01
5.179999999999999716e+00,-1.667164152636866703e+01,-8.769504520306234951e+01,4.845305256558876295e+01,-1.451661795054041981e+01
5.190000000000000391e+00,-1.667132541118044742e+01,-8.905241231459784501e+01,4.812179415062833243e+01,-1.442762147480777024e+01
5.200000000000000178e+00,-1.667179651509232130e+01,-9.041977325983683045e+01,4.779287489298943115e+01,-1.432977048092516625e+01
5.209999999999999964e+00,-1.667310620255019415e+01,-9.179702446362797730e+01,4.746661706187890672e+01,-1.422309164618498301e+01
5.219999999999999751e+00,-1.667530543469538173e+01,-9.318404223913114492e+01,4.714334584939706474e+01,-1.410762888755492561e+01
5.230000000000000426e+00,-1.667844465640732921e+01,-9.458068314289234024e+01,4.682338805251718128e+01,-1.398344363448042316e+01
5.240000000000000213e+00,-1.668257369194856210e+01,-9.598678435001357911e+01,4.650707075496082155e+01,-1.385061497677233255e+01
5.250000000000000000e+00,-1.668774164904213819e+01,-9.740216404341484235e+01,4.619472002187302451e+01,-1.370923969167366785e+01
5.259999999999999787e+00,-1.669399683113455168e+01,-9.882662181150755032e+01,4.588665961925337911e+01,-1.355943215555430825e+01
5.269999999999999574e+00,-1.670138665752729423e+01,-1.002599390489584010e+02,4.558320976900890997e+01,-1.340132414686892659e+01
5.280000000000000249e+00,-1.670995759099933053e+01,-1.017018793555875220e+02,4.528468594929837110e+01,-1.323506454801694332e+01
5.290000000000000036e+00,-1.671975507248906112e+01,-1.031521889288365657e+02,4.499139774855667895e+01,-1.306081895455609576e+01
5.299999999999999822e+00,-1.673082346235765527e+01,-1.046105969456190650e+02,4.470364778025933106e+01,-1.287876920084273102e+01
5.309999999999999609e+00,-1.674320598771652158e+01,-1.060768159297620059e+02,4.442173066413036508e+01,-1.268911281159817683e+01
5.320000000000000284e+00,-1.675694469526753139e+01,-1.075505421016219003e+02,4.414593207814672127e+01,-1.249206238914274714e+01
5.330000000000000071e+00,-1.677208040907650499e+01,-1.090314557068324177e+02,4.387652788436696483e+01,-1.228784494610106925e+01
5.339999999999999858e+00,-1.678865269267639704e+01,-1.105192213215049577e+02,4.361378333033585619e+01,-1.207670119327850244e+01
5.349999999999999645e+00,-1.680669981487717024e+01,-1.120134881315447757e+02,4.335795232661045162e+01,-1.185888479215179814e+01
5.360000000000000320e+00,-1.682625871864231470e+01,-1.135138901840813759e+02,4.310927679982947325e+01,-1.163466158102412606e+01
5.370000000000000107e+00,-1.684736499237765273e+01,-1.150200466093281904e+02,4.286798611972263728e+01,-1.140430878338188059e+01
5.379999999999999893e+00,-1.687005284296596130e+01,-1.165315618114866822e+02,4.263429659753914791e+01,-1.116811420637662344e+01
5.389999999999999680e+00,-1.689435506986872682e+01,-1.180480256275994293e+02,4.240841105257056398e+01,-1.092637543665838784e+01
5.400000000000000355e+00,-1.692030303960645199e+01,-1.195690134535294220e+02,4.219051844275980301e+01,-1.067939904002311913e+01
5.410000000000000142e+00,-1.694792665991663583e+01,-1.210940863365121203e+02,4.198079355482235542e+01,-1.042749977052655730e+01
5.419999999999999929e+00,-1.697725435287786055e+01,-1.226227910339738969e+02,4.177939674886409449e+01,-1.017099979387385034e+01
5.429999999999999716e+00,-1.700831302627498332e+01,-1.241546600385714498e+02,4.158647375215167585e+01,-9.910227929034350680e+00
5.440000000000000391e+00,-1.704112804246570789e+01,-1.256892115696502401e+02,4.140215549647971471e+01,-9.645518911169359555e+00
5.450000000000000178e+00,-1.707572318399348887e+01,-1.272259495315731641e+02,4.122655799347477767e+01,-9.377212678107046173e+00
5.459999999999999964e+00,-1.711212061517151639e+01,-1.287643634396313246e+02,4.105978224217250272e+01,-9.105653681767300611e+00
5.469999999999999751e+00,-1.715034083884266281e+01,-1.303039283145193394e+02,4.090191416329787444e+01,-8.831190225136195338e+00
5.480000000000000426e+00,-1.719040264749548896e+01,-1.318441045466456387e+02,4.075302455485820730e+01,-8.554173824625500799e+00
5.490000000000000213e+00,-1.723232306789000390e+01,-1.333843377318644912e+02,4.061316906391881076e+01,-8.274958596932323829e+00
5.500000000000000000e+00,-1.727611729831722087e+01,-1.349240584805527874e+02,4.048238816976532917e+01,-7.993900668844626800e+00
5.509999999999999787e+00,-1.732179863758426563e+01,-1.364626822023447801e+02,4.036070717405436881e+01,-7.711357607821450522e+00
5.519999999999999574e+00,-1.736937840478148942e+01,-1.379996088692541889e+02,4.024813619401209763e+01,-7.427687870620880872e+00
5.530000000000000249e+00,-1.741886584885153866e+01,-1.395342227603995298e+02,4.014467015524975579e+01,-7.143250266750629685e+00
5.540000000000000036e+00,-1.747026804694082358e+01,-1.410658921920912121e+02,4.005028878131945191e+01,-6.858403433083176459e+00
5.549999999999999822e+00,-1.752358979047409093e+01,-1.425939692376500147e+02,3.996495657772960186e+01,-6.573505315610051802e+00
5.559999999999999609e+00,-1.757883345785273121e+01,-1.441177894420355585e+02,3.988862280876836763e+01,-6.288912654006954206e+00
5.570000000000000284e+00,-1.763599887263754340e+01,-1.456366715371463840e+02,3.982122146614356240e+01,-6.004980464451623590e+00
5.580000000000000071e+00,-1.769508314604105692e+01,-1.471499171645713204e+02,3.976267122913140639e+01,-5.722061515971110346e+00
5.589999999999999858e+00,-1.775608050252046510e+01,-1.486568106135784717e+02,3.971287541663117082e+01,-5.440505795509126941e+00
5.599999999999999645e+00,-1.781898208723687205e+01,-1.501566185832954829e+02,3.967172193224224941e+01,-5.160659956886859412e+00
5.610000000000000320e+00,-1.788377575412929588e+01,-1.516485899793350995e+02,3.963908320421061404e+01,-4.882866748892863207e+00
5.620000000000000107e+00,-1.795044583334713906e+01,-1.531319557565757918e+02,3.961481612282744891e+01,-4.607464417880509089e+00
5.629999999999999893e+00,-1.801897287679663862e+01,-1.546059288214566152e+02,3.959876197859677660e+01,-4.334786080472476932e+00
5.639999999999999680e+00,-1.808933338058978535e+01,-1.560697040089538916e+02,3.959074640521788524e+01,-4.065159062282778457e+00
5.650000000000000355e+00,-1.816149948324371621e+01,-1.575224581514348188e+02,3.959057933214168656e+01,-3.798904198961242429e+00
5.660000000000000142e+00,-1.823543863857124592e+01,-1.589633502587989256e+02,3.959805495215172755e+01,-3.536335096353799834e+00
5.669999999999999929e+00,-1.831111326233691727e+01,-1.603915218317476388e+02,3.961295171008079308e+01,-3.277757347151258216e+00
5.679999999999999716e+00,-1.838848035193649011e+01,-1.618060973326615795e+02,3.963503231939251492e+01,-3.023467702073292518e+00
5.690000000000000391e+00,-1.846749107859928429e+01,-1.632061848413885343e+02,3.966404381392100476e+01,-2.773753194406220146e+00
5.700000000000000178e+00,-1.854809035192803890e+01,-1.645908769262676117e+02,3.969971764256142421e+01,-2.528890217576119426e+00
5.709999999999999964e+00,-1.863021635698665435e+01,-1.659592517638612321e+02,3.974176981512191276e+01,-2.289143556400469404e+00
5.719999999999999751e+00,-1.871380006464106671e+01,-1.673103745441453043e+02,3.978990110787057688e+01,-2.054765373707268417e+00
5.730000000000000426e+00,-1.879876471646517899e+01,-1.686432992011907288e+02,3.984379733752469832e+01,-1.825994155146196452e+00
5.740000000000000213e+00,-1.888502528625766530e+01,-1.699570705126290022e+02,3.990312971251392327e+01,-1.603053616223121924e+00
5.750000000000000000e+00,-1.897248792109463977e+01,-1.712507266142739866e+02,3.996755527029216637e+01,-1.386151576862601820e+00
5.759999999999999787e+00,-1.906104936588114285e+01,-1.725233019790219942e+02,4.003671740925527445e+01,-1.175478810128274709e+00
5.769999999999999574e+00,-1.915059637657811820e+01,-1.737738309114226354e+02,4.011024652342966590e+01,-9.712078730849165176e-01
5.780000000000000249e+00,-1.924100512868126955e+01,-1.750013516108081717e+02,4.018776074751568217e+01,-7.734919291572638356e-01
5.790000000000000036e+00,-1.933214062912457010e+01,-1.762049108563815878e+02,4.026886681908837318e+01,-5.824635726935222246e-01
5.799999999999999822e+00,-1.942385614157505458e+01,-1.773835693667956548e+02,4.035316106376730971e+01,-3.982336677588478313e-01
5.809999999999999609e+00,-1.951599263707240084e+01,-1.785364078841715809e+02,4.044023050796146634e+01,-2.208902144274696999e-01
5.820000000000000284e+00,-1.960837828412969586e+01,-1.796625340277633711e+02,4.052965412237455922e+01,-5.049725697968202726e-02
5.830000000000000071e+00,-1.970082799471877522e+01,1.792389100449237560e+02,4.062100419782364469e+01,1.129061505900019746e-01
5.839999999999999858e+00,-1.979314304496696408e+01,1.781687391422649966e+02,4.071384785309182774e+01,2.693069055291909542e-01
5.849999999999999645e+00,-1.988511079181999364e+01,1.771277156947843139e+02,4.080774867251907523e+01,4.187187269176991244e-01
5.860000000000000320e+00,-1.997650450928139065e+01,1.761165395687522448e+02,4.090226846885819612e+01,5.611829187088114290e-01
5.870000000000000107e+00,-2.006708337000042164e+01,1.751358370651849157e+02,4.099696916461845575e+01,6.967690079720192387e-01
5.879999999999999893e+00,-2.015659259978750839e+01,1.741861491600683109e+02,4.109141478272057668e+01,8.255752413384991328e-01
5.889999999999999680e+00,-2.024476383390989653e+01,1.732679190743829736e+02,4.118517353484596555e+01,9.477289232454297885e-01
5.900000000000000355e+00,-2.033131570453861769e+01,1.723814793001507155e+02,4.127781999342305141e+01,1.063386580530878645e+00
5.910000000000000142e+00,-2.041595468825038040e+01,1.715270382507582667e+02,4.136893733081831925e+01,1.172733939265051983e+00
5.919999999999999929e+00,-2.049837624078142539e+01,1.707046667494144856e+02,4.145811960704489252e+01,1.275985701408647977e+00
5.929999999999999716e+00,-2.057826624303825724e+01,1.699142846172949248e+02,4.154497408523145907e+01,1.373385110969774781e+00
5.940000000000000391e+00,-2.065530277747210519e+01,1.691556476708842922e+02,4.162912355227447136e+01,1.465203301752807885e+00
5.950000000000000178e+00,-2.072915824714034727e+01,1.684283354836103683e+02,4.171020862058441736e+01,1.551738421540877377e+00
5.959999999999999964e+00,-2.079950184102255406e+01,1.677317403071013473e+02,4.178788998569647362e+01,1.633314530571139622e+00
5.969999999999999751e+00,-2.086600233844157515e+01,1.670650575786828540e+02,4.186185061379260475e+01,1.710280275404981731e+00
5.980000000000000426e+00,-2.092833123293083020e+01,1.664272784602676722e+02,4.193179783292477936e+01,1.783007342694965525e+00
5.990000000000000213e+00,-2.098616614191602281e+01,1.658171848557113606e+02,4.199746530196579641e+01,1.851888700834431578e+00
6.000000000000000000e+00,-2.103919445366896923e+01,1.652333473354463251e+02,4.205861483206948748e+01,1.917336640965121797e+00
6.009999999999999787e+00,-2.108711714784598001e+01,1.646741263559175366e+02,4.211503803669630486e+01,1.979780632228057780e+00
6.019999999999999574e+00,-2.112965271142753210e+01,1.641376770953072821e+02,4.216655778805128563e+01,2.039665009387876538e+00
6.030000000000000249e+00,-2.116654105902089356e+01,1.636219581361169730e+02,4.221302946005624790e+01,2.097446513954905889e+00
6.040000000000000036e+00,-2.119754735633726028e+01,1.631247441111097487e+02,4.225434194070567173e+01,2.153591712593155183e+00
6.049999999999999822e+00,-2.122246563921853379e+01,1.626436422957771981e+02,4.229041839977249140e+01,2.208574318861886265e+00
6.059999999999999609e+00,-2.124112211875539558e+01,1.621761129838255897e+02,4.232121680127740149e+01,2.262872446129962078e+00
6.070000000000000284e+00,-2.125337806642741612e+01,1.617194933299778654e+02,4.234673015382536221e+01,2.316965820776982987e+00
6.080000000000000071e+00,-2.125913218211100286e+01,1.612710241958185406e+02,4.236698649576955233e+01,2.371332985513729064e+00
6.089999999999999858e+00,-2.125832236210423787e+01,1.608278793992241162e+02,4.238204861608149798e+01,2.426448522799784957e+00
6.099999999999999645e+00,-2.125092680346286755e+01,1.603871966555945221e+02,4.239201351570468290e+01,2.482780327904199336e+00
6.110000000000000320e+00,-2.123696440393533891e+01,1.599461094179276017e+02,4.239701161794291551e+01,2.540786960157530139e+00
6.120000000000000107e+00,-2.121649444230305903e+01,1.595017787789014392e+02,4.239720574000362063e+01,2.600915099413267928e+00
6.129999999999999893e+00,-2.118961555040434774e+01,1.590514245949695180e+02,4.239278984109316184e+01,2.663597132716318594e+00
6.139999999999999680e+00,-2.115646401388896436e+01,1.585923550302667024e+02,4.238398756537635848e+01,2.729248893726147429e+00
6.150000000000000355e+00,-2.111721146222677348e+01,1.581219937939468423e+02,4.237105060060772388e+01,2.798267574629316634e+00
6.160000000000000142e+00,-2.107206202829989650e+01,1.576379044526346149e+02,4.235425687526981164e+01,2.871029827178890770e+00
6.169999999999999929e+00,-2.102124907300225232e+01,1.571378113319687202e+02,4.233390861858552512e+01,2.947890066199976289e+00
6.179999999999999716e+00,-2.096503158002742140e+01,1.566196166684008233e+02,4.231033030879163448e+01,3.029178985483102160e+00
6.190000000000000391e+00,-2.090369033025299217e+01,1.560814138246900313e+02,4.228386653556870556e+01,3.115202292538107542e+00
6.200000000000000178e+00,-2.083752396406033114e+01,1.555214965306280135e+02,4.225487980253407727e+01,3.206239665276479744e+00
6.209999999999999964e+00,-2.076684503414512761e+01,1.549383642463720037e+02,4.222374829524525808e+01,3.302543930408348150e+00
6.219999999999999751e+00,-2.069197614172442456e+01,1.543307238631094265e+02,4.219086363926985683e+01,3.404340460244926092e+00
6.230000000000000426e+00,-2.061324623653674948e+01,1.536974880504413647e+02,4.215662867160385474e+01,3.511826781744760595e+00
6.240000000000000213e+00,-2.053098714671401126e+01,1.530377706297709892e+02,4.212145524711388589e+01,3.625172389082080393e+00
6.250000000000000000e+00,-2.044553038949586821e+01,1.523508793980224425e+02,4.208576209980287786e+01,3.744518748776733741e+00
6.259999999999999787e+00,-2.035720429875424742e+01,1.516363068476554474e+02,4.204997277661191646e+01,3.869979484537268810e+00
6.269999999999999574e+00,-2.026633149113698806e+01,1.508937192299229650e+02,4.201451365923568204e+01,4.001640727438634748e+00
6.280000000000000249e+00,-2.017322667987387064e+01,1.501229443920967412e+02,4.197981208710441337e+01,4.139561615888382562e+00
6.290000000000000036e+00,-2.007819483427823215e+01,1.493239587898130196e+02,4.194629459232804436e+01,4.283774929021926248e+00
6.299999999999999822e+00,-1.998152967390928580e+01,1.484968740366127520e+02,4.191438525505864732e+01,4.434287836692207385e+00
6.309999999999999609e+00,-1.988351247927489496e+01,1.476419233077670583e+02,4.188450418545315301e+01,4.591082749059364865e+00
6.320000000000000284e+00,-1.978441119577112417e+01,1.467594478677407608e+02,4.185706613624693517e+01,4.754118248913565381e+00
6.330000000000000071e+00,-1.968447980410845943e+01,1.458498839427561506e+02,4.183247924791205463e+01,4.923330090249278257e+00
6.339999999999999858e+00,-1.958395792855349526e+01,1.449137501139240101e+02,4.181114392650117395e+01,5.098632247212072421e+00
6.349999999999999645e+00,-1.948307065366522295e+01,1.439516353637483235e+02,4.179345185258118534e+01,5.279917998331787210e+00
6.360000000000000320e+00,-1.938202852058620351e+01,1.429641878704715054e+02,4.177978511815890528e+01,5.467061031894978385e+00
6.370000000000000107e+00,-1.928102767511428794e+01,1.419521046112163845e+02,4.177051548719480678e+01,5.659916559364985389e+00
6.379999999999999893e+00,-1.918025014151481145e+01,1.409161218063644014e+02,4.176600377419448051e+01,5.858322424896691416e+00
6.389999999999999680e+00,-1.907986419814599088e+01,1.398570062140230732e+02,4.176659933445487383e+01,6.062100200180428722e+00
6.400000000000000355e+00,-1.898002483330041201e+01,1.387755472644443842e+02,4.177263965881815722e+01,6.271056255063799156e+00
6.410000000000000142e+00,-1.888087426208476671e+01,1.376725500094996164e+02,4.178445006523651273e+01,6.484982795610878981e+00
6.419999999999999929e+00,-1.878254248756730505e+01,1.365488288512674728e+02,4.180234347906579728e+01,6.703658862449755063e+00
6.429999999999999716e+00,-1.868514789174376389e+01,1.354052020059735639e+02,4.182662029376815838e+01,6.926851283409685145e+00
6.440000000000000391e+00,-1.858879784405532476e+01,1.342424866544106976e+02,4.185756830359787273e+01,7.154315575546331019e+00
6.450000000000000178e+00,-1.849358931720266241e+01,1.330614947270909454e+02,4.189546269985454785e+01,7.385796792686631917e+00
6.459999999999999964e+00,-1.839960950182012311e+01,1.318630292713067718e+02,4.194056612239651116e+01,7.621030315583745107e+00
6.469999999999999751e+00,-1.830693641319517084e+01,1.306478813475997356e+02,4.199312875829840408e+01,7.859742582655456999e+00
6.480000000000000426e+00,-1.821563948464423177e+01,1.294168274045371163e+02,4.205338847979596295e+01,8.101651760078958375e+00
6.490000000000000213e+00,-1.812578014339155530e+01,1.281706270828724712e+02,4.212157101397139769e+01,8.346468350734754793e+00
6.500000000000000000e+00,-1.803741236585706531e+01,1.269100214028803038e+02,4.219789013698340341e+01,8.593895742131763882e+00
6.509999999999999787e+00,-1.795058321015715563e+01,1.256357312917289306e+02,4.228254788602303904e+01,8.843630694004792403e+00
6.519999999999999574e+00,-1.786533332437038624e+01,1.243484564110040509e+02,4.237573478256869919e+01,9.095363766764856805e+00
6.530000000000000249e+00,-1.778169742974127843e+01,1.230488742478286497e+02,4.247763006091334148e+01,9.348779692398599295e+00
6.540000000000000036e+00,-1.769970477849821222e+01,1.217376394363189291e+02,4.258840189633408357e+01,9.603557689769820271e+00
6.549999999999999822e+00,-1.761937958636702106e+01,1.204153832793329570e+02,4.270820762766255996e+01,9.859371726571694694e+00
6.559999999999999609e+00,-1.754074144017950232e+01,1.190827134435292010e+02,4.283719396938823820e+01,1.011589073042690146e+01
6.570000000000000284e+00,-1.746380568122156873e+01,1.177402138036499366e+02,4.297549720878134849e+01,1.037277875183498921e+01
6.580000000000000071e+00,-1.738858376514939508e+01,1.163884444146395367e+02,4.312324338385453615e+01,1.062969508183266676e+01
6.589999999999999858e+00,-1.731508359943326525e+01,1.150279415927010973e+02,4.328054843828923026e+01,1.088629432736887104e+01
6.599999999999999645e+00,-1.724330985937827521e+01,1.136592180886800634e+02,4.344751834973394011e+01,1.114222644750808833e+01
6.610000000000000320e+00,-1.717326428382456172e+01,1.122827633392402049e+02,4.362424922813551831e+01,1.139713675367120160e+01
6.620000000000000107e+00,-1.710494595165587128e+01,1.108990437831780866e+02,4.381082738099225793e+01,1.165066587720675351e+01
6.629999999999999893e+00,-1.703835154024750409e+01,1.095085032319154834e+02,4.400732934261846196e+01,1.190244970766447707e+01
6.639999999999999680e+00,-1.697347556697026505e+01,1.081115632847126307e+02,4.421382186468952114e+01,1.215211930522341177e+01
6.650000000000000355e+00,-1.691031061483751330e+01,1.067086237805033448e+02,4.443036186549031186e+01,1.239930079081064740e+01
6.660000000000000142e+00,-1.684884754334360224e+01,1.053000632794324929e+02,4.465699633542903513e+01,1.264361521754416806e+01
6.669999999999999929e+00,-1.678907568549425022e+01,1.038862395682384658e+02,4.489376219649825828e+01,1.288467842724282519e+01
6.679999999999999716e+00,-1.673098303197701497e+01,1.024674901845394004e+02,4.514068611347600779e+01,1.312210089587747319e+01
6.690000000000000391e+00,-1.667455640336424949e+01,1.010441329558910581e+02,4.539778425476260537e+01,1.335548757198868586e+01
6.700000000000000178e+00,-1.661978161118241459e+01,9.961646655018560637e+01,4.566506200084921119e+01,1.358443771227540608e+01
6.709999999999999964e+00,-1.656664360862279750e+01,9.818477103456255861e+01,4.594251359851911332e+01,1.380854471876543066e+01
6.719999999999999751e+00,-1.651512663161035377e+01,9.674930844053068313e+01,4.623012175899492604e+01,1.402739598221447004e+01
6.730000000000000426e+00,-1.646521433088913966e+01,9.531032333343385687e+01,4.652785719837581269e+01,1.424057273665052747e+01
6.740000000000000213e+00,-1.641688989572756086e+01,9.386804338478209786e+01,4.683567811885833265e+01,1.444764993027899536e+01
6.750000000000000000e+00,-1.637013616979128372e+01,9.242267994626925542e+01,4.715352962941874893e+01,1.464819611830009727e+01
6.759999999999999787e+00,-1.632493575968209143e+01,9.097442862457580759e+01,4.748134310485161080e+01,1.484177338355070219e+01
6.769999999999999574e+00,-1.628127113658954528e+01,8.952346985625590037e+01,4.781903548232595114e+01,1.502793729128086397e+01
6.780000000000000249e+00,-1.623912473145837154e+01,8.806996948218400689e+01,4.816650849494021003e+01,1.520623688479286173e+01
6.790000000000000036e+00,-1.619847902403041573e+01,8.661407932117400321e+01,4.852364784213806814e+01,1.537621472911386178e+01
6.799999999999999822e+00,-1.615931662607978225e+01,8.515593774247567183e+01,4.889032229730413803e+01,1.553740701033454563e+01
6.809999999999999609e+00,-1.612162035912370683e+01,8.369567023693814178e+01,4.926638275339171713e+01,1.568934369871276857e+01
6.820000000000000284e+00,-1.608537332685699894e+01,8.223338998666731925e+01,4.965166120806269845e+01,1.583154878411438560e+01
6.830000000000000071e+00,-1.605055898252783919e+01,8.076919843303990376e+01,5.004596969054181699e+01,1.596354059282280957e+01
6.839999999999999858e+00,-1.601716119144476380e+01,7.930318584294305140e+01,5.044909913321882300e+01,1.608483219518955920e+01
6.849999999999999645e+00,-1.598516428877960927e+01,7.783543187309909683e+01,5.086081819197763565e+01,1.619493191400269794e+01
6.860000000000000320e+00,-1.595455313281027365e+01,7.636600613232714352e+01,5.128087202029364988e+01,1.629334394379989348e+01
6.870000000000000107e+00,-1.592531315372709955e+01,7.489496874154966122e+01,5.170898100333413083e+01,1.637956909163602859e+01
6.879999999999999893e+00,-1.589743039811109426e+01,7.342237089133553241e+01,5.214483945960876099e+01,1.645310565000240999e+01
6.889999999999999680e+00,-1.587089156917805788e+01,7.194825539670831915e+01,5.258811431916922885e+01,1.651345041267014224e+01
6.900000000000000355e+00,-1.584568406287158737e+01,7.047265724892190519e+01,5.303844378892295452e+01,1.656009984416298053e+01
6.910000000000000142e+00,-1.582179599987881247e+01,6.899560416384460382e+01,5.349543601732192144e+01,1.659255141333251160e+01
6.919999999999999929e+00,-1.579921625363595439e+01,6.751711712655000497e+01,5.395866777248807722e+01,1.661030510107792679e+01
6.929999999999999716e+00,-1.577793447438588181e+01,6.603721093166623746e+01,5.442768314973427124e+01,1.661286509159725711e+01
6.940000000000000391e+00,-1.575794110934687353e+01,6.455589471898326792e+01,5.490199232641531779e+01,1.659974165564285897e+01
6.950000000000000178e+00,-1.573922741905066935e+01,6.307317250378340390e+01,5.538107038406494809e+01,1.657045323305232287e+01
6.959999999999999964e+00,-1.572178548990782332e+01,6.158904370131379835e+01,5.586435621981776478e+01,1.652452872030620412e+01
6.969999999999999751e+00,-1.570560824305998082e+01,6.010350364479017315e+01,5.635125157113355243e+01,1.646150996699720537e+01
6.980000000000000426e+00,-1.569068943958168383e+01,5.861654409629093010e+01,5.684112017979207820e+01,1.638095448285711697e+01
6.990000000000000213e+00,-1.567702368209756436e+01,5.712815374987692962e+01,5.733328712295479335e+01,1.628243835435804243e+01
7.000000000000000000e+00,-1.566460641288549382e+01,5.563831872625954134e+01,5.782703834073058857e+01,1.616555936686803818e+01
7.009999999999999787e+00,-1.565343390854142136e+01,5.414702305832430795e+01,5.832162039107267049e+01,1.602994032489235821e+01
7.019999999999999574e+00,-1.564350327128708962e+01,5.265424916682093226e+01,5.881624046388830607e+01,1.587523255907427178e+01
7.030000000000000249e+00,-1.563481241700794833e+01,5.115997832552772451e+01,5.931006668689038008e+01,1.570111960437822773e+01
7.040000000000000036e+00,-1.562736006011414780e+01,4.966419111521589258e+01,5.980222875586441944e+01,1.550732102926546929e+01
7.049999999999999822e+00,-1.562114569532408304e+01,4.816686786575016299e+01,6.029181892158765521e+01,1.529359639073804900e+01
7.059999999999999609e+00,-1.561616957647556347e+01,4.666798908568745929e+01,6.077789336452394764e+01,1.505974928494006981e+01
7.070000000000000284e+00,-1.561243269247542464e+01,4.516753587876851839e+01,6.125947398654814435e+01,1.480563145764344135e+01
7.080000000000000071e+00,-1.560993674050349966e+01,4.366549034672104312e+01,6.173555064625445254e+01,1.453114693350939213e+01
7.089999999999999858e+00,-1.560868409659209632e+01,4.216183597784699799e+01,6.220508386079691121e+01,1.423625611763240428e+01
7.099999999999999645e+00,-1.560867778370577241e+01,4.065655802089423787e+01,6.266700799266626376e+01,1.392097981767424386e+01
7.110000000000000320e+00,-1.560992143745045801e+01,3.914964384377186946e+01,6.312023493427624743e+01,1.358540313004686872e+01
7.120000000000000107e+00,-1.561241926954342318e+01,3.764108327671244325e+01,6.356365829672753875e+01,1.322967912927385470e+01
7.129999999999999893e+00,-1.561617602917806558e+01,3.613086893953387602e+01,6.399615810165653329e+01,1.285403229603601005e+01
7.139999999999999680e+00,-1.562119696241881073e+01,3.461899655271798792e+01,6.441660596671837880e+01,1.245876161668508253e+01
7.150000000000000355e+00,-1.562748776976218323e+01,3.310546523206092218e+01,6.482387076610810084e+01,1.204424328537026412e+01
7.160000000000000142e+00,-1.563505456200001476e+01,3.159027776672196808e+01,6.521682473771207356e+01,1.161093293956701800e+01
7.169999999999999929e+00,-1.564390381451977419e+01,3.007344088053970665e+01,6.559434999820086887e+01,1.115936736087956760e+01
7.179999999999999716e+00,-1.565404232017564823e+01,2.855496547653903150e+01,6.595534541683041141e+01,1.069016557566330583e+01
7.190000000000000391e+00,-1.566547714086138043e+01,2.703486686461433663e+01,6.629873378817076457e+01,1.020402929439335260e+01
7.200000000000000178e+00,-1.567821555791329402e+01,2.551316497240443937e+01,6.662346923372710705e+01,9.701742634846281632e+00
7.209999999999999964e+00,-1.569226502146776170e+01,2.398988453944260257e+01,6.692854475275326820e+01,9.184171082103572914e+00
7.219999999999999751e+00,-1.570763309889399117e+01,2.246505529469047246e+01,6.721299983383045173e+01,8.652259648060331543e+00
7.230000000000000426e+00,-1.572432742241764991e+01,2.093871211761641860e+01,6.747592803131087180e+01,8.107030204449639399e+00
7.240000000000000213e+00,-1.574235563604598553e+01,1.941089518300985617e+01,6.771648440483917852e+01,7.549577976182654915e+00
7.250000000000000000e+00,-1.576172534189995389e+01,1.788165008975556702e+01,6.793389271615754410e+01,6.981067195825584548e+00
7.259999999999999787e+00,-1.578244404605256079e+01,1.635102797382150897e+01,6.812745227553571681e+01,6.402725934983335421e+00
7.269999999999999574e+00,-1.580451910396696036e+01,1.481908560573478972e+01,6.829654433065073249e+01,5.815840143872675227e+00
7.280000000000000249e+00,-1.582795766562180972e+01,1.328588547284360288e+01,6.844063789371013229e+01,5.221746946041329274e+00
7.290000000000000036e+00,-1.585276662040475415e+01,1.175149584666934111e+01,6.855929490813601035e+01,4.621827250577662305e+00
7.299999999999999822e+00,-1.587895254184925520e+01,1.021599083567313215e+01,6.865217466417139747e+01,4.017497758808846520e+00
7.309999999999999609e+00,-1.590652163228310556e+01,8.679450423757373301e+00,6.871903738323395316e+01,3.410202455935352095e+00
7.320000000000000284e+00,-1.593547966745167699e+01,7.141960494828239803e+00,6.875974690350732033e+01,2.801403689868744440e+00
7.330000000000000071e+00,-1.596583194117229709e+01,5.603612843740993554e+00,6.877427241384958734e+01,2.192572949326763165e+00
7.339999999999999858e+00,-1.599758321007125161e+01,4.064505173939102711e+00,6.876268919923147394e+01,1.585181460653841024e+00
7.349999999999999645e+00,-1.603073763844890109e+01,2.524741082093262978e+00,6.872517837817194675e+01,9.806907276195235834e-01
7.360000000000000320e+00,-1.606529874331391028e+01,9.844300300183609354e-01,6.866202563052664232e+01,3.805431404113441274e-01
7.370000000000000107e+00,-1.610126933962272489e+01,-5.563126958575629333e-01,6.857361893200202019e+01,-2.138472208779785000e-01
7.379999999999999893e+00,-1.613865148575620978e+01,-2.097366037235580905e+00,6.846044532939646388e+01,-8.011034667694053590e-01
7.389999999999999680e+00,-1.617744642926215093e+01,-3.638603228680967305e+00,6.832308680730565698e+01,-1.379894347965271217e+00
7.400000000000000355e+00,-1.621765455288818458e+01,-5.179891874162311893e+00,6.816221531241173182e+01,-1.948942168089709437e+00
7.410000000000000142e+00,-1.625927532092862648e+01,-6.721094035243803333e+00,6.797858701508123147e+01,-2.507030065044248079e+00
7.419999999999999929e+00,-1.630230722590485826e+01,-8.262066330805494019e+00,6.777303589949721641e+01,-3.053008579599331807e+00
7.429999999999999716e+00,-1.634674773559925143e+01,-9.802660048213725830e+00,6.754646678266925619e+01,-3.585801444469195243e+00
7.440000000000000391e+00,-1.639259324046074795e+01,-1.134272126589430663e+01,6.729984786924516982e+01,-4.104410542721047328e+00
7.450000000000000178e+00,-1.643983900140059262e+01,-1.288209098730540347e+01,6.703420295300409748e+01,-4.607920000489412971e+00
7.459999999999999964e+00,-1.648847909799771116e+01,-1.442060528635366801e+01,6.675060337725727777e+01,-5.095499395131549925e+00
7.469999999999999751e+00,-1.653850637713390626e+01,-1.595809546433059189e+01,6.645015986522680862e+01,-5.566406075723773661e+00
7.480000000000000426e+00,-1.658991240208223772e+01,-1.749438821850259629e+01,6.613401432797992641e+01,-6.019986607769518550e+00
7.490000000000000213e+00,-1.664268740207414510e+01,-1.902930582252312774e+01,6.580333175192065198e+01,-6.455677367805218836e+00
7.500000000000000000e+00,-1.669682022237531882e+01,-2.056266631888916052e+01,6.545929226046243343e+01,-6.873004325974676476e+00
7.509999999999999787e+00,-1.675229827490485945e+01,-2.209428372370305738e+01,6.510308343565918676e+01,-7.271582065367598879e+00
7.519999999999999574e+00,-1.680910748943794530e+01,-2.362396824404897799e+01,6.473589297559942679e+01,-7.651112095843521033e+00
7.530000000000000249e+00,-1.686723226543869458e+01,-2.515152650833933734e+01,6.435890175261990009e+01,-8.011380527106620519e+00
7.540000000000000036e+00,-1.692665542457780603e+01,-2.667676181002278923e+01,6.397327732621504026e+01,-8.352255170944848928e+00
7.549999999999999822e+00,-1.698735816399744891e+01,-2.819947436509396965e+01,6.358016795322438242e+01,-8.673682145853659264e+00
7.559999999999999609e+00,-1.704932001039622236e+01,-2.971946158387661185e+01,6.318069712676494021e+01,-8.975682058817023190e+00
7.570000000000000284e+00,-1.711251877501645779e+01,-3.123651835759402573e+01,6.277595866469340535e+01,-9.258345838968089936e+00
7.580000000000000071e+00,-1.717693050962889600e+01,-3.275043736026518815e+01,6.236701235834473778e+01,-9.521830296357217449e+00
7.589999999999999858e+00,-1.724252946362107508e+01,-3.426100936649857687e+01,6.195488018307103317e+01,-9.766353476322944260e+00
7.599999999999999645e+00,-1.730928804231072604e+01,-3.576802358577651830e+01,6.154054306381772932e+01,-9.992189876184450981e+00
7.610000000000000320e+00,-1.737717676661882749e+01,-3.727126801383302279e+01,6.112493818171400761e+01,-1.019966558636964216e+01
7.620000000000000107e+00,-1.744616423425364360e+01,-3.877052980174991603e+01,6.070895680145193296e+01,-1.038915341286524452e+01
7.629999999999999893e+00,-1.751621708257329857e+01,-4.026559564338293029e+01,6.029344259410713391e+01,-1.056106803221309320e+01
7.639999999999999680e+00,-1.758729995331183460e+01,-4.175625218173378528e+01,5.987919042597827968e+01,-1.071586122437191868e+01
7.650000000000000355e+00,-1.765937545937234532e+01,-4.324228643486026868e+01,5.946694558095438055e+01,-1.085401722276592018e+01
7.660000000000000142e+00,-1.773240415391046554e+01,-4.472348624188720834e+01,5.905740338178783588e+01,-1.097604821489920113e+01
7.669999999999999929e+00,-1.780634450195027441e+01,-4.619964072964733504e+01,5.865120917437637615e+01,-1.108249002114846959e+01
7.679999999999999716e+00,-1.788115285479607763e+01,-4.767054080041360464e+01,5.824895863865023671e+01,-1.117389797384381112e+01
7.690000000000000391e+00,-1.795678342752412249e+01,-4.913597964113036198e+01,5.785119838981844964e+01,-1.125084301359663819e+01
7.700000000000000178e+00,-1.803318827985886941e+01,-5.059575325444806992e+01,5.745842683446399946e+01,-1.131390801508033128e+01
7.709999999999999964e+00,-1.811031730076029334e+01,-5.204966101178131055e+01,5.707109524717816385e+01,-1.136368435015667266e+01
7.719999999999999751e+00,-1.818811819706822774e+01,-5.349750622846965342e+01,5.668960903501660198e+01,-1.140076869238740720e+01
7.730000000000000426e+00,-1.826653648657103091e+01,-5.493909676099639938e+01,5.631432915893545044e+01,-1.142576006358302365e+01
7.740000000000000213e+00,-1.834551549588435648e+01,-5.637424562604637401e+01,5.594557368346428916e+01,-1.143925712011546558e+01
7.750000000000000000e+00,-1.842499636354372683e+01,-5.780277164100630216e+01,5.558361942810854117e+01,-1.144185567424296224e+01
7.759999999999999787e+00,-1.850491804873125901e+01,-5.922450008530748988e+01,5.522870369629018228e+01,-1.143414644364101029e+01
7.769999999999999574e+00,-1.858521734607062470e+01,-6.063926338177488162e+01,5.488102605997882222e+01,-1.141671302067564220e+01
7.780000000000000249e+00,-1.866582890693561225e+01,-6.204690179690872043e+01,5.454075018048314405e+01,-1.139013005166479076e+01
7.790000000000000036e+00,-1.874668526772669352e+01,-6.344726415874103509e+01,5.420800564813614386e+01,-1.135496161540969062e+01
7.799999999999999822e+00,-1.882771688557323486e+01,-6.484020859062022168e+01,5.388288982577971353e+01,-1.131175978961565320e+01
7.809999999999999609e+00,-1.890885218192114436e+01,-6.622560325896625955e+01,5.356546968301251610e+01,-1.126106339341368390e+01
7.820000000000000284e+00,-1.899001759445912185e+01,-6.760332713269566796e+01,5.325578361009880268e+01,-1.120339689401740024e+01
7.830000000000000071e+00,-1.907113763782838944e+01,-6.897327075167697785e+01,5.295384320222247254e+01,-1.113926946556147435e+01
7.839999999999999858e+00,-1.915213497354359617e+01,-7.033533700120545973e+01,5.265963500641455397e+01,-1.106917418834376043e+01
7.849999999999999645e+00,-1.923293048953069828e+01,-7.168944188911517301e+01,5.237312222497241976e+01,-1.099358737699979471e+01
7.860000000000000320e+00,-1.931344338965620722e+01,-7.303551532176683736e+01,5.209424637052978113e+01,-1.091296802655418219e+01
7.870000000000000107e+00,-1.939359129358721745e+01,-7.437350187476485530e+01,5.182292886913029406e+01,-1.082775736578578396e+01
7.879999999999999893e+00,-1.947329034727307118e+01,-7.570336155388760346e+01,5.155907260870771580e+01,-1.073837850790452109e+01
7.889999999999999680e+00,-1.955245534428745202e+01,-7.702507054133606346e+01,5.130256343129405394e+01,-1.064523618913398373e+01
7.900000000000000355e+00,-1.963099985820635496e+01,-7.833862192207277531e+01,5.105327156806329469e+01,-1.054871658642035293e+01
7.910000000000000142e+00,-1.970883638612543365e+01,-7.964402638468229156e+01,5.081105301699277987e+01,-1.044918720612558616e+01
7.919999999999999929e+00,-1.978587650334091919e+01,-8.094131289090900339e+01,5.057575086348349913e+01,-1.034699683619962762e+01
7.929999999999999716e+00,-1.986203102912897123e+01,-8.223052930776549374e+01,5.034719654474683637e+01,-1.024247555495520601e+01
7.940000000000000391e+00,-1.993721020346207951e+01,-8.351174299591704653e+01,5.012521105913690889e+01,-1.013593479017884391e+01
7.950000000000000178e+00,-2.001132387439700366e+01,-8.478504134789608315e+01,4.990960612190433210e+01,-1.002766742289895063e+01
7.959999999999999964e+00,-2.008428169575800126e+01,-8.605053226963669033e+01,4.970018526906916634e+01,-9.917947930690290903e+00
7.969999999999999751e+00,-2.015599333462343523e+01,-8.730834459881478438e+01,4.949674491127440490e+01,-9.807032565920129841e+00
7.980000000000000426e+00,-2.022636868800329069e+01,-8.855862845356890034e+01,4.929907533958934351e+01,-9.695159564833700117e+00
7.990000000000000213e+00,-2.029531810797229241e+01,-8.980155550534723830e+01,4.910696168529651828e+01,-9.582549383832812850e+00
8.000000000000000000e+00,-2.036275263440035488e+01,-9.103731916989866590e+01,4.892018483572064724e+01,-9.469404959720653991e+00
8.009999999999999787e+00,-2.042858423429821357e+01,-9.226613471079394913e+01,4.873852230815167275e+01,-9.355911991070698264e+00
8.019999999999999574e+00,-2.049272604667830322e+01,-9.348823925032941418e+01,4.856174908388295819e+01,-9.242239238224719600e+00
8.029999999999999361e+00,-2.055509263171522605e+01,-9.470389168323920615e+01,4.838963840433280694e+01,-9.128538839740970801e+00
8.039999999999999147e+00,-2.061560022288539074e+01,-9.591337248931084503e+01,4.822196253115073006e+01,-9.014946643394338821e+00
8.050000000000000711e+00,-2.067416698066780611e+01,-9.711698344176103603e+01,4.805849347213128908e+01,-8.901582550083816159e+00
8.060000000000000497e+00,-2.073071324630523904e+01,-9.831504720908930040e+01,4.789900367467126330e+01,-8.788550869225197459e+00
8.070000000000000284e+00,-2.078516179405460207e+01,-9.950790684904684724e+01,4.774326668841644050e+01,-8.675940684407047243e+00
8.080000000000000071e+00,-2.083743808030324018e+01,-1.006959251943750644e+02,4.759105779864879793e+01,-8.563826228261932627e+00
8.089999999999999858e+00,-2.088747048789328176e+01,-1.018794841310061230e+02,4.744215463187336468e+01,-8.452267265660641016e+00
8.099999999999999645e+00,-2.093519056398126210e+01,-1.030589837705186937e+02,4.729633773497032223e+01,-8.341309484473761415e+00
8.109999999999999432e+00,-2.098053324976732625e+01,-1.042348415197577793e+02,4.715339112918675823e+01,-8.230984893265233637e+00
8.119999999999999218e+00,-2.102343710045606073e+01,-1.054074910516298331e+02,4.701310284015651320e+01,-8.121312225390697748e+00
8.130000000000000782e+00,-2.106384449386209212e+01,-1.065773811821954382e+02,4.687526540504941153e+01,-8.012297349067887708e+00
8.140000000000000568e+00,-2.110170182614483991e+01,-1.077449746602264469e+02,4.673967635787064268e+01,-7.903933683073526950e+00
8.150000000000000355e+00,-2.113695969325134882e+01,-1.089107468764016744e+02,4.660613869385058194e+01,-7.796202617797561629e+00
8.160000000000000142e+00,-2.116957305675882495e+01,-1.100751845002324387e+02,4.647446131378801937e+01,-7.689073941456840089e+00
8.169999999999999929e+00,-2.119950139294120817e+01,-1.112387840536333385e+02,4.634445944913387194e+01,-7.582506271334320758e+00
8.179999999999999716e+00,-2.122670882403131287e+01,-1.124020504307729169e+02,4.621595506852559510e+01,-7.476447489969340054e+00
8.189999999999999503e+00,-2.125116423081312789e+01,-1.135654953744146098e+02,4.608877726640838546e+01,-7.370835186278515749e+00
8.199999999999999289e+00,-2.127284134585152486e+01,-1.147296359194168502e+02,4.596276263430119968e+01,-7.265597101635836275e+00
8.210000000000000853e+00,-2.129171882684749306e+01,-1.158949928143629649e+02,4.583775561518736907e+01,-7.160651580984820797e+00
8.220000000000000639e+00,-2.130778030979335824e+01,-1.170620889324410285e+02,4.571360884142953296e+01,-7.055908029094565492e+00
8.230000000000000426e+00,-2.132101444178976735e+01,-1.182314476827051948e+02,4.559018345652452098e+01,-6.951267372103114184e+00
8.240000000000000213e+00,-2.133141489357137033e+01,-1.194035914326919965e+02,4.546734942092854936e+01,-6.846622524518863884e+00
8.250000000000000000e+00,-2.133898035196979848e+01,-1.205790399530869195e+02,4.534498580209341867e+01,-6.741858861866806052e+00
8.259999999999999787e+00,-2.134371449271440468e+01,-1.217583088947035748e+02,4.522298104876331593e+01,-6.636854699176899075e+00
8.269999999999999574e+00,-2.134562593413504317e+01,-1.229419083074885890e+02,4.510123324948911261e+01,-6.531481775510220800e+00
8.279999999999999361e+00,-2.134472817247888798e+01,-1.241303412106143043e+02,4.497965037522087783e+01,-6.425605744707508116e+00
8.289999999999999147e+00,-2.134103949969020064e+01,-1.253241022219541776e+02,4.485815050574746010e+01,-6.319086672521175174e+00
8.300000000000000711e+00,-2.133458290461857843e+01,-1.265236762544239468e+02,4.473666203965589716e+01,-6.211779540255820464e+00
8.310000000000000497e+00,-2.132538595872336629e+01,-1.277295372857588660e+02,4.461512388739654256e+01,-6.103534754994587530e+00
8.320000000000000284e+00,-2.131348068742383006e+01,-1.289421472073872508e+02,4.449348564695142727e+01,-5.994198666425607058e+00
8.330000000000000071e+00,-2.129890342831070882e+01,-1.301619547570906263e+02,4.437170776152755280e+01,-5.883614090207807124e+00
8.339999999999999858e+00,-2.128169467747935073e+01,-1.313893945391866680e+02,4.424976165862511124e+01,-5.771620837727622799e+00
8.349999999999999645e+00,-2.126189892527542469e+01,-1.326248861350190396e+02,4.412762986977317325e+01,-5.658056251996657515e+00
8.359999999999999432e+00,-2.123956448275453823e+01,-1.338688333056119859e+02,4.400530613017858172e+01,-5.542755749329549175e+00
8.369999999999999218e+00,-2.121474330015587739e+01,-1.351216232874582772e+02,4.388279545750447141e+01,-5.425553366318731641e+00
8.380000000000000782e+00,-2.118749077866995734e+01,-1.363836261815727369e+02,4.376011420897921056e+01,-5.306282311494464388e+00
8.390000000000000568e+00,-2.115786557675281543e+01,-1.376551944351620307e+02,4.363729011604293362e+01,-5.184775520921745873e+00
8.400000000000000355e+00,-2.112592941219622844e+01,-1.389366624145450828e+02,4.351436229576241743e+01,-5.060866216848226351e+00
8.410000000000000142e+00,-2.109174686111359875e+01,-1.402283460673146465e+02,4.339138123829081906e+01,-4.934388468377529868e+00
8.419999999999999929e+00,-2.105538515494304264e+01,-1.415305426711634880e+02,4.326840876971539274e+01,-4.805177753005090757e+00
8.429999999999999716e+00,-2.101691397650486692e+01,-1.428435306662928497e+02,4.314551798972541974e+01,-4.673071517723688117e+00
8.439999999999999503e+00,-2.097640525608232309e+01,-1.441675695679151943e+02,4.302279318364144700e+01,-4.537909738281474148e+00
8.449999999999999289e+00,-2.093393296842230455e+01,-1.455028999549981847e+02,4.290032970847795468e+01,-4.399535475067173351e+00
8.460000000000000853e+00,-2.088957293147987571e+01,-1.468497435311354025e+02,4.277823385286007607e+01,-4.257795424000045514e+00
8.470000000000000639e+00,-2.084340260765683794e+01,-1.482083032532078732e+02,4.265662267078259617e+01,-4.112540460726561875e+00
8.480000000000000426e+00,-2.079550090821010144e+01,-1.495787635233548656e+02,4.253562378937949973e+01,-3.963626176370043552e+00
8.490000000000000213e+00,-2.074594800143538009e+01,-1.509612904396871045e+02,4.241537519106739040e+01,-3.810913403046029657e+00
8.500000000000000000e+00,-2.069482512516036010e+01,-1.523560321011217127e+02,4.229602497062793987e+01,-3.654268727351861479e+00
8.509999999999999787e+00,-2.064221440401512453e+01,-1.537631189617405880e+02,4.217773106800267158e+01,-3.493564990057394848e+00
8.519999999999999574e+00,-2.058819867188337582e+01,-1.551826642301062122e+02,4.206066097778369084e+01,-3.328681770274863450e+00
8.529999999999999361e+00,-2.053286129987725772e+01,-1.566147643090610870e+02,4.194499143659115958e+01,-3.159505852462824560e+00
8.539999999999999147e+00,-2.047628603012166337e+01,-1.580594992716389697e+02,4.183090808973006602e+01,-2.985931674727459129e+00
8.550000000000000711e+00,-2.041855681558051572e+01,-1.595169333688595259e+02,4.171860513870953469e+01,-2.807861757019542548e+00
8.560000000000000497e+00,-2.035975766610785698e+01,-1.609871155653298445e+02,4.160828497138469118e+01,-2.625207107988752675e+00
8.570000000000000284e+00,-2.029997250086157834e+01,-1.624700800987480989e+02,4.150015777664039973e+01,-2.437887609445813730e+00
8.580000000000000071e+00,-2.023928500717415346e+01,-1.639658470595894642e+02,4.139444114567185551e+01,-2.245832377595130769e+00
8.589999999999999858e+00,-2.017777850593773081e+01,-1.654744229874465589e+02,4.129135966203072172e+01,-2.048980100433114959e+00
8.599999999999999645e+00,-2.011553582352458491e+01,-1.669958014806967412e+02,4.119114448268855710e+01,-1.847279350957676147e+00
8.609999999999999432e+00,-2.005263917023262010e+01,-1.685299638163630220e+02,4.109403291242470857e+01,-1.640688876099566595e+00
8.619999999999999218e+00,-1.998917002521656627e+01,-1.700768795772453359e+02,4.100026797386786370e+01,-1.429177861559743912e+00
8.630000000000000782e+00,-1.992520902783947179e+01,-1.716365072835947956e+02,4.091009797550999849e+01,-1.212726173018631837e+00
8.640000000000000568e+00,-1.986083587535587469e+01,-1.732087950267985548e+02,4.082377607996686919e+01,-9.913245744667279480e-01
8.650000000000000355e+00,-1.979612922681661047e+01,-1.747936811027439319e+02,4.074155987467979401e+01,-7.649749246864530061e-01
8.660000000000000142e+00,-1.973116661306783470e+01,-1.763910946427074862e+02,4.066371094714167356e+01,-5.336903531921679544e-01
8.669999999999999929e+00,-1.966602435269879479e+01,-1.780009562398079765e+02,4.059049446658262639e+01,-2.974954171995966568e-01
8.679999999999999716e+00,-1.960077747378008439e+01,-1.796231785692251037e+02,4.052217877387402467e+01,-5.642624145014581843e-02
8.689999999999999503e+00,-1.953549964122018778e+01,1.787423329994383607e+02,4.045903498120020458e+01,1.894693570503336866e-01
8.699999999999999289e+00,-1.947026308955762630e+01,1.770956797991179030e+02,4.040133658281047246e+01,4.401317571023994901e-01
8.710000000000000853e+00,-1.940513856099722290e+01,1.754369692728913890e+02,4.034935907790190157e+01,6.954894317243323076e-01
8.720000000000000639e+00,-1.934019524848979898e+01,1.737663143933959304e+02,4.030337960639536021e+01,9.554588542681873298e-01
8.730000000000000426e+00,-1.927550074364895494e+01,1.720838330951015394e+02,4.026367659806041388e+01,1.219944409463296298e+00
8.740000000000000213e+00,-1.921112098929284784e+01,1.703896477203525990e+02,4.023052943511842017e+01,1.488838306499669528e+00
8.750000000000000000e+00,-1.914712023639424032e+01,1.686838844799818560e+02,4.020421812811066786e+01,1.762020491181137460e+00
8.759999999999999787e+00,-1.908356100521890397e+01,1.669666729291820673e+02,4.018502300446355946e+01,2.039358554130012546e+00
8.769999999999999574e+00,-1.902050405043053161e+01,1.652381454592276668e+02,4.017322440881761736e+01,2.320707632006207444e+00
8.779999999999999361e+00,-1.895800832993780816e+01,1.634984368055487494e+02,4.016910241381195590e+01,2.605910298718554952e+00
8.789999999999999147e+00,-1.889613097725922586e+01,1.617476835725667001e+02,4.017293653963681521e+01,2.894796443655220486e+00
8.800000000000000711e+00,-1.883492727718107673e+01,1.599860237756373067e+02,4.018500548028207220e+01,3.187183134039235810e+00
8.810000000000000497e+00,-1.877445064448410506e+01,1.582135964003666402e+02,4.020558683402308731e+01,3.482874458631654235e+00
8.820000000000000284e+00,-1.871475260551639863e+01,1.564305409795117612e+02,4.023495683529849742e+01,3.781661350151159784e+00
8.830000000000000071e+00,-1.865588278239061992e+01,1.546369971876213754e+02,4.027339008474692861e+01,4.083321383961866502e+00
8.839999999999999858e+00,-1.859788887958696080e+01,1.528331044535183025e+02,4.032115927378595188e+01,4.387618550797618866e+00
8.849999999999999645e+00,-1.854081667274535761e+01,1.510190015906973997e+02,4.037853489973355181e+01,4.694303001540656162e+00
8.859999999999999432e+00,-1.848470999943345205e+01,1.491948264456578102e+02,4.044578496709513615e+01,5.003110762362845243e+00
8.869999999999999218e+00,-1.842961075168067708e+01,1.473607155641772692e+02,4.052317467026536235e+01,5.313763418859194232e+00
8.880000000000000782e+00,-1.837555887007217592e+01,1.455168038755004716e+02,4.061096605252706837e+01,5.625967768169228833e+00
8.890000000000000568e+00,-1.832259233920097685e+01,1.436632243943946605e+02,4.070941763587024553e+01,5.939415438485889709e+00
8.900000000000000355e+00,-1.827074718428118771e+01,1.418001079410200873e+02,4.081878401580222970e+01,6.253782475798892015e+00
8.910000000000000142e+00,-1.822005746872913434e+01,1.399275828785389137e+02,4.093931541498034221e+01,6.568728898216939172e+00
8.919999999999999929e+00,-1.817055529252612089e+01,1.380457748683968191e+02,4.107125718917154700e+01,6.883898218754748832e+00
8.929999999999999716e+00,-1.812227079117985795e+01,1.361548066431951156e+02,4.121484927873220272e+01,7.198916938073040228e+00
8.939999999999999503e+00,-1.807523213510970805e+01,1.342547977970889406e+02,4.137032559851149216e+01,7.513394009313220323e+00
8.949999999999999289e+00,-1.802946552928493773e+01,1.323458645936371170e+02,4.153791335881610536e+01,7.826920277891262323e+00
8.960000000000000853e+00,-1.798499521295334347e+01,1.304281197910564742e+02,4.171783230983979252e+01,8.139067899899007585e+00
8.970000000000000639e+00,-1.794184345930358759e+01,1.285016724848337333e+02,4.191029390176574054e+01,8.449389743622438331e+00
8.980000000000000426e+00,-1.790003057491201588e+01,1.265666279676697030e+02,4.211550035260072633e+01,8.757418779622019755e+00
8.990000000000000213e+00,-1.785957489883314508e+01,1.246230876067519944e+02,4.233364361570933454e+01,9.062667465837394687e+00
9.000000000000000000e+00,-1.782049280120025969e+01,1.226711487383696948e+02,4.256490423899447251e+01,9.364627135283560833e+00
9.009999999999999787e+00,-1.778279868121227025e+01,1.207109045799150806e+02,4.280945010773277204e+01,9.662767395097009882e+00
9.019999999999999574e+00,-1.774650496439140213e+01,1.187424441593373814e+02,4.306743506323579851e+01,9.956535546975867845e+00
9.029999999999999361e+00,-1.771162209900735007e+01,1.167658522621521797e+02,4.333899738978832517e+01,1.024535604043221326e+01
9.039999999999999147e+00,-1.767815855157304838e+01,1.147812093961332636e+02,4.362425816273436396e+01,1.052862997174339910e+01
9.050000000000000711e+00,-1.764612080132926053e+01,1.127885917738556856e+02,4.392331945116283265e+01,1.080573464304170805e+01
9.060000000000000497e+00,-1.761551333364720406e+01,1.107880713132884125e+02,4.423626236941367296e+01,1.107602319761626042e+01
9.070000000000000284e+00,-1.758633863229101024e+01,1.087797156566757906e+02,4.456314497260705565e+01,1.133882434920495008e+01
9.080000000000000071e+00,-1.755859717049654023e+01,1.067635882079851370e+02,4.490399999262517383e+01,1.159344222481146858e+01
9.089999999999999858e+00,-1.753228740083692827e+01,1.047397481892325430e+02,4.525883241247601063e+01,1.183915634237652625e+01
9.099999999999999645e+00,-1.750740574386202653e+01,1.027082507160460523e+02,4.562761687877319616e+01,1.207522174643114354e+01
9.109999999999999432e+00,-1.748394657551535758e+01,1.006691468928592172e+02,4.601029495420888082e+01,1.230086932663590815e+01
9.119999999999999218e+00,-1.746190221335056947e+01,9.862248392816411524e+01,4.640677221440736844e+01,1.251530634581881429e+01
9.130000000000000782e+00,-1.744126290158917314e+01,9.656830527030425060e+01,4.681691519645127642e+01,1.271771720571477182e+01
9.140000000000000568e+00,-1.742201679508105272e+01,9.450665076430149725e+01,4.724054820970393820e+01,1.290726448003056959e+01
9.150000000000000355e+00,-1.740414994225248790e+01,9.243755683026863323e+01,4.767745002331766813e+01,1.308309024562909606e+01
9.160000000000000142e+00,-1.738764626714917583e+01,9.036105666396703384e+01,4.812735044904527371e+01,1.324431774348038893e+01
9.169999999999999929e+00,-1.737248755070638850e+01,8.827718046010839714e+01,4.858992684265040651e+01,1.339005340146554701e+01
9.179999999999999716e+00,-1.735865341140546292e+01,8.618595565901308930e+01,4.906480055234128201e+01,1.351938925104857958e+01
9.189999999999999503e+00,-1.734612128550267940e+01,8.408740721724478817e+01,4.955153334820256106e+01,1.363140576914367053e+01
9.199999999999999289e+00,-1.733486640704636272e+01,8.198155790285741773e+01,5.004962387252405165e+01,1.372517517508265605e+01
9.210000000000000853e+00,-1.732486178792814613e+01,7.986842861586671916e+01,5.055850415716615487e+01,1.379976521031497860e+01
9.220000000000000639e+00,-1.731607819824648686e+01,7.774803873456099268e+01,5.107753626055435348e+01,1.385424342522321695e+01
9.230000000000000426e+00,-1.730848414729315365e+01,7.562040648821226796e+01,5.160600908345674043e+01,1.388768199309754614e+01
9.240000000000000213e+00,-1.730204586550816970e+01,7.348554935672297006e+01,5.214313542919937561e+01,1.389916306576513527e+01
9.250000000000000000e+00,-1.729672728778308155e+01,7.134348449766731903e+01,5.268804938024779005e+01,1.388778467852429799e+01
9.259999999999999787e+00,-1.729249003852851985e+01,6.919422920110442021e+01,5.323980406890244410e+01,1.385266720380618644e+01
9.269999999999999574e+00,-1.728929341895820571e+01,6.703780137244336856e+01,5.379736992497156223e+01,1.379296034333690990e+01
9.279999999999999361e+00,-1.728709439707759543e+01,6.487422004350374038e+01,5.435963348742281198e+01,1.370785063749081800e+01
9.289999999999999147e+00,-1.728584760090104666e+01,6.270350591177085420e+01,5.492539686985944769e+01,1.359656945805355654e+01
9.300000000000000711e+00,-1.728550531545745628e+01,6.052568190765273215e+01,5.549337797090127822e+01,1.345840143684773516e+01
9.310000000000000497e+00,-1.728601748417642270e+01,5.834077378934900793e+01,5.606221151982887108e+01,1.329269326778815064e+01
9.320000000000000284e+00,-1.728733171528118717e+01,5.614881076469104215e+01,5.663045104485060222e+01,1.309886280415854642e+01
9.330000000000000071e+00,-1.728939329384117940e+01,5.394982613903621882e+01,5.719657184575650888e+01,1.287640835657307470e+01
9.339999999999999858e+00,-1.729214520016553891e+01,5.174385798800550873e+01,5.775897504424921181e+01,1.262491808059799681e+01
9.349999999999999645e+00,-1.729552813523857324e+01,4.953094985348974433e+01,5.831599277368827217e+01,1.234407932686101717e+01
9.359999999999999432e+00,-1.729948055391581008e+01,4.731115146099559610e+01,5.886589455518699054e+01,1.203368781122941122e+01
9.369999999999999218e+00,-1.730393870660966371e+01,4.508451945597474975e+01,5.940689488894592074e+01,1.169365644892564227e+01
9.380000000000000782e+00,-1.730883669019613436e+01,4.285111815634348886e+01,5.993716206846525552e+01,1.132402368495592704e+01
9.390000000000000568e+00,-1.731410650887038472e+01,4.061102031793074474e+01,6.045482820108040301e+01,1.092496114465171608e+01
9.400000000000000355e+00,-1.731967814566346320e+01,3.836430790908512733e+01,6.095800039150420702e+01,1.049678042317258608e+01
9.410000000000000142e+00,-1.732547964530836992e+01,3.611107289015919264e+01,6.144477301627141941e+01,1.003993883214553584e+01
9.419999999999999929e+00,-1.733143720910749153e+01,3.385141799304332721e+01,6.191324098689281641e+01,9.555043925799076021e+00
9.429999999999999716e+00,-1.733747530240394497e+01,3.158545749538380321e+01,6.236151386899727100e+01,9.042856638450414763e+00
9.439999999999999503e+00,-1.734351677519762447e+01,2.931331798356717400e+01,6.278773069477770008e+01,8.504292880305561297e+00
9.449999999999999289e+00,-1.734948299636963043e+01,2.703513909801521109e+01,6.319007527776299327e+01,7.940423459331848122e+00
9.460000000000000853e+00,-1.735529400188747573e+01,2.475107425382699233e+01,6.356679181347125507e+01,7.352472223316571132e+00
9.470000000000000639e+00,-1.736086865725546247e+01,2.246129132930803252e+01,6.391620052803752827e+01,6.741812347732471622e+00
9.480000000000000426e+00,-1.736612483435359167e+01,2.016597331450643438e+01,6.423671312054743510e+01,6.109960731037051396e+00
9.490000000000000213e+00,-1.737097960266854457e+01,1.786531891148746354e+01,6.452684773456216760e+01,5.458570498613075195e+00
9.500000000000000000e+00,-1.737534943476862281e+01,1.555954307779526324e+01,6.478524319098208650e+01,4.789421658567472484e+00
9.509999999999999787e+00,-1.737915042570732993e+01,1.324887750433974709e+01,6.501067221855235800e+01,4.104409995691645108e+00
9.519999999999999574e+00,-1.738229852586110624e+01,1.093357101885615634e+01,6.520205343023805256e+01,3.405534332569182254e+00
9.529999999999999361e+00,-1.738470978651614729e+01,8.613889906122020435e+00,6.535846181334858329e+01,2.694882327541875178e+00
9.539999999999999147e+00,-1.738630061732188281e+01,6.290118136278966432e+00,6.547913752828472411e+01,1.974615016458460826e+00
9.550000000000000711e+00,-1.738698805452359863e+01,3.962557492942799353e+00,6.556349284439511393e+01,1.246950337388591512e+00
9.560000000000000497e+00,-1.738669003868152174e+01,1.631527593260910569e+00,6.561111708062124137e+01,5.141459034848308018e-01
9.570000000000000284e+00,-1.738532570037829927e+01,-7.026342072531744920e-01,6.562177946207616230e+01,-2.215186921086857441e-01
9.580000000000000071e+00,-1.738281565221789648e+01,-3.039573031454569474e+00,6.559542984992658887e+01,-9.577597447266565922e-01
9.589999999999999858e+00,-1.737908228522977083e+01,-5.378916824204694080e+00,6.553219734928576656e+01,-1.692307183205371324e+00
9.599999999999999645e+00,-1.737405006761746407e+01,-7.720276827056756552e+00,6.543238684658929571e+01,-2.422921900832585518e+00
9.609999999999999432e+00,-1.736764584363524477e+01,-1.006324818680577415e+01,6.529647357247011996e+01,-3.147412395925747841e+00
9.619999999999999218e+00,-1.735979913024498700e+01,-1.240741069920782103e+01,6.512509582695595611e+01,-3.863650467492884655e+00
9.630000000000000782e+00,-1.735044240910192670e+01,-1.475232968757207175e+01,6.491904603956481878e+01,-4.569585739655432022e+00
9.640000000000000568e+00,-1.733951141134700080e+01,-1.709755701418625051e+01,6.467926036651965660e+01,-5.263258821968165080e+00
9.650000000000000355e+00,-1.732694539264824130e+01,-1.944263222074530262e+01,6.440680705008783491e+01,-5.942812950094627844e+00
9.660000000000000142e+00,-1.731268739593705774e+01,-2.178708379211166957e+01,6.410287378055211605e+01,-6.606503991003803478e+00
9.669999999999999929e+00,-1.729668449932957941e+01,-2.413043053587815123e+01,6.376875430943678680e+01,-7.252708737461367683e+00
9.679999999999999716e+00,-1.727888804680890544e+01,-2.647218306841241287e+01,6.340583456355337688e+01,-7.879931456690431268e+00
9.689999999999999503e+00,-1.725925385937252443e+01,-2.881184539630548613e+01,6.301557850368405411e+01,-8.486808696357266868e+00
9.699999999999999289e+00,-1.723774242451762717e+01,-3.114891658055503498e+01,6.259951395999248547e+01,-9.072112386410006835e+00
9.710000000000000853e+00,-1.721431906214425211e+01,-3.348289246933522634e+01,6.215921865943789015e+01,-9.634751306836710327e+00
9.720000000000000639e+00,-1.718895406520024238e+01,-3.581326748395663628e+01,6.169630663955577887e+01,-1.017377101847012000e+01
9.730000000000000426e+00,-1.716162281366482389e+01,-3.813953644159128942e+01,6.121241521902488358e+01,-1.068835237611772193e+01
9.740000000000000213e+00,-1.713230586076959128e+01,-4.046119639754785169e+01,6.070919266951806748e+01,-1.117780876034046322e+01
9.750000000000000000e+00,-1.710098899067462241e+01,-4.277774848941326979e+01,6.018828670644136025e+01,-1.164158217618425972e+01
9.759999999999999787e+00,-1.706766324715272987e+01,-4.508869976516016465e+01,5.965133388923521807e+01,-1.207923837426819169e+01
9.769999999999999574e+00,-1.703232493317475615e+01,-4.739356497744722674e+01,5.909994999574418983e+01,-1.249046115223458386e+01
9.779999999999999361e+00,-1.699497558162903132e+01,-4.969186832673175047e+01,5.853572141044718791e+01,-1.287504599312558895e+01
9.789999999999999147e+00,-1.695562189774107509e+01,-5.198314513653449609e+01,5.796019754359877396e+01,-1.323289319233442463e+01
9.800000000000000711e+00,-1.691427567407758303e+01,-5.426694344517592583e+01,5.737488427796586876e+01,-1.356400061697530468e+01
9.810000000000000497e+00,-1.687095367931596002e+01,-5.654282549953536119e+01,5.678123842210278127e+01,-1.386845623143723927e+01
9.820000000000000284e+00,-1.682567752223307878e+01,-5.881036913785871434e+01,5.618066313411004131e+01,-1.414643051112616412e+01
9.830000000000000071e+00,-1.677847349260628462e+01,-6.106916905027961917e+01,5.557450426760010487e+01,-1.439816885351866738e+01
9.839999999999999858e+00,-1.672937238092624312e+01,-6.331883790753405350e+01,5.496404758205215302e+01,-1.462398408215495671e+01
9.849999999999999645e+00,-1.667840927898883407e+01,-6.555900735024573578e+01,5.435051675274596761e+01,-1.482424912553641505e+01
9.859999999999999432e+00,-1.662562336356303305e+01,-6.778932883314256230e+01,5.373507211080121948e+01,-1.499938993944170917e+01
9.869999999999999218e+00,-1.657105766542067116e+01,-7.000947432056396735e+01,5.311881004127913997e+01,-1.514987872824565862e+01
9.880000000000000782e+00,-1.651475882606434453e+01,-7.221913683158427943e+01,5.250276296656500108e+01,-1.527622750865464951e+01
9.890000000000000568e+00,-1.645677684450225087e+01,-7.441803083501488913e+01,5.188789984305641667e+01,-1.537898204804171520e+01
9.900000000000000355e+00,-1.639716481639486645e+01,-7.660589249635756914e+01,5.127512710128056739e+01,-1.545871619938933073e+01
9.910000000000000142e+00,-1.633597866784314334e+01,-7.878247978049955691e+01,5.066528996267507523e+01,-1.551602664579652568e+01
9.919999999999999929e+00,-1.627327688600229294e+01,-8.094757241548079207e+01,5.005917407016669785e+01,-1.555152805960345219e+01
9.929999999999999716e+00,-1.620912024859501699e+01,-8.310097172405542665e+01,4.945750737413601428e+01,-1.556584867441907072e+01
9.939999999999999503e+00,-1.614357155426666779e+01,-8.524250033096940626e+01,4.886096222017774693e+01,-1.555962626266348359e+01
9.949999999999999289e+00,-1.607669535557662854e+01,-8.737200175487238596e+01,4.827015759008708784e+01,-1.553350450659690729e+01
9.960000000000000853e+00,-1.600855769625993474e+01,-8.948933989460093130e+01,4.768566145257267408e+01,-1.548812974712089385e+01
9.970000000000000639e+00,-1.593922585422337157e+01,-9.159439842016813316e+01,4.710799318520950862e+01,-1.542414809182205460e+01
9.980000000000000426e+00,-1.586876809156797030e+01,-9.368708007922590753e+01,4.653762603399561470e+01,-1.534220286168421588e+01
9.990000000000000213e+00,-1.579725341275482187e+01,-9.576730592998846703e+01,4.597498958150402615e+01,-1.524293235453582973e+01
1.000000000000000000e+01,-1.572475133185926133e+01,-9.783501451167984442e+01,4.542047219896176102e+01,-1.512696790252628887e+01
1.000999999999999979e+01,-1.565133164969175361e+01,-9.989016096347188522e+01,4.487442346161333262e+01,-1.499493220065099841e+01
1.001999999999999957e+01,-1.557706424140436496e+01,-1.019327161026447897e+02,4.433715651041143246e+01,-1.484743788348787241e+01
1.002999999999999936e+01,-1.550201885505130406e+01,-1.039626654723532937e+02,4.380895034641027763e+01,-1.468508632778811496e+01
1.003999999999999915e+01,-1.542626492143258687e+01,-1.059800083689123937e+02,4.329005204722338362e+01,-1.450846665931412538e+01
1.005000000000000071e+01,-1.534987137542208124e+01,-1.079847568579816794e+02,4.278067889754591846e+01,-1.431815494327172900e+01
1.006000000000000050e+01,-1.527290648886603464e+01,-1.099769347883977133e+02,4.228102042805681293e+01,-1.411471353879172419e+01
1.007000000000000028e+01,-1.519543771503516005e+01,-1.119565768117473681e+02,4.179124035901310208e+01,-1.389869059912527050e+01
1.008000000000000007e+01,-1.511753154452361692e+01,-1.139237274150680577e+02,4.131147844655936296e+01,-1.367061970049085318e+01
1.008999999999999986e+01,-1.503925337241061300e+01,-1.158784399733281276e+02,4.084185223121838249e+01,-1.343101958381436667e+01
1.009999999999999964e+01,-1.496066737643468159e+01,-1.178207758276205368e+02,4.038245868922400916e+01,-1.318039399490511521e+01
1.010999999999999943e+01,-1.488183640587685197e+01,-1.197508033942561951e+02,3.993337578833948243e+01,-1.291923160989436603e+01
1.011999999999999922e+01,-1.480282188080448691e+01,-1.216685973092421165e+02,3.949466395058282586e+01,-1.264800603400317947e+01
1.013000000000000078e+01,-1.472368370129489357e+01,-1.235742376119196990e+02,3.906636742489536118e+01,-1.236717586289609550e+01
1.014000000000000057e+01,-1.464448016623199500e+01,-1.254678089708824444e+02,3.864851557324573150e+01,-1.207718479700152514e+01
1.015000000000000036e+01,-1.456526790125215243e+01,-1.273493999546574855e+02,3.824112407399168490e+01,-1.177846180023533229e+01
1.016000000000000014e+01,-1.448610179540636089e+01,-1.292191023490354098e+02,3.784419604654277691e+01,-1.147142129554472589e+01
1.016999999999999993e+01,-1.440703494610086821e+01,-1.310770105223946302e+02,3.745772310148831963e+01,-1.115646339059257031e+01
1.017999999999999972e+01,-1.432811861188053726e+01,-1.329232208398424291e+02,3.708168632040607093e+01,-1.083397412773198809e+01
1.018999999999999950e+01,-1.424940217262482811e+01,-1.347578311265462503e+02,3.671605716954795895e+01,-1.050432575317051409e+01
1.019999999999999929e+01,-1.417093309673566459e+01,-1.365809401801970751e+02,3.636079835153444151e+01,-1.016787700090522151e+01
1.021000000000000085e+01,-1.409275691490961790e+01,-1.383926473321780577e+02,3.601586459908160265e+01,-9.824973387617978560e+00
1.022000000000000064e+01,-1.401491720010064945e+01,-1.401930520566808696e+02,3.568120341464685907e+01,-9.475947515264325105e+00
1.023000000000000043e+01,-1.393745555329757835e+01,-1.419822536267099622e+02,3.535675575972322804e+01,-9.121119378573766312e+00
1.024000000000000021e+01,-1.386041159475739626e+01,-1.437603508156783221e+02,3.504245669733476376e+01,-8.760796675101893527e+00
1.025000000000000000e+01,-1.378382296035482923e+01,-1.455274416430633266e+02,3.473823599110625082e+01,-8.395275115853136683e+00
1.025999999999999979e+01,-1.370772530272759759e+01,-1.472836231624272898e+02,3.444401866409058499e+01,-8.024838734815132213e+00
1.026999999999999957e+01,-1.363215229691640396e+01,-1.490289912899409330e+02,3.415972552035259469e+01,-7.649760196033599691e+00
1.027999999999999936e+01,-1.355713565021750355e+01,-1.507636406714354393e+02,3.388527363212209309e+01,-7.270301097100827725e+00
1.028999999999999915e+01,-1.348270511598463628e+01,-1.524876645859114319e+02,3.362057679515061182e+01,-6.886712268143045712e+00
1.030000000000000071e+01,-1.340888851113548341e+01,-1.542011548833528423e+02,3.336554595473592855e+01,-6.499234065577033981e+00
1.031000000000000050e+01,-1.333571173713495384e+01,-1.559042019546541837e+02,3.312008960471359131e+01,-6.108096660059656458e+00
1.032000000000000028e+01,-1.326319880424408559e+01,-1.575968947314216280e+02,3.288411416156223055e+01,-5.713520318192545133e+00
1.033000000000000007e+01,-1.319137185883940688e+01,-1.592793207134043882e+02,3.265752431562501101e+01,-5.315715677655532545e+00
1.033999999999999986e+01,-1.312025121362119862e+01,-1.609515660212981629e+02,3.244022336131503437e+01,-4.914884015544524587e+00
1.034999999999999964e+01,-1.304985538054341276e+01,-1.626137154726768017e+02,3.223211350804879061e+01,-4.511217509772874834e+00
1.035999999999999943e+01,-1.298020110630954527e+01,-1.642658526788267181e+02,3.203309617353627203e+01,-4.104899493469046590e+00
1.036999999999999922e+01,-1.291130341028990713e+01,-1.659080601602799163e+02,3.184307226095019061e+01,-3.696104702369173989e+00
1.038000000000000078e+01,-1.284317562472567076e+01,-1.675404194788858945e+02,3.166194242139894754e+01,-3.284999515256794567e+00
1.039000000000000057e+01,-1.277582943709376906e+01,-1.691630113842891205e+02,3.148960730303845068e+01,-2.871742187555723635e+00
1.040000000000000036e+01,-1.270927493451341661e+01,-1.707759159727397105e+02,3.132596778807258886e+01,-2.456483078223298921e+00
1.041000000000000014e+01,-1.264352065008241510e+01,-1.723792128561982793e+02,3.117092521881723144e+01,-2.039364870136163077e+00
1.041999999999999993e+01,-1.257857361103538629e+01,-1.739729813397587463e+02,3.102438161392856486e+01,-1.620522784196281929e+00
1.042999999999999972e+01,-1.251443938862038152e+01,-1.755573006054653717e+02,3.088623987582952068e+01,-1.200084787420887311e+00
1.043999999999999950e+01,-1.245112214959338992e+01,-1.771322499006505780e+02,3.075640399030468330e+01,-7.781717953156017664e-01
1.044999999999999929e+01,-1.238862470923155357e+01,-1.786979087289903418e+02,3.063477921917246150e+01,-3.548978688586091335e-01
1.046000000000000085e+01,-1.232694858576678598e+01,1.797456429574772301e+02,3.052127228688499017e+01,6.962959354208203555e-02
1.047000000000000064e+01,-1.226609405614135540e+01,1.781983245670564884e+02,3.041579156184977961e+01,4.953096687288869870e-01
1.048000000000000043e+01,-1.220606021298557309e+01,1.766600546794435047e+02,3.031824723321116721e+01,9.220477256950688760e-01
1.049000000000000021e+01,-1.214684502271596500e+01,1.751307508606856800e+02,3.022855148377540502e+01,1.349755246258702135e+00
1.050000000000000000e+01,-1.208844538464903096e+01,1.736103294835384929e+02,3.014661865970794352e+01,1.778349649041312430e+00
1.050999999999999979e+01,-1.203085719102272577e+01,1.720987055546506497e+02,3.007236543757820257e+01,2.207754116254829313e+00
1.051999999999999957e+01,-1.197407538781303948e+01,1.705957925499272392e+02,3.000571098927144931e+01,2.637897422781486423e+00
1.052999999999999936e+01,-1.191809403622869290e+01,1.691015022593563799e+02,2.994657714523316372e+01,3.068713767008588000e+00
1.053999999999999915e+01,-1.186290637476153442e+01,1.676157446425071669e+02,2.989488855645513610e+01,3.500142602862799102e+00
1.055000000000000071e+01,-1.180850488166472445e+01,1.661384276958231965e+02,2.985057285555693696e+01,3.932128472474831771e+00
1.056000000000000050e+01,-1.175488133772507560e+01,1.646694573327658304e+02,2.981356081725957452e+01,4.364620838889473831e+00
1.057000000000000028e+01,-1.170202688918948652e+01,1.632087372777663745e+02,2.978378651849073933e+01,4.797573918229883105e+00
1.058000000000000007e+01,-1.164993211070021140e+01,1.617561689748658864e+02,2.976118749830469667e+01,5.230946510715929421e+00
1.058999999999999986e+01,-1.159858706808685014e+01,1.603116515118250902e+02,2.974570491774147740e+01,5.664701829935863131e+00
1.059999999999999964e+01,-1.154798138085775960e+01,1.588750815603950173e+02,2.973728371969329842e+01,6.098807329770104424e+00
1.060999999999999943e+01,-1.149810428422851771e+01,1.574463533333407668e+02,2.973587278879004359e+01,6.533234528370660321e+00
1.061999999999999922e+01,-1.144894469051888741e+01,1.560253585587022371e+02,2.974142511125820221e+01,6.967958828610549382e+00
1.063000000000000078e+01,-1.140049124974717287e+01,1.546119864716811492e+02,2.975389793465533472e+01,7.402959334426374660e+00
1.064000000000000057e+01,-1.135273240924557570e+01,1.532061238244213826e+02,2.977325292732688311e+01,7.838218662498255718e+00
1.065000000000000036e+01,-1.130565647211860103e+01,1.518076549138516214e+02,2.979945633738277166e+01,8.273722748727248444e+00
1.066000000000000014e+01,-1.125925165436362008e+01,1.504164616276315201e+02,2.983247915094136715e+01,8.709460648998835097e+00
1.066999999999999993e+01,-1.121350614047304894e+01,1.490324235081384359e+02,2.987229724934365294e+01,9.145424333744735179e+00
1.067999999999999972e+01,-1.116840813733676896e+01,1.476554178343063199e+02,2.991889156499642155e+01,9.581608475848831574e+00
1.068999999999999950e+01,-1.112394592626590040e+01,1.462853197210119163e+02,2.997224823546547512e+01,1.001801023147601732e+01
1.069999999999999929e+01,-1.108010791296116615e+01,1.449220022355899857e+02,3.003235875540263677e+01,1.045462901343785767e+01
1.071000000000000085e+01,-1.103688267525397748e+01,1.435653365309323988e+02,3.009922012586119777e+01,1.089146625675009439e+01
1.072000000000000064e+01,-1.099425900845328918e+01,1.422151919945238774e+02,3.017283500052457512e+01,1.132852517607357612e+01
1.073000000000000043e+01,-1.095222596813886895e+01,1.408714364126407190e+02,3.025321182835297762e+01,1.176581051477501028e+01
1.074000000000000021e+01,-1.091077291024963358e+01,1.395339361488406951e+02,3.034036499213247495e+01,1.220332828538337822e+01
1.075000000000000000e+01,-1.086988952832594002e+01,1.382025563357640294e+02,3.043431494239855439e+01,1.264108550126032604e+01
1.075999999999999979e+01,-1.082956588777564022e+01,1.368771610791633293e+02,3.053508832619697344e+01,1.307908989934613864e+01
1.076999999999999957e+01,-1.078979245704649870e+01,1.355576136729987127e+02,3.064271811013899338e+01,1.351734965387993981e+01
1.077999999999999936e+01,-1.075056013560111090e+01,1.342437768243369760e+02,3.075724369720894202e+01,1.395587308103578827e+01
1.078999999999999915e+01,-1.071186027860581369e+01,1.329355128867304927e+02,3.087871103678417128e+01,1.439466833444944527e+01
1.080000000000000071e+01,-1.067368471826068088e+01,1.316326841006745383e+02,3.100717272733545471e+01,1.483374309164817006e+01
1.081000000000000050e+01,-1.063602578171486712e+01,1.303351528396945014e+02,3.114268811128492231e+01,1.527310423142394491e+01
1.082000000000000028e+01,-1.059887630552921500e+01,1.290427818605613481e+02,3.128532336151256743e+01,1.571275750222117296e+01
1.083000000000000007e+01,-1.056222964666643449e+01,1.277554345561023581e+02,3.143515155901710756e+01,1.615270718163240460e+01
1.083999999999999986e+01,-1.052607969000758636e+01,1.264729752090537858e+02,3.159225276125262738e+01,1.659295572711528521e+01
1.084999999999999964e+01,-1.049042085241342726e+01,1.251952692453835994e+02,3.175671406068303781e+01,1.703350341806144286e+01
1.085999999999999943e+01,-1.045524808336752898e+01,1.239221834855237887e+02,3.192862963311113944e+01,1.747434798935652367e+01
1.086999999999999922e+01,-1.042055686225766209e+01,1.226535863919542351e+02,3.210810077536020657e+01,1.791548425658052324e+01
1.088000000000000078e+01,-1.038634319237077364e+01,1.213893483116129346e+02,3.229523593190179298e+01,1.835690373299724953e+01
1.089000000000000057e+01,-1.035260359169513933e+01,1.201293417116427662e+02,3.249015071003918109e+01,1.879859423848036570e+01
1.090000000000000036e+01,-1.031933508064116722e+01,1.188734414070259362e+02,3.269296788327131509e+01,1.924053950051937179e+01
1.091000000000000014e+01,-1.028653516680938651e+01,1.176215247787304321e+02,3.290381738247012322e+01,1.968271874743374283e+01
1.091999999999999993e+01,-1.025420182695025062e+01,1.163734719810437639e+02,3.312283627451584067e+01,2.012510629391536199e+01
1.092999999999999972e+01,-1.022233348627549709e+01,1.151291661368658055e+02,3.335016872803492305e+01,2.056767111899631217e+01
1.093999999999999950e+01,-1.019092899529459828e+01,1.138884935198037169e+02,3.358596596588815686e+01,2.101037643652318465e+01
1.094999999999999929e+01,-1.015998760436238868e+01,1.126513437220185239e+02,3.383038620404888519e+01,2.145317925819333382e+01
1.096000000000000085e+01,-1.012950893613526482e+01,1.114176098068655278e+02,3.408359457650320223e+01,2.189602994918536893e+01
1.097000000000000064e+01,-1.009949295614298492e+01,1.101871884454847219e+02,3.434576304578602901e+01,2.233887177638804644e+01
1.098000000000000043e+01,-1.006993994169106621e+01,1.089599800366033975e+02,3.461707029874650487e+01,2.278164044920644926e+01
1.099000000000000021e+01,-1.004085044931609616e+01,1.077358888089318896e+02,3.489770162710858159e+01,2.322426365289387462e+01
1.100000000000000000e+01,-1.001222528102014309e+01,1.065148229056473923e+02,3.518784879235701624e+01,2.366666057433368309e+01
1.100999999999999979e+01,-9.984065449515277635e+00,1.052966944505859033e+02,3.548770987443936775e+01,2.410874142016372801e+01
1.101999999999999957e+01,-9.956372142710069539e+00,1.040814195958750190e+02,3.579748910372653370e+01,2.455040692711418515e+01
1.102999999999999936e+01,-9.929146687670870719e+00,1.028689185508623325e+02,3.611739667562036971e+01,2.499154786440364973e+01
1.103999999999999915e+01,-9.902390514289322709e+00,1.016591155923154162e+02,3.644764854713380231e+01,2.543204452801572302e+01
1.105000000000000071e+01,-9.876105118885075029e+00,1.004519390559736252e+02,3.678846621470336231e+01,2.587176622666256165e+01
1.106000000000000050e+01,-9.850292027968958308e+00,9.924732130965954013e+01,3.714007647241384547e+01,2.631057075922129584e+01
1.107000000000000028e+01,-9.824952762386292449e+00,9.804519870825225780e+01,3.750271114973472208e+01,2.674830388342242316e+01
1.108000000000000007e+01,-9.800088802054093051e+00,9.684551153093593712e+01,3.787660682777500654e+01,2.718479877555888891e+01
1.108999999999999986e+01,-9.775701551498201525e+00,9.564820390123652771e+01,3.826200453296389981e+01,2.761987548098275624e+01
1.109999999999999964e+01,-9.751792306387857323e+00,9.445322369044650657e+01,3.865914940695859059e+01,2.805334035516170843e+01
1.110999999999999943e+01,-9.728362221256006137e+00,9.326052240513583058e+01,3.906829035146188289e+01,2.848498549507393918e+01
1.111999999999999922e+01,-9.705412278583581909e+00,9.207005505951940449e+01,3.948967964651058082e+01,2.891458816073907201e+01
1.113000000000000078e+01,-9.682943259414415138e+00,9.088178003353365852e+01,3.992357254065739625e+01,2.934191018670719231e+01
1.114000000000000057e+01,-9.660955715656658782e+00,8.969565891753848064e+01,4.037022681132872037e+01,2.976669738336116211e+01
1.115000000000000036e+01,-9.639449944214188548e+00,8.851165634462992671e+01,4.082990229348194333e+01,3.018867892792993857e+01
1.116000000000000014e+01,-9.618425963078783170e+00,8.732973981160091625e+01,4.130286037452179926e+01,3.060756674516730413e+01
1.116999999999999993e+01,-9.597883489501223053e+00,8.614987948963695885e+01,4.178936345325737989e+01,3.102305487771728210e+01
1.117999999999999972e+01,-9.577821920345970241e+00,8.497204802588056793e+01,4.228967436048976225e+01,3.143481884627007972e+01
1.118999999999999950e+01,-9.558240314721016873e+00,8.379622033702986528e+01,4.280405573861907698e+01,3.184251499971248123e+01
1.119999999999999929e+01,-9.539137378960448999e+00,8.262237339617382759e+01,4.333276937743976731e+01,3.224577985559414373e+01
1.121000000000000085e+01,-9.520511454023877107e+00,8.145048601408652189e+01,4.387607550306414339e+01,3.264422943137329725e+01
1.122000000000000064e+01,-9.502360505362887011e+00,8.028053861622181842e+01,4.443423201666839617e+01,3.303745856707170958e+01
1.123000000000000043e+01,-9.484682115290913984e+00,7.911251301666605684e+01,4.500749367949394042e+01,3.342504024016302111e+01
1.124000000000000021e+01,-9.467473477879112309e+00,7.794639219030678134e+01,4.559611124026584150e+01,3.380652487374953097e+01
1.125000000000000000e+01,-9.450731396387265448e+00,7.678216004448488263e+01,4.620033050089929105e+01,3.418143963934555529e+01
1.125999999999999979e+01,-9.434452283224594282e+00,7.561980119138630130e+01,4.682039131606724425e+01,3.454928775589998224e+01
1.126999999999999957e+01,-9.418632162422506227e+00,7.445930072242458664e+01,4.745652652189117759e+01,3.490954778704468708e+01
1.127999999999999936e+01,-9.403266674587348106e+00,7.330064398584298146e+01,4.810896078870085546e+01,3.526167293897408683e+01
1.128999999999999915e+01,-9.388351084288458992e+00,7.214381636875769743e+01,4.877790939247966406e+01,3.560509036183152176e+01
1.130000000000000071e+01,-9.373880289823464551e+00,7.098880308482114287e+01,4.946357689929745050e+01,3.593920045802887842e+01
1.131000000000000050e+01,-9.359848835290478064e+00,6.983558896866746579e+01,5.016615575670758176e+01,3.626337620154246366e+01
1.132000000000000028e+01,-9.346250924884110134e+00,6.868415827825748465e+01,5.088582478578496904e+01,3.657696247293711167e+01
1.133000000000000007e+01,-9.333080439320081467e+00,6.753449450619929451e+01,5.162274756719789082e+01,3.687927541567020029e+01
1.133999999999999986e+01,-9.320330954281805802e+00,6.638658020108002233e+01,5.237707071445247919e+01,3.716960182012306291e+01
1.134999999999999964e+01,-9.307995760770628735e+00,6.524039679978305628e+01,5.314892202724722381e+01,3.744719854282053717e+01
1.135999999999999943e+01,-9.296067887230671900e+00,6.409592447171436902e+01,5.393840851772507961e+01,3.771129196942046491e+01
1.136999999999999922e+01,-9.284540123309030335e+00,6.295314197579710935e+01,5.474561430234237491e+01,3.796107753130277018e+01
1.138000000000000078e+01,-9.273405045101965172e+00,6.181202653102039335e+01,5.557059835210562682e+01,3.819571928696522889e+01
1.139000000000000057e+01,-9.262655041729011884e+00,6.067255370126837732e+01,5.641339209406690713e+01,3.841434958093575602e+01
1.140000000000000036e+01,-9.252282343068136683e+00,5.953469729506269914e+01,5.727399685727220913e+01,3.861606879455725760e+01
1.141000000000000014e+01,-9.242279048477616499e+00,5.839842928078154216e+01,5.815238115681753328e+01,3.879994520477097808e+01
1.141999999999999993e+01,-9.232637156323384886e+00,5.726371971782271686e+01,5.904847781034796128e+01,3.896501496892882699e+01
1.142999999999999972e+01,-9.223348594124741950e+00,5.613053670409411211e+01,5.996218088224590304e+01,3.911028225568590955e+01
1.143999999999999950e+01,-9.214405249126574660e+00,5.499884634011686302e+01,6.089334245195065876e+01,3.923471954415186502e+01
1.144999999999999929e+01,-9.205798999101750368e+00,5.386861270992772432e+01,6.184176920436416225e+01,3.933726811569793114e+01
1.146000000000000085e+01,-9.197521743185623322e+00,5.273979787886909776e+01,6.280721884216758610e+01,3.941683876508596285e+01
1.147000000000000064e+01,-9.189565432541771273e+00,5.161236190824657655e+01,6.378939632215213607e+01,3.947231275989348376e+01
1.148000000000000043e+01,-9.181922100659047459e+00,5.048626288673742124e+01,6.478794992038126566e+01,3.950254307948445387e+01
1.149000000000000021e+01,-9.174583893079777397e+00,4.936145697831663881e+01,6.580246713421936988e+01,3.950635596699526531e+01
1.150000000000000000e+01,-9.167543096362116728e+00,4.823789848636775446e+01,6.683247043299331835e+01,3.948255282987550174e+01
1.150999999999999979e+01,-9.160792166082888599e+00,4.711553993353887648e+01,6.787741287335470020e+01,3.942991252638994126e+01
1.151999999999999957e+01,-9.154323753691897991e+00,4.599433215679162856e+01,6.893667360031189162e+01,3.934719407705068761e+01
1.152999999999999936e+01,-9.148130732035756552e+00,4.487422441700061171e+01,7.000955326039670013e+01,3.923313984110332342e+01
1.153999999999999915e+01,-9.142206219376621590e+00,4.375516452234674603e+01,7.109526935957157434e+01,3.908647919882756838e+01
1.155000000000000071e+01,-9.136543601740212850e+00,4.263709896466339444e+01,7.219295160521531329e+01,3.890593278040167746e+01
1.156000000000000050e+01,-9.131136553438434333e+00,4.151997306778991259e+01,7.330163727886680647e+01,3.869021728126799786e+01
1.157000000000000028e+01,-9.125979055623066216e+00,4.040373114691514900e+01,7.442026669426080332e+01,3.843805090219216680e+01
1.158000000000000007e+01,-9.121065412740174239e+00,3.928831667779957115e+01,7.554767880353264786e+01,3.814815944935003245e+01
1.158999999999999986e+01,-9.116390266768878092e+00,3.817367247470053826e+01,7.668260702314093180e+01,3.781928312565148786e+01
1.159999999999999964e+01,-9.111948609142965338e+00,3.705974087575842901e+01,7.782367535994876562e+01,3.745018403895353742e+01
1.160999999999999943e+01,-9.107735790269924081e+00,3.594646393453936639e+01,7.896939492682176365e+01,3.703965444565837117e+01
1.161999999999999922e+01,-9.103747526578585436e+00,3.483378361639374532e+01,8.011816094579941705e+01,3.658652573930665852e+01
1.163000000000000078e+01,-9.099979905044019546e+00,3.372164199824100450e+01,8.126825034514070012e+01,3.608967818301928787e+01
1.164000000000000057e+01,-9.096429385156035607e+00,3.260998147037029327e+01,8.241782006397868088e+01,3.554805137194283304e+01
1.165000000000000036e+01,-9.093092798315996816e+00,3.149874493883044480e+01,8.356490618460236419e+01,3.496065539715427661e+01
1.166000000000000014e+01,-9.089967344665101479e+00,3.038787602696813650e+01,8.470742401711970615e+01,3.432658266579232276e+01
1.166999999999999993e+01,-9.087050587365805399e+00,2.927731927469122652e+01,8.584316926397343650e+01,3.364502031359981515e+01
1.167999999999999972e+01,-9.084340444376206136e+00,2.816702033403718985e+01,8.696982039207108528e+01,3.291526312572561608e+01
1.168999999999999950e+01,-9.081835177775797519e+00,2.705692615966119163e+01,8.808494233762947090e+01,3.213672685982332666e+01
1.169999999999999929e+01,-9.079533380718068258e+00,2.594698519288812832e+01,8.918599166279855694e+01,3.130896184255167825e+01
1.171000000000000085e+01,-9.077433962103212295e+00,2.483714753802878050e+01,9.027032327324691607e+01,3.043166668701374178e+01
1.172000000000000064e+01,-9.075536129080175485e+00,2.372736512970719858e+01,9.133519879181788781e+01,2.950470195505512550e+01
1.173000000000000043e+01,-9.073839367502879227e+00,2.261759189002031434e+01,9.237779666476471618e+01,2.852810356540673453e+01
1.174000000000000021e+01,-9.072343420480503795e+00,2.150778387441991057e+01,9.339522405378308179e+01,2.750209572720520512e+01
1.175000000000000000e+01,-9.071048265174411540e+00,2.039789940529047385e+01,9.438453053903008083e+01,2.642710315939532606e+01
1.175999999999999979e+01,-9.069954088007490256e+00,1.928789919229044614e+01,9.534272362567214998e+01,2.530376234088643628e+01
1.176999999999999957e+01,-9.069061258462266295e+00,1.817774643861259776e+01,9.626678600960336496e+01,2.413293152512375528e+01
1.177999999999999936e+01,-9.068370301653986942e+00,1.706740693242750595e+01,9.715369451734878226e+01,2.291569924698374194e+01
1.178999999999999915e+01,-9.067881869873197331e+00,1.595684912287690338e+01,9.800044059164208932e+01,2.165339105056284197e+01
1.180000000000000071e+01,-9.067596713299501232e+00,1.484604418009075211e+01,9.880405214876533648e+01,2.034757417436426508e+01
1.181000000000000050e+01,-9.067515650093213253e+00,1.373496603882309941e+01,9.956161658773794443e+01,1.900005994631273154e+01
1.182000000000000028e+01,-9.067639536076018913e+00,1.262359142540565493e+01,1.002703046863242662e+02,1.761290366535804708e+01
1.183000000000000007e+01,-9.067969234214048768e+00,1.151189986784392794e+01,1.009273950762157313e+02,1.618840177939488711e+01
1.183999999999999986e+01,-9.068505584117897200e+00,1.039987368898577103e+01,1.015302989513943146e+02,1.472908621060925505e+01
1.184999999999999964e+01,-9.069249371773700830e+00,9.287497982820159592e+00,1.020765846313460798e+02,1.323771572868312596e+01
1.185999999999999943e+01,-9.070201299717592036e+00,8.174760574067823526e+00,1.025640015762044612e+02,1.171726432855427724e+01
1.186999999999999922e+01,-9.071361957862896119e+00,7.061651961343634376e+00,1.029905034355989955e+02,1.017090663136267104e+01
1.188000000000000078e+01,-9.072731795184562742e+00,5.948165244278042607e+00,1.033542697083068163e+02,8.602000393094273889e+00
1.189000000000000057e+01,-9.074311092459961259e+00,4.834296035089799659e+00,1.036537255967016051e+02,7.014066273248504402e+00
1.190000000000000036e+01,-9.076099936258120948e+00,3.720042355210465335e+00,1.038875596590383452e+02,5.410765083365084216e+00
1.191000000000000014e+01,-9.078098194361391648e+00,2.605404517653037377e+00,1.040547388938653484e+02,3.795872800012669579e+00
1.191999999999999993e+01,-9.080305492794240152e+00,1.490384995912170663e+00,1.041545209338635942e+02,2.173253686457210065e+00
1.192999999999999972e+01,-9.082721194624184591e+00,3.749882802780516999e-01,1.041864630801794789e+02,5.468319193390709376e-01
1.193999999999999950e+01,-9.085344380688166410e+00,-7.407792774846777561e-01,1.041504279713653176e+02,-1.079437840867369935e+00
1.194999999999999929e+01,-9.088173832386166495e+00,-1.856909630046948312e+00,1.040465857513860755e+02,-2.701600465780436000e+00
1.196000000000000085e+01,-9.091208016670972114e+00,-2.973393209914423352e+00,1.038754126764884234e+02,-4.315730473363298181e+00
1.197000000000000064e+01,-9.094445073349344710e+00,-4.090219113137213647e+00,1.036376861784604273e+02,-5.917961747767964020e+00
1.198000000000000043e+01,-9.097882804796096679e+00,-5.207375290108133825e+00,1.033344764792175425e+02,-7.504516381256645552e+00
1.199000000000000021e+01,-9.101518668166985293e+00,-6.324848742160813053e+00,1.029671349260350297e+02,-9.071732177368813765e+00
1.200000000000000000e+01,-9.105349770182186830e+00,-7.442625722648924302e+00,1.025372792855151260e+02,-1.061608838981491765e+01
1.200999999999999979e+01,-9.109372864535089320e+00,-8.560691941143060646e+00,1.020467762952771835e+02,-1.213422931801237326e+01
1.201999999999999957e+01,-9.113584351965958064e+00,-9.679032769355506716e+00,1.014977218234437544e+02,-1.362298543590371125e+01
1.202999999999999936e+01,-9.117980283022609100e+00,-1.079763344738302067e+01,1.008924190258631910e+02,-1.507939179349393477e+01
1.203999999999999915e+01,-9.122556363514085831e+00,-1.191647928884035146e+01,1.002333549187175947e+02,-1.650070349799058178e+01
1.205000000000000071e+01,-9.127307962645797801e+00,-1.303555588345489014e+01,9.952317579936635639e+01,-1.788440815105964177e+01
1.206000000000000050e+01,-9.132230123807509869e+00,-1.415484929569466743e+01,9.876466195111215995e+01,-1.922823518805854093e+01
1.207000000000000028e+01,-9.137317577968438798e+00,-1.527434625801044099e+01,9.796070205871239978e+01,-2.053016213190291595e+01
1.208000000000000007e+01,-9.142564759616075065e+00,-1.639403435729800407e+01,9.711426774195814460e+01,-2.178841783646044661e+01
1.208999999999999986e+01,-9.147965825158623332e+00,-1.751390221320539808e+01,9.622838858592793088e+01,-2.300148285032881645e+01
1.209999999999999964e+01,-9.153514673693580406e+00,-1.863393964695583449e+01,9.530612801023715974e+01,-2.416808708029726915e+01
1.210999999999999943e+01,-9.159204970028287818e+00,-1.975413783939612955e+01,9.435056027755639718e+01,-2.528720497377923593e+01
1.211999999999999922e+01,-9.165030169822191652e+00,-2.087448947703651925e+01,9.336474889569495872e+01,-2.635804847058898304e+01
1.213000000000000078e+01,-9.170983546704242428e+00,-2.199498888491517690e+01,9.235172661944702099e+01,-2.738005799652259142e+01
1.214000000000000057e+01,-9.177058221204049460e+00,-2.311563214518416132e+01,9.131447720986133731e+01,-2.835289178452160641e+01
1.215000000000000036e+01,-9.183247191320191405e+00,-2.423641720040119196e+01,9.025591906111739604e+01,-2.927641381433096868e+01
1.216000000000000014e+01,-9.189543364536103098e+00,-2.535734394059849350e+01,8.917889076005984350e+01,-3.015068065924876350e+01
1.216999999999999993e+01,-9.195939591080184883e+00,-2.647841427329944608e+01,8.808613860170183330e+01,-3.097592751977285275e+01
1.217999999999999972e+01,-9.202428698215964431e+00,-2.759963217575366201e+01,8.698030604643498975e+01,-3.175255370969960111e+01
1.218999999999999950e+01,-9.209003525336884266e+00,-2.872100372878172436e+01,8.586392507180759992e+01,-3.248110784164555298e+01
1.219999999999999929e+01,-9.215656959631155942e+00,-2.984253713173475830e+01,8.473940934386519075e+01,-3.316227293709629009e+01
1.221000000000000085e+01,-9.222381972074822798e+00,-3.096424269820377262e+01,8.360904911025923525e+01,-3.379685166199476498e+01
1.222000000000000064e+01,-9.229171653504113948e+00,-3.208613283224684665e+01,8.247500769954307032e+01,-3.438575186351767599e+01
1.223000000000000043e+01,-9.236019250514111434e+00,-3.320822198503276468e+01,8.133931949804852479e+01,-3.492997255788876743e+01
1.224000000000000021e+01,-9.242918200927748629e+00,-3.433052659195101342e+01,8.020388926710069200e+01,-3.543059049359364110e+01
1.225000000000000000e+01,-9.249862168578207644e+00,-3.545306499037074843e+01,7.907049265868590737e+01,-3.588874738977106205e+01
1.225999999999999979e+01,-9.256845077148406986e+00,-3.657585731838595677e+01,7.794077778651633537e+01,-3.630563792636253595e+01
1.226999999999999957e+01,-9.263861142814725724e+00,-3.769892539502850326e+01,7.681626771125276321e+01,-3.668249854113614106e+01
1.227999999999999936e+01,-9.270904905446160527e+00,-3.882229258256970894e+01,7.569836370294866867e+01,-3.702059706922641169e+01
1.228999999999999915e+01,-9.277971258118004272e+00,-3.994598363168715593e+01,7.458834915003805577e+01,-3.732122324348253528e+01
1.230000000000000071e+01,-9.285055474706991774e+00,-4.107002451040074931e+01,7.348739399199824618e+01,-3.758568005875928719e+01
1.231000000000000050e+01,-9.292153235346834350e+00,-4.219444221783471960e+01,7.239655956169053752e+01,-3.781527599029990228e+01
1.232000000000000028e+01,-9.299260649534851098e+00,-4.331926458397403934e+01,7.131680373301226439e+01,-3.801131804548649740e+01
1.233000000000000007e+01,-9.306374276696171677e+00,-4.444452005672217609e+01,7.024898627947980856e+01,-3.817510561935195312e+01
1.233999999999999986e+01,-9.313491144027599589e+00,-4.557023747767566846e+01,6.919387435948765130e+01,-3.830792511722381732e+01
1.234999999999999964e+01,-9.320608761461894431e+00,-4.669644584813453037e+01,6.815214805399160980e+01,-3.841104530252810889e+01
1.235999999999999943e+01,-9.327725133612835506e+00,-4.782317408696962957e+01,6.712440589206121899e+01,-3.848571332395472666e+01
1.236999999999999922e+01,-9.334838768582105928e+00,-4.895045078204015709e+01,6.611117030901793612e+01,-3.853315137369173016e+01
1.238000000000000078e+01,-9.341948683531791531e+00,-5.007830393693323145e+01,6.511289299058240942e+01,-3.855455392709192353e+01
1.239000000000000057e+01,-9.349054406948862805e+00,-5.120676071485200964e+01,6.412996006455152553e+01,-3.855108551377917792e+01
1.240000000000000036e+01,-9.356155977552431224e+00,-5.233584718151700343e+01,6.316269710896050071e+01,-3.852387897066236633e+01
1.241000000000000014e+01,-9.363253939818802607e+00,-5.346558804898003814e+01,6.221137395242450907e+01,-3.847403412846179549e+01
1.241999999999999993e+01,-9.370349336124261796e+00,-5.459600642225820621e+01,6.127620924841525607e+01,-3.840261688502520343e+01
1.242999999999999972e+01,-9.377443695530521595e+00,-5.572712355069543122e+01,6.035737481060651533e+01,-3.831065862080000528e+01
1.243999999999999950e+01,-9.384539019262458481e+00,-5.685895858594012253e+01,5.945499970115312038e+01,-3.819915591422856238e+01
1.244999999999999929e+01,-9.391637762952447233e+00,-5.799152834840451476e+01,5.856917406786967462e+01,-3.806907051744902049e+01
1.246000000000000085e+01,-9.398742815749148605e+00,-5.912484710401061960e+01,5.769995272981555701e+01,-3.792132955544249029e+01
1.247000000000000064e+01,-9.405857476412482043e+00,-6.025892635298184530e+01,5.684735851377066496e+01,-3.775682591458969739e+01
1.248000000000000043e+01,-9.412985426537597178e+00,-6.139377463236233012e+01,5.601138534658494450e+01,-3.757641878944828306e+01
1.249000000000000021e+01,-9.420130701073066604e+00,-6.252939733385478149e+01,5.519200111043526391e+01,-3.738093435936889364e+01
1.250000000000000000e+01,-9.427297656317053409e+00,-6.366579653848498310e+01,5.438915026965263877e+01,-3.717116656931793273e+01
1.250999999999999979e+01,-9.434490935594391559e+00,-6.480297086947916796e+01,5.360275627907383011e+01,-3.694787799192355493e+01
1.251999999999999957e+01,-9.441715432834014265e+00,-6.594091536463812986e+01,5.283272378481885312e+01,-3.671180075029376866e+01
1.252999999999999936e+01,-9.448976254281189924e+00,-6.707962136935724118e+01,5.207894062908057720e+01,-3.646363748355745571e+01
1.253999999999999915e+01,-9.456278678592733300e+00,-6.821907645131855702e+01,5.134127967093832723e+01,-3.620406233933125861e+01
1.255000000000000071e+01,-9.463628115574712396e+00,-6.935926433774308464e+01,5.061960043542843835e+01,-3.593372197942016300e+01
1.256000000000000050e+01,-9.471030063832198920e+00,-7.050016487594488979e+01,4.991375060314751266e+01,-3.565323658700738463e+01
1.257000000000000028e+01,-9.478490067608987601e+00,-7.164175401779208130e+01,4.922356735254681581e+01,-3.536320086537912744e+01
1.258000000000000007e+01,-9.486013673100346821e+00,-7.278400382852551331e+01,4.854887856683922820e+01,-3.506418501987241143e+01
1.258999999999999986e+01,-9.493606384527756958e+00,-7.392688252024943552e+01,4.788950391709230558e+01,-3.475673571621346269e+01
1.259999999999999964e+01,-9.501273620266282194e+00,-7.507035451024128747e+01,4.724525583266395046e+01,-3.444137700976291683e+01
1.260999999999999943e+01,-9.509020669316749164e+00,-7.621438050410316123e+01,4.661594036963320775e+01,-3.411861124137777779e+01
1.261999999999999922e+01,-9.516852648413857807e+00,-7.735891760361097624e+01,4.600135798734962833e+01,-3.378891989667466333e+01
1.263000000000000078e+01,-9.524774460060093872e+00,-7.850391943898719660e+01,4.540130424264404496e+01,-3.345276442641449677e+01
1.264000000000000057e+01,-9.532790751770697568e+00,-7.964933632517562501e+01,4.481557041064973390e+01,-3.311058702655887487e+01
1.265000000000000036e+01,-9.540905876810692021e+00,-8.079511544155856484e+01,4.424394404057654384e+01,-3.276281137726127923e+01
1.266000000000000014e+01,-9.549123856698328083e+00,-8.194120103442477898e+01,4.368620945416995482e+01,-3.240984334067123740e+01
1.266999999999999993e+01,-9.557448345742056262e+00,-8.308753464136498224e+01,4.314214819398523559e+01,-3.205207161795089377e+01
1.267999999999999972e+01,-9.565882597869155290e+00,-8.423405533664438849e+01,4.261153942801620786e+01,-3.168986836634183391e+01
1.268999999999999950e+01,-9.574429435994472826e+00,-8.538069999648556063e+01,4.209416031664258639e+01,-3.132358977747922779e+01
1.269999999999999929e+01,-9.583091224167160860e+00,-8.652740358306866142e+01,4.158978634731431612e+01,-3.095357661844429131e+01
1.271000000000000085e+01,-9.591869842721262529e+00,-8.767409944595131321e+01,4.109819164186109219e+01,-3.058015473727607514e+01
1.272000000000000064e+01,-9.600766666642964964e+00,-8.882071963950095039e+01,4.061914924081797551e+01,-3.020363553484197183e+01
1.273000000000000043e+01,-9.609782547354715376e+00,-8.996719525482896529e+01,4.015243136869141694e+01,-2.982431640509359383e+01
1.274000000000000021e+01,-9.618917798100408589e+00,-9.111345676461567678e+01,3.969780968365004981e+01,-2.944248114582869746e+01
1.275000000000000000e+01,-9.628172183101765924e+00,-9.225943437912755485e+01,3.925505551471660226e+01,-2.905840034212845779e+01
1.275999999999999979e+01,-9.637544910638837337e+00,-9.340505841163520984e+01,3.882394008916060812e+01,-2.867233172466788105e+01
1.276999999999999957e+01,-9.647034630190750804e+00,-9.455025965135948240e+01,3.840423475244339357e+01,-2.828452050509550020e+01
1.277999999999999936e+01,-9.656639433754714119e+00,-9.569496974199952888e+01,3.799571118274658232e+01,-2.789519969065682403e+01
1.278999999999999915e+01,-9.666356861442084281e+00,-9.683912156381670400e+01,3.759814160182607168e+01,-2.750459038020282776e+01
1.280000000000000071e+01,-9.676183911430674911e+00,-9.798264961719080191e+01,3.721129898366518063e+01,-2.711290204367194079e+01
1.281000000000000050e+01,-9.686117054331571552e+00,-9.912549040550504742e+01,3.683495726215902977e+01,-2.672033278707537463e+01
1.282000000000000028e+01,-9.696152252006511318e+00,-1.002675828151589599e+02,3.646889153884357171e+01,-2.632706960495226056e+01
1.283000000000000007e+01,-9.706284980849806843e+00,-1.014088684904752142e+02,3.611287829148060524e+01,-2.593328862218477582e+01
1.283999999999999986e+01,-9.716510259524666182e+00,-1.025492922012199273e+02,3.576669558413210837e+01,-2.553915532699310020e+01
1.284999999999999964e+01,-9.726822681119173808e+00,-1.036888022004404064e+02,3.543012327918815174e+01,-2.514482479685104011e+01
1.285999999999999943e+01,-9.737216449662039253e+00,-1.048273505703032669e+02,3.510294325166528751e+01,-2.475044191898585666e+01
1.286999999999999922e+01,-9.747685420911516019e+00,-1.059648935536180545e+02,3.478493960595074697e+01,-2.435614160704786357e+01
1.288000000000000078e+01,-9.758223147304406098e+00,-1.071013918687313975e+02,3.447589889504529737e+01,-2.396204901545878840e+01
1.289000000000000057e+01,-9.768822926923823147e+00,-1.082368110055102335e+02,3.417561034223469818e+01,-2.356827975286844890e+01
1.290000000000000036e+01,-9.779477856317029705e+00,-1.093711215001626442e+02,3.388386606501442344e+01,-2.317494009607243299e+01
1.291000000000000014e+01,-9.790180886965515583e+00,-1.105042991866962439e+02,3.360046130098854889e+01,-2.278212720566795113e+01
1.291999999999999993e+01,-9.800924885181602875e+00,-1.116363254228903799e+02,3.332519463536701920e+01,-2.238992934464336315e+01
1.292999999999999972e+01,-9.811702695176846234e+00,-1.127671872887366646e+02,3.305786822959597515e+01,-2.199842610102186669e+01
1.293999999999999950e+01,-9.822507205020110987e+00,-1.138968777554091787e+02,3.279828805057094598e+01,-2.160768861559724741e+01
1.294999999999999929e+01,-9.833331415174788148e+00,-1.150253958229513813e+02,3.254626409979902490e+01,-2.121777981571808525e+01
1.296000000000000085e+01,-9.844168509279509038e+00,-1.161527466250024787e+02,3.230161064180474995e+01,-2.082875465599133236e+01
1.297000000000000064e+01,-9.855011926809941869e+00,-1.172789414990536585e+02,3.206414643099787298e+01,-2.044066036668832353e+01
1.298000000000000043e+01,-9.865855437236952241e+00,-1.184039980208932832e+02,3.183369493616048373e+01,-2.005353671054594855e+01
1.299000000000000021e+01,-9.876693215273885329e+00,-1.195279400021108103e+02,3.161008456164550395e+01,-1.966741624855725235e+01
1.300000000000000000e+01,-9.887519916786853713e+00,-1.206507974497291116e+02,3.139314886432848795e+01,-1.928232461525052699e+01
1.300999999999999979e+01,-9.898330754925229513e+00,-1.217726064872829710e+02,3.118272676530324716e+01,-1.889828080384635101e+01
1.301999999999999957e+01,-9.909121576015577304e+00,-1.228934092368888855e+02,3.097866275527549007e+01,-1.851529746158161771e+01
1.302999999999999936e+01,-9.919888934752579601e+00,-1.240132536621284487e+02,3.078080709257392300e+01,-1.813338119537073467e+01
1.303999999999999915e+01,-9.930630168213451014e+00,-1.251321933718231776e+02,3.058901599267859339e+01,-1.775253288786523242e+01
1.305000000000000071e+01,-9.941343468219891122e+00,-1.262502873850678213e+02,3.040315180815163743e+01,-1.737274802385179839e+01
1.306000000000000050e+01,-9.952027951573224840e+00,-1.273675998581688305e+02,3.022308319785502206e+01,-1.699401702681090143e+01
1.307000000000000028e+01,-9.962683727694004787e+00,-1.284841997744186699e+02,3.004868528434981556e+01,-1.661632560533934821e+01
1.308000000000000007e+01,-9.973311963208358222e+00,-1.296001605979315059e+02,2.987983979839209780e+01,-1.623965510901710729e+01
1.308999999999999986e+01,-9.983914943037111911e+00,-1.307155598930397389e+02,2.971643520947387529e+01,-1.586398289318442423e+01
1.309999999999999964e+01,-9.994496127564598709e+00,-1.318304789110300419e+02,2.955836684140494697e+01,-1.548928269197732277e+01
1.310999999999999943e+01,-1.000506020548715114e+01,-1.329450021462628797e+02,2.940553697198809857e+01,-1.511552499885912937e+01
1.311999999999999922e+01,-1.001561314196903574e+01,-1.340592168639616943e+02,2.925785491591018683e+01,-1.474267745378392291e+01
1.313000000000000078e+01,-1.002616222176751037e+01,-1.351732126021955196e+02,2.911523709005547644e+01,-1.437070523602644023e+01
1.314000000000000057e+01,-1.003671608702300588e+01,-1.362870806507829684e+02,2.897760706053735902e+01,-1.399957146162859623e+01
1.315000000000000036e+01,-1.004728476945133941e+01,-1.374009135100357355e+02,2.884489557084857836e+01,-1.362923758433148969e+01
1.316000000000000014e+01,-1.005787971671630743e+01,-1.385148043324063281e+02,2.871704055064073557e+01,-1.325966379880092205e+01
1.316999999999999993e+01,-1.006851381280725732e+01,-1.396288463502444301e+02,2.859398710476261840e+01,-1.289080944489542269e+01
1.317999999999999972e+01,-1.007920139229213419e+01,-1.407431322929509463e+02,2.847568748231013558e+01,-1.252263341169208566e+01
1.318999999999999950e+01,-1.008995824836570421e+01,-1.418577537968856461e+02,2.836210102556969304e+01,-1.215509453995858458e+01
1.319999999999999929e+01,-1.010080163466147951e+01,-1.429728008114113891e+02,2.825319409886625621e+01,-1.178815202175120724e+01
1.321000000000000085e+01,-1.011175026084556272e+01,-1.440883610044489842e+02,2.814893999745840603e+01,-1.142176579582594620e+01
1.322000000000000064e+01,-1.012282428205927687e+01,-1.452045191708727998e+02,2.804931883675093474e+01,-1.105589693757251091e+01
1.323000000000000043e+01,-1.013404528232575075e+01,-1.463213566470057003e+02,2.795431742222033122e+01,-1.069050804221731710e+01
1.324000000000000021e+01,-1.014543625208128930e+01,-1.474389507343560695e+02,2.786392910056706995e+01,-1.032556360009616903e+01
1.325000000000000000e+01,-1.015702156003707834e+01,-1.485573741356045332e+02,2.777815359272036844e+01,-9.961030362861750476e+00
1.325999999999999979e+01,-1.016882691961710350e+01,-1.496766944056709008e+02,2.769699680942165543e+01,-9.596877699573655107e+00
1.326999999999999957e+01,-1.018087935025728541e+01,-1.507969734205005352e+02,2.762047065020476211e+01,-9.233077941706959280e+00
1.327999999999999936e+01,-1.019320713388369271e+01,-1.519182668659861974e+02,2.754859278666596012e+01,-8.869606716218870091e+00
1.328999999999999915e+01,-1.020583976691956174e+01,-1.530406237491958166e+02,2.748138643098360845e+01,-8.506443265922738917e+00
1.330000000000000071e+01,-1.021880790819557561e+01,-1.541640859338273231e+02,2.741888009069299414e+01,-8.143570756532991339e+00
1.331000000000000050e+01,-1.023214332316042885e+01,-1.552886877015261575e+02,2.736110731075753577e+01,-7.780976569868577108e+00
1.332000000000000028e+01,-1.024587882480455114e+01,-1.564144553404273381e+02,2.730810640399170808e+01,-7.418652582824004860e+00
1.333000000000000007e+01,-1.026004821172320192e+01,-1.575414067619925049e+02,2.725992017089402353e+01,-7.056595431839991051e+00
1.333999999999999986e+01,-1.027468620375154629e+01,-1.586695511469183657e+02,2.721659560993014182e+01,-6.694806762729313299e+00
1.334999999999999964e+01,-1.028982837560839769e+01,-1.597988886206022414e+02,2.717818361927687931e+01,-6.333293465830063695e+00
1.335999999999999943e+01,-1.030551108898269419e+01,-1.609294099583623279e+02,2.714473869098853598e+01,-5.972067896571305212e+00
1.336999999999999922e+01,-1.032177142349179455e+01,-1.620610963203306483e+02,2.711631859848685266e+01,-5.611148081639182550e+00
1.338000000000000078e+01,-1.033864710693079303e+01,-1.631939190156620327e+02,2.709298407820127963e+01,-5.250557911027490476e+00
1.339000000000000057e+01,-1.035617644521826364e+01,-1.643278392954465232e+02,2.707479850609799854e+01,-4.890327316338761499e+00
1.340000000000000036e+01,-1.037439825242708125e+01,-1.654628081734661293e+02,2.706182756973955961e+01,-4.530492435773322946e+00
1.341000000000000014e+01,-1.039335178126986747e+01,-1.665987662737004769e+02,2.705413893641164336e+01,-4.171095766301950114e+00
1.341999999999999993e+01,-1.041307665438431940e+01,-1.677356437032874510e+02,2.705180191773597542e+01,-3.812186303556479583e+00
1.342999999999999972e+01,-1.043361279674104125e+01,-1.688733599494320856e+02,2.705488713107410348e+01,-3.453819670003766440e+00
1.343999999999999950e+01,-1.045500036946747535e+01,-1.700118237985981580e+02,2.706346615789853871e+01,-3.096058231973652042e+00
1.344999999999999929e+01,-1.047727970535494713e+01,-1.711509332761423821e+02,2.707761119918709269e+01,-2.738971206110160761e+00
1.346000000000000085e+01,-1.050049124628509922e+01,-1.722905756044294208e+02,2.709739472776875147e+01,-2.382634755786586123e+00
1.347000000000000064e+01,-1.052467548278165665e+01,-1.734306271773268122e+02,2.712288913742716190e+01,-2.027132077990627668e+00
1.348000000000000043e+01,-1.054987289586307675e+01,-1.745709535489004054e+02,2.715416638844974884e+01,-1.672553481121361152e+00
1.349000000000000021e+01,-1.057612390133850333e+01,-1.757114094340154793e+02,2.719129764919401282e+01,-1.318996454075522351e+00
1.350000000000000000e+01,-1.060346879665950048e+01,-1.768518387185076790e+02,2.723435293313911743e+01,-9.665657269026224352e-01
1.350999999999999979e+01,-1.063194771040761033e+01,-1.779920744765122436e+02,2.728340073079159112e+01,-6.153733232098524963e-01
1.351999999999999957e+01,-1.066160055446611032e+01,-1.791319389925106975e+02,2.733850763572625553e+01,-2.655386043748210745e-01
1.352999999999999936e+01,-1.069246697889400011e+01,1.797287562143798425e+02,2.739973796396986572e+01,8.281169450774732155e-02
1.353999999999999915e+01,-1.072458632948909418e+01,1.785902103663739524e+02,2.746715336587193335e+01,4.295434371636250859e-01
1.355000000000000071e+01,-1.075799760799739779e+01,1.774526334057372878e+02,2.754081242956185349e+01,7.745150675412409980e-01
1.356000000000000050e+01,-1.079273943489504894e+01,1.763162459787694445e+02,2.762077027505842608e+01,1.117577600623632428e+00
1.357000000000000028e+01,-1.082885001464127761e+01,1.751812794275509475e+02,2.770707813808827780e+01,1.458574623375446411e+00
1.358000000000000007e+01,-1.086636710327023181e+01,1.740479757919440829e+02,2.779978294267267458e+01,1.797342306738140660e+00
1.358999999999999986e+01,-1.090532797816101507e+01,1.729165878243307191e+02,2.789892686156937174e+01,2.133709429778421374e+00
1.359999999999999964e+01,-1.094576940979692381e+01,1.717873790195498032e+02,2.800454686370462198e+01,2.467497417295880791e+00
1.360999999999999943e+01,-1.098772763529417951e+01,1.706606236624833173e+02,2.811667424779803071e+01,2.798520392398963885e+00
1.361999999999999922e+01,-1.103123833345218507e+01,1.695366068957150105e+02,2.823533416147915887e+01,3.126585245765812537e+00
1.363000000000000078e+01,-1.107633660104601070e+01,1.684156248096788886e+02,2.836054510531207384e+01,3.451491723510209386e+00
1.364000000000000057e+01,-1.112305693005031948e+01,1.672979845576872435e+02,2.849231842128856940e+01,3.773032535780522334e+00
1.365000000000000036e+01,-1.117143318545202391e+01,1.661840044982108395e+02,2.863065776552524255e+01,4.090993488420582302e+00
1.366000000000000014e+01,-1.122149858327306049e+01,1.650740143667726159e+02,2.877555856509655996e+01,4.405153640215088373e+00
1.366999999999999993e+01,-1.127328566838862756e+01,1.639683554797871352e+02,2.892700745916825511e+01,4.715285488431601557e+00
1.367999999999999972e+01,-1.132682629168682809e+01,1.628673809726707589e+02,2.908498172485394306e+01,5.021155185542918176e+00
1.368999999999999950e+01,-1.138215158607332000e+01,1.617714560745159531e+02,2.924944868850940694e+01,5.322522790175892027e+00
1.369999999999999929e+01,-1.143929194077745848e+01,1.606809584216033500e+02,2.942036512349852728e+01,5.619142555473645828e+00
1.371000000000000085e+01,-1.149827697336767685e+01,1.595962784119942057e+02,2.959767663582118757e+01,5.910763258176355173e+00
1.372000000000000064e+01,-1.155913549882860814e+01,1.585178196033991469e+02,2.978131703937816255e+01,6.197128571820806009e+00
1.373000000000000043e+01,-1.162189549498979346e+01,1.574459991564843051e+02,2.997120772305898839e+01,6.477977487516982436e+00
1.374000000000000021e+01,-1.168658406353376833e+01,1.563812483256866983e+02,3.016725701229464462e+01,6.753044785790284443e+00
1.375000000000000000e+01,-1.175322738573386161e+01,1.553240129995516838e+02,3.036935952818175011e+01,7.022061562956853464e+00
1.375999999999999979e+01,-1.182185067199383965e+01,1.542747542924645643e+02,3.057739554779353597e+01,7.284755815444567517e+00
1.376999999999999957e+01,-1.189247810417258577e+01,1.532339491895323249e+02,3.079123036981606276e+01,7.540853085350337714e+00
1.377999999999999936e+01,-1.196513276957731264e+01,1.522020912461603359e+02,3.101071369019257062e+01,7.790077170360277137e+00
1.378999999999999915e+01,-1.203983658540341040e+01,1.511796913436610055e+02,3.123567899302303275e+01,8.032150900914619029e+00
1.380000000000000071e+01,-1.211661021227795842e+01,1.501672785019093510e+02,3.146594296253446998e+01,8.266796987201932012e+00
1.381000000000000050e+01,-1.219547295543638832e+01,1.491654007497102725e+02,3.170130492251595200e+01,8.493738938179115294e+00
1.382000000000000028e+01,-1.227644265191685591e+01,1.481746260530764516e+02,3.194154631017807233e+01,8.712702054354194203e+00
1.383000000000000007e+01,-1.235953554200365012e+01,1.471955433010473939e+02,3.218643019195776134e+01,8.923414495520539447e+00
1.383999999999999986e+01,-1.244476612298113949e+01,1.462287633479840281e+02,3.243570082932044585e+01,9.125608423993643470e+00
1.384999999999999964e+01,-1.253214698307647801e+01,1.452749201104336407e+02,3.268908330310736687e+01,9.319021223168492796e+00
1.385999999999999943e+01,-1.262168861327370450e+01,1.443346717156143768e+02,3.294628320542864941e+01,9.503396790392875104e+00
1.386999999999999922e+01,-1.271339919446960209e+01,1.434087016973406037e+02,3.320698640848485184e+01,9.678486902227275479e+00
1.388000000000000078e+01,-1.280728435721849401e+01,1.424977202337013296e+02,3.347085892001108931e+01,9.844052649148782308e+00
1.389000000000000057e+01,-1.290334691107700849e+01,1.416024654190238152e+02,3.373754683525076814e+01,9.999865935647420656e+00
1.390000000000000036e+01,-1.300158654031420546e+01,1.407237045605018579e+02,3.400667639547208410e+01,1.014571104047602823e+01
1.391000000000000014e+01,-1.310199946250067349e+01,1.398622354873553775e+02,3.427785416301464494e+01,1.028138623053991374e+01
1.391999999999999993e+01,-1.320457804623537257e+01,1.390188878573657973e+02,3.455066732268600305e+01,1.040670542058575521e+01
1.392999999999999972e+01,-1.330931038402096256e+01,1.381945244421123391e+02,3.482468411899898797e+01,1.052149986945944349e+01
1.393999999999999950e+01,-1.341617981606051302e+01,1.373900423680998415e+02,3.509945443822950750e+01,1.062561990228445197e+01
1.394999999999999929e+01,-1.352516440053785729e+01,1.366063742861117873e+02,3.537451054358021452e+01,1.071893664648546363e+01
1.396000000000000085e+01,-1.363623632577049172e+01,1.358444894355446024e+02,3.564936797082662423e+01,1.080134376815485098e+01
1.397000000000000064e+01,-1.374936125950802079e+01,1.351053945639563096e+02,3.592352659070822796e+01,1.087275919388894074e+01
1.398000000000000043e+01,-1.386449763061850504e+01,1.343901346546474258e+02,3.619647184299056875e+01,1.093312680190003761e+01
1.399000000000000021e+01,-1.398159583847952980e+01,1.336997934065589391e+02,3.646767614556436143e+01,1.098241806501265749e+01
1.400000000000000000e+01,-1.410059738561889020e+01,1.330354934011556622e+02,3.673660048017316626e+01,1.102063362707716010e+01
1.400999999999999979e+01,-1.422143392956822616e+01,1.323983958801485699e+02,3.700269615437394322e+01,1.104780479343767396e+01
1.401999999999999957e+01,-1.434402625055628100e+01,1.317897000458472974e+02,3.726540673715473417e+01,1.106399491541601243e+01
1.402999999999999936e+01,-1.446828313264391497e+01,1.312106417827376674e+02,3.752417016327490984e+01,1.106930064833240657e+01
1.403999999999999915e+01,-1.459410015726460053e+01,1.306624916845306359e+02,3.777842099889478789e+01,1.106385306243770827e+01
1.405000000000000071e+01,-1.472135840996438816e+01,1.301465522556858616e+02,3.802759285844496873e+01,1.104781858630029667e+01
1.406000000000000050e+01,-1.484992310353691103e+01,1.296641541405786029e+02,3.827112095999954278e+01,1.102139976270054156e+01
1.407000000000000028e+01,-1.497964212382344940e+01,1.292166512174828199e+02,3.850844480371058154e+01,1.098483579797390952e+01
1.408000000000000007e+01,-1.511034450831487064e+01,1.288054143791629826e+02,3.873901095518153426e+01,1.093840288700300256e+01
1.408999999999999986e+01,-1.524183887245501978e+01,1.284318238079553396e+02,3.896227591306416116e+01,1.088241429772930147e+01
1.409999999999999964e+01,-1.537391180432639182e+01,1.280972595421326048e+02,3.917770903772384372e+01,1.081722020110258420e+01
1.410999999999999943e+01,-1.550632625526984043e+01,1.278030901236648162e+02,3.938479551558113911e+01,1.074320723482943585e+01
1.411999999999999922e+01,-1.563881996202422542e+01,1.275506591172805315e+02,3.958303933178862621e+01,1.066079779207733935e+01
1.413000000000000078e+01,-1.577110394514482650e+01,1.273412692995054840e+02,3.977196622227288003e+01,1.057044902942418041e+01
1.414000000000000057e+01,-1.590286113870931395e+01,1.271761643370273731e+02,3.995112657495244690e+01,1.047265159175037574e+01
1.415000000000000036e+01,-1.603374521741867298e+01,1.270565078095864635e+02,4.012009824915718781e+01,1.036792805542873630e+01
1.416000000000000014e+01,-1.616337969881933034e+01,1.269833594873042699e+02,4.027848928198482525e+01,1.025683109496625534e+01
1.416999999999999993e+01,-1.629135740993567083e+01,1.269576488493658815e+02,4.042594045056184626e+01,1.013994138217710628e+01
1.417999999999999972e+01,-1.641724041835544412e+01,1.269801459337492560e+02,4.056212765995169178e+01,1.001786523088118841e+01
1.418999999999999950e+01,-1.654056053670234050e+01,1.270514297385768145e+02,4.068676412778422957e+01,9.891232003987523669e+00
1.419999999999999929e+01,-1.666082051517000906e+01,1.271718545557902615e+02,4.079960233855859286e+01,9.760691303524337670e+00
1.421000000000000085e+01,-1.677749603783249910e+01,1.273415148059837492e+02,4.090043574297830986e+01,9.626909967644534660e+00
1.422000000000000064e+01,-1.689003863307416609e+01,1.275602091551320569e+02,4.098910018057934934e+01,9.490568901773654531e+00
1.423000000000000043e+01,-1.699787959491766998e+01,1.278274049213557788e+02,4.106547500725410060e+01,9.352359773816179001e+00
1.424000000000000021e+01,-1.710043498865880096e+01,1.281422040099809294e+02,4.112948391300344753e+01,9.212981605600807811e+00
1.425000000000000000e+01,-1.719711177979457517e+01,1.285033118300613069e+02,4.118109541928289019e+01,9.073137294500527972e+00
1.425999999999999979e+01,-1.728731507926231004e+01,1.289090108228615179e+02,4.122032304956468352e+01,8.933530100327191192e+00
1.426999999999999957e+01,-1.737045644102692776e+01,1.293571403463228364e+02,4.124722517113771403e+01,8.794860133180058881e+00
1.427999999999999936e+01,-1.744596308198062928e+01,1.298450846820068421e+02,4.126190451059639486e+01,8.657820877876567067e+00
1.428999999999999915e+01,-1.751328782244139148e+01,1.303697708367693622e+02,4.126450734984090474e+01,8.523095789932220612e+00
1.430000000000000071e+01,-1.757191947337052795e+01,1.309276775808147022e+02,4.125522241365060694e+01,8.391354996797391053e+00
1.431000000000000050e+01,-1.762139333022486909e+01,1.315148567878600261e+02,4.123427946386333787e+01,8.263252136231287182e+00
1.432000000000000028e+01,-1.766130138045991771e+01,1.321269676272136735e+02,4.120194761886975954e+01,8.139421361352322748e+00
1.433000000000000007e+01,-1.769130179939927672e+01,1.327593235247990719e+02,4.115853342039329732e+01,8.020474539102831812e+00
1.433999999999999986e+01,-1.771112730377766198e+01,1.334069511014118348e+02,4.110437867235046383e+01,7.906998665682306360e+00
1.434999999999999964e+01,-1.772059195786035346e+01,1.340646595685392413e+02,4.103985807889654325e+01,7.799553519006923175e+00
1.435999999999999943e+01,-1.771959608467882674e+01,1.347271183814233950e+02,4.096537671054861107e+01,7.698669564536979593e+00
1.436999999999999922e+01,-1.770812902195352834e+01,1.353889403841616570e+02,4.088136732850892230e+01,7.604846126961612107e+00
1.438000000000000078e+01,-1.768626957239634834e+01,1.360447672930159229e+02,4.078828759799721126e+01,7.518549836320403301e+00
1.439000000000000057e+01,-1.765418412190132003e+01,1.366893541951162661e+02,4.068661722153324689e+01,7.440213353273633423e+00
1.440000000000000036e+01,-1.761212252541409384e+01,1.373176498096605656e+02,4.057685502274281930e+01,7.370234374467597327e+00
1.441000000000000014e+01,-1.756041197739658699e+01,1.379248695595647973e+02,4.045951601039889312e+01,7.308974915363086744e+00
1.441999999999999993e+01,-1.749944918145667572e+01,1.385065589993206174e+02,4.033512845111931000e+01,7.256760864558800428e+00
1.442999999999999972e+01,-1.742969120418314688e+01,1.390586457852023159e+02,4.020423097747078600e+01,7.213881800600780991e+00
1.443999999999999950e+01,-1.735164543730016362e+01,1.395774790906369560e+02,4.006736975623424257e+01,7.180591059566641121e+00
1.444999999999999929e+01,-1.726585909946962971e+01,1.400598560940238428e+02,3.992509573933341471e+01,7.157106039377850948e+00
1.446000000000000085e+01,-1.717290868734531273e+01,1.405030358369019154e+02,3.977796201747242577e+01,7.143608724846746583e+00
1.447000000000000064e+01,-1.707338974034460577e+01,1.409047413190799318e+02,3.962652129395319633e+01,7.140246415903352073e+00
1.448000000000000043e+01,-1.696790722203874680e+01,1.412631511335138157e+02,3.947132349348103730e+01,7.147132640295593475e+00
1.449000000000000021e+01,-1.685706675053561554e+01,1.415768822348306912e+02,3.931291351810046564e+01,7.164348231267778644e+00
1.450000000000000000e+01,-1.674146683762725729e+01,1.418449655848204429e+02,3.915182915976944855e+01,7.191942550310423066e+00
1.450999999999999979e+01,-1.662169222753036379e+01,1.420668164417536445e+02,3.898859917653288676e+01,7.229934834997729709e+00
1.451999999999999957e+01,-1.649830836493508457e+01,1.422422009816636432e+02,3.882374153683064577e+01,7.278315652157337112e+00
1.452999999999999936e+01,-1.637185697135478080e+01,1.423712007858080142e+02,3.865776183420975087e+01,7.337048437122223987e+00
1.453999999999999915e+01,-1.624285266951698503e+01,1.424541765263566901e+02,3.849115187262603399e+01,7.406071100563073273e+00
1.455000000000000071e+01,-1.611178056765439592e+01,1.424917319561951103e+02,3.832438842064141227e+01,7.485297685333197393e+00
1.456000000000000050e+01,-1.597909469805581395e+01,1.424846790783066695e+02,3.815793213115342297e+01,7.574620056876643304e+00
1.457000000000000028e+01,-1.584521719565542952e+01,1.424340051505829479e+02,3.799222662186287636e+01,7.673909611969751410e+00
1.458000000000000007e+01,-1.571053810099575720e+01,1.423408419830906553e+02,3.782769771045627039e+01,7.783018991897034056e+00
1.458999999999999986e+01,-1.557541567587744424e+01,1.422064378126883639e+02,3.766475279749314353e+01,7.901783787532520975e+00
1.459999999999999964e+01,-1.544017712774954099e+01,1.420321318967411059e+02,3.750378038920555213e+01,8.030024225210508959e+00
1.460999999999999943e+01,-1.530511964900711419e+01,1.418193318534236482e+02,3.734514975183680718e+01,8.167546823664462607e+00
1.461999999999999922e+01,-1.517051168869855005e+01,1.415694936886262383e+02,3.718921068876421998e+01,8.314146013697532922e+00
1.463000000000000078e+01,-1.503659438581724750e+01,1.412841043858932437e+02,3.703629343143394692e+01,8.469605713575932171e+00
1.464000000000000057e+01,-1.490358310472740477e+01,1.409646668925080633e+02,3.688670863508630049e+01,8.633700854407491576e+00
1.465000000000000036e+01,-1.477166902391122960e+01,1.406126873082366444e+02,3.674074747033313315e+01,8.806198850960015534e+00
1.466000000000000014e+01,-1.464102073887226574e+01,1.402296640698937722e+02,3.659868180185925013e+01,8.986861014474156306e+00
1.466999999999999993e+01,-1.451178584855012765e+01,1.398170789216659955e+02,3.646076444583760434e+01,9.175443905038052961e+00
1.467999999999999972e+01,-1.438409250195966216e+01,1.393763894654320552e+02,3.632722949803986268e+01,9.371700621990495250e+00
1.468999999999999950e+01,-1.425805088800705178e+01,1.389090230947992950e+02,3.619829272510501283e+01,9.575382031624231516e+00
1.469999999999999929e+01,-1.413375465661762753e+01,1.384163721295357163e+02,3.607415201194810805e+01,9.786237932154485009e+00
1.471000000000000085e+01,-1.401128226354739503e+01,1.378997899820584792e+02,3.595498785885463633e+01,1.000401815650500303e+01
1.472000000000000064e+01,-1.389069823465261777e+01,1.373605882035286072e+02,3.584096392240120110e+01,1.022847361395471388e+01
1.473000000000000043e+01,-1.377205434806618989e+01,1.368000342732021011e+02,3.573222759493573619e+01,1.045935727207152510e+01
1.474000000000000021e+01,-1.365539073480015375e+01,1.362193500103324197e+02,3.562891061796251080e+01,1.069642508065198783e+01
1.475000000000000000e+01,-1.354073689984172901e+01,1.356197105027873988e+02,3.553112972536371217e+01,1.093943683959563629e+01
1.475999999999999979e+01,-1.342811266694558725e+01,1.350022434604442196e+02,3.543898731296378202e+01,1.118815701275110008e+01
1.476999999999999957e+01,-1.331752905111329000e+01,1.343680289140937418e+02,3.535257213149408528e+01,1.144235548982729433e+01
1.477999999999999936e+01,-1.320898906326790900e+01,1.337180991921515272e+02,3.527196000052725111e+01,1.170180829842587578e+01
1.478999999999999915e+01,-1.310248845192533196e+01,1.330534391177837676e+02,3.519721454142035810e+01,1.196629826817369668e+01
1.480000000000000071e+01,-1.299801638679923421e+01,1.323749863782731211e+02,3.512838792774338970e+01,1.223561564878197139e+01
1.481000000000000050e+01,-1.289555608927016550e+01,1.316836320265696543e+02,3.506552165204149674e+01,1.250955868367547019e+01
1.482000000000000028e+01,-1.279508541455441062e+01,1.309802210821007122e+02,3.500864730811592551e+01,1.278793414060497291e+01
1.483000000000000007e+01,-1.269657739023430665e+01,1.302655532041686399e+02,3.495778738827534937e+01,1.307055780039321569e+01
1.483999999999999986e+01,-1.260000071558852852e+01,1.295403834166610579e+02,3.491295609523186982e+01,1.335725490468677457e+01
1.484999999999999964e+01,-1.250532022590332915e+01,1.288054228675139825e+02,3.487416016847847544e+01,1.364786056327833030e+01
1.485999999999999943e+01,-1.241249732565797892e+01,1.280613396103999548e+02,3.484139972508587846e+01,1.394222012126238930e+01
1.486999999999999922e+01,-1.232149039418105652e+01,1.273087593995874016e+02,3.481466911490922911e+01,1.424018948597515433e+01
1.488000000000000078e+01,-1.223225516706739846e+01,1.265482664918846893e+02,3.479395779019019841e+01,1.454163541336522769e+01
1.489000000000000057e+01,-1.214474509633607369e+01,1.257804044520872537e+02,3.477925118948383698e+01,1.484643575315381625e+01
1.490000000000000036e+01,-1.205891169200129731e+01,1.250056769604732239e+02,3.477053163573231132e+01,1.515447965187087043e+01
1.491000000000000014e+01,-1.197470484742652452e+01,1.242245486226369593e+02,3.476777924816427401e+01,1.546566771261039897e+01
1.491999999999999993e+01,-1.189207315053324621e+01,1.234374457834062895e+02,3.477097286750526450e+01,1.577991211013407913e+01
1.492999999999999972e+01,-1.181096418264510284e+01,1.226447573477411481e+02,3.478009099376018298e+01,1.609713665977867336e+01
1.493999999999999950e+01,-1.173132480647251441e+01,1.218468356124109988e+02,3.479511273558639317e+01,1.641727683848165853e+01
1.494999999999999929e+01,-1.165310144446560159e+01,1.210439971129178929e+02,3.481601876999053502e+01,1.674027975615572572e+01
1.496000000000000085e+01,-1.157624034851061623e+01,1.202365234905764879e+02,3.484279231080775929e+01,1.706610407559124809e+01
1.497000000000000064e+01,-1.150068786169257606e+01,1.194246623849183777e+02,3.487542008411870142e+01,1.739471987907473505e+01
1.498000000000000043e+01,-1.142639067261536745e+01,1.186086283566471451e+02,3.491389330847356121e+01,1.772610847996221040e+01
1.499000000000000021e+01,-1.135329606254776458e+01,1.177886038462740004e+02,3.495820867750356342e+01,1.806026217754751784e+01
1.500000000000000000e+01,-1.128135214546212595e+01,1.169647401732971446e+02,3.500836934224066965e+01,1.839718395370802639e+01
1.500999999999999979e+01,-1.121050810083850990e+01,1.161371585803757540e+02,3.506438589021585273e+01,1.873688711000661300e+01
1.501999999999999957e+01,-1.114071439893977455e+01,1.153059513264155385e+02,3.512627731820143140e+01,1.907939484414753650e+01
1.502999999999999936e+01,-1.107192301811004143e+01,1.144711828318128255e+02,3.519407199529030095e+01,1.942473976494527577e+01
1.503999999999999915e+01,-1.100408765351550855e+01,1.136328908783385003e+02,3.526780861287295465e+01,1.977296334525052046e+01
1.505000000000000071e+01,-1.093716391663696719e+01,1.127910878652900522e+02,3.534753711799252329e+01,2.012411531257574282e+01
1.506000000000000050e+01,-1.087110952473721071e+01,1.119457621226036395e+02,3.543331962653230249e+01,2.047825297746965134e+01
1.507000000000000028e+01,-1.080588447945756592e+01,1.110968792806240231e+02,3.552523131270648804e+01,2.083544050000709191e+01
1.508000000000000007e+01,-1.074145123366341181e+01,1.102443836952284357e+02,3.562336127140667941e+01,2.119574809504157287e+01
1.508999999999999986e+01,-1.067777484563610280e+01,1.093881999259278501e+02,3.572781335007932313e+01,2.155925117716276063e+01
1.509999999999999964e+01,-1.061482311972266324e+01,1.085282342635650110e+02,3.583870694698794068e+01,2.192602944652750097e+01
1.510999999999999943e+01,-1.055256673258213773e+01,1.076643763031902523e+02,3.595617777292990525e+01,2.229616591695199546e+01
1.511999999999999922e+01,-1.049097934422696454e+01,1.067965005567422878e+02,3.608037857373834356e+01,2.266974588779640243e+01
1.513000000000000078e+01,-1.043003769312943518e+01,1.059244680992689496e+02,3.621147981117070458e+01,2.304685586127592245e+01
1.514000000000000057e+01,-1.036972167476739060e+01,1.050481282415784108e+02,3.634967030010960087e+01,2.342758240685967408e+01
1.515000000000000036e+01,-1.031001440308983774e+01,1.041673202215304741e+02,3.649515780028629308e+01,2.381201097438492198e+01
1.516000000000000014e+01,-1.025090225452070314e+01,1.032818749055710725e+02,3.664816956105909185e+01,2.420022465739022977e+01
1.516999999999999993e+01,-1.019237489425657550e+01,1.023916164916187341e+02,3.680895281806516550e+01,2.459230290799860796e+01
1.517999999999999972e+01,-1.013442528477041371e+01,1.014963642041412726e+02,3.697777524081162426e+01,2.498832020438930002e+01
1.518999999999999950e+01,-1.007704967658704831e+01,1.005959339720249801e+02,3.715492533048997359e+01,2.538834467157943919e+01
1.519999999999999929e+01,-1.002024758156208328e+01,9.969014007985670389e+01,3.734071276744354151e+01,2.579243665579642197e+01
1.521000000000000085e+01,-9.964021729052374710e+00,9.877879678331812840e+01,3.753546870779901212e+01,2.620064725225907765e+01
1.522000000000000064e+01,-9.908378005525300125e+00,9.786171987969248676e+01,3.773954602875519981e+01,2.661301678562682582e+01
1.523000000000000043e+01,-9.853325378301420301e+00,9.693872822487860219e+01,3.795331952190819180e+01,2.702957324178984422e+01
1.524000000000000021e+01,-9.798875804263305511e+00,9.600964518882148013e+01,3.817718603376831510e+01,2.745033064904922782e+01
1.525000000000000000e+01,-9.745044124494535609e+00,9.507430004195849449e+01,3.841156455226633426e+01,2.787528740605387512e+01
1.525999999999999979e+01,-9.691847945915373685e+00,9.413252926599102466e+01,3.865689623754852988e+01,2.830442455322327788e+01
1.526999999999999957e+01,-9.639307511084609814e+00,9.318417778316191402e+01,3.891364439472522463e+01,2.873770398368867518e+01
1.527999999999999936e+01,-9.587445557407509256e+00,9.222910009908999029e+01,3.918229438543716014e+01,2.917506658916457596e+01
1.528999999999999915e+01,-9.536287167047484914e+00,9.126716135517438033e+01,3.946335347413726424e+01,2.961643033555597171e+01
1.530000000000000071e+01,-9.485859608878234539e+00,9.029823828756003934e+01,3.975735060385051156e+01,3.006168826256330817e+01
1.531000000000000050e+01,-9.436192173828763075e+00,8.932222009060843959e+01,4.006483609486834752e+01,3.051070640111148435e+01
1.532000000000000028e+01,-9.387316004972859673e+00,8.833900918382497025e+01,4.038638125832382286e+01,3.096332160207793649e+01
1.533000000000000007e+01,-9.339263923695773073e+00,8.734852188209868018e+01,4.072257791492978640e+01,3.141933926960640733e+01
1.533999999999999986e+01,-9.292070253231880628e+00,8.635068897002810218e+01,4.107403780728265730e+01,3.187853099226410691e+01
1.534999999999999964e+01,-9.245770640819383601e+00,8.534545618194592009e+01,4.144139189209079888e+01,3.234063206546101554e+01
1.535999999999999943e+01,-9.200401879647541747e+00,8.433278459000760563e+01,4.182528949645109151e+01,3.280533889898031674e+01
1.536999999999999922e+01,-9.156001731698733437e+00,8.331265090343050872e+01,4.222639731988308398e+01,3.327230630413506418e+01
1.538000000000000078e+01,-9.112608752497733278e+00,8.228504768254130397e+01,4.264539826126511457e+01,3.374114465609291358e+01
1.539000000000000057e+01,-9.070262118689319308e+00,8.124998347183959879e+01,4.308299004708241142e+01,3.421141692826397929e+01
1.540000000000000036e+01,-9.029001459259735185e+00,8.020748285668312860e+01,4.353988363454087107e+01,3.468263559746628033e+01
1.541000000000000014e+01,-8.988866691122408881e+00,7.915758644854669512e+01,4.401680136015143319e+01,3.515425942081846244e+01
1.541999999999999993e+01,-8.949897859674806000e+00,7.810035080403260110e+01,4.451447480135366419e+01,3.562569008814575255e+01
1.542999999999999972e+01,-8.912134984835356377e+00,7.703584828297137221e+01,4.503364231571226384e+01,3.609626875706288018e+01
1.543999999999999950e+01,-8.875617912962816547e+00,7.596416685101013400e+01,4.557504621921549415e+01,3.656527248198611346e+01
1.544999999999999929e+01,-8.840386174963420274e+00,7.488540983206327439e+01,4.613942956233263715e+01,3.703191055313393321e+01
1.546000000000000085e+01,-8.806478850795670610e+00,7.379969561593289029e+01,4.672753245980795356e+01,3.749532076719591345e+01
1.547000000000000064e+01,-8.773934440494937093e+00,7.270715732623528993e+01,4.734008792784295139e+01,3.795456565785468683e+01
1.548000000000000043e+01,-8.742790741756778061e+00,7.160794245356942156e+01,4.797781718044319632e+01,3.840862872179582155e+01
1.549000000000000021e+01,-8.713084734044102220e+00,7.050221245860902286e+01,4.864142433547172573e+01,3.885641068428338230e+01
1.550000000000000000e+01,-8.684852469116373541e+00,6.939014234947329385e+01,4.933159048056911899e+01,3.929672585787628947e+01
1.550999999999999979e+01,-8.658128967820200472e+00,6.827192023743516813e+01,5.004896704973818089e+01,3.972829865839972285e+01
1.551999999999999957e+01,-8.632948122928176815e+00,6.714774687462819713e+01,5.079416846339926650e+01,4.014976035390800746e+01
1.552999999999999936e+01,-8.609342607776213185e+00,6.601783517704535598e+01,5.156776398833478225e+01,4.055964613495132198e+01
1.553999999999999915e+01,-8.587343790406652744e+00,6.488240973573320503e+01,5.237026877948225234e+01,4.095639260800685122e+01
1.555000000000000071e+01,-8.566981652908408407e+00,6.374170631867289671e+01,5.320213407343135259e+01,4.133833582814362018e+01
1.556000000000000050e+01,-8.548284715618040153e+00,6.259597136543889917e+01,5.406373651402215330e+01,4.170371000178356269e+01
1.557000000000000028e+01,-8.531279965842083257e+00,6.144546147633604960e+01,5.495536660408835417e+01,4.205064700530775212e+01
1.558000000000000007e+01,-8.515992790751806041e+00,6.029044289730884287e+01,5.587721629450319938e+01,4.237717687993751525e+01
1.558999999999999986e+01,-8.502446914106929654e+00,5.913119100154418817e+01,5.682936574263321461e+01,4.268122947712421222e+01
1.559999999999999964e+01,-8.490664336473226825e+00,5.796798976834289618e+01,5.781176929738718684e+01,4.296063744096852588e+01
1.560999999999999943e+01,-8.480665278612635305e+00,5.680113125944998131e+01,5.882424079756325597e+01,4.321314072411509954e+01
1.561999999999999922e+01,-8.472468127746305200e+00,5.563091509275142954e+01,5.986643830414160306e+01,4.343639284009609725e+01
1.563000000000000078e+01,-8.466089386412217976e+00,5.445764791292330642e+01,6.093784842559436044e+01,4.362796905716758999e+01
1.564000000000000057e+01,-8.461543623672440617e+00,5.328164285833408087e+01,6.203777043786076462e+01,4.378537673493967475e+01
1.565000000000000036e+01,-8.458843428454590807e+00,5.210321902327140720e+01,6.316530044676899536e+01,4.390606799427425955e+01
1.566000000000000014e+01,-8.457999364849941415e+00,5.092270091433305623e+01,6.431931588954525125e+01,4.398745489154140387e+01
1.566999999999999993e+01,-8.459019929232747259e+00,4.974041789962564764e+01,6.549846072231515848e+01,4.402692723899935601e+01
1.567999999999999972e+01,-8.461911509102916895e+00,4.855670364924619520e+01,6.670113169045671953e+01,4.402187317257171628e+01
1.568999999999999950e+01,-8.466678343606911739e+00,4.737189556541554936e+01,6.792546612610448165e+01,4.396970251543594088e+01
1.569999999999999929e+01,-8.473322485733202569e+00,4.618633420049341254e+01,6.916933175946992662e+01,4.386787292007281991e+01
1.571000000000000085e+01,-8.481843766230642956e+00,4.500036266107982641e+01,7.043031906472553771e+01,4.371391869239953820e+01
1.572000000000000064e+01,-8.492239759351559059e+00,4.381432599634442226e+01,7.170573668370967368e+01,4.350548210983606623e+01
1.573000000000000043e+01,-8.504505750569661515e+00,4.262857056874047856e+01,7.299261047787692291e+01,4.324034694196024731e+01
1.574000000000000021e+01,-8.518634706480547436e+00,4.144344340531711879e+01,7.428768674706817876e+01,4.291647376994320240e+01
1.575000000000000000e+01,-8.534617247143906127e+00,4.025929152789059629e+01,7.558744011936222762e+01,4.253203658263959142e+01
1.575999999999999979e+01,-8.552441621182206077e+00,3.907646126048986446e+01,7.688808655635824607e+01,4.208546000741223025e+01
1.576999999999999957e+01,-8.572093684004855163e+00,3.789529751263667379e+01,7.818560183068005642e+01,4.157545641804938441e+01
1.577999999999999936e+01,-8.593556879579116625e+00,3.671614303721458583e+01,7.947574571625133899e+01,4.100106205695574602e+01
1.578999999999999915e+01,-8.616812226222727134e+00,3.553933766196918498e+01,8.075409198747712480e+01,4.036167122133078777e+01
1.580000000000000071e+01,-8.641838306940822889e+00,3.436521749392673541e+01,8.201606415345865742e+01,3.965706750078480525e+01
1.581000000000000050e+01,-8.668611264880581757e+00,3.319411409641787714e+01,8.325697666199187097e+01,3.888745102409195908e+01
1.582000000000000028e+01,-8.697104804517421073e+00,3.202635363873012864e+01,8.447208110221997401e+01,3.805346068212115540e+01
1.583000000000000007e+01,-8.727290199230044010e+00,3.086225601890402359e+01,8.565661672275608396e+01,3.715619034754508476e+01
1.583999999999999986e+01,-8.759136305952456070e+00,2.970213396064068689e+01,8.680586437444782177e+01,3.619719821285821837e+01
1.584999999999999964e+01,-8.792609587622745693e+00,2.854629208585465960e+01,8.791520279500882395e+01,3.517850851698078429e+01
1.585999999999999943e+01,-8.827674144168032200e+00,2.739502596497577969e+01,8.898016598863144111e+01,3.410260512478780726e+01
1.586999999999999922e+01,-8.864291752775647737e+00,2.624862114774058597e+01,8.999650032890566820e+01,3.297241665747277750e+01
1.588000000000000078e+01,-8.902421918207009455e+00,2.510735217789488161e+01,9.096021993809640094e+01,3.179129313569440640e+01
1.589000000000000057e+01,-8.942021933897471797e+00,2.397148159592720518e+01,9.186765887805788111e+01,3.056297438022621193e+01
1.590000000000000036e+01,-8.983046954569804399e+00,2.284125893470874757e+01,9.271551873238550456e+01,2.929155070224843982e+01
1.591000000000000014e+01,-9.025450081048155937e+00,2.171691971367590668e+01,9.350091026695029939e+01,2.798141669240745344e+01
1.591999999999999993e+01,-9.069182457915005102e+00,2.059868443796133874e+01,9.422138802346429998e+01,2.663721916884736984e+01
1.592999999999999972e+01,-9.114193384585359325e+00,1.948675760968925275e+01,9.487497692107561420e+01,2.526380055553780579e+01
1.593999999999999950e+01,-9.160430440287939291e+00,1.838132675940639160e+01,9.546019020342062333e+01,2.386613912125759285e+01
1.594999999999999929e+01,-9.207839623346998792e+00,1.728256150636698507e+01,9.597603835929183447e+01,2.244928760779841426e+01
1.596000000000000085e+01,-9.256365505032874808e+00,1.619061265713169462e+01,9.642202894871388708e+01,2.101831180860543569e+01
1.597000000000000064e+01,-9.305951398116739881e+00,1.510561135254906517e+01,9.679815756657515635e+01,1.957823062534238900e+01
1.598000000000000043e+01,-9.356539540103455010e+00,1.402766827381154968e+01,9.710489045753850235e+01,1.813395903369042372e+01
1.599000000000000021e+01,-9.408071290945285270e+00,1.295687291871803204e+01,9.734313954502617605e+01,1.669025523820636536e+01
1.600000000000000000e+01,-9.460487344844777269e+00,1.189329295965259981e+01,9.751423084260133578e+01,1.525167310000053078e+01
