f_GHz,S11_dB,S11_deg,ReZin_ohm,ImZin_ohm
1.000000000000000000e+00,-3.380859719741384772e-01,-1.304514508161441313e+02,1.180114364839174979e+00,-2.306540793680929013e+01
1.010000000000000009e+00,-3.374832641891553631e-01,-1.320158686772260239e+02,1.163528392822112068e+00,-2.224307929760342972e+01
1.020000000000000018e+00,-3.385161315910718560e-01,-1.335898735870488281e+02,1.153171174816309374e+00,-2.142562536285394970e+01
1.030000000000000027e+00,-3.411234289492653948e-01,-1.351709473947909999e+02,1.148647234706106746e+00,-2.061404231567037471e+01
1.040000000000000036e+00,-3.451235769957993194e-01,-1.367568955381733531e+02,1.149181405384125609e+00,-1.980911180130169313e+01
1.050000000000000044e+00,-3.502351598420482270e-01,-1.383460726399330269e+02,1.153706100606237905e+00,-1.901130169021276473e+01
1.060000000000000053e+00,-3.561067649677280844e-01,-1.399375576731703461e+02,1.160971692164638247e+00,-1.822069720671181869e+01
1.070000000000000062e+00,-3.623534691689531684e-01,-1.415312626743180147e+02,1.169670509959451765e+00,-1.743696727168408600e+01
1.080000000000000071e+00,-3.685967213564341760e-01,-1.431279643298780115e+02,1.178564008352496195e+00,-1.665936830630939269e+01
1.090000000000000080e+00,-3.745039531076291839e-01,-1.447292544581694358e+02,1.186602253297342813e+00,-1.588678484453154027e+01
1.100000000000000089e+00,-3.798241470273792109e-01,-1.463374130322917210e+02,1.193025276088889974e+00,-1.511780319714719489e+01
1.110000000000000098e+00,-3.844158779243114221e-01,-1.479552152135185565e+02,1.197437194948355321e+00,-1.435081134308827622e+01
1.120000000000000107e+00,-3.882650306234348703e-01,-1.495856909088497844e+02,1.199846391419462144e+00,-1.358411557391693769e+01
1.129999999999999893e+00,-3.914904400701323395e-01,-1.512318605931718594e+02,1.200668310303042219e+00,-1.281606262122951456e+01
1.139999999999999902e+00,-3.943369723524082771e-01,-1.528964736908141049e+02,1.200691272021885636e+00,-1.204515542044202547e+01
1.149999999999999911e+00,-3.971568962867699781e-01,-1.545817752540261552e+02,1.201009520216175019e+00,-1.127015148404324663e+01
1.159999999999999920e+00,-4.003815970360803389e-01,-1.562893231115975254e+02,1.202931004520727543e+00,-1.049013498473247452e+01
1.169999999999999929e+00,-4.044865967170221399e-01,-1.580198717138108577e+02,1.207869647638697197e+00,-9.704556740008440485e+00
1.179999999999999938e+00,-4.099533742341868181e-01,-1.597733315464397208e+02,1.217232811350179134e+00,-8.913239833153255631e+00
1.189999999999999947e+00,-4.172315947560535365e-01,-1.615488053063532163e+02,1.232314364695775932e+00,-8.116352057049661894e+00
1.199999999999999956e+00,-4.267051123743042518e-01,-1.633446949665883494e+02,1.254202403944468358e+00,-7.314349282844712974e+00
1.209999999999999964e+00,-4.386645845252140075e-01,-1.651588680542887175e+02,1.283708645321175679e+00,-6.507895976939167326e+00
1.219999999999999973e+00,-4.532888339570777525e-01,-1.669888672240734877e+02,1.321324191043169449e+00,-5.697770362170357039e+00
1.229999999999999982e+00,-4.706363020502141170e-01,-1.688321445541984360e+02,1.367204059721119247e+00,-4.884762245589566731e+00
1.239999999999999991e+00,-4.906471196131894641e-01,-1.706863007850660665e+02,1.421180746449447696e+00,-4.069571496027617918e+00
1.250000000000000000e+00,-5.131555155909253152e-01,-1.725493097898549593e+02,1.482805183032361196e+00,-3.252714722078684062e+00
1.260000000000000009e+00,-5.379115120296131813e-01,-1.744197098068768241e+02,1.551411772379086340e+00,-2.434446979682603374e+00
1.270000000000000018e+00,-5.646101353138479606e-01,-1.762967453543402598e+02,1.626202627615606078e+00,-1.614704344528757440e+00
1.280000000000000027e+00,-5.929257413285494716e-01,-1.781804473236770718e+02,1.706344758811862095e+00,-7.930718680162788248e-01
1.290000000000000036e+00,-6.225485568522977076e-01,1.799283564973295881e+02,1.791072805445798277e+00,3.122026672931755772e-02
1.300000000000000044e+00,-6.532202476409886271e-01,1.780281024359741195e+02,1.879789178677384154e+00,8.592716713400389006e-01
1.310000000000000053e+00,-6.847653031638351040e-01,1.761166190098240349e+02,1.972153359309829934e+00,1.692459444984940165e+00
1.320000000000000062e+00,-7.171153267139064313e-01,1.741913111332668791e+02,2.068152765720639330e+00,2.532362800662494973e+00
1.330000000000000071e+00,-7.503239438465147959e-01,1.722493838334955569e+02,2.168149121580746463e+00,3.380671039347253437e+00
1.340000000000000080e+00,-7.845709425148171823e-01,1.702880847563593534e+02,2.272896514954072522e+00,4.239082950303036945e+00
1.350000000000000089e+00,-8.201553309692823923e-01,1.683049428835016670e+02,2.383530082545196827e+00,5.109206513963990837e+00
1.360000000000000098e+00,-8.574781034093486021e-01,1.662979815645612121e+02,2.501527095418182967e+00,5.992467580176990438e+00
1.370000000000000107e+00,-8.970164899735164621e-01,1.642658870636788322e+02,2.628644761886900660e+00,6.890035042551137856e+00
1.379999999999999893e+00,-9.392922133475070101e-01,1.622081187994350557e+02,2.766840972050577108e+00,7.802768156658440368e+00
1.389999999999999902e+00,-9.848367051635165126e-01,1.601249535296618944e+02,2.918185309585453524e+00,8.731189391292966562e+00
1.399999999999999911e+00,-1.034156336858565339e+00,1.580174620365649218e+02,3.084767948305780383e+00,9.675483908183503345e+00
1.409999999999999920e+00,-1.087700529558831342e+00,1.558874226600763393e+02,3.268613679164729113e+00,1.063552471429717272e+01
1.419999999999999929e+00,-1.145835197073153067e+00,1.537371808061319882e+02,3.471607503517569082e+00,1.161092087328564482e+01
1.429999999999999938e+00,-1.208823426478636165e+00,1.515694670956052335e+02,3.695437206999139690e+00,1.260108491432552213e+01
1.439999999999999947e+00,-1.276814683325884658e+00,1.493871891236823899e+02,3.941557255732202059e+00,1.360531465065099610e+01
1.449999999999999956e+00,-1.349843192782402834e+00,1.471932130084612709e+02,4.211177291458640504e+00,1.462288388628499902e+01
1.459999999999999964e+00,-1.427835520314892692e+00,1.449901511898376327e+02,4.505277402856415314e+00,1.565313583993922819e+01
1.469999999999999973e+00,-1.510626765424183615e+00,1.427801724077827714e+02,4.824651109628448786e+00,1.669557251705603917e+01
1.479999999999999982e+00,-1.597984194268124547e+00,1.405648484597772097e+02,5.169975498833258243e+00,1.774993278305205990e+01
1.489999999999999991e+00,-1.689636584114706519e+00,1.383450501444168026e+02,5.541906140401493097e+00,1.881625169410436271e+01
1.500000000000000000e+00,-1.785307063458018151e+00,1.361209016522820150e+02,5.941192330235081975e+00,1.989489393643678738e+01
1.510000000000000009e+00,-1.884746854167292707e+00,1.338917985404271178e+02,6.368806044936914823e+00,2.098655520078014192e+01
1.520000000000000018e+00,-1.987767116700174030e+00,1.316564894504506071e+02,6.826076033352073580e+00,2.209222706830956895e+01
1.530000000000000027e+00,-2.094266125164668146e+00,1.294132162392063492e+02,7.314817055936193135e+00,2.321312344527432714e+01
1.540000000000000036e+00,-2.204249294772124390e+00,1.271599017305794348e+02,7.837443708741368198e+00,2.435056952182980083e+01
1.550000000000000044e+00,-2.317840151598524745e+00,1.248943695441189874e+02,8.397058693920616435e+00,2.550585728133587082e+01
1.560000000000000053e+00,-2.435281128389200855e+00,1.226145770871329148e+02,8.997506789350900647e+00,2.668007434359763863e+01
1.570000000000000062e+00,-2.556924001378971134e+00,1.203188413252398306e+02,9.643387902744889217e+00,2.787391505414502291e+01
1.580000000000000071e+00,-2.683210734863701319e+00,1.180060375934345274e+02,1.034002512629186121e+01,2.908748406163406841e+01
1.590000000000000080e+00,-2.814646352592073963e+00,1.156757543454791062e+02,1.109338628584873021e+01,3.032010319068997006e+01
1.600000000000000089e+00,-2.951766110803175636e+00,1.133283909197517971e+02,1.190995986694342790e+01,3.157013242125333363e+01
1.610000000000000098e+00,-3.095099651317247513e+00,1.109651904857915241e+02,1.279658835704054809e+01,3.283481549955568823e+01
1.620000000000000107e+00,-3.245134956588056063e+00,1.085882056547661563e+02,1.376026413635788259e+01,3.411016033364752786e+01
1.629999999999999893e+00,-3.402284844630385496e+00,1.062001992313347500e+02,1.480789538297166885e+01,3.539086387147896318e+01
1.639999999999999902e+00,-3.566858486464643541e+00,1.038044869065503235e+02,1.594605233224678464e+01,3.667029034214983341e+01
1.649999999999999911e+00,-3.739040061727524566e+00,1.014047322249056009e+02,1.718070775140812856e+01,3.794050999878070485e+01
1.659999999999999920e+00,-3.918876234785957813e+00,9.900470696777391311e+01,1.851698937318751348e+01,3.919240210063882301e+01
1.669999999999999929e+00,-4.106273655152746116e+00,9.660803232897232817e+01,1.995896546176617647e+01,4.041582013966817044e+01
1.679999999999999938e+00,-4.301007158197783120e+00,9.421791803583334968e+01,2.150948629587161420e+01,4.159980897670086364e+01
1.689999999999999947e+00,-4.502738744240813773e+00,9.183691788369013409e+01,2.317010242415445020e+01,4.273285310296220985e+01
1.699999999999999956e+00,-4.711046723925976565e+00,8.946672081142544641e+01,2.494107342939430438e+01,4.380312424476245070e+01
1.709999999999999964e+00,-4.925463630980944529e+00,8.710799627923826449e+01,2.682146770684335735e+01,4.479868764573238593e+01
1.719999999999999973e+00,-5.145520651582188520e+00,8.476031084275595617e+01,2.880933491505851052e+01,4.570762298420694236e+01
1.729999999999999982e+00,-5.370795480849298364e+00,8.242212901874333397e+01,3.090191068507371241e+01,4.651802132451310712e+01
1.739999999999999991e+00,-5.600959814163358530e+00,8.009090560631805999e+01,3.309579211813115052e+01,4.721783590460237434e+01
1.750000000000000000e+00,-5.835822261732419136e+00,7.776326877145298511e+01,3.538700796501564128e+01,4.779459191427002196e+01
1.760000000000000009e+00,-6.075362476469180706e+00,7.543528413502976093e+01,3.777090452777227370e+01,4.823499605906452103e+01
1.770000000000000018e+00,-6.319752791769314371e+00,7.310278099876127555e+01,4.024178131803712688e+01,4.852452557189945992e+01
1.780000000000000027e+00,-6.569364671233901554e+00,7.076171411748487117e+01,4.279224123073239383e+01,4.864711177068527803e+01
1.790000000000000036e+00,-6.824758666496562043e+00,6.840852940442702845e+01,4.541226788526644498e+01,4.858505791649427152e+01
1.800000000000000044e+00,-7.086658164825943018e+00,6.604050050562837271e+01,4.808810487280952373e+01,4.831933748397521100e+01
1.810000000000000053e+00,-7.355908747589261054e+00,6.365600546210916377e+01,5.080108222733657186e+01,4.783039946324239367e+01
1.820000000000000062e+00,-7.633426257647883517e+00,6.125471811029714075e+01,5.352660492353511756e+01,4.709955485064405423e+01
1.830000000000000071e+00,-7.920137547481624907e+00,5.883769631775327724e+01,5.623357143313556605e+01,4.611092837268936506e+01
1.840000000000000080e+00,-8.216918313547909136e+00,5.640735727801030919e+01,5.888450600078085273e+01,4.485383394223485709e+01
1.850000000000000089e+00,-8.524532478103660438e+00,5.396733774610149936e+01,6.143664195169306197e+01,4.332528675828415032e+01
1.860000000000000098e+00,-8.843577383863186370e+00,5.152224361154188870e+01,6.384406670093748914e+01,4.153223266485276355e+01
1.870000000000000107e+00,-9.174438760155050332e+00,4.907729850085431877e+01,6.606083416319188473e+01,3.949300531393342339e+01
1.879999999999999893e+00,-9.517259106402564228e+00,4.663790563320380755e+01,6.804470227286864770e+01,3.723756397539766283e+01
1.889999999999999902e+00,-9.871922850039112518e+00,4.420914169633246615e+01,6.976093208575976234e+01,3.480624560784826116e+01
1.899999999999999911e+00,-1.023806130777003531e+01,4.179520684932575136e+01,7.118547499903417020e+01,3.224706132043963436e+01
1.909999999999999920e+00,-1.061507995797008874e+01,3.939886152410154807e+01,7.230693772973921796e+01,2.961190175683275783e+01
1.919999999999999929e+00,-1.100220960607316734e+01,3.702088821220769432e+01,7.312695297505563019e+01,2.695227956484627896e+01
1.929999999999999938e+00,-1.139858148582593778e+01,3.465962363812361957e+01,7.365892889338689997e+01,2.431533819105991157e+01
1.939999999999999947e+00,-1.180332407359774649e+01,3.231061136100025522e+01,7.392549111205264012e+01,2.174076404629781578e+01
1.949999999999999956e+00,-1.221567648561329023e+01,2.996642393213107880e+01,7.395516296182665883e+01,1.925899676001758110e+01
1.959999999999999964e+00,-1.263511014335436933e+01,2.761669436736113425e+01,7.377890076105560979e+01,1.689083096086041991e+01
1.969999999999999973e+00,-1.306144757739864914e+01,2.524837725083597206e+01,7.342702308896377872e+01,1.464823642612380361e+01
1.979999999999999982e+00,-1.349496560203367679e+01,2.284623115774599711e+01,7.292690218234078259e+01,1.253605066602452567e+01
1.989999999999999991e+00,-1.393647034883797531e+01,2.039348032143672640e+01,7.230158822084079873e+01,1.055413227650764973e+01
2.000000000000000000e+00,-1.438733411551032404e+01,1.787258125804655506e+01,7.156936310153011505e+01,8.699583860947866398e+00
2.009999999999999787e+00,-1.484948836153655094e+01,1.526599683552911912e+01,7.074409283198099274e+01,6.968726173104287547e+00
2.020000000000000018e+00,-1.532537253132265320e+01,1.255687158318447239e+01,6.983616911439013109e+01,5.358600659856922022e+00
2.029999999999999805e+00,-1.581784340459524607e+01,9.729509330683876911e+00,6.885379315523236698e+01,3.867877327608791216e+00
2.040000000000000036e+00,-1.633005311021513961e+01,6.769574231264969377e+00,6.780434972225911849e+01,2.497140082358064284e+00
2.049999999999999822e+00,-1.686530497461279765e+01,3.663962067730781591e+00,6.669564199741607524e+01,1.248607791345879958e+00
2.060000000000000053e+00,-1.742689479218362436e+01,4.003127681277993122e-01,6.553680520150030020e+01,1.254208551078483946e-01
2.069999999999999840e+00,-1.801794117471730772e+01,-3.033848597320770057e+00,6.433878517919103501e+01,-8.693276671890042273e-01
2.080000000000000071e+00,-1.864120281266388446e+01,-6.652348509412557398e+00,6.311434838592832364e+01,-1.733618091008401807e+00
2.089999999999999858e+00,-1.929887303139071975e+01,-1.047198610479778402e+01,6.187766856982194952e+01,-2.467403278264530986e+00
2.100000000000000089e+00,-1.999233275368213469e+01,-1.451454476094178858e+01,6.064359813580713876e+01,-3.073240799892364983e+00
2.109999999999999876e+00,-2.072183113005017319e+01,-1.880918242946960817e+01,5.942676765992337096e+01,-3.556580134742884702e+00
2.120000000000000107e+00,-2.148604762272751856e+01,-2.339512570514519041e+01,5.824066178843229125e+01,-3.925692298628906229e+00
2.129999999999999893e+00,-2.228146998438234760e+01,-2.832443430248730465e+01,5.709679853467746113e+01,-4.191283877312026895e+00
2.140000000000000124e+00,-2.310150305784089397e+01,-3.366426651016018923e+01,5.600410211124661686e+01,-4.365872758341136972e+00
2.149999999999999911e+00,-2.393521894006994088e+01,-3.949744168302424896e+01,5.496851856093568500e+01,-4.463017373032696966e+00
2.160000000000000142e+00,-2.476571224486367129e+01,-4.591904779564190164e+01,5.399288770194399945e+01,-4.496489091072287003e+00
2.169999999999999929e+00,-2.556822620555468006e+01,-5.302547380873436822e+01,5.307705887026135372e+01,-4.479465444789799911e+00
2.180000000000000160e+00,-2.630870348666061531e+01,-6.089141533847688237e+01,5.221822174751590495e+01,-4.423806756176879240e+00
2.189999999999999947e+00,-2.694423906576767891e+01,-6.953261173032379361e+01,5.141141435762974510e+01,-4.339464884140615375e+00
2.200000000000000178e+00,-2.742760982511380874e+01,-7.886124772954092066e+01,5.065016429828173727e+01,-4.234061594027388686e+00
2.209999999999999964e+00,-2.771720035566171703e+01,-8.865715359900076464e+01,4.992721348502359291e+01,-4.112664299994968076e+00
2.220000000000000195e+00,-2.778986563141427268e+01,-9.858694036207202771e+01,4.923527015812322816e+01,-3.977776088916176622e+00
2.229999999999999982e+00,-2.764971247955466538e+01,-1.082811961493847832e+02,4.856772595192070696e+01,-3.829542587070962067e+00
2.240000000000000213e+00,-2.732653678428025756e+01,-1.174328615219170331e+02,4.791927347181252372e+01,-3.666159504931329582e+00
2.250000000000000000e+00,-2.686511159859491826e+01,-1.258597103073512784e+02,4.728636447294113054e+01,-3.484443096467679801e+00
2.259999999999999787e+00,-2.631260984302869943e+01,-1.335071595435890970e+02,4.666746255357615780e+01,-3.280505083480028894e+00
2.270000000000000018e+00,-2.571015902015140497e+01,-1.404115552429725255e+02,4.606306686590001220e+01,-3.050458762637339838e+00
2.279999999999999805e+00,-2.508965670784267488e+01,-1.466558099898159355e+02,4.547551135894572383e+01,-2.791078323018360230e+00
2.290000000000000036e+00,-2.447402514391681905e+01,-1.523357920321332983e+02,4.490857205439547073e+01,-2.500340754215534478e+00
2.299999999999999822e+00,-2.387885170214491737e+01,-1.575409700374704869e+02,4.436693706498736134e+01,-2.177797762033006457e+00
2.310000000000000053e+00,-2.331419418998848769e+01,-1.623459297130470986e+02,4.385560640475753758e+01,-1.824749654065827231e+00
2.319999999999999840e+00,-2.278607196010156244e+01,-1.668083860716400295e+02,4.337928992189704047e+01,-1.444218744342122163e+00
2.330000000000000071e+00,-2.229755741230000154e+01,-1.709704646806300161e+02,4.294186366256941767e+01,-1.040741584548317444e+00
2.339999999999999858e+00,-2.184953016409060922e+01,-1.748613488017797408e+02,4.254593129462269019e+01,-6.200144007548342717e-01
2.350000000000000089e+00,-2.144118748643102634e+01,-1.785003224411798328e+02,4.219252187711595781e+01,-1.884341011819188894e-01
2.359999999999999876e+00,-2.107039523757075017e+01,1.781002199367730441e+02,4.188094123811350755e+01,2.474203235719412419e-01
2.370000000000000107e+00,-2.073394599802199423e+01,1.749319549112446452e+02,4.160878278136593877e+01,6.813218358073445113e-01
2.379999999999999893e+00,-2.042777572860108393e+01,1.719880516693754373e+02,4.137209426521269506e+01,1.107902264528982661e+00
2.390000000000000124e+00,-2.014717811207230724e+01,1.692608661941154935e+02,4.116568851994167488e+01,1.523091112292235927e+00
2.399999999999999911e+00,-1.988704468195025399e+01,1.667399737611224566e+02,4.098357661851643741e+01,1.924447241303997025e+00
2.410000000000000142e+00,-1.964214625667215586e+01,1.644106564529116667e+02,4.081949094438750336e+01,2.311348442846054674e+00
2.419999999999999929e+00,-1.940745543966265885e+01,1.622530021768095878e+02,4.066745364560991760e+01,2.685012052868728905e+00
2.430000000000000160e+00,-1.917849154619880636e+01,1.602417716676539499e+02,4.052233546311149581e+01,3.048333561584885665e+00
2.439999999999999947e+00,-1.895165165987954126e+01,1.583471289113650471e+02,4.038034424379698351e+01,3.405549429277162865e+00
2.450000000000000178e+00,-1.872448026758813455e+01,1.565362065727824756e+02,4.023938482614862266e+01,3.761752734911270046e+00
2.459999999999999964e+00,-1.849583069705939309e+01,1.547753184531030399e+02,4.009924409280723978e+01,4.122311625097808907e+00
2.470000000000000195e+00,-1.826588661839191730e+01,1.530324877239659997e+02,3.996157589715164704e+01,4.492255871956080782e+00
2.479999999999999982e+00,-1.803603767774112754e+01,1.512798882382408863e+02,3.982968665535899788e+01,4.875702266858831457e+00
2.490000000000000213e+00,-1.780863144551871002e+01,1.494958269046154555e+02,3.970814832343909018e+01,5.275383645575471903e+00
2.500000000000000000e+00,-1.758664476809361688e+01,1.476660157643247260e+02,3.960228599434095997e+01,5.692330689340445282e+00
2.509999999999999787e+00,-1.737332538585888386e+01,1.457840454925512574e+02,3.951759900721756225e+01,6.125734313076179660e+00
2.520000000000000018e+00,-1.717184930294889256e+01,1.438511207603610558e+02,3.945917656228241555e+01,6.572994336717206565e+00
2.529999999999999805e+00,-1.698502562406086724e+01,1.418752127733371537e+02,3.943116323367017628e+01,7.029941295751997998e+00
2.540000000000000036e+00,-1.681506477160767332e+01,1.398698149687205614e+02,3.943631975565995162e+01,7.491204753593614818e+00
2.549999999999999822e+00,-1.666341320423649108e+01,1.378524679753552391e+02,3.947571329293044329e+01,7.950693200700764685e+00
2.560000000000000053e+00,-1.653065040095987825e+01,1.358431740631452840e+02,3.954856116465244043e+01,8.402145865411290160e+00
2.569999999999999840e+00,-1.641644199197702747e+01,1.338627730890045768e+02,3.965224301537109142e+01,8.839713361340525211e+00
2.580000000000000071e+00,-1.631954507234605245e+01,1.319313182025547633e+02,3.978248751177629572e+01,9.258520577380592087e+00
2.589999999999999858e+00,-1.623786585868380072e+01,1.300664793158674115e+02,3.993372883261114481e+01,9.655161588154109964e+00
2.600000000000000089e+00,-1.616857370738701860e+01,1.282820178071060297e+02,4.009961390982218887e+01,1.002807435791691049e+01
2.609999999999999876e+00,-1.610827690965473025e+01,1.265864131608507819e+02,4.027362346762910050e+01,1.037774562061923866e+01
2.620000000000000107e+00,-1.605326269248589810e+01,1.249817704402121450e+02,4.044975052309330010e+01,1.070670665470771787e+01
2.629999999999999893e+00,-1.599979537416940900e+01,1.234631782895910845e+02,4.062316346240609732e+01,1.101930042340306315e+01
2.640000000000000124e+00,-1.594445320574130776e+01,1.220186966437183855e+02,4.079077247369228587e+01,1.132122860309161716e+01
2.649999999999999911e+00,-1.588446908867476282e+01,1.206301091475753253e+02,4.095162250853074681e+01,1.161891894061495023e+01
2.660000000000000142e+00,-1.581802847047272564e+01,1.192744689982859114e+02,4.110705460920068788e+01,1.191878229849955950e+01
2.669999999999999929e+00,-1.574447535189727887e+01,1.179263155093766215e+02,4.126060776193200041e+01,1.222644755391236160e+01
2.680000000000000160e+00,-1.566438822020309196e+01,1.165602860218771468e+02,4.141766909893815551e+01,1.254606649627038983e+01
2.689999999999999947e+00,-1.557951047088091023e+01,1.151537491150172627e+02,4.158491335950101586e+01,1.287976954143167241e+01
2.700000000000000178e+00,-1.549254767788603360e+01,1.136890799887063963e+02,4.176959636551526245e+01,1.322733030265644594e+01
2.709999999999999964e+00,-1.540686761621616263e+01,1.121552892534565586e+02,4.197877868477861796e+01,1.358606931854909305e+01
2.720000000000000195e+00,-1.532615102817696418e+01,1.105488651578411208e+02,4.221855558375933981e+01,1.395100102757921690e+01
2.729999999999999982e+00,-1.525403986432735515e+01,1.088738412739573249e+02,4.249336179065365116e+01,1.431520757524690168e+01
2.740000000000000213e+00,-1.519381852243095210e+01,1.071412108607761269e+02,4.280540939550158441e+01,1.467040902709863204e+01
2.750000000000000000e+00,-1.514814852292114544e+01,1.053678558020238967e+02,4.315430803356677814e+01,1.500768982182694700e+01
2.759999999999999787e+00,-1.511886374785480314e+01,1.035751488625002565e+02,4.353690923605114449e+01,1.531833212757132401e+01
2.770000000000000018e+00,-1.510682522912307135e+01,1.017873452510166743e+02,4.394740934270254229e+01,1.559469497792251858e+01
2.779999999999999805e+00,-1.511183240177405196e+01,1.000298286863842918e+02,4.437773330654492554e+01,1.583106289821641965e+01
2.790000000000000036e+00,-1.513259081075842261e+01,9.832723979747470366e+01,4.481820041114978181e+01,1.602437206270601422e+01
2.799999999999999822e+00,-1.516674245197851256e+01,9.670150582222508717e+01,4.525843991168103031e+01,1.617471235195245427e+01
2.810000000000000053e+00,-1.521097149411450467e+01,9.516981879364496422e+01,4.568848212526398100e+01,1.628550844422014876e+01
2.819999999999999840e+00,-1.526120166670784428e+01,9.374267553880049775e+01,4.609990664518060299e+01,1.636330928500275306e+01
2.830000000000000071e+00,-1.531289829456944318e+01,9.242218581392820909e+01,4.648689687408778326e+01,1.641716443303750594e+01
2.839999999999999858e+00,-1.536147457346334377e+01,9.120094652911589606e+01,4.684704216448061942e+01,1.645763099236354421e+01
2.850000000000000089e+00,-1.540277763899470287e+01,9.006182425295467908e+01,4.718175334325178483e+01,1.649552131214474215e+01
2.859999999999999876e+00,-1.543359984898761894e+01,8.897893336187638624e+01,4.749621203349414600e+01,1.654055132246494253e+01
2.870000000000000107e+00,-1.545213509172033994e+01,8.791991422330974615e+01,4.779884609157895881e+01,1.660006819804364397e+01
2.879999999999999893e+00,-1.545829238244425952e+01,8.684933099741350304e+01,4.810039374105103605e+01,1.667802004568871155e+01
2.890000000000000124e+00,-1.545379862349381384e+01,8.573271407985352255e+01,4.841267038605997897e+01,1.677428726548347981e+01
2.899999999999999911e+00,-1.544206641049577655e+01,8.454059076137052386e+01,4.874717591442221476e+01,1.688444075906432218e+01
2.910000000000000142e+00,-1.542785545504790079e+01,8.325186400453610247e+01,4.911367886864543664e+01,1.699994256018777961e+01
2.919999999999999929e+00,-1.541679680251348827e+01,8.185610521760304437e+01,4.951889796489596307e+01,1.710877004425143966e+01
2.930000000000000160e+00,-1.541486344306849610e+01,8.035462650971989262e+01,4.996538459330074033e+01,1.719642656155716054e+01
2.939999999999999947e+00,-1.542785841689562432e+01,7.876046715677153998e+01,5.045070224222914845e+01,1.724729138027266373e+01
2.950000000000000178e+00,-1.546096245496395838e+01,7.709758199658104161e+01,5.096700250686871669e+01,1.724624756794507974e+01
2.959999999999999964e+00,-1.551835127992018393e+01,7.539953591042350922e+01,5.150110503192102129e+01,1.718049580892081352e+01
2.970000000000000195e+00,-1.560286829786112150e+01,7.370791806435474314e+01,5.203518439388280825e+01,1.704140973614601506e+01
2.979999999999999982e+00,-1.571572650291395590e+01,7.207053884232696817e+01,5.254813060696180571e+01,1.682622098536059596e+01
2.990000000000000213e+00,-1.585621528560491811e+01,7.053930161101519047e+01,5.301756636004875389e+01,1.653926187335215658e+01
3.000000000000000000e+00,-1.602140405003287427e+01,6.916748102245094287e+01,5.342237395317467019e+01,1.619247438049392329e+01
3.009999999999999787e+00,-1.620586670835603016e+01,6.800602449871318811e+01,5.374543403711953715e+01,1.580494985395259633e+01
3.020000000000000018e+00,-1.640150072008833604e+01,6.709848738020424719e+01,5.397615679122542076e+01,1.540140881879617218e+01
3.029999999999999805e+00,-1.659757706970153279e+01,6.647442519641472813e+01,5.411235165768604105e+01,1.500974169645633260e+01
3.040000000000000036e+00,-1.678121263641341088e+01,6.614163528178019646e+01,5.416106989749407319e+01,1.465794762520716610e+01
3.049999999999999822e+00,-1.693845620095452276e+01,6.607861630006101450e+01,5.413825314425978519e+01,1.437095220529790041e+01
3.060000000000000053e+00,-1.705605759224991047e+01,6.622974324201688034e+01,5.406726857150028565e+01,1.416779984310654150e+01
3.069999999999999840e+00,-1.712371312690566327e+01,6.650619507944524855e+01,5.397662164996946643e+01,1.405959878942280028e+01
3.080000000000000071e+00,-1.713623599654629004e+01,6.679465165396301529e+01,5.389724343855633748e+01,1.404839779455434723e+01
3.089999999999999858e+00,-1.709491846209804322e+01,6.697293572833336839e+01,5.385973186355969489e+01,1.412697028677489719e+01
3.100000000000000089e+00,-1.700755373954769922e+01,6.692845796166611194e+01,5.389181618664441231e+01,1.427934189385838515e+01
3.109999999999999876e+00,-1.688712532865731930e+01,6.657385129229091092e+01,5.401616876710907178e+01,1.448185079140024811e+01
3.120000000000000107e+00,-1.674970658768848608e+01,6.585572905320152870e+01,5.424856523689633292e+01,1.470457026666162470e+01
3.129999999999999893e+00,-1.661230425678020239e+01,6.475584818250251828e+01,5.459633132889991458e+01,1.491301664470084631e+01
3.140000000000000124e+00,-1.649119006722265723e+01,6.328678302295833191e+01,5.505702707999589762e+01,1.507017199437554922e+01
3.149999999999999911e+00,-1.640091753526689189e+01,6.148521262768738183e+01,5.561740355870445285e+01,1.513892892213958241e+01
3.160000000000000142e+00,-1.635394445901002669e+01,5.940538518756269326e+01,5.625280470663296484e+01,1.508507632833424061e+01
3.169999999999999929e+00,-1.636065750218559600e+01,5.711422142300970961e+01,5.692734015829496030e+01,1.488085721546262441e+01
3.180000000000000160e+00,-1.642958723037355995e+01,5.468858440856016756e+01,5.759526259871346809e+01,1.450892428592908701e+01
3.189999999999999947e+00,-1.656764134180581749e+01,5.221471579633828952e+01,5.820396124902313773e+01,1.396621506472563290e+01
3.200000000000000178e+00,-1.678021967774989065e+01,4.978964626052976428e+01,5.869874948904670475e+01,1.326694896411514080e+01
3.209999999999999964e+00,-1.707108058589871646e+01,4.752435585714224686e+01,5.902915548759929010e+01,1.244376885258558296e+01
3.220000000000000195e+00,-1.744179203808726442e+01,4.554838825527028945e+01,5.915582040311195300e+01,1.154618799109958793e+01
3.229999999999999982e+00,-1.789051674710942663e+01,4.401524375435629821e+01,5.905661246056562419e+01,1.063605087322969389e+01
3.240000000000000213e+00,-1.840975908523342142e+01,4.310671802542771047e+01,5.873047234254874382e+01,9.780558952105097958e+00
3.250000000000000000e+00,-1.898262369727464716e+01,4.303158121268731406e+01,5.819797629507320380e+01,9.044216248916630008e+00
3.259999999999999787e+00,-1.957739996966792972e+01,4.400861300514709029e+01,5.749850866460046461e+01,8.481424698893192726e+00
3.270000000000000018e+00,-2.014164946412865120e+01,4.621695391605177861e+01,5.668488727391685700e+01,8.131206894321026724e+00
3.279999999999999805e+00,-2.060045710918953077e+01,4.969767388175806389e+01,5.581686664625814132e+01,8.014788496382598382e+00
3.290000000000000036e+00,-2.086787115669196524e+01,5.422497786642992423e+01,5.495496292870737420e+01,8.135903743347231654e+00
3.299999999999999822e+00,-2.087719295714066803e+01,5.924484826220687239e+01,5.415560798294914946e+01,8.483056927629757382e+00
3.310000000000000053e+00,-2.061551714959372816e+01,6.400695765471583343e+01,5.346802913035493532e+01,9.032744491733332382e+00
3.319999999999999840e+00,-2.013137279468639207e+01,6.785102903637562122e+01,5.293272717018157891e+01,9.752763018381852334e+00
3.330000000000000071e+00,-1.950734796217495060e+01,7.041858226024572787e+01,5.258111827650233039e+01,1.060503268414169575e+01
3.339999999999999858e+00,-1.882491589844875080e+01,7.165705846417183977e+01,5.243581415810540847e+01,1.154769530429568647e+01
3.350000000000000089e+00,-1.814551847795528872e+01,7.170118757797564513e+01,5.251107039386983644e+01,1.253650943196216616e+01
3.359999999999999876e+00,-1.750836291309994053e+01,7.075660858204311410e+01,5.281305991359325702e+01,1.352573747002819893e+01
3.370000000000000107e+00,-1.693556298570102570e+01,6.903201015144277619e+01,5.333977786272279786e+01,1.446881490304893880e+01
3.379999999999999893e+00,-1.643808545324396775e+01,6.671154237678317145e+01,5.408053647863761881e+01,1.531913129836373955e+01
3.390000000000000124e+00,-1.602024393358416532e+01,6.394883199293887088e+01,5.501516427707999668e+01,1.603124743120072537e+01
3.399999999999999911e+00,-1.568258704518127367e+01,6.086984795869720699e+01,5.611318563333698961e+01,1.656281520041435940e+01
3.410000000000000142e+00,-1.542360321235408627e+01,5.757831010452753162e+01,5.733341293546081374e+01,1.687733460630709104e+01
3.419999999999999929e+00,-1.524066451657584409e+01,5.416108013787736297e+01,5.862449358252757037e+01,1.694765318578249236e+01
3.430000000000000160e+00,-1.513050594908147772e+01,5.069270325730239080e+01,5.992694728122803127e+01,1.675979390896739929e+01
3.439999999999999947e+00,-1.508942334202580504e+01,4.723894896336751970e+01,6.117702576381866209e+01,1.631635259508088964e+01
3.450000000000000178e+00,-1.511329708078322653e+01,4.385941206705773254e+01,6.231229144097120098e+01,1.563847202329330521e+01
3.459999999999999964e+00,-1.519750334183956220e+01,4.060925702375340052e+01,6.327821703102385698e+01,1.476544817204692528e+01
3.470000000000000195e+00,-1.533675082958659530e+01,3.754014050512441258e+01,6.403456435309441019e+01,1.375146198543569120e+01
3.479999999999999982e+00,-1.552487257456439451e+01,3.470028016157645823e+01,6.456008417660271448e+01,1.265968914864040151e+01
3.490000000000000213e+00,-1.575460618728574502e+01,3.213358106244803736e+01,6.485437384282566597e+01,1.155484603021297829e+01
3.500000000000000000e+00,-1.601741043405434795e+01,2.987771586740488416e+01,6.493647538781434037e+01,1.049572289544360437e+01
3.509999999999999787e+00,-1.630338843964543116e+01,2.796112338687885668e+01,6.484068772172953743e+01,9.529207122655879658e+00
3.520000000000000018e+00,-1.660141082427948334e+01,2.639909510122858194e+01,6.461072390461715997e+01,8.686757778745542780e+00
3.529999999999999805e+00,-1.689953982425910084e+01,2.518949355578053684e+01,6.429354186816148342e+01,7.983539897934919694e+00
3.540000000000000036e+00,-1.718582387798140942e+01,2.430914245231032567e+01,6.393393936846651826e+01,7.419787329129439613e+00
3.549999999999999822e+00,-1.744943986434274663e+01,2.371234463584907459e+01,6.357053671155515673e+01,6.983628905967949940e+00
3.560000000000000053e+00,-1.768201289525272202e+01,2.333296962506378947e+01,6.323330553511580376e+01,6.654590935725493317e+00
3.569999999999999840e+00,-1.787879803618125862e+01,2.309079444136315473e+01,6.294248326507689484e+01,6.407165594528598795e+00
3.580000000000000071e+00,-1.803936075502178582e+01,2.290135351543760223e+01,6.270857343223213576e+01,6.214071747455962580e+00
3.589999999999999858e+00,-1.816751173425339516e+01,2.268710116083196837e+01,6.253312921964295867e+01,6.049034063248523552e+00
3.600000000000000089e+00,-1.827050123175624208e+01,2.238709170644111524e+01,6.241008341199612630e+01,5.889026805810246401e+00
3.609999999999999876e+00,-1.835772323717148424e+01,2.196303642766231334e+01,6.232746287285031173e+01,5.715973084041448438e+00
3.620000000000000107e+00,-1.843928868806004928e+01,2.140105798118774771e+01,6.226937267972652279e+01,5.517885228888137483e+00
3.629999999999999893e+00,-1.852477150630578961e+01,2.070984693623172745e+01,6.221814073315333360e+01,5.289411513154946398e+00
3.640000000000000124e+00,-1.862228404631681400e+01,1.991661349124410307e+01,6.215648488252855230e+01,5.031749339392457721e+00
3.649999999999999911e+00,-1.873789561250387337e+01,1.906217734466098790e+01,6.206952294878980325e+01,4.751914635410230403e+00
3.660000000000000142e+00,-1.887532357113662940e+01,1.819607407271709931e+01,6.194641979959715883e+01,4.461423932652690993e+00
3.669999999999999929e+00,-1.903580596711554662e+01,1.737202730088518976e+01,6.178147929487079892e+01,4.174533569577270953e+00
3.680000000000000160e+00,-1.921808685139109230e+01,1.664374476510949563e+01,6.157455229960997656e+01,3.906260771946334920e+00
3.689999999999999947e+00,-1.941848800358237170e+01,1.606080626320422056e+01,6.133073451369357798e+01,3.670453900119861057e+00
3.700000000000000178e+00,-1.963108712235958819e+01,1.566442142810892513e+01,6.105944203122913905e+01,3.478166093553010096e+00
3.709999999999999964e+00,-1.984806052960608724e+01,1.548303266214073837e+01,6.077304550913666503e+01,3.336520500198320249e+00
3.720000000000000195e+00,-2.006026392894304067e+01,1.552810054746732682e+01,6.048529167692300490e+01,3.248157480425072574e+00
3.729999999999999982e+00,-2.025810022047819459e+01,1.579085793910160440e+01,6.020973748115618918e+01,3.211254025205807050e+00
3.740000000000000213e+00,-2.043264577253983916e+01,1.624116856191022151e+01,5.995837859375872370e+01,3.220028013546825107e+00
3.750000000000000000e+00,-2.057688581971945752e+01,1.682959302418357694e+01,5.974059098665154721e+01,3.265596957314302440e+00
3.759999999999999787e+00,-2.068679473391416579e+01,1.749312349200711836e+01,5.956244208934402451e+01,3.337050898360360840e+00
3.770000000000000018e+00,-2.076196370068787544e+01,1.816388559596396490e+01,5.942637972730562979e+01,3.422611471211502998e+00
3.779999999999999805e+00,-2.080557774554322492e+01,1.877894271987835140e+01,5.933127632234047866e+01,3.510770777236120299e+00
3.790000000000000036e+00,-2.082374655662645324e+01,1.928885490994790075e+01,5.927278913589050546e+01,3.591324505473419748e+00
3.799999999999999822e+00,-2.082439437412677563e+01,1.966315381830294839e+01,5.924398757451714914e+01,3.656229053377152205e+00
3.810000000000000053e+00,-2.081601013395014022e+01,1.989206661660903208e+01,5.923618901498596045e+01,3.700223120394799725e+00
3.819999999999999840e+00,-2.080652360676051771e+01,1.998497320216173634e+01,5.923993162513730226e+01,3.721164965051630080e+00
3.830000000000000071e+00,-2.080245925807780694e+01,1.996670705978336002e+01,5.924599704482157136e+01,3.720052839502610009e+00
3.839999999999999858e+00,-2.080840245730551885e+01,1.987284118805943223e+01,5.924638238572688209e+01,3.700721781941501032e+00
3.850000000000000089e+00,-2.082673949809086622e+01,1.974477437212158648e+01,5.923511675901486484e+01,3.669244596543141501e+00
3.859999999999999876e+00,-2.085761106341653459e+01,1.962503734077029804e+01,5.920882849248030766e+01,3.633103300693647064e+00
3.870000000000000107e+00,-2.089903214139638266e+01,1.955295715513493704e+01,5.916699747278615718e+01,3.600230877908044747e+00
3.879999999999999893e+00,-2.094715842556847463e+01,1.956071576546828439e+01,5.911186915656544727e+01,3.578042717901971592e+00
3.890000000000000124e+00,-2.099670175091519653e+01,1.966990083495341679e+01,5.904805429261138983e+01,3.572576716018748488e+00
3.899999999999999911e+00,-2.104150195441165749e+01,1.988881428353535696e+01,5.898188074754631316e+01,3.587840359761319764e+00
3.910000000000000142e+00,-2.107524214260272544e+01,2.021098162138484255e+01,5.892059218320525105e+01,3.625427717841159581e+00
3.919999999999999929e+00,-2.109225003414642430e+01,2.061537012660113533e+01,5.887149845859136832e+01,3.684428020863129039e+00
3.930000000000000160e+00,-2.108827454535651924e+01,2.106866248938036534e+01,5.884117568678117038e+01,3.761609517683369042e+00
3.939999999999999947e+00,-2.106109146941934185e+01,2.152951430533221355e+01,5.883479503614317707e+01,3.851833723816761257e+00
3.950000000000000178e+00,-2.101080290136096806e+01,2.195416806929694431e+01,5.885563520004987481e+01,3.948638185253804167e+00
3.959999999999999964e+00,-2.093976055990813379e+01,2.230235032100016923e+01,5.890480947066823347e+01,4.044919053110429985e+00
3.970000000000000195e+00,-2.085214067970711938e+01,2.254227815905776211e+01,5.898121754750174972e+01,4.133644817525982340e+00
3.979999999999999982e+00,-2.075328447505297191e+01,2.265390589274297284e+01,5.908171499925010295e+01,4.208536209510237214e+00
3.990000000000000213e+00,-2.064895734553546802e+01,2.263009124514588422e+01,5.920147839952825564e+01,4.264652645191689295e+00
4.000000000000000000e+00,-2.054466477494230503e+01,2.247589135961563045e+01,5.933452997781469662e+01,4.298832609748028055e+00
4.009999999999999787e+00,-2.044511327785039967e+01,2.220651905446747065e+01,5.947437153185369851e+01,4.309945456329214331e+00
4.019999999999999574e+00,-2.035384963768743916e+01,2.184455846654122979e+01,5.961466440614103135e+01,4.298927012488264587e+00
4.030000000000000249e+00,-2.027307144375609127e+01,2.141693357448139423e+01,5.974988327048028935e+01,4.268592000977624146e+00
4.040000000000000036e+00,-2.020358275134454118e+01,2.095195495658468943e+01,5.987586970819027243e+01,4.223241468936266507e+00
4.049999999999999822e+00,-2.014486634748164562e+01,2.047662440298998376e+01,5.999022002692518640e+01,4.168109759471332332e+00
4.059999999999999609e+00,-2.009525040447852007e+01,2.001429270765622448e+01,6.009246087436536499e+01,4.108718028954776891e+00
4.070000000000000284e+00,-2.005215452332123505e+01,1.958274462128710169e+01,6.018399389370237884e+01,4.050214825960560816e+00
4.080000000000000071e+00,-2.001240296188891676e+01,1.919280532046701992e+01,6.026782193295152013e+01,3.996785445941934523e+00
4.089999999999999858e+00,-1.997258875660866195e+01,1.884759233661591082e+01,6.034809821120445861e+01,3.951200275088065705e+00
4.099999999999999645e+00,-1.992946214228745205e+01,1.854254063608447822e+01,6.042956106027487806e+01,3.914550847288837954e+00
4.110000000000000320e+00,-1.988030396775284103e+01,1.826627891038744522e+01,6.051692738824047524e+01,3.886195627716294787e+00
4.120000000000000107e+00,-1.982323586295688145e+01,1.800232451434498770e+01,6.061431766481449301e+01,3.863910760215649720e+00
4.129999999999999893e+00,-1.975742001139627035e+01,1.773141456398430194e+01,6.072477611162481992e+01,3.844218180170278387e+00
4.139999999999999680e+00,-1.968311565352838954e+01,1.743414954948645246e+01,6.084993506387014861e+01,3.822846659434462779e+00
4.150000000000000355e+00,-1.960158445044647024e+01,1.709354827185223158e+01,6.098985510651990438e+01,3.795270739218684852e+00
4.160000000000000142e+00,-1.951486497141670284e+01,1.669713239810400296e+01,6.114305450404712161e+01,3.757267282576217227e+00
4.169999999999999929e+00,-1.942545865006156447e+01,1.623826870674756861e+01,6.130672342848955481e+01,3.705428609044246091e+00
4.179999999999999716e+00,-1.933597939900461427e+01,1.571665452158375409e+01,6.147710070187117282e+01,3.637574542548309697e+00
4.190000000000000391e+00,-1.924881608950114042e+01,1.513798239212467145e+01,6.164997351619999932e+01,3.553013668912255341e+00
4.200000000000000178e+00,-1.916584552329025826e+01,1.451292405394301532e+01,6.182124502433833158e+01,3.452617468749860308e+00
4.209999999999999964e+00,-1.908821940019978669e+01,1.385561953280525316e+01,6.198750301075644131e+01,3.338690093245226809e+00
4.219999999999999751e+00,-1.901623696770690231e+01,1.318185805026297608e+01,6.214651788461961957e+01,3.214640381398936597e+00
4.230000000000000426e+00,-1.894930762971773675e+01,1.250711789888589109e+01,6.229760246215208497e+01,3.084488513143682109e+00
4.240000000000000213e+00,-1.888600418150873850e+01,1.184461584452590444e+01,6.244178036075258120e+01,2.952263245434306516e+00
4.250000000000000000e+00,-1.882420515344949052e+01,1.120351592865744550e+01,6.258173290942347222e+01,2.821362420864016674e+00
4.259999999999999787e+00,-1.876132107539090299e+01,1.058746222332231923e+01,6.272152256283461469e+01,2.693955917993625881e+00
4.269999999999999574e+00,-1.869459209536728750e+01,9.993616335743542578e+00,6.286611881618248532e+01,2.570505316286526121e+00
4.280000000000000249e+00,-1.862143292803527217e+01,9.412375405722952948e+00,6.302077570379315574e+01,2.449459892488516477e+00
4.290000000000000036e+00,-1.853978785979234800e+01,8.827896928404230792e+00,6.319032499116963919e+01,2.327167840515328212e+00
4.299999999999999822e+00,-1.844844831587498390e+01,8.219452566396732607e+00,6.337845549123428412e+01,2.198019169983622234e+00
4.309999999999999609e+00,-1.834728399042405300e+01,7.563488136956823205e+00,6.358704815249604536e+01,2.054816073672102394e+00
4.320000000000000284e+00,-1.823734938501134195e+01,6.836121215579222365e+00,6.381563144916357544e+01,1.889349241958346637e+00
4.330000000000000071e+00,-1.812084966416070841e+01,6.015713193177119500e+00,6.406101466052994908e+01,1.693144156917930854e+00
4.339999999999999858e+00,-1.800097669588533833e+01,5.085147351711859720e+00,6.431714889499750143e+01,1.458327973996647486e+00
4.349999999999999645e+00,-1.788164916681633088e+01,4.033531671492637471e+00,6.457525618036281401e+01,1.178553282799114754e+00
4.360000000000000320e+00,-1.776720270874133689e+01,2.857190588442180879e+00,6.482425283412659667e+01,8.498993155476214367e-01
4.370000000000000107e+00,-1.766207493633282510e+01,1.559961280737676814e+00,6.505147128909266030e+01,4.716560778606887494e-01
4.379999999999999893e+00,-1.757051911372150244e+01,1.529222209912479702e-01,6.524365250877758626e+01,4.688733983694246682e-02
4.389999999999999680e+00,-1.749636443661570695e+01,-1.346266347231040550e+00,6.538814036606717650e+01,-4.173286513249638841e-01
4.400000000000000355e+00,-1.744282596485843229e+01,-2.914234993065445423e+00,6.547416593284037845e+01,-9.100599602797111443e-01
4.410000000000000142e+00,-1.741235635556102324e+01,-4.522858873366736532e+00,6.549407410935060625e+01,-1.417118726651877214e+00
4.419999999999999929e+00,-1.740652577486838126e+01,-6.140222050106258322e+00,6.544432986828257981e+01,-1.922069665571409791e+00
4.429999999999999716e+00,-1.742591530532712696e+01,-7.731585683141670273e+00,6.532615629575660421e+01,-2.407554956819423886e+00
4.440000000000000391e+00,-1.747001197579313470e+01,-9.260411657957464016e+00,6.514570359741439631e+01,-2.856783451512261873e+00
4.450000000000000178e+00,-1.753709966771179651e+01,-1.068954153216680325e+01,6.491371904772860546e+01,-3.255001215809703474e+00
4.459999999999999964e+00,-1.762414959331161057e+01,-1.198266497746240589e+01,6.464476564680688853e+01,-3.590765862746688963e+00
4.469999999999999751e+00,-1.772672711868116124e+01,-1.310622329533314456e+01,6.435610232219913485e+01,-3.856887347497350405e+00
4.480000000000000426e+00,-1.783894826822112378e+01,-1.403186473761592801e+01,6.406637558373601848e+01,-4.050960758994737176e+00
4.490000000000000213e+00,-1.795353722830770948e+01,-1.473947324354079491e+01,6.379427591737585601e+01,-4.175484265616703716e+00
4.500000000000000000e+00,-1.806204967710237952e+01,-1.522060457740583317e+01,6.355728666632182922e+01,-4.237610936634057524e+00
4.509999999999999787e+00,-1.815532485976449806e+01,-1.548188038293478641e+01,6.337061066718005975e+01,-4.248616200528011255e+00
4.519999999999999574e+00,-1.822419802670343358e+01,-1.554756812771803176e+01,6.324631444765530119e+01,-4.223171039575342789e+00
4.530000000000000249e+00,-1.826043547697593183e+01,-1.546035987522175148e+01,6.319269274385795399e+01,-4.178499376786409591e+00
4.540000000000000036e+00,-1.825775754329119138e+01,-1.527946479189304441e+01,6.321383390931380575e+01,-4.133474943642047705e+00
4.549999999999999822e+00,-1.821272959838412930e+01,-1.507569530688295600e+01,6.330936084044708423e+01,-4.107687263631638608e+00
4.559999999999999609e+00,-1.812528323422279897e+01,-1.492415732719729604e+01,6.347432985949600237e+01,-4.120485780178567481e+00
4.570000000000000284e+00,-1.799871295591909970e+01,-1.489604831781043615e+01,6.369928676496978426e+01,-4.190000758943867254e+00
4.580000000000000071e+00,-1.783915279492807926e+01,-1.505142641523512026e+01,6.397049898242434551e+01,-4.332142089602840862e+00
4.589999999999999858e+00,-1.765469419193522427e+01,-1.543441915562721789e+01,6.427039890293265501e+01,-4.559592768606253621e+00
4.599999999999999645e+00,-1.745438487593053978e+01,-1.607143195404466596e+01,6.457827954318914010e+01,-4.880840336619360009e+00
4.610000000000000320e+00,-1.724732616220455483e+01,-1.697199490169101210e+01,6.487127386810475116e+01,-5.299321560813820220e+00
4.620000000000000107e+00,-1.704199896114902657e+01,-1.813134209699637722e+01,6.512562005870547921e+01,-5.812784733872273790e+00
4.629999999999999893e+00,-1.684585240442063991e+01,-1.953373322871036066e+01,6.531816763140056992e+01,-6.412989305070525781e+00
4.639999999999999680e+00,-1.666512115972911090e+01,-2.115574920804229819e+01,6.542802079745757737e+01,-7.085853420738365216e+00
4.650000000000000355e+00,-1.650480746250658370e+01,-2.296911386061708527e+01,6.543815951531973951e+01,-7.812119613635083226e+00
4.660000000000000142e+00,-1.636876233129002145e+01,-2.494287012607992438e+01,6.533684305863096142e+01,-8.568538972426416933e+00
4.669999999999999929e+00,-1.625981329654674212e+01,-2.704491950446421811e+01,6.511860171765698624e+01,-9.329487032620155773e+00
4.679999999999999716e+00,-1.617990246401670973e+01,-2.924302395339908855e+01,6.478466699890533675e+01,-1.006884174543269772e+01
4.690000000000000391e+00,-1.613021314785983051e+01,-3.150539846461114379e+01,6.434277332579107167e+01,-1.076189906463237911e+01
4.700000000000000178e+00,-1.611127378856626891e+01,-3.380101833754317653e+01,6.380636537494324045e+01,-1.138709222854062730e+01
4.709999999999999964e+00,-1.612303461385541681e+01,-3.609974767809346474e+01,6.319333842736028828e+01,-1.192732015137904789e+01
4.719999999999999751e+00,-1.616491646836910689e+01,-3.837237633119720215e+01,6.252450090130436422e+01,-1.237076654130420472e+01
4.730000000000000426e+00,-1.623583348094925327e+01,-4.059063662193727140e+01,6.182196623353601694e+01,-1.271118218342358830e+01
4.740000000000000213e+00,-1.633419264768870249e+01,-4.272726050981837886e+01,6.110765748630817740e+01,-1.294768458968897207e+01
4.750000000000000000e+00,-1.645787467472742449e+01,-4.475613149257140577e+01,6.040205579314148565e+01,-1.308418497774396627e+01
4.759999999999999787e+00,-1.660420206213033367e+01,-4.665258189304982750e+01,5.972326097247785270e+01,-1.312857605500375868e+01
4.769999999999999574e+00,-1.676990277136561147e+01,-4.839388189243801719e+01,5.908637527446670390e+01,-1.309180894571446885e+01
4.780000000000000249e+00,-1.695108104358406820e+01,-4.995995741418705904e+01,5.850317920787419013e+01,-1.298696327468262801e+01
4.790000000000000036e+00,-1.714321081460662555e+01,-5.133435406346882957e+01,5.798204491718583142e+01,-1.282838172531612386e+01
4.799999999999999822e+00,-1.734117093002090115e+01,-5.250542769016799838e+01,5.752802571118429142e+01,-1.263090821896643767e+01
4.809999999999999609e+00,-1.753934343972965237e+01,-5.346768445883184739e+01,5.714306545461236198e+01,-1.240924279320625878e+01
4.820000000000000284e+00,-1.773179427558711296e+01,-5.422311619534531957e+01,5.682628341895235735e+01,-1.217740863566429432e+01
4.830000000000000071e+00,-1.791254690006900319e+01,-5.478229318957910010e+01,5.657430436949287866e+01,-1.194831754199080720e+01
4.839999999999999858e+00,-1.807594235342004652e+01,-5.516491456941085403e+01,5.638161690090246481e+01,-1.173341793918615394e+01
4.849999999999999645e+00,-1.821705478764446795e+01,-5.539951547605158311e+01,5.624095329639756358e+01,-1.154241260487700949e+01
4.860000000000000320e+00,-1.833210596090949807e+01,-5.552212631987556080e+01,5.614369042560401368e+01,-1.138303926751828854e+01
4.870000000000000107e+00,-1.841880533555190524e+01,-5.557387860348882924e+01,5.608027308968595293e+01,-1.126091443656040170e+01
4.879999999999999893e+00,-1.847654461505127443e+01,-5.559780975909687584e+01,5.604065901974615826e+01,-1.117944729476914745e+01
4.889999999999999680e+00,-1.850640087267715828e+01,-5.563534627055126691e+01,5.601477920883952777e+01,-1.113983471624282551e+01
4.900000000000000355e+00,-1.851094442421488395e+01,-5.572304503657523611e+01,5.599299969298334645e+01,-1.114114922229033766e+01
4.910000000000000142e+00,-1.849389111624816806e+01,-5.589010202020331519e+01,5.596656302416785422e+01,-1.118052826283004464e+01
4.919999999999999929e+00,-1.845966776983780022e+01,-5.615692742567372875e+01,5.592798148400729730e+01,-1.125346569018028120e+01
4.929999999999999716e+00,-1.841296586504194011e+01,-5.653482803087479169e+01,5.587135145542911374e+01,-1.135419566461460583e+01
4.940000000000000391e+00,-1.835834465406296445e+01,-5.702662422836648659e+01,5.579256062876370237e+01,-1.147614734555508420e+01
4.950000000000000178e+00,-1.829992040370760975e+01,-5.762791518599268414e+01,5.568936721275449031e+01,-1.161243796659657335e+01
4.959999999999999964e+00,-1.824115386545387452e+01,-5.832869147979697999e+01,5.556134219542333597e+01,-1.175636464341924281e+01
4.969999999999999751e+00,-1.818473008104100686e+01,-5.911504756138532457e+01,5.540968001637457263e+01,-1.190185325821923001e+01
4.980000000000000426e+00,-1.813251519392548516e+01,-5.997082559072852348e+01,5.523689720966028460e+01,-1.204382661093883833e+01
4.990000000000000213e+00,-1.808557263232386347e+01,-6.087909649187187000e+01,5.504645013692910993e+01,-1.217846304365837540e+01
5.000000000000000000e+00,-1.804422310110457417e+01,-6.182343782534041310e+01,5.484231002324600013e+01,-1.230332918651047613e+01
5.009999999999999787e+00,-1.800813662097638002e+01,-6.278899797265263061e+01,5.462853538588687741e+01,-1.241738406776946491e+01
5.019999999999999574e+00,-1.797644847899468346e+01,-6.376334626720117171e+01,5.440887898303009251e+01,-1.252086440008971557e+01
5.030000000000000249e+00,-1.794789331869353433e+01,-6.473710619416550571e+01,5.418645980666412498e+01,-1.261507081954527720e+01
5.040000000000000036e+00,-1.792095229442995574e+01,-6.570436125183485387e+01,5.396352196346025210e+01,-1.270208146504736213e+01
5.049999999999999822e+00,-1.789400736068399667e+01,-6.666281739900004766e+01,5.374129298846218461e+01,-1.278442256780490638e+01
5.059999999999999609e+00,-1.786549489400979240e+01,-6.761370753107928522e+01,5.351994526948735853e+01,-1.286472621040053355e+01
5.070000000000000284e+00,-1.783404878958847917e+01,-6.856143506943317334e+01,5.329865637110315646e+01,-1.294540382621448948e+01
5.080000000000000071e+00,-1.779862190946250777e+01,-6.951297525300185498e+01,5.307575727236417862e+01,-1.302836094968259850e+01
5.089999999999999858e+00,-1.775857513860332304e+01,-7.047708029047893774e+01,5.284895180691270866e+01,-1.311477454569394396e+01
5.099999999999999645e+00,-1.771372576422283984e+01,-7.146336152498074057e+01,5.261558587746096549e+01,-1.320494903614478588e+01
5.110000000000000320e+00,-1.766435123942364172e+01,-7.248134061618816304e+01,5.237294145688190383e+01,-1.329826087133183954e+01
5.120000000000000107e+00,-1.761114979928543534e+01,-7.353956658254105605e+01,5.211852836475139128e+01,-1.339319420254906490e+01
5.129999999999999893e+00,-1.755516466351856764e+01,-7.464488439858628510e+01,5.185034684223259660e+01,-1.348746219531798118e+01
5.139999999999999680e+00,-1.749768252257661771e+01,-7.580191637270439742e+01,5.156709650528933508e+01,-1.357820042963413698e+01
5.150000000000000355e+00,-1.744011893273824754e+01,-7.701278590474146313e+01,5.126831251072280082e+01,-1.366221162708059289e+01
5.160000000000000142e+00,-1.738390303220307587e+01,-7.827708173022290339e+01,5.095441741941507985e+01,-1.373623571545159905e+01
5.169999999999999929e+00,-1.733037208236772031e+01,-7.959203535348019898e+01,5.062668645486707675e+01,-1.379721692968145952e+01
5.179999999999999716e+00,-1.728068348756317363e+01,-8.095286818100883863e+01,5.028713338933708599e+01,-1.384254076332957872e+01
5.190000000000000391e+00,-1.723574891385396768e+01,-8.235325801195341455e+01,4.993833275272718453e+01,-1.387021803050528135e+01
5.200000000000000178e+00,-1.719619246983663885e+01,-8.378587499694015150e+01,4.958320023448985125e+01,-1.387900036404254145e+01
5.209999999999999964e+00,-1.716233289797314754e+01,-8.524294200890891204e+01,4.922475627057497860e+01,-1.386842000896856142e+01
5.219999999999999751e+00,-1.713418836191929273e+01,-8.671678084360809180e+01,4.886589769806423789e+01,-1.383875545726073142e+01
5.230000000000000426e+00,-1.711150154231997433e+01,-8.820031190947644006e+01,4.850919939728996155e+01,-1.379093213179366728e+01
5.240000000000000213e+00,-1.709378214507633231e+01,-8.968748028646372461e+01,4.815676278835902480e+01,-1.372637313528261949e+01
5.250000000000000000e+00,-1.708036338122680675e+01,-9.117358540833770064e+01,4.781012182473127581e+01,-1.364681863848924692e+01
5.259999999999999787e+00,-1.707046838072145789e+01,-9.265549598108941609e+01,4.747021059546219135e+01,-1.355413378559375914e+01
5.269999999999999574e+00,-1.706328185278087162e+01,-9.413173715339485170e+01,4.713739048961087263e+01,-1.345012430402479175e+01
5.280000000000000249e+00,-1.705802171550017476e+01,-9.560244426096566883e+01,4.681152954937232380e+01,-1.333637670506525907e+01
5.290000000000000036e+00,-1.705400507900906604e+01,-9.706918694147773863e+01,4.649212241682683100e+01,-1.321413644824298572e+01
5.299999999999999822e+00,-1.705070309132310769e+01,-9.853467849791235267e+01,4.617843632305466883e+01,-1.308423307902832455e+01
5.309999999999999609e+00,-1.704777989953054629e+01,-1.000023966865361587e+02,4.586966698522105190e+01,-1.294705646813085842e+01
5.320000000000000284e+00,-1.704511237257465339e+01,-1.014761516955317830e+02,4.556508814550367958e+01,-1.280258322196856646e+01
5.330000000000000071e+00,-1.704278914804437406e+01,-1.029596430221219237e+02,4.526417983431830550e+01,-1.265044748118345730e+01
5.339999999999999858e+00,-1.704108973392802184e+01,-1.044560478903932363e+02,4.496672319861673373e+01,-1.249004610871441301e+01
5.349999999999999645e+00,-1.704044647127163614e+01,-1.059676794419242896e+02,4.467285368298183101e+01,-1.232066513053445611e+01
5.360000000000000320e+00,-1.704139381760813166e+01,-1.074957439764431513e+02,4.438306909367269526e+01,-1.214161260249546359e+01
5.370000000000000107e+00,-1.704451042095882229e+01,-1.090402146985763210e+02,4.409819407640585354e+01,-1.195234305210660963e+01
5.379999999999999893e+00,-1.705035974844739854e+01,-1.105998267811047526e+02,4.381930719381239925e+01,-1.175256027919136770e+01
5.389999999999999680e+00,-1.705943468596234780e+01,-1.121721869281957140e+02,4.354764053554217895e+01,-1.154228834974810525e+01
5.400000000000000355e+00,-1.707211070689610466e+01,-1.137539812535338939e+02,4.328446421561647384e+01,-1.132190464016049525e+01
5.410000000000000142e+00,-1.708861112020873918e+01,-1.153412586750875306e+02,4.303096900515019740e+01,-1.109213323057278444e+01
5.419999999999999929e+00,-1.710898672353606997e+01,-1.169297630405415021e+02,4.278815974122560561e+01,-1.085400124898569985e+01
5.429999999999999716e+00,-1.713311101534164393e+01,-1.185152853531624686e+02,4.255677026450292999e+01,-1.060876446303990761e+01
5.440000000000000391e+00,-1.716069100334017250e+01,-1.200940072420820144e+02,4.233720781062484662e+01,-1.035781118227114384e+01
5.450000000000000178e+00,-1.719129257966145730e+01,-1.216628078862785287e+02,4.212953139808181646e+01,-1.010255520589998923e+01
5.459999999999999964e+00,-1.722437839877766308e+01,-1.232195089374339432e+02,4.193346518331036776e+01,-9.844329100472704042e+00
5.469999999999999751e+00,-1.725935519748026437e+01,-1.247630358399688077e+02,4.174844430568210640e+01,-9.584288581656769779e+00
5.480000000000000426e+00,-1.729562659148657744e+01,-1.262934796592990807e+02,4.157368767730515913e+01,-9.323337323789516518e+00
5.490000000000000213e+00,-1.733264668015143428e+01,-1.278120512884317606e+02,4.140828969716379504e+01,-9.062079280864212549e+00
5.500000000000000000e+00,-1.736996943589375419e+01,-1.293209294877258060e+02,4.125132116633814405e+01,-8.800802755732046734e+00
5.509999999999999787e+00,-1.740728899118421680e+01,-1.308230148397052801e+02,4.110192889989694720e+01,-8.539497223865801345e+00
5.519999999999999574e+00,-1.744446664981736461e+01,-1.323216120500646014e+02,4.095942377195956396e+01,-8.277900578486171668e+00
5.530000000000000249e+00,-1.748154172501081050e+01,-1.338200714800064759e+02,4.082334821451434692e+01,-8.015571335629543270e+00
5.540000000000000036e+00,-1.751872500736928373e+01,-1.353214258409578861e+02,4.069351642861209939e+01,-7.751977759716588423e+00
5.549999999999999822e+00,-1.755637555148710760e+01,-1.368280586451324439e+02,4.057002354314692383e+01,-7.486594151211447112e+00
5.559999999999999609e+00,-1.759496325458361099e+01,-1.383414371453188494e+02,4.045322334203272163e+01,-7.218993899290700789e+00
5.570000000000000284e+00,-1.763502112316024295e+01,-1.398619348550453196e+02,4.034367757397934184e+01,-6.948929428914341067e+00
5.580000000000000071e+00,-1.767709201166702115e+01,-1.413887587053601465e+02,4.024208285201889623e+01,-6.676390788497506001e+00
5.589999999999999858e+00,-1.772167491755787694e+01,-1.429199850966489009e+02,4.014918339658234459e+01,-6.401637108446919910e+00
5.599999999999999645e+00,-1.776917568799861868e+01,-1.444526989869076772e+02,4.006567914759220628e+01,-6.125198184032552007e+00
5.610000000000000320e+00,-1.781986636426114856e+01,-1.459832216837307897e+02,3.999213898219760921e+01,-5.847846627089899663e+00
5.620000000000000107e+00,-1.787385650868301212e+01,-1.475074065693859495e+02,3.992892797652302761e+01,-5.570544037331479181e+00
5.629999999999999893e+00,-1.793107884763783133e+01,-1.490209775228768763e+02,3.987615599795116594e+01,-5.294367177667622215e+00
5.639999999999999680e+00,-1.799129049276820069e+01,-1.505198820234224968e+02,3.983365262661233430e+01,-5.020421996966491385e+00
5.650000000000000355e+00,-1.805408989182053858e+01,-1.520006295766019093e+02,3.980097072133733604e+01,-4.749754410453630449e+00
5.660000000000000142e+00,-1.811894850166458681e+01,-1.534605861783580849e+02,3.977741810485407825e+01,-4.483266973563065250e+00
5.669999999999999929e+00,-1.818525496815479059e+01,-1.548981973015279721e+02,3.976211407357884298e+01,-4.221649972342109258e+00
5.679999999999999716e+00,-1.825236838147950991e+01,-1.563131158434824215e+02,3.975406495890837988e+01,-3.965334048507487719e+00
5.690000000000000391e+00,-1.831967605809711586e+01,-1.577062180833870002e+02,3.975225099395790096e+01,-3.714469372827673421e+00
5.700000000000000178e+00,-1.838665045211365268e+01,-1.590795001081034457e+02,3.975571547463024302e+01,-3.468933728446359943e+00
5.709999999999999964e+00,-1.845289942336180999e+01,-1.604358589068551737e+02,3.976364681577533133e+01,-3.228368887616428928e+00
5.719999999999999751e+00,-1.851820436401725800e+01,-1.617787751848232745e+02,3.977544469412975303e+01,-2.992241650494562144e+00
5.730000000000000426e+00,-1.858254169379695853e+01,-1.631119270485223751e+02,3.979076303889053179e+01,-2.759923197681654727e+00
5.740000000000000213e+00,-1.864608491324108641e+01,-1.644387729720489517e+02,3.980952504994376540e+01,-2.530778324382612965e+00
5.750000000000000000e+00,-1.870918653708693213e+01,-1.657621470856901453e+02,3.983190843702933392e+01,-2.304254952170659454e+00
5.759999999999999787e+00,-1.877234148445580075e+01,-1.670839089161486584e+02,3.985830232660845951e+01,-2.079964221662556234e+00
5.769999999999999574e+00,-1.883613552080498366e+01,-1.684046834733936748e+02,3.988924038028078911e+01,-1.857742476029737189e+00
5.780000000000000249e+00,-1.890118383707061511e+01,-1.697237173024641663e+02,3.992531723674097321e+01,-1.637688419175121313e+00
5.790000000000000036e+00,-1.896806565947954226e+01,-1.710388637125961111e+02,3.996709714033953986e+01,-1.420171416896438554e+00
5.799999999999999822e+00,-1.903726090994039311e+01,-1.723466978244291283e+02,4.001502438766358694e+01,-1.205809973827170367e+00
5.809999999999999609e+00,-1.910909450485895533e+01,-1.736427508400516047e+02,4.006934497445875820e+01,-9.954225168504570176e-01
5.820000000000000284e+00,-1.918369306896538262e+01,-1.749218438087890490e+02,4.013004763693830057e+01,-7.899554335024838725e-01
5.830000000000000071e+00,-1.926095781488156078e+01,-1.761784941983324586e+02,4.019683051219740832e+01,-5.903956002802193126e-01
5.839999999999999858e+00,-1.934055619792672331e+01,-1.774073634158025357e+02,4.026909709606066201e+01,-3.976762093794920516e-01
5.849999999999999645e+00,-1.942193371662076729e+01,-1.786037096381719493e+02,4.034598227928993452e+01,-2.125854450431834408e-01
5.860000000000000320e+00,-1.950434584860026277e+01,-1.797638078049388639e+02,4.042640623318749249e+01,-3.568740730865685440e-02
5.870000000000000107e+00,-1.958690853339693660e+01,1.791147021616767177e+02,4.050915104475891582e+01,1.327363833744178157e-01
5.879999999999999893e+00,-1.966866383451586131e+01,1.780325759353331136e+02,4.059295253504851786e+01,2.927184978861886999e-01
5.889999999999999680e+00,-1.974865554198018103e+01,1.769888653476864420e+02,4.067659790121873442e+01,4.446063984355032028e-01
5.900000000000000355e+00,-1.982600776219194216e+01,1.759809793665411917e+02,4.075901894915173074e+01,5.890319995960557886e-01
5.910000000000000142e+00,-1.989999835028543274e+01,1.750049101728529877e+02,4.083937090756360533e+01,7.268528741590581932e-01
5.919999999999999929e+00,-1.997011876602301683e+01,1.740556095793817519e+02,4.091708819937956321e+01,8.590712165950527002e-01
5.929999999999999716e+00,-2.003611286786713208e+01,1.731274807002201896e+02,4.099191099944754768e+01,9.867393065336805824e-01
5.940000000000000391e+00,-2.009798935244072027e+01,1.722149323453258773e+02,4.106387967246987358e+01,1.110861872813563078e+00
5.950000000000000178e+00,-2.015600573836625031e+01,1.713129328415539590e+02,4.113329786577591562e+01,1.232306191526025385e+00
5.959999999999999964e+00,-2.021062544972429720e+01,1.704174984098740140e+02,4.120066865570782255e+01,1.351729877318185613e+00
5.969999999999999751e+00,-2.026245300947888950e+01,1.695260593092755244e+02,4.126661124573858785e+01,1.469534254376959392e+00
5.980000000000000426e+00,-2.031215500732310275e+01,1.686376629349314271e+02,4.133176790423417657e+01,1.585848197585671304e+00
5.990000000000000213e+00,-2.036037599092824024e+01,1.677529936399341182e+02,4.139671186502040712e+01,1.700543802815867034e+00
6.000000000000000000e+00,-2.040765867410268086e+01,1.668742105497264845e+02,4.146186671112933197e+01,1.813281607805835804e+00
6.009999999999999787e+00,-2.045437703964077514e+01,1.660046240612456074e+02,4.152744638761414819e+01,1.923579749362739344e+00
6.019999999999999574e+00,-2.050068934330314008e+01,1.651482473622727696e+02,4.159342262589034789e+01,2.030898750826398480e+00
6.030000000000000249e+00,-2.054651599052526478e+01,1.643092707230223652e+02,4.165952346996141387e+01,2.134731842462119555e+00
6.040000000000000036e+00,-2.059154494793560275e+01,1.634915137740896682e+02,4.172526308074353807e+01,2.234689995506372817e+00
6.049999999999999822e+00,-2.063526483906853315e+01,1.626979147666893937e+02,4.178999939302257616e+01,2.330571282255288867e+00
6.059999999999999609e+00,-2.067702317132842182e+01,1.619301156266128032e+02,4.185301286261186249e+01,2.422405757590768260e+00
6.070000000000000284e+00,-2.071610430790050472e+01,1.611881964679849091e+02,4.191359682663852482e+01,2.510469691383197421e+00
6.080000000000000071e+00,-2.075181903744246625e+01,1.604706018005390149e+02,4.197114824510848052e+01,2.595266452235181820e+00
6.089999999999999858e+00,-2.078359529895534052e+01,1.597742821085089986e+02,4.202524707153998662e+01,2.677475315841400860e+00
6.099999999999999645e+00,-2.081105831947622420e+01,1.590950494226927958e+02,4.207571337146988810e+01,2.757873504767025974e+00
6.110000000000000320e+00,-2.083408863007051437e+01,1.584281166769919480e+02,4.212263355873948711e+01,2.837240360206607637e+00
6.120000000000000107e+00,-2.085284842121961191e+01,1.577687627277759077e+02,4.216635054452079601e+01,2.916255214789887251e+00
6.129999999999999893e+00,-2.086777035345885878e+01,1.571130434596565237e+02,4.220741680520206529e+01,2.995401894381614749e+00
6.139999999999999680e+00,-2.087950767656444384e+01,1.564584590209816497e+02,4.224651385933316305e+01,3.074892616223738440e+00
6.150000000000000355e+00,-2.088884945360751288e+01,1.558044899461266937e+02,4.228434584941771135e+01,3.154622372830950816e+00
6.160000000000000142e+00,-2.089660894309549732e+01,1.551529294199195590e+02,4.232151835508751248e+01,3.234161899691846198e+00
6.169999999999999929e+00,-2.090349615458907806e+01,1.545079612076792159e+02,4.235841585104160600e+01,3.312793372891306820e+00
6.179999999999999716e+00,-2.090998710635787816e+01,1.538759578016686476e+02,4.239509215664551789e+01,3.389588496888729985e+00
6.190000000000000391e+00,-2.091620265001843038e+01,1.532649971111772800e+02,4.243118774435134810e+01,3.463524052911314488e+00
6.200000000000000178e+00,-2.092180938119265932e+01,1.526841169576837274e+02,4.246588593226215380e+01,3.533625674980806597e+00
6.209999999999999964e+00,-2.092595455487597889e+01,1.521423458631196581e+02,4.249791690213440631e+01,3.599126946291946627e+00
6.219999999999999751e+00,-2.092724616418664496e+01,1.516475691105041506e+02,4.252561432446940159e+01,3.659628178036708590e+00
6.230000000000000426e+00,-2.092378802898074497e+01,1.512053137694545626e+02,4.254702436161359458e+01,3.715237755314815260e+00
6.240000000000000213e+00,-2.091327702556504775e+01,1.508175658440844416e+02,4.256006128039381764e+01,3.766679014903553835e+00
6.250000000000000000e+00,-2.089316443407262369e+01,1.504817626833645647e+02,4.256269830368086104e+01,3.815347513342202124e+00
6.259999999999999787e+00,-2.086087510610980189e+01,1.501901241032266796e+02,4.255317729159312989e+01,3.863307370227607063e+00
6.269999999999999574e+00,-2.081406715401021046e+01,1.499294815977937958e+02,4.253021710928663879e+01,3.913221002859447850e+00
6.280000000000000249e+00,-2.075090317459715195e+01,1.496817225927526920e+02,4.249319884494384780e+01,3.968213541112315390e+00
6.290000000000000036e+00,-2.067029526701301378e+01,1.494248810913809962e+02,4.244230693779533681e+01,4.031680712590606674e+00
6.299999999999999822e+00,-2.057208437751577890e+01,1.491347893615903502e+02,4.237860893621046188e+01,4.107055950406778955e+00
6.309999999999999609e+00,-2.045712238226311186e+01,1.487870875759567468e+02,4.230406270486430742e+01,4.197557781415880207e+00
6.320000000000000284e+00,-2.032724201932039421e+01,1.483593079726399253e+02,4.222144761425137460e+01,4.305941295840662875e+00
6.330000000000000071e+00,-2.018512080096923000e+01,1.478327364862200568e+02,4.213422440408113090e+01,4.434277224549759033e+00
6.339999999999999858e+00,-2.003406389235575347e+01,1.471938128713128719e+02,4.204633576042736820e+01,4.583778978979152541e+00
6.349999999999999645e+00,-1.987774212878040103e+01,1.464349379129960766e+02,4.196196514505187025e+01,4.754692602839804216e+00
6.360000000000000320e+00,-1.971992269810751708e+01,1.455546756916753850e+02,4.188527446810574872e+01,4.946257959256528558e+00
6.370000000000000107e+00,-1.956422312119379470e+01,1.445574349153357332e+02,4.182014174083410296e+01,5.156742725903598057e+00
6.379999999999999893e+00,-1.941390790937240851e+01,1.434527667778856141e+02,4.176991828898434989e+01,5.383544801205962571e+00
6.389999999999999680e+00,-1.927173577215259215e+01,1.422544269528967220e+02,4.173722213840038364e+01,5.623354080114036257e+00
6.400000000000000355e+00,-1.913985632460379094e+01,1.409793281833804883e+02,4.172378054024179050e+01,5.872361370871184150e+00
6.410000000000000142e+00,-1.901975002593455955e+01,1.396464735929411347e+02,4.173033087099011595e+01,6.126500291964708467e+00
6.419999999999999929e+00,-1.891220334507891110e+01,1.382759231215021885e+02,4.175658563612429930e+01,6.381706929438219156e+00
6.429999999999999716e+00,-1.881731196932118166e+01,1.368878151918711410e+02,4.180126404900421733e+01,6.634181468538386639e+00
6.440000000000000391e+00,-1.873450715429772018e+01,1.355014468805301817e+02,4.186218945285956039e+01,6.880635714147617321e+00
6.450000000000000178e+00,-1.866260308254726397e+01,1.341344092189904131e+02,4.193644842699987407e+01,7.118510398610416345e+00
6.459999999999999964e+00,-1.859986556927684376e+01,1.328017786070601574e+02,4.202060357176841876e+01,7.346146708219428056e+00
6.469999999999999751e+00,-1.854410400315199681e+01,1.315153783571119845e+02,4.211094772846067968e+01,7.562897971050196233e+00
6.480000000000000426e+00,-1.849278853510339005e+01,1.302831427499677091e+02,4.220378309871384914e+01,7.769170380021254374e+00
6.490000000000000213e+00,-1.844319288386369493e+01,1.291086350161638165e+02,4.229570502245760366e+01,7.966386236013870636e+00
6.500000000000000000e+00,-1.839255964911145824e+01,1.279907843422626996e+02,4.238386787630703623e+01,8.156869390949411880e+00
6.509999999999999787e+00,-1.833828011050142948e+01,1.269239086388122502e+02,4.246621045532567251e+01,8.343659804273261926e+00
6.519999999999999574e+00,-1.827807513763945479e+01,1.258980738044679981e+02,4.254162080359673581e+01,8.530271440212136014e+00
6.530000000000000249e+00,-1.821015956623212162e+01,1.248998047553174473e+02,4.261002576629806526e+01,8.720413940116255702e+00
6.540000000000000036e+00,-1.813337088935290353e+01,1.239131129086104153e+02,4.267239796428918197e+01,8.917702476803807343e+00
6.549999999999999822e+00,-1.804724556858366924e+01,1.229207501275899119e+02,4.273068135837278447e+01,9.125381175012366342e+00
6.559999999999999609e+00,-1.795203276297466033e+01,1.219055553573485611e+02,4.278764473907899912e+01,9.346083286334135209e+00
6.570000000000000284e+00,-1.784864448995475783e+01,1.208517409139449370e+02,4.284667909091602667e+01,9.581646393528085781e+00
6.580000000000000071e+00,-1.773855082685706108e+01,1.197459771023536348e+02,4.291155895656009989e+01,9.832994240446932821e+00
6.589999999999999858e+00,-1.762363624010107799e+01,1.185781729727567750e+02,4.298618933620748095e+01,1.010008952370585433e+01
6.599999999999999645e+00,-1.750603680433690101e+01,1.173419056350036982e+02,4.307435852433558665e+01,1.038195525530884389e+01
6.610000000000000320e+00,-1.738797760424068883e+01,1.160345055153987630e+02,4.317951424385258008e+01,1.067675692078107907e+01
6.620000000000000107e+00,-1.727162590020117605e+01,1.146568477596946423e+02,4.330457630435353877e+01,1.098193400560595556e+01
6.629999999999999893e+00,-1.715897025923315411e+01,1.132129243565619987e+02,4.345179456765317383e+01,1.129436753507930291e+01
6.639999999999999680e+00,-1.705173037118480295e+01,1.117092776718072002e+02,4.362265683492005053e+01,1.161056977541472612e+01
6.650000000000000355e+00,-1.695129778418493061e+01,1.101543685397278125e+02,4.381784769838750293e+01,1.192688275376410623e+01
6.660000000000000142e+00,-1.685870478513839288e+01,1.085579370153000411e+02,4.403725650591322704e+01,1.223967336233667069e+01
6.669999999999999929e+00,-1.677461709549203661e+01,1.069303968489118972e+02,4.428003028010328279e+01,1.254551421922412047e+01
6.679999999999999716e+00,-1.669934562705929793e+01,1.052822894358311174e+02,4.454466555819682583e+01,1.284134101887908841e+01
6.690000000000000391e+00,-1.663287282831360159e+01,1.036238112440847772e+02,4.482913154022831748e+01,1.312457880717804493e+01
6.700000000000000178e+00,-1.657488976636744837e+01,1.019644208722294678e+02,4.513101560251792677e+01,1.339323153018407098e+01
6.709999999999999964e+00,-1.652484075253901352e+01,1.003125273431315350e+02,4.544768121070076461e+01,1.364593141205847893e+01
6.719999999999999751e+00,-1.648197286231593139e+01,9.867525898656579386e+01,4.577642769990852400e+01,1.388194723603422887e+01
6.730000000000000426e+00,-1.644538805619621868e+01,9.705831121651691262e+01,4.611464146490582294e+01,1.410115334567892731e+01
6.740000000000000213e+00,-1.641409578576063666e+01,9.546587073204939600e+01,4.645992897239751329e+01,1.430396394551603123e+01
6.750000000000000000e+00,-1.638706403084066565e+01,9.390061250062584008e+01,4.681022372361810113e+01,1.449123976316186280e+01
6.759999999999999787e+00,-1.636326674802554493e+01,9.236376399262150017e+01,4.716386176600937574e+01,1.466417601233253265e+01
6.769999999999999574e+00,-1.634172581152972015e+01,9.085522854644584356e+01,4.751962333685606410e+01,1.482418158778576256e+01
6.780000000000000249e+00,-1.632154577021272246e+01,8.937375678671698154e+01,4.787674136332422847e+01,1.497275936860875234e+01
6.790000000000000036e+00,-1.630194016826593639e+01,8.791715224359495551e+01,4.823488043940749037e+01,1.511139640739652812e+01
6.799999999999999822e+00,-1.628224877276986859e+01,8.648249535925424425e+01,4.859409218078909731e+01,1.524147081002727155e+01
6.809999999999999609e+00,-1.626194576160623484e+01,8.506636946363845198e+01,4.895475425755119403e+01,1.536417956827118836e+01
6.820000000000000284e+00,-1.624063965604847581e+01,8.366507337080514617e+01,4.931750080444415829e+01,1.548048887222178571e+01
6.830000000000000071e+00,-1.621806642452869340e+01,8.227480798120809879e+01,4.968315134969756741e+01,1.559110587969593631e+01
6.839999999999999858e+00,-1.619407763867619110e+01,8.089182833423488717e+01,5.005264406279096079e+01,1.569646887181417405e+01
6.849999999999999645e+00,-1.616862576349617342e+01,7.951255734272122311e+01,5.042697726817172565e+01,1.579675139009114027e+01
6.860000000000000320e+00,-1.614174859020736363e+01,7.813366223758951890e+01,5.080716111485043740e+01,1.589187542038891721e+01
6.870000000000000107e+00,-1.611355449998746892e+01,7.675209886534000248e+01,5.119417933183130742e+01,1.598152893484902215e+01
6.879999999999999893e+00,-1.608420974540255699e+01,7.536513188015396736e+01,5.158895939030243483e+01,1.606518399830485677e+01
6.889999999999999680e+00,-1.605392834219300724e+01,7.397034025824486037e+01,5.199234831732284334e+01,1.614211299530763100e+01
6.900000000000000355e+00,-1.602296457125398987e+01,7.256561739539728251e+01,5.240509095989126820e+01,1.621140210453270925e+01
6.910000000000000142e+00,-1.599160758281944084e+01,7.114917352122773764e+01,5.282780769414615918e+01,1.627196269815690854e+01
6.919999999999999929e+00,-1.596017723445823933e+01,6.971954563970157892e+01,5.326096934407210881e+01,1.632254265331729570e+01
6.929999999999999716e+00,-1.592902011653172956e+01,6.827561714681120009e+01,5.370486828358773579e+01,1.636174045087386020e+01
6.940000000000000391e+00,-1.589850472948520022e+01,6.681664616673668888e+01,5.415958616362681965e+01,1.638802528090841193e+01
6.950000000000000178e+00,-1.586901495691042818e+01,6.534229892444061250e+01,5.462496022338153523e+01,1.639976611946075025e+01
6.959999999999999964e+00,-1.584094128662184353e+01,6.385268247253804219e+01,5.510055149876485814e+01,1.639527190198063877e+01
6.969999999999999751e+00,-1.581466961665438120e+01,6.234837001692286407e+01,5.558561923325007825e+01,1.637284357831902781e+01
6.980000000000000426e+00,-1.579056788827913138e+01,6.083041199866605808e+01,5.607910626197210036e+01,1.633083713424608163e+01
6.990000000000000213e+00,-1.576897116278539102e+01,5.930032691832685288e+01,5.657963996383298877e+01,1.626773479720357685e+01
7.000000000000000000e+00,-1.575016606280763121e+01,5.776006746406546455e+01,5.708555250563161820e+01,1.618221983680552256e+01
7.009999999999999787e+00,-1.573437570644739836e+01,5.621195960277762538e+01,5.759492255907077407e+01,1.607324886976156719e+01
7.019999999999999574e+00,-1.572174636147397919e+01,5.465861467788370476e+01,5.810563856240829494e+01,1.594011462715825367e+01
7.030000000000000249e+00,-1.571233703688014316e+01,5.310281701327141946e+01,5.861548111851812592e+01,1.578249194984702974e+01
7.040000000000000036e+00,-1.570611311651027364e+01,5.154739187265280975e+01,5.912221954731730023e+01,1.560046048868733770e+01
7.049999999999999822e+00,-1.570294493387378054e+01,4.999506072584367899e+01,5.962371528038892876e+01,1.539449924150011206e+01
7.059999999999999609e+00,-1.570261189858794992e+01,4.844829250831681122e+01,6.011802305706057581e+01,1.516545056699224858e+01
7.070000000000000284e+00,-1.570481242342466288e+01,4.690916080938879418e+01,6.060348007670578596e+01,1.491445444343298021e+01
7.080000000000000071e+00,-1.570917947949738114e+01,4.537921755555053949e+01,6.107877360624974727e+01,1.464285712385150795e+01
7.089999999999999858e+00,-1.571530114503343789e+01,4.385939362282410059e+01,6.154297910660387316e+01,1.435210153412304201e+01
7.099999999999999645e+00,-1.572274504032383291e+01,4.234993577565683864e+01,6.199556361497388224e+01,1.404360930666773299e+01
7.110000000000000320e+00,-1.573108510047245012e+01,4.085038729635166277e+01,6.243635261021974259e+01,1.371866585001213323e+01
7.120000000000000107e+00,-1.573992878227549497e+01,3.935961664396061366e+01,6.286546246762159740e+01,1.337832007314850102e+01
7.129999999999999893e+00,-1.574894259033991872e+01,3.787589461873840690e+01,6.328320438483598309e+01,1.302330924890395281e+01
7.139999999999999680e+00,-1.575787379223527118e+01,3.639701613503547861e+01,6.368996885853641743e+01,1.265401713953458973e+01
7.150000000000000355e+00,-1.576656640491064465e+01,3.492045830671744966e+01,6.408610202952741020e+01,1.227047020776475961e+01
7.160000000000000142e+00,-1.577496997474392693e+01,3.344356270182034763e+01,6.447178625092072934e+01,1.187237288750737996e+01
7.169999999999999929e+00,-1.578314030348639463e+01,3.196372689054243210e+01,6.484693698140230822e+01,1.145917891793485666e+01
7.179999999999999716e+00,-1.579123201917693287e+01,3.047858922259685599e+01,6.521112661639341468e+01,1.103019206133835262e+01
7.190000000000000391e+00,-1.579948365941364408e+01,2.898619132344240512e+01,6.556354330790652796e+01,1.058468648319382766e+01
7.200000000000000178e+00,-1.580819662488742772e+01,2.748510501240900794e+01,6.590298943328573955e+01,1.012203495428357591e+01
7.209999999999999964e+00,-1.581770989031119079e+01,2.597451388171039000e+01,6.622792045573429220e+01,9.641832045700819975e+00
7.219999999999999751e+00,-1.582837267504277179e+01,2.445424412336289421e+01,6.653652082303116799e+01,9.143999754498087995e+00
7.230000000000000426e+00,-1.584051736093627660e+01,2.292474378361966103e+01,6.682680965981909083e+01,8.628864556055450663e+00
7.240000000000000213e+00,-1.585443481804105659e+01,2.138701394921613641e+01,6.709676572997702237e+01,8.097197652732488038e+00
7.250000000000000000e+00,-1.587035400074265645e+01,1.984249904698243938e+01,6.734445887533036057e+01,7.550213966432110624e+00
7.259999999999999787e+00,-1.588842725887209184e+01,1.829294625034910027e+01,6.756817420935570340e+01,6.989529849332074996e+00
7.269999999999999574e+00,-1.590872231948972626e+01,1.674024585906247964e+01,6.776651596631036512e+01,6.417084076281776461e+00
7.280000000000000249e+00,-1.593122137566052388e+01,1.518626547475640542e+01,6.793848009584826286e+01,5.835030869163192691e+00
7.290000000000000036e+00,-1.595582719780525416e+01,1.363269089858813032e+01,6.808348824562371249e+01,5.245616926701637261e+00
7.299999999999999822e+00,-1.598237568224281802e+01,1.208088598922271295e+01,6.820138026867810765e+01,4.651056234584406646e+00
7.309999999999999609e+00,-1.601065378875258460e+01,1.053178227977276826e+01,6.829236724823144300e+01,4.053416544786405673e+00
7.320000000000000284e+00,-1.604042141556804424e+01,8.985806988443330923e+00,6.835695160563096806e+01,3.454529821900877540e+00
7.330000000000000071e+00,-1.607143544320471307e+01,7.442855216579244093e+00,6.839582455086387824e+01,2.855935891790461145e+00
7.339999999999999858e+00,-1.610347397994223329e+01,5.902308717474822330e+00,6.840975349869232502e+01,2.258864431652156668e+00
7.349999999999999645e+00,-1.613635879341309831e+01,4.363099842648896498e+00,6.839947286575731766e+01,1.664255867718501980e+00
7.360000000000000320e+00,-1.616997403779451048e+01,2.823815437731403755e+00,6.836559086900122395e+01,1.072817276871944836e+00
7.370000000000000107e+00,-1.620427969001032409e+01,1.282831957855746108e+00,6.830852274705229377e+01,4.851055382691030204e-01
7.379999999999999893e+00,-1.623931857217055352e+01,-2.615296836901039867e-01,6.822845755386973110e+01,-9.837285311621356276e-02
7.389999999999999680e+00,-1.627521641636804262e+01,-1.810842672025883449e+00,6.812536174348338136e+01,-6.770574680766675568e-01
7.400000000000000355e+00,-1.631217505638766241e+01,-3.366419716889823111e+00,6.799901862259471841e+01,-1.250237480013553837e+00
7.410000000000000142e+00,-1.635045943364273313e+01,-4.929177780201611014e+00,6.784909883037774136e+01,-1.816974290478866383e+00
7.419999999999999929e+00,-1.639037961080401828e+01,-6.499532314155793244e+00,6.767525370793957507e+01,-2.376052177793052778e+00
7.429999999999999716e+00,-1.643226934251871185e+01,-8.077328141744587242e+00,6.747722107380624834e+01,-2.925962695853793427e+00
7.440000000000000391e+00,-1.647646293054252098e+01,-9.661810609190940369e+00,6.725493176455015032e+01,-3.464924789296840224e+00
7.450000000000000178e+00,-1.652327209062615410e+01,-1.125163715133792941e+01,6.700860544851930456e+01,-3.990938696812472486e+00
7.459999999999999964e+00,-1.657296440444469710e+01,-1.284492630930411750e+01,6.673882564682159568e+01,-4.501868133767154667e+00
7.469999999999999751e+00,-1.662574466099894366e+01,-1.443933878277377225e+01,6.644658641300036095e+01,-4.995542398566566789e+00
7.480000000000000426e+00,-1.668174005336794252e+01,-1.603218341590207174e+01,6.613330639968846469e+01,-5.469868266111415522e+00
7.490000000000000213e+00,-1.674098983118898687e+01,-1.762054011999006775e+01,6.580080964113302855e+01,-5.922941003300850937e+00
7.500000000000000000e+00,-1.680343965189802091e+01,-1.920139155965585331e+01,6.545127583034665975e+01,-6.353144573321472421e+00
7.509999999999999787e+00,-1.686894055016576388e+01,-2.077175585857500550e+01,6.508716573312001685e+01,-6.759232913020600364e+00
7.519999999999999574e+00,-1.693725217199094502e+01,-2.232881348752959383e+01,6.471112933283599489e+01,-7.140386748065736811e+00
7.530000000000000249e+00,-1.700804970801751992e+01,-2.387002275610970514e+01,6.432590517332361912e+01,-7.496243343921179303e+00
7.540000000000000036e+00,-1.708093381635288210e+01,-2.539321982246661236e+01,6.393421916907240643e+01,-7.826899454743310613e+00
7.549999999999999822e+00,-1.715544275268331376e+01,-2.689670074840107361e+01,6.353869004504022655e+01,-8.132890162848575244e+00
7.559999999999999609e+00,-1.723106592689687844e+01,-2.837928473886392311e+01,6.314174682394882865e+01,-8.415148043118058752e+00
7.570000000000000284e+00,-1.730725817947288192e+01,-2.984035918200450155e+01,6.274556172147318733e+01,-8.674948017511097120e+00
7.580000000000000071e+00,-1.738345421081443121e+01,-3.127990830311047432e+01,6.235199975880585299e+01,-8.913843393660286551e+00
7.589999999999999858e+00,-1.745908278798857793e+01,-3.269852801906121442e+01,6.196258462783967502e+01,-9.133598025540253573e+00
7.599999999999999645e+00,-1.753358057249210589e+01,-3.409742980902552034e+01,6.157847903858316130e+01,-9.336118484835820297e+00
7.610000000000000320e+00,-1.760640562776242746e+01,-3.547843603538585455e+01,6.120047704320622728e+01,-9.523388817412380192e+00
7.620000000000000107e+00,-1.767705083887454265e+01,-3.684396817259213464e+01,6.082900567976569306e+01,-9.697409112105436435e+00
7.629999999999999893e+00,-1.774505757187898425e+01,-3.819702795084986491e+01,6.046413364745814789e+01,-9.860137936904793676e+00
7.639999999999999680e+00,-1.781002988637022710e+01,-3.954116972405335417e+01,6.010558548978671212e+01,-1.001343786488152965e+01
7.650000000000000355e+00,-1.787164947672481219e+01,-4.088046074374447159e+01,5.975276075631150974e+01,-1.015902292671124485e+01
7.660000000000000142e+00,-1.792969126078061493e+01,-4.221942482522467799e+01,5.940475864979882203e+01,-1.029840693266393004e+01
7.669999999999999929e+00,-1.798403918974388205e+01,-4.356296447153086149e+01,5.906040955356805000e+01,-1.043285218315872420e+01
7.679999999999999716e+00,-1.803470147303830373e+01,-4.491625712529641135e+01,5.871831540058439458e+01,-1.056331904888604001e+01
7.690000000000000391e+00,-1.808182406587917512e+01,-4.628462293316088250e+01,5.837690095366662746e+01,-1.069041810797478220e+01
7.700000000000000178e+00,-1.812570102861502974e+01,-4.767336410809031833e+01,5.803447762998101922e+01,-1.081436779225264999e+01
7.709999999999999964e+00,-1.816678029682716655e+01,-4.908757932349406872e+01,5.768932050551642021e+01,-1.093496160191778444e+01
7.719999999999999751e+00,-1.820566353477613930e+01,-5.053196006472167312e+01,5.733975763860339470e+01,-1.105154967584289061e+01
7.730000000000000426e+00,-1.824309908004589786e+01,-5.201057892295074936e+01,5.698426900235477888e+01,-1.116303965283103139e+01
7.740000000000000213e+00,-1.827996748310542685e+01,-5.352668192037813100e+01,5.662159034028059779e+01,-1.126792118138795828e+01
7.750000000000000000e+00,-1.831725972948761338e+01,-5.508249775159851680e+01,5.625081544405209399e+01,-1.136431707392322465e+01
7.759999999999999787e+00,-1.835604881634192864e+01,-5.667907621162462561e+01,5.587148901020065495e+01,-1.145006201337135998e+01
7.769999999999999574e+00,-1.839745585552248741e+01,-5.831616621978192683e+01,5.548368165298997923e+01,-1.152280709257832925e+01
7.780000000000000249e+00,-1.844261223083913848e+01,-5.999214111932385407e+01,5.508803904338104473e+01,-1.158014560525736236e+01
7.790000000000000036e+00,-1.849261952023257649e+01,-6.170397582788633173e+01,5.468579858609158606e+01,-1.161975279994945609e+01
7.799999999999999822e+00,-1.854850891324168316e+01,-6.344727742181110841e+01,5.427876944948374671e+01,-1.163953016338121138e+01
7.809999999999999609e+00,-1.861120174882693590e+01,-6.521636823639019553e+01,5.386927487015944394e+01,-1.163774356895660844e+01
7.820000000000000284e+00,-1.868147262468472647e+01,-6.700441875643927858e+01,5.346005907799576562e+01,-1.161314453341369202e+01
7.830000000000000071e+00,-1.875991634645139428e+01,-6.880362646219701617e+01,5.305416447736716634e+01,-1.156506491619160393e+01
7.839999999999999858e+00,-1.884691984415390564e+01,-7.060543621091444777e+01,5.265478744852217119e+01,-1.149347753032637698e+01
7.849999999999999645e+00,-1.894264011535246439e+01,-7.240079736920149855e+01,5.226512297420305941e+01,-1.139901801354477939e+01
7.860000000000000320e+00,-1.904698926577691509e+01,-7.418045238821810017e+01,5.188820908165740065e+01,-1.128296654637734697e+01
7.870000000000000107e+00,-1.915962778653907961e+01,-7.593525045237734616e+01,5.152678182090502190e+01,-1.114719120364603455e+01
7.879999999999999893e+00,-1.927996728083491362e+01,-7.765647792122454973e+01,5.118315032355314997e+01,-1.099405755306743693e+01
7.889999999999999680e+00,-1.940718385461379825e+01,-7.933619436426494076e+01,5.085909964107773362e+01,-1.082631134721814803e+01
7.900000000000000355e+00,-1.954024321807209930e+01,-8.096755914294658396e+01,5.055582681297885017e+01,-1.064694269396318482e+01
7.910000000000000142e+00,-1.967793810674413990e+01,-8.254512913637854865e+01,5.027391320062379521e+01,-1.045904094198803946e+01
7.919999999999999929e+00,-1.981893784104375911e+01,-8.406510413942825721e+01,5.001333371629553426e+01,-1.026564975386048140e+01
7.929999999999999716e+00,-1.996184867313563416e+01,-8.552549385341308152e+01,4.977350128391081086e+01,-1.006963155009865396e+01
7.940000000000000391e+00,-2.010528208131871608e+01,-8.692618062872872997e+01,4.955334274084101054e+01,-9.873549767282856493e+00
7.950000000000000178e+00,-2.024792654233848310e+01,-8.826885649941397105e+01,4.935140046204553954e+01,-9.679576218311202851e+00
7.959999999999999964e+00,-2.038861683466740260e+01,-8.955682232443658108e+01,4.916595230570190722e+01,-9.489429278397683021e+00
7.969999999999999751e+00,-2.052639396661785653e+01,-9.079465076541161750e+01,4.899514113028835283e+01,-9.304346643390097427e+00
7.980000000000000426e+00,-2.066054873139418291e+01,-9.198773183793817054e+01,4.883710424780554860e+01,-9.125094042325432753e+00
7.990000000000000213e+00,-2.079064288494325652e+01,-9.314173712884816325e+01,4.869009291431535758e+01,-8.952008621558768198e+00
8.000000000000000000e+00,-2.091650401044430652e+01,-9.426205310460473186e+01,4.855257246349108158e+01,-8.785072925057452409e+00
8.009999999999999787e+00,-2.103819300088567701e+01,-9.535324217990657303e+01,4.842329504757945102e+01,-8.624012727485126817e+00
8.019999999999999574e+00,-2.115594627867083233e+01,-9.641859055435985226e+01,4.830133914489538682e+01,-8.468409737076443733e+00
8.029999999999999361e+00,-2.127009783093792095e+01,-9.745979425477166558e+01,4.818611287662514542e+01,-8.317818675009080565e+00
8.039999999999999147e+00,-2.138098841838745656e+01,-9.847682105750364201e+01,4.807732147808974332e+01,-8.171877692993161801e+00
8.050000000000000711e+00,-2.148887067544774254e+01,-9.946796873689075369e+01,4.797490263515502562e+01,-8.030401628339902231e+00
8.060000000000000497e+00,-2.159381926517196604e+01,-1.004301221245663811e+02,4.787893644507957447e+01,-7.893449185575686755e+00
8.070000000000000284e+00,-2.169565496351287237e+01,-1.013591946409524525e+02,4.778953915520463624e+01,-7.761357602961234115e+00
8.080000000000000071e+00,-2.179389075235934925e+01,-1.022507248938031381e+02,4.770675133186988148e+01,-7.634741432175299103e+00
8.089999999999999858e+00,-2.188770684163345948e+01,-1.031005852095304789e+02,4.763043159979308427e+01,-7.514455400249837602e+00
8.099999999999999645e+00,-2.197595999008733614e+01,-1.039057458226266277e+02,4.756016657439925410e+01,-7.401524610736299081e+00
8.109999999999999432e+00,-2.205723035187891412e+01,-1.046650257833479571e+02,4.749520618561553675e+01,-7.297048299715750197e+00
8.119999999999999218e+00,-2.212990606497736934e+01,-1.053797508544149082e+02,4.743443141652004869e+01,-7.202085780801109394e+00
8.130000000000000782e+00,-2.219230175031712093e+01,-1.060542330684710777e+02,4.737635873136442655e+01,-7.117534941400413651e+00
8.140000000000000568e+00,-2.224280217666367321e+01,-1.066959909607971611e+02,4.731918232772235200e+01,-7.044014582029999083e+00
8.150000000000000355e+00,-2.228001724881100287e+01,-1.073156483791593985e+02,4.726085200767770544e+01,-6.981761937478172975e+00
8.160000000000000142e+00,-2.230293039255240828e+01,-1.079264851968837888e+02,4.719918113824441974e+01,-6.930555819015543406e+00
8.169999999999999929e+00,-2.231102076753517238e+01,-1.085436621874236494e+02,4.713197611843259693e+01,-6.889673942204485257e+00
8.179999999999999716e+00,-2.230434165916871692e+01,-1.091831958076537035e+02,4.705717629115313372e+01,-6.857890196262739657e+00
8.189999999999999503e+00,-2.228354310133086358e+01,-1.098608036293221915e+02,4.697299165603250515e+01,-6.833514018977478344e+00
8.199999999999999289e+00,-2.224983526015689250e+01,-1.105907649433826379e+02,4.687802534801091525e+01,-6.814469953787403611e+00
8.210000000000000853e+00,-2.220489835561029324e+01,-1.113849364813218017e+02,4.677136883910716847e+01,-6.798411305337855204e+00
8.220000000000000639e+00,-2.215075260883325114e+01,-1.122520318384199811e+02,4.665266021805082630e+01,-6.782858089042034244e+00
8.230000000000000426e+00,-2.208960615337644739e+01,-1.131972246965505491e+02,4.652209950952192941e+01,-6.765346707849217545e+00
8.240000000000000213e+00,-2.202369946347311469e+01,-1.142220838801151075e+02,4.638041940322578682e+01,-6.743577406675662189e+00
8.250000000000000000e+00,-2.195516223638067643e+01,-1.153248048158849031e+02,4.622881440951679366e+01,-6.715545779769764856e+00
8.259999999999999787e+00,-2.188589415403519922e+01,-1.165006741684672562e+02,4.606883572617475409e+01,-6.679646416967434774e+00
8.269999999999999574e+00,-2.181747599673263238e+01,-1.177426933322277023e+02,4.590226243913169668e+01,-6.634739901496309322e+00
8.279999999999999361e+00,-2.175111328644572239e+01,-1.190422886100376729e+02,4.573096170442182995e+01,-6.580178356393624028e+00
8.289999999999999147e+00,-2.168761154305892802e+01,-1.203900458457271867e+02,4.555675110922562965e+01,-6.515789030730286591e+00
8.300000000000000711e+00,-2.162738038092560799e+01,-1.217764198037387047e+02,4.538127555089644005e+01,-6.441819490517910474e+00
8.310000000000000497e+00,-2.157046276779149707e+01,-1.231923800793240673e+02,4.520590894490852207e+01,-6.358851406215089597e+00
8.320000000000000284e+00,-2.151658539937414361e+01,-1.246299640953014176e+02,4.503168821743638972e+01,-6.267692432729453422e+00
8.330000000000000071e+00,-2.146522592715743727e+01,-1.260827138114951254e+02,4.485928372240709194e+01,-6.169257134604029247e+00
8.339999999999999858e+00,-2.141569245724124571e+01,-1.275459773015431040e+02,4.468900678170636809e+01,-6.064448317139273570e+00
8.349999999999999645e+00,-2.136721022719636665e+01,-1.290170610120978267e+02,4.452085175815957285e+01,-5.954049561568159454e+00
8.359999999999999432e+00,-2.131900974919089720e+01,-1.304952248806212651e+02,4.435456715342314027e+01,-5.838638348734317418e+00
8.369999999999999218e+00,-2.127041019874098282e+01,-1.319815214745172511e+02,4.418974785387584348e+01,-5.718527031365991498e+00
8.380000000000000782e+00,-2.122089171069323754e+01,-1.334784918231264328e+02,4.402593897697131098e+01,-5.593736239407137489e+00
8.390000000000000568e+00,-2.117015076808330676e+01,-1.349897433976826449e+02,4.386274092556774917e+01,-5.464002265550386817e+00
8.400000000000000355e+00,-2.111813415859929677e+01,-1.365194475999072381e+02,4.369990533043505110e+01,-5.328816810807921023e+00
8.410000000000000142e+00,-2.106504895764727081e+01,-1.380718026746393150e+02,4.353741258203859132e+01,-5.187494446595405151e+00
8.419999999999999929e+00,-2.101134840821884708e+01,-1.396505111437830919e+02,4.337552356217115346e+01,-5.039260567170146032e+00
8.429999999999999716e+00,-2.095769600422263679e+01,-1.412583177783150745e+02,4.321480081616441282e+01,-4.883350745010921479e+00
8.439999999999999503e+00,-2.090491212545634525e+01,-1.428966453417032199e+02,4.305609748562362427e+01,-4.719111476756740586e+00
8.449999999999999289e+00,-2.085390890138823039e+01,-1.445653526818481964e+02,4.290051550591979179e+01,-4.546092422143546585e+00
8.460000000000000853e+00,-2.080561946343927815e+01,-1.462626257303053308e+02,4.274933749892903734e+01,-4.364121358705153497e+00
8.470000000000000639e+00,-2.076092744557661263e+01,-1.479849990307128280e+02,4.260393913911333641e+01,-4.173355031526670089e+00
8.480000000000000426e+00,-2.072060172450798987e+01,-1.497274953210173862e+02,4.246569031499318925e+01,-3.974301598173474392e+00
8.490000000000000213e+00,-2.068524023380486909e+01,-1.514838642053383069e+02,4.233585404933077712e+01,-3.767813132752825034e+00
8.500000000000000000e+00,-2.065522550388676137e+01,-1.532468978910127930e+02,4.221549190777189864e+01,-3.555049347686185524e+00
8.509999999999999787e+00,-2.063069355907860114e+01,-1.550088014867110644e+02,4.210538364639455722e+01,-3.337416062379837012e+00
8.519999999999999574e+00,-2.061151703053877782e+01,-1.567615963180385563e+02,4.200596731227404490e+01,-3.116483824344709941e+00
8.529999999999999361e+00,-2.059730281089215609e+01,-1.584975360294130269e+02,4.191730412199246558e+01,-2.893893387733116107e+00
8.539999999999999147e+00,-2.058740420243200120e+01,-1.602095161181152605e+02,4.183907038640603560e+01,-2.671255464874856322e+00
8.550000000000000711e+00,-2.058094717610886804e+01,-1.618914576431945136e+02,4.177057667493200910e+01,-2.450052320365602387e+00
8.560000000000000497e+00,-2.057686993891987726e+01,-1.635386453105598434e+02,4.171081243147551731e+01,-2.231548424501903938e+00
8.570000000000000284e+00,-2.057397440756060902e+01,-1.651479995483171592e+02,4.165851245478082632e+01,-2.016716573848670091e+00
8.580000000000000071e+00,-2.057098737095743957e+01,-1.667182624753248774e+02,4.161224011858079308e+01,-1.806184668565899987e+00
8.589999999999999858e+00,-2.056662814159395225e+01,-1.682500798729672056e+02,4.157048101642752869e+01,-1.600206760925772631e+00
8.599999999999999645e+00,-2.055967848556312561e+01,-1.697459662624044086e+02,4.153173996466993856e+01,-1.398660129975420885e+00
8.609999999999999432e+00,-2.054904980128426573e+01,-1.712101483240164441e+02,4.149463407351039734e+01,-1.201068102035309781e+00
8.619999999999999218e+00,-2.053384213667136038e+01,-1.726482927362423538e+02,4.145797496483938005e+01,-1.006646276628202497e+00
8.630000000000000782e+00,-2.051338990712634569e+01,-1.740671367228507052e+02,4.142083419146057111e+01,-8.143679188544644676e-01
8.640000000000000568e+00,-2.048729020145319524e+01,-1.754740511243276728e+02,4.138258744005936052e+01,-6.230427418383701621e-01
8.650000000000000355e+00,-2.045541127036246110e+01,-1.768765743439095388e+02,4.134293504661950891e+01,-4.314023067650353815e-01
8.660000000000000142e+00,-2.041788093799227255e+01,-1.782819591520531617e+02,4.130189851690892766e+01,-2.381849382692352024e-01
8.669999999999999929e+00,-2.037505689336566306e+01,-1.796967721463890655e+02,4.125979488466492739e+01,-4.221343148619700891e-02
8.679999999999999716e+00,-2.032748271317256439e+01,1.788734219669543393e+02,4.121719261315255523e+01,1.575401393969905195e-01
8.689999999999999503e+00,-2.027583472833362777e+01,1.774242706265791014e+02,4.117485414780123421e+01,3.619066539151942208e-01
8.699999999999999289e+00,-2.022086532044468399e+01,1.759527307227656650e+02,4.113367102583936941e+01,5.714915048950718335e-01
8.710000000000000853e+00,-2.016334794407615050e+01,1.744570579825733603e+02,4.109459759827107206e+01,7.866658332732358039e-01
8.720000000000000639e+00,-2.010402828342278880e+01,1.729367035166993105e+02,4.105858896151818982e+01,1.007575989241300318e+00
8.730000000000000426e+00,-2.004358470798521807e+01,1.713921392528415026e+02,4.102654774146165551e+01,1.234168290701881832e+00
8.740000000000000213e+00,-1.998259983565912989e+01,1.698246370564928327e+02,4.099928307595551757e+01,1.466225104909570920e+00
8.750000000000000000e+00,-1.992154373745249174e+01,1.682360263207430933e+02,4.097748367360526345e+01,1.703407721937121755e+00
8.759999999999999787e+00,-1.986076824862833590e+01,1.666284524801308464e+02,4.096170534952365472e+01,1.945301413516934419e+00
8.769999999999999574e+00,-1.980051104000856554e+01,1.650041551086895026e+02,4.095237209192367089e+01,2.191458426108134017e+00
8.779999999999999361e+00,-1.974090755370577455e+01,1.633652797137272330e+02,4.094978860350730798e+01,2.441435359577503572e+00
8.789999999999999147e+00,-1.968200859528050017e+01,1.617137325568243398e+02,4.095416146063377738e+01,2.694822331393227799e+00
8.800000000000000711e+00,-1.962380126601624752e+01,1.600510831659772180e+02,4.096562557946852223e+01,2.951262411805771091e+00
8.810000000000000497e+00,-1.956623098353282941e+01,1.583785148698611636e+02,4.098427257869025198e+01,3.210460929540078112e+00
8.820000000000000284e+00,-1.950922255034877040e+01,1.566968198504238785e+02,4.101017786116481290e+01,3.472185288116181656e+00
8.830000000000000071e+00,-1.945269856486723725e+01,1.550064320221984246e+02,4.104342375475776095e+01,3.736256810770889114e+00
8.839999999999999858e+00,-1.939659390188814214e+01,1.533074886538375097e+02,4.108411678558157831e+01,4.002536776399338692e+00
8.849999999999999645e+00,-1.934086548796336302e+01,1.515999101820684700e+02,4.113239801939116091e+01,4.270909173617336130e+00
8.859999999999999432e+00,-1.928549712080744882e+01,1.498834872164934495e+02,4.118844630365218507e+01,4.541262767260956679e+00
8.869999999999999218e+00,-1.923049958629321310e+01,1.481579643019052810e+02,4.125247507964430582e+01,4.813474854092882005e+00
8.880000000000000782e+00,-1.917590676599100519e+01,1.464231114997197949e+02,4.132472412690549390e+01,5.087398623675007947e+00
8.890000000000000568e+00,-1.912176876394923042e+01,1.446787770801603870e+02,4.140544808676387589e+01,5.362855401313094461e+00
8.900000000000000355e+00,-1.906814328693767990e+01,1.429249173150451782e+02,4.149490384871015891e+01,5.639632313162975308e+00
8.910000000000000142e+00,-1.901508657687312009e+01,1.411616022237204220e+02,4.159333886263937785e+01,5.917485165241558320e+00
8.919999999999999929e+00,-1.896264512283373804e+01,1.393889988540316835e+02,4.170098217916174832e+01,6.196145650525770598e+00
8.929999999999999716e+00,-1.891084919181170676e+01,1.376073360209215650e+02,4.181803956102538677e+01,6.475331461535239086e+00
8.939999999999999503e+00,-1.885970894053635405e+01,1.358168561881402070e+02,4.194469341113758531e+01,6.754757541209309935e+00
8.949999999999999289e+00,-1.880921353871509538e+01,1.340177612494424864e+02,4.208110759771122389e+01,7.034146581621318894e+00
8.960000000000000853e+00,-1.875933338135757111e+01,1.322101593026331159e+02,4.222743659934956639e+01,7.313236983493872856e+00
8.970000000000000639e+00,-1.871002512722246536e+01,1.303940191340137176e+02,4.238383781364321123e+01,7.591786801865595180e+00
8.980000000000000426e+00,-1.866123900112851786e+01,1.285691381159118691e+02,4.255048543341521849e+01,7.869572686177701115e+00
8.990000000000000213e+00,-1.861292756453656239e+01,1.267351276835960618e+02,4.272758404095986151e+01,8.146383421321035101e+00
9.000000000000000000e+00,-1.856505501036961903e+01,1.248914186542663884e+02,4.291538002847759259e+01,8.422008323334944535e+00
9.009999999999999787e+00,-1.851760598646245271e+01,1.230372865636175845e+02,4.311416912586367545e+01,8.696221368336393809e+00
9.019999999999999574e+00,-1.847059300088965372e+01,1.211718951266164623e+02,4.332429868544322460e+01,8.968762467559558971e+00
9.029999999999999361e+00,-1.842406160575684027e+01,1.192943540826858424e+02,4.354616389648713692e+01,9.239317687022788661e+00
9.039999999999999147e+00,-1.837809277809049036e+01,1.174037862460290143e+02,4.378019772325223613e+01,9.507500405987595826e+00
9.050000000000000711e+00,-1.833280219279455281e+01,1.154993976913499694e+02,4.402685501191389505e+01,9.772835393933211989e+00
9.060000000000000497e+00,-1.828833638284265106e+01,1.135805447428434292e+02,4.428659182518557458e+01,1.003474756414296820e+01
9.070000000000000284e+00,-1.824486607348757516e+01,1.116467918046862593e+02,4.455984157555449343e+01,1.029255675790403934e+01
9.080000000000000071e+00,-1.820257723026705676e+01,1.096979550051374588e+02,4.484698988820291987e+01,1.054547936944556952e+01
9.089999999999999858e+00,-1.816166055135495583e+01,1.077341279936035079e+02,4.514835029902658192e+01,1.079263699316609149e+01
9.099999999999999645e+00,-1.812230024885987234e+01,1.057556878625457273e+02,4.546414286684808559e+01,1.103307162254352392e+01
9.109999999999999432e+00,-1.808466299652974385e+01,1.037632808844830379e+02,4.579447755593990621e+01,1.126576631551823837e+01
9.119999999999999218e+00,-1.804888787761482405e+01,1.017577893930734092e+02,4.613934384633082431e+01,1.148966972014409293e+01
9.130000000000000782e+00,-1.801507805790074457e+01,9.974028256270966608e+01,4.649860749043700991e+01,1.170372247401340360e+01
9.140000000000000568e+00,-1.798329475073846595e+01,9.771195496039354111e+01,4.687201470198024822e+01,1.190688328668123042e+01
9.150000000000000355e+00,-1.795355385024255312e+01,9.567405750479534277e+01,4.725920339167452511e+01,1.209815250738222936e+01
9.160000000000000142e+00,-1.792582540203441965e+01,9.362782585257942003e+01,4.765972041323792752e+01,1.227659117640341790e+01
9.169999999999999929e+00,-1.790003587260090967e+01,9.157441124856659087e+01,4.807304321321303320e+01,1.244133394609867693e+01
9.179999999999999716e+00,-1.787607298116875043e+01,8.951481854793357229e+01,4.849860384528645341e+01,1.259159480750593652e+01
9.189999999999999503e+00,-1.785379268296098232e+01,8.744985548023591093e+01,4.893581306143214960e+01,1.272666522446611559e+01
9.199999999999999289e+00,-1.783302774957495629e+01,8.538009632077697120e+01,4.938408216033619880e+01,1.284590499801498886e+01
9.210000000000000853e+00,-1.781359728974298307e+01,8.330586201977699545e+01,4.984284046999004403e+01,1.294872688880589529e+01
9.220000000000000639e+00,-1.779531649933753812e+01,8.122721758277931769e+01,5.031154675402297727e+01,1.303457664085887657e+01
9.230000000000000426e+00,-1.777800592847465566e+01,7.914398618080288372e+01,5.078969342368007034e+01,1.310291050826993597e+01
9.240000000000000213e+00,-1.776149960799523342e+01,7.705577819376281923e+01,5.127680315072072403e+01,1.315317263445013474e+01
9.250000000000000000e+00,-1.774565148510072987e+01,7.496203226075600412e+01,5.177241823632547835e+01,1.318477463980275211e+01
9.259999999999999787e+00,-1.773033977097741953e+01,7.286206452788958643e+01,5.227608381533141113e+01,1.319707953405982970e+01
9.269999999999999574e+00,-1.771546898925156199e+01,7.075512173393887849e+01,5.278732658415418655e+01,1.318939160734545979e+01
9.279999999999999361e+00,-1.770096971631885552e+01,6.864043361211669492e+01,5.330563116698031223e+01,1.316095331848253380e+01
9.289999999999999147e+00,-1.768679620392985541e+01,6.651726032939454569e+01,5.383041643040453295e+01,1.311094945901528774e+01
9.300000000000000711e+00,-1.767292225188174726e+01,6.438493130652892660e+01,5.436101399896073616e+01,1.303851810783912946e+01
9.310000000000000497e+00,-1.765933583774771520e+01,6.224287269564369751e+01,5.489665091759470528e+01,1.294276718843224039e+01
9.320000000000000284e+00,-1.764603309923056784e+01,6.009062194021879577e+01,5.543643788358036062e+01,1.282279487724879274e+01
9.330000000000000071e+00,-1.763301229660801539e+01,5.792782908956668564e+01,5.597936378505305299e+01,1.267771175327377264e+01
9.339999999999999858e+00,-1.762026835745289688e+01,5.575424576820262956e+01,5.652429651054811188e+01,1.250666247039045054e+01
9.349999999999999645e+00,-1.760778852836413577e+01,5.356970380178881186e+01,5.706998922037492150e+01,1.230884489610692967e+01
9.359999999999999432e+00,-1.759554953807861466e+01,5.137408638695760743e+01,5.761509058735428823e+01,1.208352508365155487e+01
9.369999999999999218e+00,-1.758351652516077479e+01,4.916729529841894220e+01,5.815815700768260399e+01,1.183004709092039342e+01
9.380000000000000782e+00,-1.757164381512428974e+01,4.694921791599719540e+01,5.869766452422068426e+01,1.154783746248469001e+01
9.390000000000000568e+00,-1.755987746038699626e+01,4.471969781502789942e+01,5.923201824216629063e+01,1.123640505986218052e+01
9.400000000000000355e+00,-1.754815929552047038e+01,4.247851230809504841e+01,5.975955736692137776e+01,1.089533775568409446e+01
9.410000000000000142e+00,-1.753643212232794113e+01,4.022535968855424926e+01,6.027855463544926806e+01,1.052429819085996066e+01
9.419999999999999929e+00,-1.752464553511302014e+01,3.795985806051094613e+01,6.078720978777167971e+01,1.012302123132148601e+01
9.429999999999999716e+00,-1.751276183439014389e+01,3.568155661728384587e+01,6.128363774362982497e+01,9.691315875667322999e+00
9.439999999999999503e+00,-1.750076146236909835e+01,3.338995913587721276e+01,6.176585319556101439e+01,9.229074113430975501e+00
9.449999999999999289e+00,-1.748864742709815090e+01,3.108455838178717556e+01,6.223175427638594925e+01,8.736288612633046569e+00
9.460000000000000853e+00,-1.747644826114724026e+01,2.876487915990020028e+01,6.267910868094182320e+01,8.213080164813749917e+00
9.470000000000000639e+00,-1.746421917781405142e+01,2.643052698733260542e+01,6.310554600946055359e+01,7.659734617081075392e+00
9.480000000000000426e+00,-1.745204123194838530e+01,2.408123886781563172e+01,6.350856007275095294e+01,7.076747689927906038e+00
9.490000000000000213e+00,-1.744001844994546957e+01,2.171693245240627235e+01,6.388552441604709742e+01,6.464874757778169112e+00
9.500000000000000000e+00,-1.742827304962545654e+01,1.933774998397289835e+01,6.423372338454203145e+01,5.825181510126053119e+00
9.509999999999999787e+00,-1.741693901181842108e+01,1.694409381725313324e+01,6.455039972566136441e+01,5.159090566292053204e+00
9.519999999999999574e+00,-1.740615438024205375e+01,1.453665092968864236e+01,6.483281810843459425e+01,4.468418719277118534e+00
9.529999999999999361e+00,-1.739605274710779881e+01,1.211640461988914019e+01,6.507834219227684969e+01,3.755399631011615114e+00
9.539999999999999147e+00,-1.738675442545477523e+01,9.684632452178297157e+00,6.528452118415295047e+01,3.022687536555186405e+00
9.550000000000000711e+00,-1.737835781613717501e+01,7.242890372233999230e+00,6.544918038882158839e+01,2.273338815754925246e+00
9.560000000000000497e+00,-1.737093145157752616e+01,4.792983726879687545e+00,6.557050927740750979e+01,1.510770060416184890e+00
9.570000000000000284e+00,-1.736450714586271715e+01,2.336926624132977359e+00,6.564714023303351098e+01,7.386933345172950194e-01
9.580000000000000071e+00,-1.735907460840699201e+01,-1.231083607594069401e-01,6.567821147076222132e+01,-3.896853072109061900e-02
9.589999999999999858e+00,-1.735457779298991454e+01,-2.584847703322229240e+00,6.566340867693092775e+01,-8.181817998546502269e-01
9.599999999999999645e+00,-1.735091316135228467e+01,-5.045978962723753902e+00,6.560298157758479931e+01,-1.594910506854829713e+00
9.609999999999999432e+00,-1.734792994533186317e+01,-7.504214478666498600e+00,6.549773374547376648e+01,-2.365226674750047664e+00
9.619999999999999218e+00,-1.734543239718717444e+01,-9.957353866891327954e+00,6.534898624398532263e+01,-3.125414640054009485e+00
9.630000000000000782e+00,-1.734318392686820332e+01,-1.240334255097079108e+01,6.515851791191623477e+01,-3.872062620782040998e+00
9.640000000000000568e+00,-1.734091293972025127e+01,-1.484032378143742648e+01,6.492848695929258440e+01,-4.602135916389422654e+00
9.650000000000000355e+00,-1.733832011069332424e+01,-1.726668191165915545e+01,6.466133987172355546e+01,-5.313027873866013273e+00
9.660000000000000142e+00,-1.733508676421323358e+01,-1.968107511787243169e+01,6.435971429265732979e+01,-6.002586768897997693e+00
9.669999999999999929e+00,-1.733088397561837724e+01,-2.208245626013724916e+01,6.402634254697225913e+01,-6.669118791248360267e+00
9.679999999999999716e+00,-1.732538197399508206e+01,-2.447008116735009509e+01,6.366396185030907873e+01,-7.311369167828818405e+00
9.689999999999999503e+00,-1.731825941082107789e+01,-2.684350426993914240e+01,6.327523614776936967e+01,-7.928484934257765460e+00
9.699999999999999289e+00,-1.730921206683780156e+01,-2.920256216622872003e+01,6.286269311293373363e+01,-8.519963871319571780e+00
9.710000000000000853e+00,-1.729796060245866940e+01,-3.154734635205626958e+01,6.242867829299557769e+01,-9.085594620850882208e+00
9.720000000000000639e+00,-1.728425701426488104e+01,-3.387816692249549533e+01,6.197532687267037232e+01,-9.625393010976505792e+00
9.730000000000000426e+00,-1.726788953892209832e+01,-3.619550952385571918e+01,6.150455218132114510e+01,-1.013953922346025216e+01
9.740000000000000213e+00,-1.724868584102305391e+01,-3.849998815405822938e+01,6.101804897743187439e+01,-1.062831972421695426e+01
9.750000000000000000e+00,-1.722651442586294124e+01,-4.079229655245614339e+01,6.051730876425098415e+01,-1.109207696098962614e+01
9.759999999999999787e+00,-1.720128432374932714e+01,-4.307316087493872914e+01,6.000364393544472819e+01,-1.153116881709471997e+01
9.769999999999999574e+00,-1.717294319073064202e+01,-4.534329612402780896e+01,5.947821740535132307e+01,-1.194593879301240769e+01
9.779999999999999361e+00,-1.714147405405170943e+01,-4.760336842143291136e+01,5.894207450821694749e+01,-1.233669694771541891e+01
9.789999999999999147e+00,-1.710689099343835906e+01,-4.985396471132515472e+01,5.839617430315124125e+01,-1.270371082895933945e+01
9.800000000000000711e+00,-1.706923408807232079e+01,-5.209557091409325835e+01,5.784141793678627153e+01,-1.304720499635458353e+01
9.810000000000000497e+00,-1.702856397302229396e+01,-5.432855896267290063e+01,5.727867233131014757e+01,-1.336736731382407051e+01
9.820000000000000284e+00,-1.698495633952040151e+01,-5.655318259298606876e+01,5.670878812111642731e+01,-1.366435996239127704e+01
9.830000000000000071e+00,-1.693849668429300337e+01,-5.876958126425870432e+01,5.613261140193769450e+01,-1.393833308821903039e+01
9.839999999999999858e+00,-1.688927556884703662e+01,-6.097779118029263401e+01,5.555098943599674755e+01,-1.418943913014165226e+01
9.849999999999999645e+00,-1.683738459532575149e+01,-6.317776208303544649e+01,5.496477094047290990e+01,-1.441784613230346146e+01
9.859999999999999432e+00,-1.678291324623338454e+01,-6.536937829779371611e+01,5.437480195173581876e+01,-1.462374870241451497e+01
9.869999999999999218e+00,-1.672594667526182377e+01,-6.755248241892782346e+01,5.378191849401653712e+01,-1.480737568456950370e+01
9.880000000000000782e+00,-1.666656447895368132e+01,-6.972690002381982310e+01,5.318693738945029281e+01,-1.496899403957156416e+01
9.890000000000000568e+00,-1.660484042629434853e+01,-7.189246387644372760e+01,5.259064653713438275e+01,-1.510890883209019897e+01
9.900000000000000355e+00,-1.654084307691452338e+01,-7.404903621481702203e+01,5.199379587929642099e+01,-1.522745958623450768e+01
9.910000000000000142e+00,-1.647463717906428826e+01,-7.619652789552662853e+01,5.139709008428833670e+01,-1.532501357023351396e+01
9.919999999999999929e+00,-1.640628570611396597e+01,-7.833491338230764711e+01,5.080118373201125337e+01,-1.540195679525867511e+01
9.929999999999999716e+00,-1.633585236508588068e+01,-8.046424080594297834e+01,5.020667951018465658e+01,-1.545868365795145749e+01
9.939999999999999503e+00,-1.626340439269541349e+01,-8.258463658303125499e+01,4.961412964048071927e+01,-1.549558622119320717e+01
9.949999999999999289e+00,-1.618901544378501001e+01,-8.469630435584377892e+01,4.902404047030407952e+01,-1.551304411733879540e+01
9.960000000000000853e+00,-1.611276837424883368e+01,-8.679951829866531909e+01,4.843687990456258063e+01,-1.551141597959652429e+01
9.970000000000000639e+00,-1.603475772603210814e+01,-8.889461112028472201e+01,4.785308712530490993e+01,-1.549103316954261089e+01
9.980000000000000426e+00,-1.595509173594269470e+01,-9.098195736829357827e+01,4.727308386646163996e+01,-1.545219638253851535e+01
9.990000000000000213e+00,-1.587389371298768559e+01,-9.306195289681674865e+01,4.669728638492275508e+01,-1.539517549010723840e+01
1.000000000000000000e+01,-1.579130266043857489e+01,-9.513499158189097216e+01,4.612611720438192719e+01,-1.532021273262481920e+01
1.000999999999999979e+01,-1.570747305794828641e+01,-9.720144054385413313e+01,4.556001570877755569e+01,-1.522752912190125052e+01
1.001999999999999957e+01,-1.562257376423112909e+01,-9.926161525059696089e+01,4.499944672856195638e+01,-1.511733366744139673e+01
1.002999999999999936e+01,-1.553678604987948297e+01,-1.013157559186990682e+02,4.444490639236501295e+01,-1.498983481898333814e+01
1.003999999999999915e+01,-1.545030082012566908e+01,-1.033640065945434117e+02,4.389692470149529413e+01,-1.484525333740657693e+01
1.005000000000000071e+01,-1.536331513576353736e+01,-1.054063981829353622e+02,4.335606451323758392e+01,-1.468383568050824550e+01
1.006000000000000050e+01,-1.527602818399148887e+01,-1.074428365004366839e+02,4.282291687514224776e+01,-1.450586693034547636e+01
1.007000000000000028e+01,-1.518863688682620960e+01,-1.094730961740144437e+02,4.229809291745936406e+01,-1.431168230098781358e+01
1.008000000000000007e+01,-1.510133136063942239e+01,-1.114968208966681402e+02,4.178221276408388007e+01,-1.410167635006039788e+01
1.008999999999999986e+01,-1.501429045460247735e+01,-1.135135302078753909e+02,4.127589214376743598e+01,-1.387630916872031328e+01
1.009999999999999964e+01,-1.492767759742534039e+01,-1.155226326074207748e+02,4.077972755520843862e+01,-1.363610903124829576e+01
1.010999999999999943e+01,-1.484163717053206888e+01,-1.175234444564199237e+02,4.029428094839722263e+01,-1.338167123103928269e+01
1.011999999999999922e+01,-1.475629160219461866e+01,-1.195152137886397838e+02,3.982006492210347659e+01,-1.311365309501898757e+01
1.013000000000000078e+01,-1.467173934223055376e+01,-1.214971478665410984e+02,3.935752940156894653e+01,-1.283276543268611469e+01
1.014000000000000057e+01,-1.458805383227001862e+01,-1.234684430860165065e+02,3.890705065522809036e+01,-1.253976091895572509e+01
1.015000000000000036e+01,-1.450528353437480256e+01,-1.254283156753399169e+02,3.846892334391336732e+01,-1.223542011398963858e+01
1.016000000000000014e+01,-1.442345302344235414e+01,-1.273760315585676040e+02,3.804335608406687186e+01,-1.192053597410028409e+01
1.016999999999999993e+01,-1.434256508922896955e+01,-1.293109337696988632e+02,3.763047076442591532e+01,-1.159589779594144510e+01
1.017999999999999972e+01,-1.426260373523251346e+01,-1.312324659155297581e+02,3.723030560148740165e+01,-1.126227555676507031e+01
1.018999999999999950e+01,-1.418353790762834876e+01,-1.331401903919600329e+02,3.684282167097899929e+01,-1.092040556656208317e+01
1.019999999999999929e+01,-1.410532574165446107e+01,-1.350338003542111380e+02,3.646791242788196286e+01,-1.057097823805182735e+01
1.021000000000000085e+01,-1.402791907891489664e+01,-1.369131248130114500e+02,3.610541554164448996e+01,-1.021462861647851916e+01
1.022000000000000064e+01,-1.395126799024179398e+01,-1.387781266560340612e+02,3.575512623874892881e+01,-9.851930105314261610e+00
1.023000000000000043e+01,-1.387532503746861323e+01,-1.406288938495689251e+02,3.541681127089533021e+01,-9.483391591415413657e+00
1.024000000000000021e+01,-1.380004902498224162e+01,-1.424656245268633370e+02,3.509022261870975257e+01,-9.109457931101454520e+00
1.025000000000000000e+01,-1.372540802799345272e+01,-1.442886070809244927e+02,3.477511009836956646e+01,-8.730513525166520239e+00
1.025999999999999979e+01,-1.365138153713428082e+01,-1.460981967153464893e+02,3.447123215714277933e+01,-8.346888503844262175e+00
1.026999999999999957e+01,-1.357796162459853129e+01,-1.478947901355938086e+02,3.417836431392045426e+01,-7.958866878382735877e+00
1.027999999999999936e+01,-1.350515311046615707e+01,-1.496788001620308819e+02,3.389630490829080145e+01,-7.566695907119591169e+00
1.028999999999999915e+01,-1.343297278296480002e+01,-1.514506320029667563e+02,3.362487804904285582e+01,-7.170595879259956895e+00
1.030000000000000071e+01,-1.336144779671692717e+01,-1.532106627424828389e+02,3.336393388071314803e+01,-6.770769541918383538e+00
1.031000000000000050e+01,-1.329061343230109671e+01,-1.549592252887285611e+02,3.311334649523139717e+01,-6.367410482372012126e+00
1.032000000000000028e+01,-1.322051044351429994e+01,-1.566965976206626578e+02,3.287300998697172361e+01,-5.960709919033364557e+00
1.033000000000000007e+01,-1.315118224185884088e+01,-1.584229977011699475e+02,3.264283326916081762e+01,-5.550861537488546382e+00
1.033999999999999986e+01,-1.308267216916786779e+01,-1.601385839337588948e+02,3.242273432819013124e+01,-5.138064214498470506e+00
1.034999999999999964e+01,-1.301502108908255728e+01,-1.618434605716841759e+02,3.221263458628079945e+01,-4.722522683621795281e+00
1.035999999999999943e+01,-1.294826548836086566e+01,-1.635376870825897129e+02,3.201245397459740616e+01,-4.304446391585023513e+00
1.036999999999999922e+01,-1.288243622343965988e+01,-1.652212901627731583e+02,3.182210719644125518e+01,-3.884046957017102120e+00
1.038000000000000078e+01,-1.281755798126408941e+01,-1.668942769083602116e+02,3.164150149650161481e+01,-3.461534758419631874e+00
1.039000000000000057e+01,-1.275364945196256095e+01,-1.685566476009356620e+02,3.147053606374887025e+01,-3.037115236629665205e+00
1.040000000000000036e+01,-1.269072414066916288e+01,-1.702084066560825590e+02,3.130910300079191799e+01,-2.610985494266394813e+00
1.041000000000000014e+01,-1.262879168277298803e+01,-1.718495705067901724e+02,3.115708961008933287e+01,-2.183331712097709598e+00
1.041999999999999993e+01,-1.256785947664474179e+01,-1.734801715307969516e+02,3.101438159467321043e+01,-1.754327786699157565e+00
1.042999999999999972e+01,-1.250793441499572545e+01,-1.751002575528109730e+02,3.088086666257512647e+01,-1.324135436814565248e+00
1.043999999999999950e+01,-1.244902448361507297e+01,-1.767098869225942792e+02,3.075643797040698857e+01,-8.929058428756562193e-01
1.044999999999999929e+01,-1.239114000574478425e+01,-1.783091196465134942e+02,3.064099684796366319e+01,-4.607826930723384895e-01
1.046000000000000085e+01,-1.233429434131762470e+01,-1.798980054900795267e+02,3.053445431210247918e+01,-2.790632896545996305e-02
1.047000000000000064e+01,-1.227850390027731287e+01,1.785234296686433595e+02,3.043673099866131082e+01,4.055814681740916861e-01
1.048000000000000043e+01,-1.222378739401684733e+01,1.769551977048260198e+02,3.034775530475196703e+01,8.395326169080908896e-01
1.049000000000000021e+01,-1.217016432297052120e+01,1.753973606891564145e+02,3.026745972513382199e+01,1.273788420037899494e+00
1.050000000000000000e+01,-1.211765277503428706e+01,1.738500403011089190e+02,3.019577556745604596e+01,1.708176403558402612e+00
1.050999999999999979e+01,-1.206626668194822294e+01,1.723134227941255006e+02,3.013262642278907322e+01,2.142508848332889571e+00
1.051999999999999957e+01,-1.201601274260381658e+01,1.707877584151925134e+02,3.007792093158286661e+01,2.576583424221638996e+00
1.052999999999999936e+01,-1.196688726794113222e+01,1.692733546123630788e+02,3.003154550493119856e+01,3.010186161518831227e+00
1.053999999999999915e+01,-1.191887322757309775e+01,1.677705628696782014e+02,2.999335772452473492e+01,3.443096788008836562e+00
1.055000000000000071e+01,-1.187193778108122721e+01,1.662797595493891833e+02,2.996318114448399683e+01,3.875096239419212996e+00
1.056000000000000050e+01,-1.182603055640063516e+01,1.648013216537086976e+02,2.994080215227278430e+01,4.305975935631201956e+00
1.057000000000000028e+01,-1.178108289490793226e+01,1.633355989005520712e+02,2.992596941747890327e+01,4.735548223734830309e+00
1.058000000000000007e+01,-1.173700822039516822e+01,1.618828839012543028e+02,2.991839627502289645e+01,5.163657239356797213e+00
1.058999999999999986e+01,-1.169370361112039447e+01,1.604433824998340015e+02,2.991776616660670385e+01,5.590189344284693718e+00
1.059999999999999964e+01,-1.165105256584600824e+01,1.590171864571393314e+02,2.992374101808123044e+01,6.015082271856191376e+00
1.060999999999999943e+01,-1.160892886247358646e+01,1.576042506222960924e+02,2.993597218080228473e+01,6.438332157459126570e+00
1.061999999999999922e+01,-1.156720131852195621e+01,1.562043765222945524e+02,2.995411333324787151e+01,6.859997749564297642e+00
1.063000000000000078e+01,-1.152573918356545946e+01,1.548172039248624401e+02,2.997783454622823740e+01,7.280201280488754811e+00
1.064000000000000057e+01,-1.148441783195254473e+01,1.534422114103518311e+02,3.000683657982936481e+01,7.699125712808766231e+00
1.065000000000000036e+01,-1.144312438593156145e+01,1.520787263598562333e+02,3.004086441758046888e+01,8.117008348576010945e+00
1.066000000000000014e+01,-1.140176288942199889e+01,1.507259440767562921e+02,3.007971906205330725e+01,8.534131071477315089e+00
1.066999999999999993e+01,-1.136025867350266516e+01,1.493829550649865041e+02,3.012326671762994579e+01,8.950807761662463946e+00
1.067999999999999972e+01,-1.131856160581013171e+01,1.480487788518282173e+02,3.017144466387805224e+01,9.367369654190211392e+00
1.068999999999999950e+01,-1.127664799390226591e+01,1.467224022264200016e+02,3.022426336235776390e+01,9.784149582862806227e+00
1.069999999999999929e+01,-1.123452101073526777e+01,1.454028194184583924e+02,3.028180461970283943e+01,1.020146614514552219e+01
1.071000000000000085e+01,-1.119220961985937635e+01,1.440890715995387552e+02,3.034421592505125886e+01,1.061960883198023176e+01
1.072000000000000064e+01,-1.114976608853764439e+01,1.427802831658803200e+02,3.041170136340910091e+01,1.103882508832797882e+01
1.073000000000000043e+01,-1.110726227839197833e+01,1.414756925461045682e+02,3.048450975290368348e+01,1.145931011459291149e+01
1.074000000000000021e+01,-1.106478498620606921e+01,1.401746757397474141e+02,3.056292084203717607e+01,1.188120000152745881e+01
1.075000000000000000e+01,-1.102243066522674297e+01,1.388767613822350597e+02,3.064723051836685386e+01,1.230456853310741927e+01
1.075999999999999979e+01,-1.098029988572450577e+01,1.375816367904229480e+02,3.073773601555508250e+01,1.272942771736013512e+01
1.076999999999999957e+01,-1.093849189193032956e+01,1.362891451067468722e+02,3.083472206235528290e+01,1.315573183857373607e+01
1.077999999999999936e+01,-1.089709958299926740e+01,1.349992742711187645e+02,3.093844880288555288e+01,1.358338458779168079e+01
1.078999999999999915e+01,-1.085620519305614984e+01,1.337121390597384902e+02,3.104914214629986802e+01,1.401224863987764202e+01
1.080000000000000071e+01,-1.081587687602229231e+01,1.324279578046766517e+02,3.116698699349060675e+01,1.444215691718724592e+01
1.081000000000000050e+01,-1.077616632201335989e+01,1.311470256287536245e+02,3.129212355858734895e+01,1.487292471840323671e+01
1.082000000000000028e+01,-1.073710745090399143e+01,1.298696860932921879e+02,3.142464677383821936e+01,1.530436189677617520e+01
1.083000000000000007e+01,-1.069871615187263814e+01,1.285963030716605431e+02,3.156460855664840182e+01,1.573628433963894224e+01
1.083999999999999986e+01,-1.066099097103170301e+01,1.273272344498885360e+02,3.171202254301922707e+01,1.616852412060492838e+01
1.084999999999999964e+01,-1.062391459694191198e+01,1.260628089457865144e+02,3.186687076443861244e+01,1.660093785351146067e+01
1.085999999999999943e+01,-1.058745595873043399e+01,1.248033069638500621e+02,3.202911167280237947e+01,1.703341295656210974e+01
1.086999999999999922e+01,-1.055157273493208336e+01,1.235489460010111458e+02,3.219868890242735660e+01,1.746587171875335187e+01
1.088000000000000078e+01,-1.051621407274523889e+01,1.222998707240116971e+02,3.237554019657383719e+01,1.789827323136871229e+01
1.089000000000000057e+01,-1.048132333535698990e+01,1.210561474858876920e+02,3.255960601005774180e+01,1.833061338985393007e+01
1.090000000000000036e+01,-1.044684072625989124e+01,1.198177627645879681e+02,3.275083741717320152e+01,1.876292327386789083e+01
1.091000000000000014e+01,-1.041270567993367280e+01,1.185846248114148267e+02,3.294920308991078173e+01,1.919526626844525197e+01
1.091999999999999993e+01,-1.037885895309206497e+01,1.173565677017852806e+02,3.315469524854823646e+01,1.962773429512449397e+01
1.092999999999999972e+01,-1.034524439486474812e+01,1.161333569865338546e+02,3.336733460871930390e+01,2.006044348232028085e+01
1.093999999999999950e+01,-1.031181041301860724e+01,1.149146962388800119e+02,3.358717444190878609e+01,2.049352952815997142e+01
1.094999999999999929e+01,-1.027851118260040408e+01,1.137002339611166519e+02,3.381430391978749839e+01,2.092714290968468305e+01
1.096000000000000085e+01,-1.024530766037641882e+01,1.124895705293746175e+02,3.404885092190073692e+01,2.136144398565588531e+01
1.097000000000000064e+01,-1.021216847183086962e+01,1.112822650833579559e+02,3.429098445179474197e+01,2.179659794287340446e+01
1.098000000000000043e+01,-1.017907072760566756e+01,1.100778424785547287e+02,3.454091673536185425e+01,2.223276946329224657e+01
1.099000000000000021e+01,-1.014600080509123536e+01,1.088758005817372947e+02,3.479890497870370325e+01,2.267011695346014477e+01
1.100000000000000000e+01,-1.011295510178262624e+01,1.076756182833772044e+02,3.506525265652908985e+01,2.310878618623069158e+01
1.100999999999999979e+01,-1.007994073438233507e+01,1.064767646088178736e+02,3.534031010320200039e+01,2.354890325881250135e+01
1.101999999999999957e+01,-1.004697612632861059e+01,1.052787092303168492e+02,3.562447410393365743e+01,2.399056686632580693e+01
1.102999999999999936e+01,-1.001409140123061192e+01,1.040809345224741804e+02,3.591818614773253415e+01,2.443384001568392350e+01
1.103999999999999915e+01,-9.981328484686279978e+00,1.028829490826319386e+02,3.622192901678252497e+01,2.487874144570589507e+01
1.105000000000000071e+01,-9.948740815039696983e+00,1.016843023825273775e+02,3.653622145343676664e+01,2.532523715783357687e+01
1.106000000000000050e+01,-9.916392576126659364e+00,1.004845999599960606e+02,3.686161076412383153e+01,2.577323257870917672e+01
1.107000000000000028e+01,-9.884357391534875248e+00,9.928351833335297272e+01,3.719866338093685698e+01,2.622256595350470931e+01
1.108000000000000007e+01,-9.852716458224149321e+00,9.808081865710921932e+01,3.754795359262062959e+01,2.667300359292015699e+01
1.108999999999999986e+01,-9.821556143896208013e+00,9.687635806033013353e+01,3.791005085891370641e+01,2.712423755782325330e+01
1.109999999999999964e+01,-9.790965122608607629e+00,9.567009763341127382e+01,3.828550631502717039e+01,2.757588626033000878e+01
1.110999999999999943e+01,-9.761031171621471714e+00,9.446210615962040436e+01,3.867483923518789624e+01,2.802749829208044119e+01
1.111999999999999922e+01,-9.731837794246796847e+00,9.325255891741893777e+01,3.907852433584926644e+01,2.847855956946470712e+01
1.113000000000000078e+01,-9.703460864052081192e+00,9.204173119118391355e+01,3.949698084387510022e+01,2.892850362738515102e+01
1.114000000000000057e+01,-9.675965501705796612e+00,9.082998649605944763e+01,3.993056422117057735e+01,2.937672461847127536e+01
1.115000000000000036e+01,-9.649403394938095957e+00,8.961775991645043860e+01,4.037956131951853678e+01,2.982259230753392742e+01
1.116000000000000014e+01,-9.623810753889681990e+00,8.840553734371042083e+01,4.084418953965183618e+01,3.026546811719669705e+01
1.116999999999999993e+01,-9.599207059371149597e+00,8.719383174385667701e+01,4.132460029648608213e+01,3.070472110543152766e+01
1.117999999999999972e+01,-9.575594712450994805e+00,8.598315786047965048e+01,4.182088676545962613e+01,3.113974266187918971e+01
1.118999999999999950e+01,-9.552959633705629727e+00,8.477400693618932337e+01,4.233309552786932528e+01,3.156995871496887673e+01
1.119999999999999929e+01,-9.531272793727392667e+00,8.356682309944568487e+01,4.286124137665652256e+01,3.199483835600279846e+01
1.121000000000000085e+01,-9.510492588106153278e+00,8.236198300195225386e+01,4.340532422263039791e+01,3.241389800988115866e+01
1.122000000000000064e+01,-9.490567905477112376e+00,8.115978010369802575e+01,4.396534678939140406e+01,3.282670060412665691e+01
1.123000000000000043e+01,-9.471441681787940325e+00,7.996041469685793857e+01,4.454133163463534828e+01,3.323284958592188332e+01
1.124000000000000021e+01,-9.453054692730868069e+00,7.876399035500914181e+01,4.513333601002093332e+01,3.363197807810137618e+01
1.125000000000000000e+01,-9.435349313512682912e+00,7.757051701920988762e+01,4.574146318412004319e+01,3.402373390870013026e+01
1.125999999999999979e+01,-9.418272973686466543e+00,7.637992042437728912e+01,4.636586910209671686e+01,3.440776165020831456e+01
1.126999999999999957e+01,-9.401781055788433150e+00,7.519205707081175660e+01,4.700676362565688748e+01,3.478368312070586654e+01
1.127999999999999936e+01,-9.385839029116917587e+00,7.400673350124355920e+01,4.766440605738694813e+01,3.515107799250966281e+01
1.128999999999999915e+01,-9.370423671129229248e+00,7.282372829546237369e+01,4.833909516333277168e+01,3.550946619881580091e+01
1.130000000000000071e+01,-9.355523303616950059e+00,7.164281497704625679e+01,4.903115441790406237e+01,3.585829371344916439e+01
1.131000000000000050e+01,-9.341137052516167216e+00,7.046378396296454127e+01,4.974091365518626873e+01,3.619692300771063032e+01
1.132000000000000028e+01,-9.327273221504782441e+00,6.928646178516999043e+01,5.046868867306932316e+01,3.652462908187311541e+01
1.133000000000000007e+01,-9.313946942948250651e+00,6.811072606603910629e+01,5.121476056191383464e+01,3.684060146163300686e+01
1.133999999999999986e+01,-9.301177328532121535e+00,6.693651511379280805e+01,5.197935659037285205e+01,3.714395198722798597e+01
1.134999999999999964e+01,-9.288984380773291250e+00,6.576383148423275316e+01,5.276263436479972313e+01,3.743372765741034414e+01
1.135999999999999943e+01,-9.277385942209040337e+00,6.459273938711881158e+01,5.356467068885759630e+01,3.770892727691533963e+01
1.136999999999999922e+01,-9.266394950323903146e+00,6.342335635118111270e+01,5.438545610652116835e+01,3.796852024724485375e+01
1.138000000000000078e+01,-9.256017234317484466e+00,6.225584005382936681e+01,5.522489555042006515e+01,3.821146558239313862e+01
1.139000000000000057e+01,-9.246250037774393249e+00,6.109037162795074494e+01,5.608281488794384728e+01,3.843672915799375289e+01
1.140000000000000036e+01,-9.237081383947442603e+00,5.992713704486820347e+01,5.695897251981495657e+01,3.864329733292240832e+01
1.141000000000000014e+01,-9.228490323654925831e+00,5.876630831649932674e+01,5.785307460561104165e+01,3.883018541602157825e+01
1.141999999999999993e+01,-9.220448026361289351e+00,5.760802624986218490e+01,5.876479203322679723e+01,3.899643996524417133e+01
1.142999999999999972e+01,-9.212919599670183146e+00,5.645238632492309705e+01,5.969377697188726728e+01,3.914113455858706914e+01
1.143999999999999950e+01,-9.205866457705816686e+00,5.529942896637901129e+01,6.063967679324948534e+01,3.926335940324089790e+01
1.144999999999999929e+01,-9.199249010377872793e+00,5.414913506707461011e+01,6.160214333261180997e+01,3.936220587548572780e+01
1.146000000000000085e+01,-9.193029417711601425e+00,5.300142713115945980e+01,6.258083588616599968e+01,3.943674772760076763e+01
1.147000000000000064e+01,-9.187174148961872788e+00,5.185617588216357632e+01,6.357541696662042341e+01,3.948602118203045563e+01
1.148000000000000043e+01,-9.181656105749663510e+00,5.071321167244408201e+01,6.458554060882254078e+01,3.950900639370341594e+01
1.149000000000000021e+01,-9.176456110372072317e+00,4.957233958331785573e+01,6.561083384987665568e+01,3.950461275750645740e+01
1.150000000000000000e+01,-9.171563620970323072e+00,4.843335676228490172e+01,6.665087281406668751e+01,3.947167025653890704e+01
1.150999999999999979e+01,-9.166976608729941134e+00,4.729607033826294327e+01,6.770515551996422232e+01,3.940892850583831120e+01
1.151999999999999957e+01,-9.162700611715225207e+00,4.616031420772974059e+01,6.877307401292725331e+01,3.931506439349800530e+01
1.152999999999999936e+01,-9.158747057654695212e+00,4.502596309851564627e+01,6.985388864678425591e+01,3.918869832972305289e+01
1.153999999999999915e+01,-9.155131016528407883e+00,4.389294258192170872e+01,7.094670725578748716e+01,3.902841817622805110e+01
1.155000000000000071e+01,-9.151868596676440148e+00,4.276123409132074471e+01,7.205047156470338621e+01,3.883280904518375110e+01
1.156000000000000050e+01,-9.148974230502437521e+00,4.163087447811377473e+01,7.316395250735028810e+01,3.860048643040639149e+01
1.157000000000000028e+01,-9.146458104921000754e+00,4.050195014819946948e+01,7.428575522096647887e+01,3.833012965497059810e+01
1.158000000000000007e+01,-9.144323976998137482e+00,3.937458632560242933e+01,7.541433344398436134e+01,3.802051245928832657e+01
1.158999999999999986e+01,-9.142567578473455470e+00,3.824893243839090218e+01,7.654801197915284661e+01,3.767052775167644540e+01
1.159999999999999964e+01,-9.141175757692995063e+00,3.712514497539283553e+01,7.768501491594551567e+01,3.727920410074874980e+01
1.160999999999999943e+01,-9.140126439130114022e+00,3.600336938970467315e+01,7.882349655817813527e+01,3.684571242376105005e+01
1.161999999999999922e+01,-9.139389405388939736e+00,3.488372270732184433e+01,7.996157158045259905e+01,3.636936243278968561e+01
1.163000000000000078e+01,-9.138927831164211923e+00,3.376627842979573302e+01,8.109734091396593669e+01,3.584958962041812924e+01
1.164000000000000057e+01,-9.138700429856941199e+00,3.265105510521446774e+01,8.222891026636516187e+01,3.528593475375317468e+01
1.165000000000000036e+01,-9.138664017658545191e+00,3.153800960118623919e+01,8.335439898630458799e+01,3.467801884924048750e+01
1.166000000000000014e+01,-9.138776262089669089e+00,3.042703567748763405e+01,8.447193811159125687e+01,3.402551728436488787e+01
1.166999999999999993e+01,-9.138998365841676019e+00,2.931796796442475284e+01,8.557965776403219138e+01,3.332813696354053690e+01
1.167999999999999972e+01,-9.139297444000039405e+00,2.821059095152205032e+01,8.667566541637627608e+01,3.258560024204653160e+01
1.168999999999999950e+01,-9.139648382813053473e+00,2.710465212768679422e+01,8.775801778747914739e+01,3.179763863074147423e+01
1.169999999999999929e+01,-9.140035018334344841e+00,2.599987803348377824e+01,8.882469006213757723e+01,3.096399822265497193e+01
1.171000000000000085e+01,-9.140450538684824267e+00,2.489599172609356614e+01,8.987354665455870872e+01,3.008445742046609439e+01
1.172000000000000064e+01,-9.140897087906697749e+00,2.379273004356728549e+01,9.090231776012984710e+01,2.915885606017067744e+01
1.173000000000000043e+01,-9.141384625034238098e+00,2.268985909796123934e+01,9.190858544901591642e+01,2.818713359977646249e+01
1.174000000000000021e+01,-9.141929161556189953e+00,2.158718662139517974e+01,9.288978209010893750e+01,2.716937285038315864e+01
1.175000000000000000e+01,-9.142550557056130955e+00,2.048457011403111139e+01,9.384320255780345121e+01,2.610584492589460837e+01
1.175999999999999979e+01,-9.143270091075843098e+00,1.938192016434414100e+01,9.476603011995180736e+01,2.499705079038461619e+01
1.176999999999999957e+01,-9.144108045708644994e+00,1.827919878663357878e+01,9.565537432052805400e+01,2.384375504432923165e+01
1.177999999999999936e+01,-9.145081526914125902e+00,1.717641310108890806e+01,9.650831775551988301e+01,2.264700839951423461e+01
1.178999999999999915e+01,-9.146202724159469000e+00,1.607360512110440709e+01,9.732196758432607453e+01,2.140815656244425469e+01
1.180000000000000071e+01,-9.147477760924962453e+00,1.497083876945068504e+01,9.809350707249319612e+01,2.012883482645648314e+01
1.181000000000000050e+01,-9.148906227739297847e+00,1.386818548680673757e+01,9.882024251421873373e+01,1.881094936217155222e+01
1.182000000000000028e+01,-9.150481420785197884e+00,1.276570990198304223e+01,9.949964154470059441e+01,1.745664776799402773e+01
1.183000000000000007e+01,-9.152191239396120892e+00,1.166345699492871191e+01,1.001293600469599738e+02,1.606828267735947691e+01
1.183999999999999986e+01,-9.154019631618130148e+00,1.056144200669236355e+01,1.007072564292914620e+02,1.464837293762798609e+01
1.184999999999999964e+01,-9.155948424541090702e+00,9.459644053145954246e+00,1.012313937820562018e+02,1.319956696676326224e+01
1.185999999999999943e+01,-9.157959340314086205e+00,8.358004010914449111e+00,1.017000320709569934e+02,1.172461233694551197e+01
1.186999999999999922e+01,-9.160035983084549471e+00,7.256426802872411486e+00,1.021116138504110893e+02,1.022633450271285227e+01
1.188000000000000078e+01,-9.162165588052632259e+00,6.154787760351854153e+00,1.024647477910505415e+02,8.707626044079040284e+00
1.189000000000000057e+01,-9.164340350803151125e+00,5.052942324805362873e+00,1.027581944888813581e+02,7.171446053935728315e+00
1.190000000000000036e+01,-9.166558200337576068e+00,3.950738014852609226e+00,1.029908585310539735e+02,5.620827615639768737e+00
1.191000000000000014e+01,-9.168822938161586222e+00,2.848027359555392657e+00,1.031617897015504184e+02,4.058889936190643866e+00
1.191999999999999993e+01,-9.171143732329003484e+00,1.744680408259989157e+00,1.032701946732590699e+02,2.488850826316605147e+00
1.192999999999999972e+01,-9.173534022642670038e+00,6.405954802334061782e-01,1.033154587701172886e+02,9.140349835637758824e-01
1.193999999999999950e+01,-9.176009954339724217e+00,-4.642929925401280133e-01,1.032971756484038224e+02,-6.621260197386524826e-01
1.194999999999999929e+01,-9.178588506308850370e+00,-1.570010369047072363e+00,1.032151812932559380e+02,-2.236105070436979592e+00
1.196000000000000085e+01,-9.181285511310360192e+00,-2.676541897517445978e+00,1.030695877714979360e+02,-3.804303647270975919e+00
1.197000000000000064e+01,-9.184113776743684454e+00,-3.783837020788845429e+00,1.028608118720809443e+02,-5.363088419605773538e+00
1.198000000000000043e+01,-9.187081504277406552e+00,-4.891817465984765079e+00,1.025895941554917812e+02,-6.908838170792139799e+00
1.199000000000000021e+01,-9.190191176308124099e+00,-6.000388304393960759e+00,1.022570049751673906e+02,-8.437997360953170656e+00
1.200000000000000000e+01,-9.193439029881959712e+00,-7.109450858804405193e+00,1.018644355815963820e+02,-9.947131592137727907e+00
1.200999999999999979e+01,-9.196815179146812014e+00,-8.218916139880532157e+00,1.014135742514842633e+02,-1.143297983362621473e+01
1.201999999999999957e+01,-9.200304381490298056e+00,-9.328717429761649527e+00,1.009063692360731324e+02,-1.289249856486918233e+01
1.202999999999999936e+01,-9.203887376748340898e+00,-1.043882070649195626e+01,1.003449819294746135e+02,-1.432289395089296136e+01
1.203999999999999915e+01,-9.207542669739591901e+00,-1.154923181052405745e+01,9.973173479494784033e+01,-1.572163963647323470e+01
1.205000000000000071e+01,-9.211248579823791971e+00,-1.265999957493678352e+01,9.906905910315674646e+01,-1.708647951543952459e+01
1.206000000000000050e+01,-9.214985351984664064e+00,-1.377121454342960583e+01,9.835944737420834372e+01,-1.841541664763477115e+01
1.207000000000000028e+01,-9.218737115266673499e+00,-1.488300334518920742e+01,9.760541461551123632e+01,-1.970669110776998423e+01
1.208000000000000007e+01,-9.222493487410030610e+00,-1.599551923885340798e+01,9.680947113856946373e+01,-2.095875074513262248e+01
1.208999999999999986e+01,-9.226250658202433286e+00,-1.710892973372684978e+01,9.597410811289404364e+01,-2.217021946402716281e+01
1.209999999999999964e+01,-9.230011835206145321e+00,-1.822340250390730532e+01,9.510179530224718292e+01,-2.333986763754360183e+01
1.210999999999999943e+01,-9.233786999050716204e+00,-1.933909099732845505e+01,9.419498885795415788e+01,-2.446658866380120045e+01
1.211999999999999922e+01,-9.237591984958145375e+00,-2.045612118660402245e+01,9.325614581866994968e+01,-2.554938456570694427e+01
1.213000000000000078e+01,-9.241446975462654478e+00,-2.157458080640080667e+01,9.228774123551269781e+01,-2.658736208672179302e+01
1.214000000000000057e+01,-9.245374549379372198e+00,-2.269451218275658988e+01,9.129228368531005344e+01,-2.757973914951577754e+01
1.215000000000000036e+01,-9.249397477811458046e+00,-2.381590940753207519e+01,9.027232535382218259e+01,-2.852586003660829661e+01
1.216000000000000014e+01,-9.253536484728524414e+00,-2.493872018170800686e+01,8.923046378983498528e+01,-2.942521641979936931e+01
1.216999999999999993e+01,-9.257808194739226337e+00,-2.606285218778671720e+01,8.816933371013165299e+01,-3.027747056300557560e+01
1.217999999999999972e+01,-9.262223473644485949e+00,-2.718818340024685654e+01,8.709158869112393120e+01,-3.108247674253445325e+01
1.218999999999999950e+01,-9.266786329898858199e+00,-2.831457534835005774e+01,8.599987401473914872e+01,-3.184029718769663475e+01
1.219999999999999929e+01,-9.271493490881697497e+00,-2.944188804617991551e+01,8.489679315490351996e+01,-3.255120958714164914e+01
1.221000000000000085e+01,-9.276334702117241093e+00,-3.056999512998411106e+01,8.378487124479916304e+01,-3.321570431402368939e+01
1.222000000000000064e+01,-9.281293726597901639e+00,-3.169879771029765081e+01,8.266651925873348716e+01,-3.383447083482142403e+01
1.223000000000000043e+01,-9.286349951997465269e+00,-3.282823556026946221e+01,8.154400254692676242e+01,-3.440837410310654576e+01
1.224000000000000021e+01,-9.291480452580035632e+00,-3.395829451272863508e+01,8.041941681324935587e+01,-3.493842292921938508e+01
1.225000000000000000e+01,-9.296662306106592055e+00,-3.508900930411755326e+01,7.929467371707775669e+01,-3.542573321784828977e+01
1.225999999999999979e+01,-9.301874938842880525e+00,-3.622046154928803929e+01,7.817149714216361645e+01,-3.587148948178868579e+01
1.226999999999999957e+01,-9.307102266936986723e+00,-3.735277301424901708e+01,7.705142995826069807e+01,-3.627690812917600738e+01
1.227999999999999936e+01,-9.312334420853533246e+00,-3.848609482629698419e+01,7.593584995526195769e+01,-3.664320569494775270e+01
1.228999999999999915e+01,-9.317568879768719725e+00,-3.962059367437129964e+01,7.482599268679621218e+01,-3.697157450510660226e+01
1.230000000000000071e+01,-9.322810901088494973e+00,-4.075643636362330824e+01,7.372297832118250938e+01,-3.726316732217530614e+01
1.231000000000000050e+01,-9.328073200815458321e+00,-4.189377426356293199e+01,7.262783932237046258e+01,-3.751909144401870577e+01
1.232000000000000028e+01,-9.333374916230754437e+00,-4.303272920895456366e+01,7.154154588735062248e+01,-3.774041164733697684e+01
1.233000000000000007e+01,-9.338739955503577050e+00,-4.417338227331821088e+01,7.046502652061164440e+01,-3.792816040761172047e+01
1.233999999999999986e+01,-9.344194901850604751e+00,-4.531576654959412309e+01,6.939918186241462195e+01,-3.808335309574881222e+01
1.234999999999999964e+01,-9.349766686232944934e+00,-4.645986466966839146e+01,6.834489080763091806e+01,-3.820700542400340538e+01
1.235999999999999943e+01,-9.355480267523176963e+00,-4.760561131447976635e+01,6.730300893953838681e+01,-3.830015032713581036e+01
1.236999999999999922e+01,-9.361356560012266570e+00,-4.875290045739316014e+01,6.627436023878806282e+01,-3.836385171433050800e+01
1.238000000000000078e+01,-9.367410824868546371e+00,-4.990159659611089182e+01,6.525972380344590817e+01,-3.839921306847193705e+01
1.239000000000000057e+01,-9.373651696880227036e+00,-5.105154881087928942e+01,6.425981784740612568e+01,-3.840737962431200003e+01
1.240000000000000036e+01,-9.380080954781140790e+00,-5.220260618062694391e+01,6.327528348068923236e+01,-3.838953372658310315e+01
1.241000000000000014e+01,-9.386694068636320054e+00,-5.335463292502742405e+01,6.230667070300445687e+01,-3.834688384556977780e+01
1.241999999999999993e+01,-9.393481478255200301e+00,-5.450752163722891197e+01,6.135442868528681970e+01,-3.828064850869590430e+01
1.242999999999999972e+01,-9.400430480059224436e+00,-5.566120313246653950e+01,6.041890182788757357e+01,-3.819203700699272019e+01
1.243999999999999950e+01,-9.407527533792253038e+00,-5.681565174982734590e+01,5.950033234673738747e+01,-3.808222909520436161e+01
1.244999999999999929e+01,-9.414760751671408912e+00,-5.797088538131422553e+01,5.859886934024632410e+01,-3.795235599438531437e+01
1.246000000000000085e+01,-9.422122306330219743e+00,-5.912696002429082398e+01,5.771458352168581740e+01,-3.780348482788436826e+01
1.247000000000000064e+01,-9.429610493466611842e+00,-6.028395921089796872e+01,5.684748614787686449e+01,-3.763660820599912427e+01
1.248000000000000043e+01,-9.437231211269221376e+00,-6.144197920629139276e+01,5.599755020270118422e+01,-3.745264007543181606e+01
1.249000000000000021e+01,-9.444998669568114735e+00,-6.260111133183073662e+01,5.516473164891831971e+01,-3.725241823813342990e+01
1.250000000000000000e+01,-9.452935212756404582e+00,-6.376142311091991388e+01,5.434898856422446300e+01,-3.703671320062894523e+01
1.250999999999999979e+01,-9.461070225162377056e+00,-6.492294011674046317e+01,5.355029622105075759e+01,-3.680624232097272852e+01
1.251999999999999957e+01,-9.469438177502812692e+00,-6.608563040128616706e+01,5.276865662236748733e+01,-3.656168765031425494e+01
1.252999999999999936e+01,-9.478075959459044242e+00,-6.724939320084976657e+01,5.200410161412937526e+01,-3.630371547901506091e+01
1.253999999999999915e+01,-9.487019717750641234e+00,-6.841405326017120103e+01,5.125668938950091302e+01,-3.603299543155841178e+01
1.255000000000000071e+01,-9.496301474020693689e+00,-6.957936162828414695e+01,5.052649490330622228e+01,-3.575021702321367201e+01
1.256000000000000050e+01,-9.505945827011245797e+00,-7.074500319913146029e+01,4.981359535091235102e+01,-3.545610188143866992e+01
1.257000000000000028e+01,-9.515967045910555200e+00,-7.191061065281633091e+01,4.911805236737574631e+01,-3.515141030912928244e+01
1.258000000000000007e+01,-9.526366835980780934e+00,-7.307578385514059960e+01,4.843989292077942821e+01,-3.483694146893929400e+01
1.258999999999999986e+01,-9.537133005699637067e+00,-7.424011324790944855e+01,4.777909098090027129e+01,-3.451352713030350117e+01
1.259999999999999964e+01,-9.548239190974474155e+00,-7.540320535773889787e+01,4.713555193730681481e+01,-3.418201957262098034e+01
1.260999999999999943e+01,-9.559645702643825516e+00,-7.656470830423947405e+01,4.650910143893560189e+01,-3.384327481332552168e+01
1.261999999999999922e+01,-9.571301465965360578e+00,-7.772433512422114177e+01,4.589947986820367731e+01,-3.349813277394765265e+01
1.263000000000000078e+01,-9.583146923435416298e+00,-7.888188285720316628e+01,4.530634309809866522e+01,-3.314739627263616484e+01
1.264000000000000057e+01,-9.595117683694736499e+00,-8.003724565343274833e+01,4.472926956881673988e+01,-3.279181081827501032e+01
1.265000000000000036e+01,-9.607148627663386620e+00,-8.119042064684298055e+01,4.416777312085191909e+01,-3.243204707826305366e+01
1.266000000000000014e+01,-9.619178135538135166e+00,-8.234150594418970570e+01,4.362132048926781636e+01,-3.206868761530111556e+01
1.266999999999999993e+01,-9.631152080167387552e+00,-8.349069076633367104e+01,4.308935194619266440e+01,-3.170221906888985330e+01
1.267999999999999972e+01,-9.643027246362052551e+00,-8.463823847654859378e+01,4.257130331073014418e+01,-3.133303043683907063e+01
1.268999999999999950e+01,-9.654773881641316891e+00,-8.578446387730694767e+01,4.206662744894528316e+01,-3.096141754091906506e+01
1.269999999999999929e+01,-9.666377158224271682e+00,-8.692970668691090452e+01,4.157481346729579030e+01,-3.058759319262698284e+01
1.271000000000000085e+01,-9.677837422155050717e+00,-8.807430346576107638e+01,4.109540205069411911e+01,-3.021170206304855910e+01
1.272000000000000064e+01,-9.689169214185552548e+00,-8.921856041055191611e+01,4.062799578555598856e+01,-2.983383885282935921e+01
1.273000000000000043e+01,-9.700399157820889684e+00,-9.036272935625669334e+01,4.017226379937714853e+01,-2.945406809220129318e+01
1.274000000000000021e+01,-9.711562911827281042e+00,-9.150698902720108663e+01,3.972794059214925255e+01,-2.907244380072070200e+01
1.275000000000000000e+01,-9.722701467540556308e+00,-9.265143308967526536e+01,3.929481947667893138e+01,-2.868902730883540286e+01
1.275999999999999979e+01,-9.733857127586805547e+00,-9.379606592842424106e+01,3.887274153072144856e+01,-2.830390177773606197e+01
1.276999999999999957e+01,-9.745069527087826700e+00,-9.494080636027413789e+01,3.846158134655085092e+01,-2.791718232254947551e+01
1.277999999999999936e+01,-9.756372049293776882e+00,-9.608549877840320619e+01,3.806123110788502828e+01,-2.752902110573364780e+01
1.278999999999999915e+01,-9.767788946332002453e+00,-9.722993055748752056e+01,3.767158461028993344e+01,-2.713960727301022757e+01
1.280000000000000071e+01,-9.779333406775558402e+00,-9.837385400290089876e+01,3.729252276684527345e+01,-2.674916210112558090e+01
1.281000000000000050e+01,-9.791006721743007901e+00,-9.951701074374484790e+01,3.692390192013967010e+01,-2.635793016623774676e+01
1.282000000000000028e+01,-9.802798598628513105e+00,-1.006591562816846448e+02,3.656554594285159965e+01,-2.596616768307832146e+01
1.283000000000000007e+01,-9.814688565623686856e+00,-1.018000824299817992e+02,3.621724269074670133e+01,-2.557412937944494757e+01
1.283999999999999986e+01,-9.826648310422683608e+00,-1.029396356063022893e+02,3.587874491805832378e+01,-2.518205534315443472e+01
1.284999999999999964e+01,-9.838644711865494941e+00,-1.040777293578464224e+02,3.554977532111337979e+01,-2.479015920871889733e+01
1.285999999999999943e+01,-9.850643261509745230e+00,-1.052143500606569972e+02,3.523003498380325738e+01,-2.439861885150854093e+01
1.286999999999999922e+01,-9.862611539067748012e+00,-1.063495553953549688e+02,3.491921419348066280e+01,-2.400757045228301934e+01
1.288000000000000078e+01,-9.874522404633655270e+00,-1.074834658975750585e+02,3.461700440410181301e+01,-2.361710641779520969e+01
1.289000000000000057e+01,-9.886356602025349716e+00,-1.086162505466254942e+02,3.432311005961405925e+01,-2.322727723244961950e+01
1.290000000000000036e+01,-9.898104528570172533e+00,-1.097481079252166722e+02,3.403725905703305443e+01,-2.283809691270101894e+01
1.291000000000000014e+01,-9.909767011420274940e+00,-1.108792448995730382e+02,3.375921081519071265e+01,-2.244955137943648538e+01
1.291999999999999993e+01,-9.921355030583429269e+00,-1.120098549906009566e+02,3.348876120005127888e+01,-2.206160878825942007e+01
1.292999999999999972e+01,-9.932888434196518901e+00,-1.131400986106818323e+02,3.322574390959223933e+01,-2.167423068906893491e+01
1.293999999999999950e+01,-9.944393791454492870e+00,-1.142700871275089867e+02,3.297002830294730558e+01,-2.128738283907150475e+01
1.294999999999999929e+01,-9.955901612954827229e+00,-1.153998723093727250e+02,3.272151402979456947e+01,-2.090104456909320518e+01
1.296000000000000085e+01,-9.967443228666150290e+00,-1.165294421486116079e+02,3.248012313866002643e+01,-2.051521579060696254e+01
1.297000000000000064e+01,-9.979047644534496442e+00,-1.176587234095685233e+02,3.224579058473116788e+01,-2.012992100754215485e+01
1.298000000000000043e+01,-9.990738697265522106e+00,-1.187875905704080850e+02,3.201845419614320321e+01,-1.974521003123372509e+01
1.299000000000000021e+01,-1.000253279371264981e+01,-1.199158801917553490e+02,3.179804518134852032e+01,-1.936115545218189027e+01
1.300000000000000000e+01,-1.001443746024127890e+01,-1.210434092108438762e+02,3.158448017030596233e+01,-1.897784726111408204e+01
1.300999999999999979e+01,-1.002645084469749470e+01,-1.221699952782333298e+02,3.137765559176074959e+01,-1.859538529967424836e+01
1.301999999999999957e+01,-1.003856221735314946e+01,-1.232954770605134343e+02,3.117744492055020089e+01,-1.821387042994003735e+01
1.302999999999999936e+01,-1.005075341675988554e+01,-1.244197324443790933e+02,3.098369901244640445e+01,-1.783339542287097501e+01
1.303999999999999915e+01,-1.006300109150080857e+01,-1.255426927936543109e+02,3.079624941310750330e+01,-1.745403657015092236e+01
1.305000000000000071e+01,-1.007527950859905275e+01,-1.266643518110240763e+02,3.061491421625055409e+01,-1.707584692390853576e+01
1.306000000000000050e+01,-1.008756364178470299e+01,-1.277847681025589139e+02,3.043950578543196173e+01,-1.669885187691936679e+01
1.307000000000000028e+01,-1.009983222386707347e+01,-1.289040611830665739e+02,3.026983946945134463e+01,-1.632304753334742742e+01
1.308000000000000007e+01,-1.011207045037290264e+01,-1.300224013308556437e+02,3.010574235111181807e+01,-1.594840201482514885e+01
1.308999999999999986e+01,-1.012427205652904227e+01,-1.311399943339405354e+02,2.994706108102608511e+01,-1.557485953067662976e+01
1.309999999999999964e+01,-1.013644055342125938e+01,-1.322570627004680262e+02,2.979366796008296703e+01,-1.520234674728467894e+01
1.310999999999999943e+01,-1.014858949549012124e+01,-1.333738252778908873e+02,2.964546463355190653e+01,-1.483078075055065526e+01
1.311999999999999922e+01,-1.016074175163961613e+01,-1.344904773977802392e+02,2.950238302491930753e+01,-1.446007773212788727e+01
1.313000000000000078e+01,-1.017292785575373415e+01,-1.356071736166562118e+02,2.936438343980661614e+01,-1.409016146138571557e+01
1.314000000000000057e+01,-1.018518360854020699e+01,-1.367240148616989188e+02,2.923145007724272659e+01,-1.372097063748436341e+01
1.315000000000000036e+01,-1.019754718131993698e+01,-1.378410413405146073e+02,2.910358446431484580e+01,-1.335246434521760506e+01
1.316000000000000014e+01,-1.021005602553917058e+01,-1.389582319828070354e+02,2.898079755131387714e+01,-1.298462504971593034e+01
1.316999999999999993e+01,-1.022274391400596549e+01,-1.400755105096009459e+02,2.886310134493822943e+01,-1.261745883536040580e+01
1.317999999999999972e+01,-1.023563842897213583e+01,-1.411927575406882909e+02,2.875050100289048416e+01,-1.225099289408074732e+01
1.318999999999999950e+01,-1.024875916933660314e+01,-1.423098275216808304e+02,2.864298826045665791e+01,-1.188527056569373563e+01
1.319999999999999929e+01,-1.026211687865868960e+01,-1.434265687405685412e+02,2.854053691489050237e+01,-1.152034449699360152e+01
1.321000000000000085e+01,-1.027571360416160218e+01,-1.445428443604133122e+02,2.844310087246884677e+01,-1.115626868979784803e+01
1.322000000000000064e+01,-1.028954389322088225e+01,-1.456585522542858087e+02,2.835061498922424050e+01,-1.079309033050000188e+01
1.323000000000000043e+01,-1.030359692788769976e+01,-1.467736415066960092e+02,2.826299863791233591e+01,-1.043084232266956768e+01
1.324000000000000021e+01,-1.031785940005147495e+01,-1.478881237384263159e+02,2.818016164127373813e+01,-1.006953737701579321e+01
1.325000000000000000e+01,-1.033231884961653790e+01,-1.490020778945207383e+02,2.810201195495288573e+01,-9.709164356274650132e+00
1.325999999999999979e+01,-1.034696713387436517e+01,-1.501156477650249030e+02,2.802846428896010877e+01,-9.349687341860304812e+00
1.326999999999999957e+01,-1.036180367413696146e+01,-1.512290322259517552e+02,2.795944874468231234e+01,-8.991047607519501383e+00
1.327999999999999936e+01,-1.037683813871713312e+01,-1.523424689239276404e+02,2.789491852746918710e+01,-8.633168381225505783e+00
1.328999999999999915e+01,-1.039209226905629713e+01,-1.534562128077766090e+02,2.783485587551018625e+01,-8.275961981334418738e+00
1.330000000000000071e+01,-1.040760063412966296e+01,-1.545705114631290371e+02,2.777927551676523521e+01,-7.919338657334416887e+00
1.331000000000000050e+01,-1.042341019976011296e+01,-1.556855795726506813e+02,2.772822521023980613e+01,-7.563216276416603101e+00
1.332000000000000028e+01,-1.043957871407236127e+01,-1.568015749642098626e+02,2.768178322102416899e+01,-7.207529894888129895e+00
1.333000000000000007e+01,-1.045617202642727506e+01,-1.579185786054181904e+02,2.764005289001064369e+01,-6.852240249413715567e+00
1.333999999999999986e+01,-1.047326056300860664e+01,-1.590365805646977151e+02,2.760315475673970553e+01,-6.497340298037648232e+00
1.334999999999999964e+01,-1.049091526715308831e+01,-1.601554734200031476e+02,2.757121694660012068e+01,-6.142859125258009811e+00
1.335999999999999943e+01,-1.050920336819257450e+01,-1.612750539104220309e+02,2.754436471572910961e+01,-5.788862780106079242e+00
1.336999999999999922e+01,-1.052818436377823907e+01,-1.623950328605269817e+02,2.752271014012517725e+01,-5.435451915138983736e+00
1.338000000000000078e+01,-1.054790658562358630e+01,-1.635150526359551009e+02,2.750634293074090309e+01,-5.082756407260792031e+00
1.339000000000000057e+01,-1.056840466901495290e+01,-1.646347106832206464e+02,2.749532325465387572e+01,-4.730927437205876274e+00
1.340000000000000036e+01,-1.058969816703248057e+01,-1.657535871313698124e+02,2.748967725425934461e+01,-4.380127754418949415e+00
1.341000000000000014e+01,-1.061179144843934807e+01,-1.668712740392511193e+02,2.748939570038061930e+01,-4.030521033865389846e+00
1.341999999999999993e+01,-1.063467490268056892e+01,-1.679874036953214045e+02,2.749443591601382408e+01,-3.682261323821264032e+00
1.342999999999999972e+01,-1.065832735652966434e+01,-1.691016734343387213e+02,2.750472679370600204e+01,-3.335483579972563728e+00
1.343999999999999950e+01,-1.068271949517065877e+01,-1.702138647250166059e+02,2.752017643126182378e+01,-2.990296181143265120e+00
1.344999999999999929e+01,-1.070781798605907653e+01,-1.713238547831003302e+02,2.754068165627498033e+01,-2.646776134549053250e+00
1.346000000000000085e+01,-1.073358993578605336e+01,-1.724316196348673600e+02,2.756613852486594496e+01,-2.304967420775291487e+00
1.347000000000000064e+01,-1.076000727539612178e+01,-1.735372283391527617e+02,2.759645278285677961e+01,-1.964882624877249073e+00
1.348000000000000043e+01,-1.078705067243190641e+01,-1.746408289009741850e+02,2.763154927923616810e+01,-1.626507679249857841e+00
1.349000000000000021e+01,-1.081471260920954336e+01,-1.757426271983498225e+02,2.767137942349816626e+01,-1.289809237827014732e+00
1.350000000000000000e+01,-1.084299934346094396e+01,-1.768428609178453996e+02,2.771592597153498261e+01,-9.547439406377864479e-01
1.350999999999999979e+01,-1.087193157274194277e+01,-1.779417709840666930e+02,2.776520469092148602e+01,-6.212686397713187425e-01
1.351999999999999957e+01,-1.090154374790489378e+01,-1.790395732212701319e+02,2.781926276937943499e+01,-2.893505623348928690e-01
1.352999999999999936e+01,-1.093188211125955611e+01,1.798635670272526283e+02,2.787817415836492430e+01,4.102360635592132432e-02
1.353999999999999915e+01,-1.096300165876099086e+01,1.787675548751671499e+02,2.794203235360487980e+01,3.698406254944653360e-01
1.355000000000000071e+01,-1.099496233028793313e+01,1.776723785355532073e+02,2.801094137428855646e+01,6.970562908754690534e-01
1.356000000000000050e+01,-1.102782480750436633e+01,1.765781134061163300e+02,2.808500588600986703e+01,1.022594145611031013e+00
1.357000000000000028e+01,-1.106164633776921313e+01,1.754849171959322405e+02,2.816432150096423825e+01,1.346347420683046359e+00
1.358000000000000007e+01,-1.109647700168315509e+01,1.743930165522659763e+02,2.824896627362001666e+01,1.668183986640160876e+00
1.358999999999999986e+01,-1.113235680163856145e+01,1.733026864617256706e+02,2.833899429278628901e+01,1.987953788764539320e+00
1.359999999999999964e+01,-1.116931387329192837e+01,1.722142243966342221e+02,2.843443206334640649e+01,2.305497980420965654e+00
1.360999999999999943e+01,-1.120736401835356055e+01,1.711279216925707658e+02,2.853527809317614583e+01,2.620658788312239640e+00
1.361999999999999922e+01,-1.124651163492233863e+01,1.700440349309571388e+02,2.864150577978628576e+01,2.933289056877344869e+00
1.363000000000000078e+01,-1.128675199169163079e+01,1.689627601354248725e+02,2.875306935800872665e+01,3.243260436045398709e+00
1.364000000000000057e+01,-1.132807466630404036e+01,1.678842123678108180e+02,2.886991235699733949e+01,3.550469296221062443e+00
1.365000000000000036e+01,-1.137046785733297938e+01,1.668084128461336206e+02,2.899197775281699663e+01,3.854839666116999020e+00
1.366000000000000014e+01,-1.141392319420208246e+01,1.657352850411912755e+02,2.911921881849508154e+01,4.156322773147334892e+00
1.366999999999999993e+01,-1.145844061824021054e+01,1.646646603984678165e+02,2.925160958605060202e+01,4.454893095227858701e+00
1.367999999999999972e+01,-1.150403289659580430e+01,1.635962934516841756e+02,2.938915385483492315e+01,4.750541174459387506e+00
1.368999999999999950e+01,-1.155072936084952140e+01,1.625298852273875809e+02,2.953189180684733728e+01,5.043263762714310872e+00
1.369999999999999929e+01,-1.159857853168715813e+01,1.614651130725185340e+02,2.967990351066234922e+01,5.333052133526293481e+00
1.371000000000000085e+01,-1.164764939353177375e+01,1.604016644475752003e+02,2.983330888903163824e+01,5.619879576138787414e+00
1.372000000000000064e+01,-1.169803120846608735e+01,1.593392718787226841e+02,2.999226406078968665e+01,5.903689166885980555e+00
1.373000000000000043e+01,-1.174983189429119079e+01,1.582777461898513138e+02,3.015695431026275486e+01,6.184382882010056370e+00
1.374000000000000021e+01,-1.180317512313279948e+01,1.572170053468580591e+02,3.032758425099227040e+01,6.461812978345346181e+00
1.375000000000000000e+01,-1.185819641105835665e+01,1.561570967169300275e+02,3.050436600255086717e+01,6.735776339350273645e+00
1.375999999999999979e+01,-1.191503855423883707e+01,1.550982112227642631e+02,3.068750636383699870e+01,7.006012188874422009e+00
1.376999999999999957e+01,-1.197384681518610883e+01,1.540406886821606633e+02,3.087719402743134722e+01,7.272203245643853897e+00
1.377999999999999936e+01,-1.203476426958424739e+01,1.529850144819403113e+02,3.107358783255364187e+01,7.533980062826844737e+00
1.378999999999999915e+01,-1.209792769062072004e+01,1.519318085548470947e+02,3.127680690544798026e+01,7.790928003628159182e+00
1.380000000000000071e+01,-1.216346427792072404e+01,1.508818083293319887e+02,3.148692330267886419e+01,8.042596076044798536e+00
1.381000000000000050e+01,-1.223148943990649684e+01,1.498358478398992020e+02,3.170395748044425588e+01,8.288506711041241815e+00
1.382000000000000028e+01,-1.230210572169541194e+01,1.487948354743855077e+02,3.192787659316038429e+01,8.528165532641157398e+00
1.383000000000000007e+01,-1.237540284692919279e+01,1.477597328704519555e+02,3.215859531176893427e+01,8.761070239447077412e+00
1.383999999999999986e+01,-1.245145872298919443e+01,1.467315372557861792e+02,3.239597858067864422e+01,8.986717887546443961e+00
1.384999999999999964e+01,-1.253034115616913091e+01,1.457112690761476586e+02,3.263984553258351440e+01,9.204610116769096351e+00
1.385999999999999943e+01,-1.261210994647347761e+01,1.446999661139253988e+02,3.288997367646730652e+01,9.414256168751727216e+00
1.386999999999999922e+01,-1.269681898856338087e+01,1.436986845262807435e+02,3.314610248024740002e+01,9.615173872289764390e+00
1.388000000000000078e+01,-1.278451800094477342e+01,1.427085063986096714e+02,3.340793558857134826e+01,9.806889081344440484e+00
1.389000000000000057e+01,-1.287525354133354583e+01,1.417305525963143396e+02,3.367514113851642321e+01,9.988934306269579011e+00
1.390000000000000036e+01,-1.296906904008804773e+01,1.407659989872281017e+02,3.394734993940087264e+01,1.016084744602631851e+01
1.391000000000000014e+01,-1.306600368976100768e+01,1.398160935736339638e+02,3.422415163499751145e+01,1.032217158332759510e+01
1.391999999999999993e+01,-1.316609015797915205e+01,1.388821717777204867e+02,3.450508932704786957e+01,1.047245673236953323e+01
1.392999999999999972e+01,-1.326935123118510518e+01,1.379656671082558148e+02,3.478965346441795248e+01,1.061126423049413958e+01
1.393999999999999950e+01,-1.337579563498932878e+01,1.370681147149010144e+02,3.507727605009960570e+01,1.073817415590688462e+01
1.394999999999999929e+01,-1.348541339937737504e+01,1.361911458989885375e+02,3.536732635208553432e+01,1.085279576251265432e+01
1.396000000000000085e+01,-1.359817123112931370e+01,1.353364724590174717e+02,3.565910929799604645e+01,1.095478049076353777e+01
1.397000000000000064e+01,-1.371400841076629362e+01,1.345058607459959035e+02,3.595186757539278943e+01,1.104383668894887016e+01
1.398000000000000043e+01,-1.383283373907804759e+01,1.337010964102165360e+02,3.624478815477519333e+01,1.111974481472034348e+01
1.399000000000000021e+01,-1.395452401399508169e+01,1.329239419454305562e+02,3.653701352276879533e+01,1.118237163178954674e+01
1.400000000000000000e+01,-1.407892442108381914e+01,1.321760901779520054e+02,3.682765739829920193e+01,1.123168181358133921e+01
1.400999999999999979e+01,-1.420585107320227891e+01,1.314591177020564317e+02,3.711582415816478431e+01,1.126774544217621532e+01
1.401999999999999957e+01,-1.433509574427813682e+01,1.307744428252974842e+02,3.740063068338446328e+01,1.129074015634263972e+01
1.402999999999999936e+01,-1.446643262113339290e+01,1.301232927635579131e+02,3.768122891978774902e+01,1.130094714363969111e+01
1.403999999999999915e+01,-1.459962666322984504e+01,1.295066845405253559e+02,3.795682718599846339e+01,1.129874075199832895e+01
1.405000000000000071e+01,-1.473444293529158067e+01,1.289254232578842618e+02,3.822670820572119510e+01,1.128457215804694336e+01
1.406000000000000050e+01,-1.487065608745533218e+01,1.283801201159300547e+02,3.849024201382376020e+01,1.125894819919780510e+01
1.407000000000000028e+01,-1.500805902821763738e+01,1.278712308444224988e+02,3.874689228453136280e+01,1.122240707333768128e+01
1.408000000000000007e+01,-1.514646979061877019e+01,1.273991131802116428e+02,3.899621522333918477e+01,1.117549305635255052e+01
1.408999999999999986e+01,-1.528573564856692002e+01,1.269640998915787264e+02,3.923785089327931530e+01,1.111873262039252452e+01
1.409999999999999964e+01,-1.542573370404723931e+01,1.265665818314490565e+02,3.947150763198196444e+01,1.105261431509381431e+01
1.410999999999999943e+01,-1.556636743002495393e+01,1.262070938472898405e+02,3.969694096909832837e+01,1.097757449010321729e+01
1.411999999999999922e+01,-1.570755899742754380e+01,1.258863953052831306e+02,3.991392908570345810e+01,1.089399041218574027e+01
1.413000000000000078e+01,-1.584923760563991912e+01,1.256055366622050542e+02,4.012224729212902474e+01,1.080218161516977027e+01
1.414000000000000057e+01,-1.599132443546981541e+01,1.253659040184900704e+02,4.032164418358934910e+01,1.070241949021469097e+01
1.415000000000000036e+01,-1.613371521116238583e+01,1.251692348954473317e+02,4.051182203690279238e+01,1.059494426570634040e+01
1.416000000000000014e+01,-1.627626165724069907e+01,1.250176004990886014e+02,4.069242363974263554e+01,1.047998773305236142e+01
1.416999999999999993e+01,-1.641875333780535939e+01,1.249133522995007155e+02,4.086302712900029377e+01,1.035779943377302637e+01
1.417999999999999972e+01,-1.656090145060123575e+01,1.248590336675993342e+02,4.102314961611436672e+01,1.022867360728656116e+01
1.418999999999999950e+01,-1.670232610441529175e+01,1.248572603534683765e+02,4.117225947466481983e+01,1.009297405880406728e+01
1.419999999999999929e+01,-1.684254843199578033e+01,1.249105765400196617e+02,4.130979625285575452e+01,9.951154266593896125e+00
1.421000000000000085e+01,-1.698098858345519346e+01,1.250212958324700026e+02,4.143519634956117415e+01,9.803770500365747154e+00
1.422000000000000064e+01,-1.711697021545437991e+01,1.251913386030217339e+02,4.154792195129657273e+01,9.651486428064723455e+00
1.423000000000000043e+01,-1.724973155749522391e+01,1.254220783366965861e+02,4.164749034710885667e+01,9.495068576795491211e+00
1.424000000000000021e+01,-1.737844253105547665e+01,1.257142097484621672e+02,4.173350067113839401e+01,9.335372989760688966e+00
1.425000000000000000e+01,-1.750222677200802224e+01,1.260676502287089420e+02,4.180565538598242625e+01,9.173324374459619790e+00
1.425999999999999979e+01,-1.762018683438791555e+01,1.264814834934368548e+02,4.186377439172347437e+01,9.009889855089834754e+00
1.426999999999999957e+01,-1.773143042263999902e+01,1.269539502261453947e+02,4.190780046399449787e+01,8.846050023777868532e+00
1.427999999999999936e+01,-1.783509530130759657e+01,1.274824853230276602e+02,4.193779569497220905e+01,8.682770257458470198e+00
1.428999999999999915e+01,-1.793037063943231857e+01,1.280637957054006222e+02,4.195392961774371088e+01,8.520975194438804579e+00
1.430000000000000071e+01,-1.801651299432388953e+01,1.286939673996726583e+02,4.195646061532212201e+01,8.361528855093640189e+00
1.431000000000000050e+01,-1.809285589806108163e+01,1.293685866673244220e+02,4.194571293989575622e+01,8.205222195660342166e+00
1.432000000000000028e+01,-1.815881298466179317e+01,1.300828582592672262e+02,4.192205211058618630e+01,8.052768989040330894e+00
1.433000000000000007e+01,-1.821387563297598788e+01,1.308317049167758910e+02,4.188586157024887768e+01,7.904809941369949300e+00
1.433999999999999986e+01,-1.825760701535431352e+01,1.316098361037823850e+02,4.183752325601695787e+01,7.761923995777882723e+00
1.434999999999999964e+01,-1.828963505637673137e+01,1.324117801372967165e+02,4.177740420709884717e+01,7.624644956714864641e+00
1.435999999999999943e+01,-1.830964698516354972e+01,1.332318813958042369e+02,4.170585056411115943e+01,7.493480981731013735e+00
1.436999999999999922e+01,-1.831738784913895657e+01,1.340642718191316476e+02,4.162318939972783483e+01,7.368934196053815278e+00
1.438000000000000078e+01,-1.831266457634760769e+01,1.349028320749697230e+02,4.152973786774988696e+01,7.251517717521280382e+00
1.439000000000000057e+01,-1.829535604538492777e+01,1.357411613392024208e+02,4.142581827636934833e+01,7.141767727492450923e+00
1.440000000000000036e+01,-1.826542833572935365e+01,1.365725748097277403e+02,4.131177698172064794e+01,7.040248844076451462e+00
1.441000000000000014e+01,-1.822295311685105190e+01,1.373901446192467972e+02,4.118800454018210644e+01,6.947551873720935411e+00
1.441999999999999993e+01,-1.816812622297928925e+01,1.381867931754136407e+02,4.105495440371135629e+01,6.864283939534400858e+00
1.442999999999999972e+01,-1.810128303866186883e+01,1.389554392224612229e+02,4.091315760793624179e+01,6.791051901316476069e+00
1.443999999999999950e+01,-1.802290748845080515e+01,1.396891876460807964e+02,4.076323136607469166e+01,6.728440785409637748e+00
1.444999999999999929e+01,-1.793363216763873424e+01,1.403815459650346043e+02,4.060588018549648126e+01,6.676989538264032298e+00
1.446000000000000085e+01,-1.783422833753751036e+01,1.410266450948722081e+02,4.044188898147337596e+01,6.637166738089871565e+00
1.447000000000000064e+01,-1.772558591526477301e+01,1.416194402964968333e+02,4.027210857022612345e+01,6.609348910884029316e+00
1.448000000000000043e+01,-1.760868495305036063e+01,1.421558704188487354e+02,4.009743477278644264e+01,6.593803805842962440e+00
1.449000000000000021e+01,-1.748456118826971561e+01,1.426329590047089653e+02,3.991878305479541211e+01,6.590680432975440262e+00
1.450000000000000000e+01,-1.735426889171684195e+01,1.430488483593823617e+02,3.973706109016752919e+01,6.600006924710185352e+00
1.450999999999999979e+01,-1.721884439020701052e+01,1.434027658430699717e+02,3.955314182445740556e+01,6.621696444606629761e+00
1.451999999999999957e+01,-1.707927333209885035e+01,1.436949291028887501e+02,3.936783951691134575e+01,6.655560527386700009e+00
1.452999999999999936e+01,-1.693646411365051918e+01,1.439264027365179004e+02,3.918189088131619258e+01,6.701328487229710973e+00
1.453999999999999915e+01,-1.679122903554005930e+01,1.440989224769776058e+02,3.899594287480331900e+01,6.758670951695988194e+00
1.455000000000000071e+01,-1.664427385397414838e+01,1.442147043494678655e+02,3.881054796993043965e+01,6.827225220558647223e+00
1.456000000000000050e+01,-1.649619554372394958e+01,1.442762556394603450e+02,3.862616696840197505e+01,6.906620040188845344e+00
1.457000000000000028e+01,-1.634748737848232025e+01,1.442862023610638005e+02,3.844317865657543365e+01,6.996497526680991896e+00
1.458000000000000007e+01,-1.619854989974735560e+01,1.442471447085280261e+02,3.826189493981686951e+01,7.096530341686483112e+00
1.458999999999999986e+01,-1.604970600509508216e+01,1.441615481642173506e+02,3.808257958934748189e+01,7.206432779709162517e+00
1.459999999999999964e+01,-1.590121823876149776e+01,1.440316739164352668e+02,3.790546843882512462e+01,7.325965103295074776e+00
1.460999999999999943e+01,-1.575330639941627098e+01,1.438595483435763072e+02,3.773078880462882978e+01,7.454931190905705662e+00
1.461999999999999922e+01,-1.560616377148071976e+01,1.436469678325526615e+02,3.755877607599281021e+01,7.593170264602481900e+00
1.463000000000000078e+01,-1.545997060943430057e+01,1.433955323618419015e+02,3.738968580665237340e+01,7.740544067486544222e+00
1.464000000000000057e+01,-1.531490392366968578e+01,1.431066992859326774e+02,3.722380019389520101e+01,7.896921301489999934e+00
1.465000000000000036e+01,-1.517114308892885433e+01,1.427818477342416656e+02,3.706142849122945648e+01,8.062161369944572442e+00
1.466000000000000014e+01,-1.502887127513171706e+01,1.424223440224174908e+02,3.690290159360973377e+01,8.236099474885541838e+00
1.466999999999999993e+01,-1.488827313870782554e+01,1.420295994066372600e+02,3.674856168314851601e+01,8.418534900430337586e+00
1.467999999999999972e+01,-1.474952956942209426e+01,1.416051132349199122e+02,3.659874835875690025e+01,8.609223899741623498e+00
1.468999999999999950e+01,-1.461281053316888467e+01,1.411504968302863574e+02,3.645378303984411161e+01,8.807878043746100616e+00
1.469999999999999929e+01,-1.447826716951596282e+01,1.406674760025695718e+02,3.631395359676693602e+01,9.014168248921935245e+00
1.471000000000000085e+01,-1.434602429310729832e+01,1.401578726477490591e+02,3.617950110694874866e+01,9.227734049590326393e+00
1.472000000000000064e+01,-1.421617432276920567e+01,1.396235682043904660e+02,3.605061037624889053e+01,9.448197086392509547e+00
1.473000000000000043e+01,-1.408877344357114580e+01,1.390664535978012850e+02,3.592740543166323874e+01,9.675177307867238952e+00
1.474000000000000021e+01,-1.396384052331899817e+01,1.384883715799803099e+02,3.580995063156797187e+01,9.908310073410127927e+00
1.475000000000000000e+01,-1.384135898644674612e+01,1.378910579975351425e+02,3.569825741251311513e+01,1.014726223325082266e+01
1.475999999999999979e+01,-1.372128152514696353e+01,1.372760884786054021e+02,3.559229606171092541e+01,1.039174535482434258e+01
1.476999999999999957e+01,-1.360353722795335329e+01,1.366448363606880037e+02,3.549201133649983575e+01,1.064152455551383092e+01
1.477999999999999936e+01,-1.348804045491311498e+01,1.359984464640494082e+02,3.539734030509630003e+01,1.089642186041647776e+01
1.478999999999999915e+01,-1.337470060709446962e+01,1.353378276679616476e+02,3.530823050466792523e+01,1.115631358467201473e+01
1.480000000000000071e+01,-1.326343184240947792e+01,1.346636653213761576e+02,3.522465643474738073e+01,1.142112188381782367e+01
1.481000000000000050e+01,-1.315416178885298848e+01,1.339764524958796699e+02,3.514663253777511187e+01,1.169080125543321280e+01
1.482000000000000028e+01,-1.304683840116922511e+01,1.332765371633045675e+02,3.507422115336611057e+01,1.196532134267854453e+01
1.483000000000000007e+01,-1.294143428901817572e+01,1.325641807484652759e+02,3.500753443590807024e+01,1.224464782325432743e+01
1.483999999999999986e+01,-1.283794809570027162e+01,1.318396223402322960e+02,3.494672984452177644e+01,1.252872341760515873e+01
1.484999999999999964e+01,-1.273640280005955638e+01,1.311031422653702236e+02,3.489199948510799487e+01,1.281745108930476640e+01
1.485999999999999943e+01,-1.263684111884469274e+01,1.303551187969764840e+02,3.484355423527041040e+01,1.311068133307290573e+01
1.486999999999999922e+01,-1.253931847009148548e+01,1.295960724655787146e+02,3.480160414606555008e+01,1.340820506990064587e+01
1.488000000000000078e+01,-1.244389419086426862e+01,1.288266936770532425e+02,3.476633703177343193e+01,1.370975313320575850e+01
1.489000000000000057e+01,-1.235062186284112329e+01,1.280478509719441149e+02,3.473789738843093033e+01,1.401500268942357152e+01
1.490000000000000036e+01,-1.225953967392446486e+01,1.272605791064488869e+02,3.471636780166291203e+01,1.432359025471789415e+01
1.491000000000000014e+01,-1.217066173028023890e+01,1.264660480090788468e+02,3.470175481295577669e+01,1.463513031273915210e+01
1.491999999999999993e+01,-1.208397113674720558e+01,1.256655153956218385e+02,3.469398082904162095e+01,1.494923796900810054e+01
1.492999999999999972e+01,-1.199941549698653276e+01,1.248602672647333804e+02,3.469288311651387602e+01,1.526555364933599002e+01
1.493999999999999950e+01,-1.191690526510210191e+01,1.240515515399572877e+02,3.469822027183088409e+01,1.558376760409094608e+01
1.494999999999999929e+01,-1.183631512725547275e+01,1.232405107015548111e+02,3.470968585406390616e+01,1.590364194314533286e+01
1.496000000000000085e+01,-1.175748832557646750e+01,1.224281193282013760e+02,3.472692817865837611e+01,1.622502810662514605e+01
1.497000000000000064e+01,-1.168024357820099368e+01,1.216151320416136201e+02,3.474957466097448133e+01,1.654787806368545588e+01
1.498000000000000043e+01,-1.160438401906307426e+01,1.208020464451155362e+02,3.477725863040704013e+01,1.687224809519328161e+01
1.499000000000000021e+01,-1.152970739864021965e+01,1.199890843319456479e+02,3.480964626120560013e+01,1.719829470717258602e+01
1.500000000000000000e+01,-1.145601666962077303e+01,1.191761928084889774e+02,3.484646122001371538e+01,1.752626297477005579e+01
1.500999999999999979e+01,-1.138313004289804908e+01,1.183630651652563728e+02,3.488750482567644440e+01,1.785646835543225208e+01
1.501999999999999957e+01,-1.131088964672396457e+01,1.175491794989125935e+02,3.493266994111910861e+01,1.818927365632617210e+01
1.502999999999999936e+01,-1.123916805434996213e+01,1.167338514240010170e+02,3.498194743075228530e+01,1.852506332302767689e+01
1.503999999999999915e+01,-1.116787215254282728e+01,1.159162958926145706e+02,3.503542475734421657e+01,1.886421747866488374e+01
1.505000000000000071e+01,-1.109694408504676488e+01,1.150956923155521707e+02,3.509327708092986597e+01,1.920708815368873346e+01
1.506000000000000050e+01,-1.102635929385046154e+01,1.142712469488683951e+02,3.515575197392553974e+01,1.955397990351809412e+01
1.507000000000000028e+01,-1.095612196534706229e+01,1.134422469048020048e+02,3.522314950024291846e+01,1.990513654074286620e+01
1.508000000000000007e+01,-1.088625843676410909e+01,1.126081011191376149e+02,3.529579985505341000e+01,2.026073506190437001e+01
1.508999999999999986e+01,-1.081680930388959183e+01,1.117683650419694317e+02,3.537404098060196134e+01,2.062088709588227076e+01
1.509999999999999964e+01,-1.074782107565408218e+01,1.109227475477572114e+02,3.545819854241849356e+01,2.098564742093024194e+01
1.510999999999999943e+01,-1.067933823622764677e+01,1.100711003894774365e+02,3.554857037587173352e+01,2.135502837024446166e+01
1.511999999999999922e+01,-1.061139650301278436e+01,1.092133922564474915e+02,3.564541702573455950e+01,2.172901834404674659e+01
1.513000000000000078e+01,-1.054401792039190511e+01,1.083496709646438063e+02,3.574895935154962245e+01,2.210760222819463294e+01
1.514000000000000057e+01,-1.047720822228803961e+01,1.074800183789958936e+02,3.585938342391263944e+01,2.249078132576021360e+01
1.515000000000000036e+01,-1.041095665378978197e+01,1.066045032525701401e+02,3.597685216497442440e+01,2.287859045820546910e+01
1.516000000000000014e+01,-1.034523818746625778e+01,1.057231372297612353e+02,3.610152246685314736e+01,2.327111018336903214e+01
1.516999999999999993e+01,-1.028001782767677597e+01,1.048358388083842101e+02,3.623356592695679979e+01,2.366847258217218553e+01
1.517999999999999972e+01,-1.021525648856357726e+01,1.039424091411540445e+02,3.637319093179374363e+01,2.407085973685131108e+01
1.518999999999999950e+01,-1.015091777774160597e+01,1.030425222718632767e+02,3.652066364613472160e+01,2.447849479440831999e+01
1.519999999999999929e+01,-1.008697493254330446e+01,1.021357308707434015e+02,3.667632554500376330e+01,2.489162630101897378e+01
1.521000000000000085e+01,-1.002341714753540991e+01,1.012214869076427703e+02,3.684060545791108154e+01,2.531050722276067333e+01
1.522000000000000064e+01,-9.960254602007767133e+00,1.002991751449214917e+02,3.701402464633589773e+01,2.573537065630313592e+01
1.523000000000000043e+01,-9.897521637254723004e+00,9.936815600607368992e+01,3.719719415009292618e+01,2.616640461539990881e+01
1.524000000000000021e+01,-9.835277730829673715e+00,9.842781342145509882e+01,3.739080444058699015e+01,2.660372841271384559e+01
1.525000000000000000e+01,-9.773606147096984387e+00,9.747760276991154171e+01,3.759560822410428216e+01,2.704737302678492838e+01
1.525999999999999979e+01,-9.712610384833112676e+00,9.651709407146914543e+01,3.781239796182013890e+01,2.749726746462832594e+01
1.526999999999999957e+01,-9.652408767030291159e+00,9.554600612779280766e+01,3.804198024093376773e+01,2.795323254157459303e+01
1.527999999999999936e+01,-9.593127701786922756e+00,9.456422828211449882e+01,3.828514948691168485e+01,2.841498276194879224e+01
1.528999999999999915e+01,-9.534894268164601172e+00,9.357182776069372210e+01,3.854266361624230797e+01,2.888213617033203917e+01
1.530000000000000071e+01,-9.477828836587415040e+00,9.256904201689175693e+01,3.881522408237489685e+01,2.935423123180507332e+01
1.531000000000000050e+01,-9.422038417288870704e+00,9.155625697172840205e+01,3.910346237762318111e+01,2.983074906703313545e+01
1.532000000000000028e+01,-9.367611347506063169e+00,9.053397338640466785e+01,3.940793445444464993e+01,3.031113878299764863e+01
1.533000000000000007e+01,-9.314613789637645525e+00,8.950276469219771514e+01,3.972912377173084764e+01,3.079484325908331144e+01
1.533999999999999986e+01,-9.263088333638794580e+00,8.846323035275192126e+01,4.006745282089174509e+01,3.128132261196123309e+01
1.534999999999999964e+01,-9.213054795057839641e+00,8.741594919007262376e+01,4.042330211812728891e+01,3.177007269303497594e+01
1.535999999999999943e+01,-9.164513093639843788e+00,8.636143704989233072e+01,4.079703484469700214e+01,3.226063636891349518e+01
1.536999999999999922e+01,-9.117447904211884335e+00,8.530011272827694313e+01,4.118902465728716322e+01,3.275260597385322114e+01
1.538000000000000078e+01,-9.071834608137631761e+00,8.423227527322221420e+01,4.159968374891655429e+01,3.324561615347224119e+01
1.539000000000000057e+01,-9.027645954189818411e+00,8.315809468356428624e+01,4.202948807409482868e+01,3.373932726824855166e+01
1.540000000000000036e+01,-8.984858773198229898e+00,8.207761674825344755e+01,4.247899679240735082e+01,3.423340050229065668e+01
1.541000000000000014e+01,-8.943460087867659780e+00,8.099078141687247978e+01,4.294886343354203007e+01,3.472746672745910956e+01
1.541999999999999993e+01,-8.903452018957905167e+00,7.989745279345078188e+01,4.343983701168622247e+01,3.522109190714412108e+01
1.542999999999999972e+01,-8.864855006735522736e+00,7.879745772673699378e+01,4.395275225406452790e+01,3.571374230406097183e+01
1.543999999999999950e+01,-8.827709031301477438e+00,7.769062914397652264e+01,4.448850916799178634e+01,3.620475292328868733e+01
1.544999999999999929e+01,-8.792072710886639442e+00,7.657684982696815723e+01,4.504804324910928415e+01,3.669330244809609098e+01
1.546000000000000085e+01,-8.758020363683870713e+00,7.545609230430972048e+01,4.563228862301923527e+01,3.717839741906681184e+01
1.547000000000000064e+01,-8.725637315273226946e+00,7.432845093178487161e+01,4.624213721383440401e+01,3.765886760626338514e+01
1.548000000000000043e+01,-8.695013900590474520e+00,7.319416300741740145e+01,4.687839756344327924e+01,3.813337349673810905e+01
1.549000000000000021e+01,-8.666238730802874102e+00,7.205361683376153792e+01,4.754175712441397650e+01,3.860042565334858011e+01
1.550000000000000000e+01,-8.639391860934788170e+00,7.090734588582837716e+01,4.823275168353719522e+01,3.905841449694039369e+01
1.550999999999999979e+01,-8.614538499271093386e+00,6.975600954542549914e+01,4.895174503600430427e+01,3.950564793144802422e+01
1.551999999999999957e+01,-8.591723846099874606e+00,6.860036210063356066e+01,4.969892114590138732e+01,3.994039328081122164e+01
1.552999999999999936e+01,-8.570969543929697565e+00,6.744121277577063722e+01,5.047428985189323924e+01,4.036091934353902388e+01
1.553999999999999915e+01,-8.552272074492421439e+00,6.627938036651252673e+01,5.127770579524126049e+01,4.076553408794585209e+01
1.555000000000000071e+01,-8.535603262739840602e+00,6.511564654568292099e+01,5.210889877979381879e+01,4.115261367742721177e+01
1.556000000000000050e+01,-8.520912859280123541e+00,6.395071204178775304e+01,5.296751236626064951e+01,4.152061916319460977e+01
1.557000000000000028e+01,-8.508132985564184736e+00,6.278515966412395954e+01,5.385314631750936343e+01,4.186809829552037598e+01
1.558000000000000007e+01,-8.497184055880264708e+00,6.161942756992982595e+01,5.476539770743696778e+01,4.219367141048961400e+01
1.558999999999999986e+01,-8.487981651403064376e+00,6.045379528079455866e+01,5.570389521870200156e+01,4.249600211579272013e+01
1.559999999999999964e+01,-8.480443727082816352e+00,5.928838382385517747e+01,5.666832147206741155e+01,4.277375534491187636e+01
1.560999999999999943e+01,-8.474497492178741709e+00,5.812317008943331587e+01,5.765841917342208944e+01,4.302554706218159453e+01
1.561999999999999922e+01,-8.470085325709895585e+00,5.695801417304754466e+01,5.867397837735145316e+01,4.324989126581769483e+01
1.563000000000000078e+01,-8.467169169568622422e+00,5.579269723105692691e+01,5.971480411621773499e+01,4.344515076219681760e+01
1.564000000000000057e+01,-8.465732978847032797e+00,5.462696635056862959e+01,6.078066583648218568e+01,4.360949833519984509e+01
1.565000000000000036e+01,-8.465782989114146062e+00,5.346058222585292441e+01,6.187123228481141979e+01,4.374089434394974063e+01
1.566000000000000014e+01,-8.467345766706783294e+00,5.229336512528961123e+01,6.298599744780270271e+01,4.383708546595730837e+01
1.566999999999999993e+01,-8.470464219896484792e+00,5.112523476274304812e+01,6.412420463665371528e+01,4.389562735528686233e+01
1.567999999999999972e+01,-8.475191944560323876e+00,4.995624024512012085e+01,6.528477662345666488e+01,4.391393157268854708e+01
1.568999999999999950e+01,-8.481586438056229582e+00,4.878657719687837613e+01,6.646625973488370676e+01,4.388933449134405151e+01
1.569999999999999929e+01,-8.489701823924987067e+00,4.761659036746582530e+01,6.766678891687463704e+01,4.381918325678761050e+01
1.571000000000000085e+01,-8.499581778092442974e+00,4.644676138916422303e+01,6.888407900877751899e+01,4.370093157887879443e+01
1.572000000000000064e+01,-8.511253331049061899e+00,4.527768274081321209e+01,7.011544491180947603e+01,4.353223645860334301e+01
1.573000000000000043e+01,-8.524722142666908198e+00,4.411002026180023705e+01,7.135785021502485392e+01,4.331104617879417162e+01
1.574000000000000021e+01,-8.539969714603309114e+00,4.294446763954071855e+01,7.260798046819598994e+01,4.303567022612117654e+01
1.575000000000000000e+01,-8.556952831262856662e+00,4.178169707270430422e+01,7.386233406942442059e+01,4.270482336159926007e+01
1.575999999999999979e+01,-8.575605318501677843e+00,4.062231072650743613e+01,7.511732111819667068e+01,4.231763876455146089e+01
1.576999999999999957e+01,-8.595841995966695848e+00,3.946679760666236092e+01,7.636935900905113783e+01,4.187364880748431517e+01
1.577999999999999936e+01,-8.617564491699994278e+00,3.831550007366639932e+01,7.761495335152524433e+01,4.137273616722060154e+01
1.578999999999999915e+01,-8.640668404303809780e+00,3.716859341807345629e+01,7.885075417348906512e+01,4.081506209657845119e+01
1.580000000000000071e+01,-8.665051155907928404e+00,3.602608077166858180e+01,8.007358024815302144e+01,4.020098216718550788e+01
1.581000000000000050e+01,-8.690619793738994403e+00,3.488780422530943781e+01,8.128040848897981618e+01,3.953096208363236030e+01
1.582000000000000028e+01,-8.717297980757773956e+00,3.375347148051972113e+01,8.246833017840513946e+01,3.880550683727910410e+01
1.583000000000000007e+01,-8.745031472323960386e+00,3.262269582367076737e+01,8.363448069096601500e+01,3.802511530722977540e+01
1.583999999999999986e+01,-8.773791504446531775e+00,3.149504583616316467e+01,8.477595364985415927e+01,3.719026947650900183e+01
1.584999999999999964e+01,-8.803575709920647085e+00,3.037010019312912590e+01,8.588971348532767536e+01,3.630146301811089415e+01
1.585999999999999943e+01,-8.834406413818783221e+00,2.924750228151433618e+01,8.697252165589488015e+01,3.535926863671679143e+01
1.586999999999999922e+01,-8.866326415676946127e+00,2.812700926511039867e+01,8.802089106865250301e+01,3.436443789487520917e+01
1.588000000000000078e+01,-8.899392615660952188e+00,2.700853066002473923e+01,8.903108045812307125e+01,3.331802204592791128e+01
1.589000000000000057e+01,-8.933668059847402532e+00,2.589215241859561800e+01,8.999913587703994722e+01,3.222149837006947592e+01
1.590000000000000036e+01,-8.969213143309236358e+00,2.477814385747482717e+01,9.092098049461273490e+01,3.107688430196773410e+01
1.591000000000000014e+01,-9.006076803127374575e+00,2.366694637133133128e+01,9.179254729013149472e+01,2.988682170759463119e+01
1.591999999999999993e+01,-9.044288548617773316e+00,2.255914459077816048e+01,9.260994284214061167e+01,2.865461620899822037e+01
1.592999999999999972e+01,-9.083852112529545053e+00,2.145542231270576750e+01,9.336962518529918498e+01,2.738422132696835121e+01
1.593999999999999950e+01,-9.124741371038204818e+00,2.035650700612501396e+01,9.406857551158410047e+01,2.608016389899001197e+01
1.594999999999999929e+01,-9.166898983751602614e+00,1.926310785131801140e+01,9.470444297598375272e+01,2.474741487360888215e+01
1.596000000000000085e+01,-9.210237963451156418e+00,1.817585300523861491e+01,9.527564429909419630e+01,2.339121708098388908e+01
1.597000000000000064e+01,-9.254646117838301933e+00,1.709523203080158993e+01,9.578140503687355078e+01,2.201688776623114663e+01
1.598000000000000043e+01,-9.299993033507782059e+00,1.602154914219718407e+01,9.622173663035393076e+01,2.062961753187554237e+01
1.599000000000000021e+01,-9.346139018953930844e+00,1.495489209855494828e+01,9.659735159807823379e+01,1.923428820745930423e+01
1.600000000000000000e+01,-9.392945212688953660e+00,1.389512026242984888e+01,9.690952724807151242e+01,1.783532987701613948e+01
