f_GHz,S11_dB,S11_deg,ReZin_ohm,ImZin_ohm
1.000000000000000000e+00,-3.068146409571025912e-01,-1.353405357274775440e+02,1.031901875284257919e+00,-2.052932649389412489e+01
1.010000000000000009e+00,-3.075919892065948624e-01,-1.368867954532539670e+02,1.023332542642676701e+00,-1.974544776117116385e+01
1.020000000000000018e+00,-3.069549397874064556e-01,-1.384362342212318708e+02,1.010578522147538072e+00,-1.896835298145626325e+01
1.030000000000000027e+00,-3.047563587027257714e-01,-1.399927529667089630e+02,9.932637379009743306e-01,-1.819575002702228161e+01
1.040000000000000036e+00,-3.010612382670312948e-01,-1.415603425352592808e+02,9.717078988092083813e-01,-1.742537647767254327e+01
1.050000000000000044e+00,-2.961354183538140727e-01,-1.431425809203116444e+02,9.468603858054360778e-01,-1.665523922783050281e+01
1.060000000000000053e+00,-2.904078942627364990e-01,-1.447421970770261908e+02,9.201549265296031788e-01,-1.588381028510727866e+01
1.070000000000000062e+00,-2.844126442679740241e-01,-1.463607588293942570e+02,8.933079839749307194e-01,-1.511015418465916582e+01
1.080000000000000071e+00,-2.787185488424952506e-01,-1.479985222781161838e+02,8.680906070706171374e-01,-1.433397346200536049e+01
1.090000000000000080e+00,-2.738571420209142127e-01,-1.496544558496190405e+02,8.461051689473314541e-01,-1.355557095132897949e+01
1.100000000000000089e+00,-2.702576202428065288e-01,-1.513264281382119520e+02,8.285952364410689164e-01,-1.277573895321292596e+01
1.110000000000000098e+00,-2.681970002890309290e-01,-1.530115285052791023e+02,8.163100596848582580e-01,-1.199559382249683814e+01
1.120000000000000107e+00,-2.677709683981741584e-01,-1.547064750531847608e+02,8.094365510180948631e-01,-1.121637950172755538e+01
1.129999999999999893e+00,-2.688882008626594100e-01,-1.564080567396459571e+02,8.076026822922757198e-01,-1.043926507762824940e+01
1.139999999999999902e+00,-2.712880868165059023e-01,-1.581135548102159305e+02,8.099480107657841543e-01,-9.665160175631138273e+00
1.149999999999999911e+00,-2.745790839249642734e-01,-1.598210928479703625e+02,8.152500678762772957e-01,-8.894568622130750057e+00
1.159999999999999920e+00,-2.782925791980892516e-01,-1.615298740102647344e+02,8.220898315082935115e-01,-8.127495809740519661e+00
1.169999999999999929e+00,-2.819453067126401757e-01,-1.632402778389965192e+02,8.290356450144148459e-01,-7.363418914933198778e+00
1.179999999999999938e+00,-2.851023117798094919e-01,-1.649538064399224311e+02,8.348230805508206620e-01,-6.601321836898415896e+00
1.189999999999999947e+00,-2.874323579959532360e-01,-1.666728891805418300e+02,8.385088091283350309e-01,-5.839788962501298641e+00
1.199999999999999956e+00,-2.887486745652587672e-01,-1.684005738994575836e+02,8.395798535854147593e-01,-5.077144474700121535e+00
1.209999999999999964e+00,-2.890299891190727943e-01,-1.701401479866275963e+02,8.380055709282402399e-01,-4.311618043721163751e+00
1.219999999999999973e+00,-2.884196190845031427e-01,-1.718947417911963669e+02,8.342276436198160505e-01,-3.541514491436573042e+00
1.229999999999999982e+00,-2.872035424490949063e-01,-1.736669678531776242e+02,8.290920016958923666e-01,-2.765365124367888505e+00
1.239999999999999991e+00,-2.857712863995829355e-01,-1.754586422655391118e+02,8.237344255991542186e-01,-1.982041922825547697e+00
1.250000000000000000e+00,-2.845656624844926097e-01,-1.772706206045633337e+02,8.194372285919587773e-01,-1.190821934687271266e+00
1.260000000000000009e+00,-2.840285204824939957e-01,-1.791027631314257746e+02,8.174770615422516373e-01,-3.913967939217067316e-01
1.270000000000000018e+00,-2.845497086934599684e-01,1.790459743748937171e+02,8.189834072778284790e-01,4.161701476430100799e-01
1.280000000000000027e+00,-2.864254522660949487e-01,1.771773438655335156e+02,8.248242497018781760e-01,1.231530206165397212e+00
1.290000000000000036e+00,-2.898306699682116072e-01,1.752935339015840839e+02,8.355305892524149680e-01,2.054165928235065053e+00
1.300000000000000044e+00,-2.948076671116288683e-01,1.733968624066189079e+02,8.512658619949792227e-01,2.883522156523305124e+00
1.310000000000000053e+00,-3.012714677109110117e-01,1.714894730149163706e+02,8.718406753029098732e-01,3.719135606676933659e+00
1.320000000000000062e+00,-3.090300256872643425e-01,1.695730714945173361e+02,8.967681388600705628e-01,4.560748365352404576e+00
1.330000000000000071e+00,-3.178158713223849241e-01,1.676487315146052595e+02,9.253508071931766388e-01,5.408393522179999913e+00
1.340000000000000080e+00,-3.273245536511354969e-01,1.657167887808789715e+02,9.567871408510835174e-01,6.262445049492589177e+00
1.350000000000000089e+00,-3.372546488993598546e-01,1.637768304045936816e+02,9.902837046859914727e-01,7.123628710812830889e+00
1.360000000000000098e+00,-3.473441944531466818e-01,1.618277736800064304e+02,1.025159290064037165e+00,7.992995774923371322e+00
1.370000000000000107e+00,-3.573991840594423763e-01,1.598680168342078218e+02,1.060928888391128533e+00,8.871866057524613325e+00
1.379999999999999893e+00,-3.673111338053409169e-01,1.578956354529458679e+02,1.097358834716073206e+00,9.761750635779208096e+00
1.389999999999999902e+00,-3.770625042643061531e-01,1.559085935856359413e+02,1.134489055642447175e+00,1.066426685437184219e+01
1.399999999999999911e+00,-3.867206605129901442e-01,1.539049387851265180e+02,1.172623492526944089e+00,1.158105855055470812e+01
1.409999999999999920e+00,-3.964227523700700750e-01,1.518829554675021711e+02,1.212294582499377160e+00,1.251373270150214090e+01
1.419999999999999929e+00,-4.063551185658715870e-01,1.498412600054903407e+02,1.254211366513466430e+00,1.346382025371226909e+01
1.429999999999999938e+00,-4.167313700949395461e-01,1.477788322187688834e+02,1.299202779456580359e+00,1.443276435246508704e+01
1.439999999999999947e+00,-4.277731272099289939e-01,1.456949893912503171e+02,1.348167713325317818e+00,1.542193432859006386e+01
1.449999999999999956e+00,-4.396965387287622429e-01,1.435893187064500864e+02,1.402041617156109643e+00,1.643265939205285875e+01
1.459999999999999964e+00,-4.527063733341321616e-01,1.414615905358453176e+02,1.461786063791577828e+00,1.746627266495217867e+01
1.469999999999999973e+00,-4.669978770653896438e-01,1.393116774336910169e+02,1.528403405372108725e+00,1.852415439624338589e+01
1.479999999999999982e+00,-4.827649999323641583e-01,1.371395017419052920e+02,1.602973973431425225e+00,1.960776315175812101e+01
1.489999999999999991e+00,-5.002122564525995907e-01,1.349450287840347471e+02,1.686708887324050998e+00,2.071864546464598433e+01
1.500000000000000000e+00,-5.195666071394732244e-01,1.327283136775931780e+02,1.781008003974764442e+00,2.185841765718199170e+01
1.510000000000000009e+00,-5.410854702868047594e-01,1.304895992001943057e+02,1.887510354597714546e+00,2.302871791368482590e+01
1.520000000000000018e+00,-5.650573473561161242e-01,1.282294515390755123e+02,2.008123882276517946e+00,2.423113166313199685e+01
1.530000000000000027e+00,-5.917925235592209621e-01,1.259489117793418700e+02,2.145022513371707795e+00,2.546709832307370647e+01
1.540000000000000036e+00,-6.216027476857465262e-01,1.236496350272147566e+02,2.300601443455335460e+00,2.673781190811320840e+01
1.550000000000000044e+00,-6.547704947730083047e-01,1.213339870086628167e+02,2.477385718638433598e+00,2.804413149225964474e+01
1.560000000000000053e+00,-6.915101390755051813e-01,1.190050701008511425e+02,2.677892427255885721e+00,2.938651977275371152e+01
1.570000000000000062e+00,-7.319248984768118582e-01,1.166666567343474554e+02,2.904452832158503917e+00,3.076502885403647269e+01
1.580000000000000071e+00,-7.759645899367557664e-01,1.143230172424518116e+02,3.159007416622494180e+00,3.217935166048144424e+01
1.590000000000000080e+00,-8.233899501605000948e-01,1.119786406729651276e+02,3.442893934618689311e+00,3.362895471840915462e+01
1.600000000000000089e+00,-8.737494564793422125e-01,1.096378599934702720e+02,3.756655763978590468e+00,3.511330280759305111e+01
1.610000000000000098e+00,-9.263741678905095256e-01,1.073044067485895283e+02,4.099904246358634374e+00,3.663217746802713037e+01
1.620000000000000107e+00,-9.803950180796033864e-01,1.049809336889224483e+02,4.471272623239810784e+00,3.818607917995473855e+01
1.629999999999999893e+00,-1.034785145841196297e+00,1.026685558934771194e+02,4.868498392099952277e+00,3.977668776678908813e+01
1.639999999999999902e+00,-1.088427202347489908e+00,1.003664694762356646e+02,5.288663146330823572e+00,4.140733926003976251e+01
1.649999999999999911e+00,-1.140202223822129657e+00,9.807170945526863193e+01,5.728603024617886952e+00,4.308346382558014653e+01
1.659999999999999920e+00,-1.189092932761502741e+00,9.577910194652073983e+01,6.185479867904651208e+00,4.481292307856217150e+01
1.669999999999999929e+00,-1.234290846099416195e+00,9.348144856819993720e+01,6.657477155772423494e+00,4.660619029229604138e+01
1.679999999999999938e+00,-1.275294157329036393e+00,9.116995304436862568e+01,7.144562346647016504e+00,4.847633503017346612e+01
1.689999999999999947e+00,-1.311982856497800665e+00,8.883486491779859762e+01,7.649245426715474139e+00,5.043880178228901912e+01
1.699999999999999956e+00,-1.344659476530926989e+00,8.646627960924094225e+01,8.177266904843762063e+00,5.251100336022499704e+01
1.709999999999999964e+00,-1.374048122307151010e+00,8.405500598991689287e+01,8.738166998379490735e+00,5.471177525949623544e+01
1.719999999999999973e+00,-1.401250269234475709e+00,8.159339929293456350e+01,9.345715917074734591e+00,5.706074959676107738e+01
1.729999999999999982e+00,-1.427661928870458175e+00,7.907606194206694283e+01,1.001821423671304068e+01,5.957770371401741016e+01
1.739999999999999991e+00,-1.454861815889830545e+00,7.650033598353843445e+01,1.077869370548844863e+01,6.228192181535734306e+01
1.750000000000000000e+00,-1.484483151373119592e+00,7.386654217086345398e+01,1.165505704203399340e+01,6.519158508154308151e+01
1.760000000000000009e+00,-1.518082415105700411e+00,7.117795436594154523e+01,1.268018985490759221e+01,6.832318526989121210e+01
1.770000000000000018e+00,-1.557017091700839462e+00,6.844052675926431561e+01,1.389206301169242153e+01,7.169094647196480707e+01
1.780000000000000027e+00,-1.602342027449193740e+00,6.566241147997280336e+01,1.533382753538271892e+01,7.530624414073621153e+01
1.790000000000000036e+00,-1.654731272810354259e+00,6.285331501444999702e+01,1.705389674064007011e+01,7.917703029339895693e+01
1.800000000000000044e+00,-1.714429850449288528e+00,6.002374576704435327e+01,1.910602353101356954e+01,8.330730431498513155e+01
1.810000000000000053e+00,-1.781238015873393810e+00,5.718420559709248607e+01,2.154942609121190245e+01,8.769669843641386819e+01
1.820000000000000062e+00,-1.854529161258139380e+00,5.434437847593273574e+01,2.444910075941658079e+01,9.234025503679947633e+01
1.830000000000000071e+00,-1.933301194465351314e+00,5.151237130735937342e+01,2.787658541562147718e+01,9.722842869557159418e+01
1.840000000000000080e+00,-2.016259558812711461e+00,4.869406516705774379e+01,3.191158156425756687e+01,1.023472115923322150e+02
1.850000000000000089e+00,-2.101927701141099281e+00,4.589263735901303676e+01,3.664496527480032739e+01,1.076780202800570834e+02
1.860000000000000098e+00,-2.188777687775421921e+00,4.310831185813357536e+01,4.218374774934161309e+01,1.131965731725699271e+02
1.870000000000000107e+00,-2.275370168715534103e+00,4.033838374762009948e+01,4.865839828931984101e+01,1.188694324234475914e+02
1.879999999999999893e+00,-2.360489788273570255e+00,3.757753954727905921e+01,5.623251437560159616e+01,1.246462006266385458e+02
1.889999999999999902e+00,-2.443260484848984948e+00,3.481846061635950207e+01,6.511397617504992752e+01,1.304445743725083844e+02
1.899999999999999911e+00,-2.523225871024508127e+00,3.205265620856261677e+01,7.556519501501908564e+01,1.361246010438702001e+02
1.909999999999999920e+00,-2.600383472256142081e+00,2.927143499915780112e+01,8.790732387071615506e+01,1.414477516138393298e+02
1.919999999999999929e+00,-2.675167633698364078e+00,2.646689874189794267e+01,1.025084081326008487e+02,1.460165800446171147e+02
1.929999999999999938e+00,-2.748383171185041718e+00,2.363283626344340860e+01,1.197373175888271959e+02,1.491940858764043014e+02
1.939999999999999947e+00,-2.821098705324542877e+00,2.076541184262056206e+01,1.398542192951799734e+02,1.500137574606495434e+02
1.949999999999999956e+00,-2.894513600941031051e+00,1.786357457338645460e+01,1.628009485287192888e+02,1.471207279237582100e+02
1.959999999999999964e+00,-2.969814731925962015e+00,1.492915586333140254e+01,1.878737304699650963e+02,1.388382466096461201e+02
1.969999999999999973e+00,-3.048038951790652096e+00,1.196666146677527465e+01,2.133512352716381315e+02,1.235094410018423474e+02
1.979999999999999982e+00,-3.129954887598491275e+00,8.982795719648773769e+00,2.363394760386906057e+02,1.002217907118181728e+02
1.989999999999999991e+00,-3.215974462075629425e+00,5.985776440932461639e+00,2.532485028702846819e+02,6.972337943042826680e+01
2.000000000000000000e+00,-3.306101204792336823e+00,2.984510561843269016e+00,2.610578536648711747e+02,3.486201878519412389e+01
2.009999999999999787e+00,-3.399919354765934099e+00,-1.229377667533747449e-02,2.587269438870735598e+02,-1.382661502355439775e-01
2.020000000000000018e+00,-3.496624961461483494e+00,-2.996999956048087554e+00,2.476296152808583599e+02,-3.130880393922350891e+01
2.029999999999999805e+00,-3.595097340752056780e+00,-5.963820046335294833e+00,2.306741050680669218e+02,-5.628463160326222692e+01
2.040000000000000036e+00,-3.694005971113562659e+00,-8.909416669642377329e+00,2.109448629669657009e+02,-7.454987609541093718e+01
2.049999999999999822e+00,-3.791944084671849069e+00,-1.183325616302058059e+01,1.908060093564876638e+02,-8.684116149187764222e+01
2.060000000000000053e+00,-3.887576122869617734e+00,-1.473765587203121541e+01,1.716843240732021911e+02,-9.439913583471168579e+01
2.069999999999999840e+00,-3.979782699185541173e+00,-1.762749742090876381e+01,1.542505960322625072e+02,-9.846593217304538825e+01
2.080000000000000071e+00,-4.067784889110127367e+00,-2.050961886505256615e+01,1.386972503327263269e+02,-1.000653360423238496e+02
2.089999999999999858e+00,-4.151230625796482165e+00,-2.339194601059966772e+01,1.249652809841504535e+02,-9.996059057184309893e+01
2.100000000000000089e+00,-4.230230206304574914e+00,-2.628246689160852156e+01,1.128896924334942042e+02,-9.869026883224569247e+01
2.109999999999999876e+00,-4.305334936087933606e+00,-2.918818222902172010e+01,1.022790189333486808e+02,-9.662474747579538814e+01
2.120000000000000107e+00,-4.377461339880816205e+00,-3.211417055979691071e+01,9.295229329022775744e+01,-9.401831586353316084e+01
2.129999999999999893e+00,-4.447771241181916579e+00,-3.506288804782877833e+01,8.475191617714524739e+01,-9.104920438006823247e+01
2.140000000000000124e+00,-4.517523675141418948e+00,-3.803378535641657265e+01,7.754444697135724596e+01,-8.784722280366409564e+01
2.149999999999999911e+00,-4.587917175137667058e+00,-4.102327758667678381e+01,7.121643467640325298e+01,-8.451128523867583908e+01
2.160000000000000142e+00,-4.659940583351284360e+00,-4.402505874643471628e+01,6.566917004268032088e+01,-8.111963690168055052e+01
2.169999999999999929e+00,-4.734248043942883122e+00,-4.703071670966274809e+01,6.081420646433500821e+01,-7.773533077090435484e+01
2.180000000000000160e+00,-4.811070343203377675e+00,-5.003058036553157706e+01,5.657027638393986990e+01,-7.440894428039887032e+01
2.189999999999999947e+00,-4.890171112312392765e+00,-5.301471563502706630e+01,5.286156797301575949e+01,-7.117991415359458074e+01
2.200000000000000178e+00,-4.970852929192950853e+00,-5.597397736492771969e+01,4.961704474765640782e+01,-6.807732903478229503e+01
2.209999999999999964e+00,-5.052014846445312735e+00,-5.890101670061917360e+01,4.677044245668434996e+01,-6.512061867241675372e+01
2.220000000000000195e+00,-5.132258839251262472e+00,-6.179113813225750818e+01,4.426064379668223125e+01,-6.232032698119576253e+01
2.229999999999999982e+00,-5.210037697163451220e+00,-6.464290034328894308e+01,4.203222675865277580e+01,-5.967902925073576625e+01
2.240000000000000213e+00,-5.283831044253379794e+00,-6.745836630986322291e+01,4.003605769487060684e+01,-5.719240819247636409e+01
2.250000000000000000e+00,-5.352330287635910011e+00,-7.024293692989614613e+01,3.822983808974975517e+01,-5.485049547844026563e+01
2.259999999999999787e+00,-5.414608920241084533e+00,-7.300475124010371530e+01,3.657851966464176741e+01,-5.263908051601155336e+01
2.270000000000000018e+00,-5.470253576993451716e+00,-7.575370036889106018e+01,3.505449396522502781e+01,-5.054126679139920952e+01
2.279999999999999805e+00,-5.519434886000231799e+00,-7.850016919412547622e+01,3.363746194283577751e+01,-4.853911497475098002e+01
2.290000000000000036e+00,-5.562905473470317830e+00,-8.125367190754437274e+01,3.231391328346752090e+01,-4.661526257796621309e+01
2.299999999999999822e+00,-5.601923844406195840e+00,-8.402156989180599567e+01,3.107619911754649067e+01,-4.475437258650782724e+01
2.310000000000000053e+00,-5.638114477793942036e+00,-8.680804581059614122e+01,2.992125470241785479e+01,-4.294425762745028408e+01
2.319999999999999840e+00,-5.673283483872907595e+00,-8.961346182976375019e+01,2.884909870322786318e+01,-4.117656045572292811e+01
2.330000000000000071e+00,-5.709213781465890314e+00,-9.243416703000848145e+01,2.786127939375210971e+01,-3.944693821523281230e+01
2.339999999999999858e+00,-5.747463811272241152e+00,-9.526275660324061789e+01,2.695944184054195958e+01,-3.775477627942132131e+01
2.350000000000000089e+00,-5.789190550893719589e+00,-9.808873627869114387e+01,2.614415607717869250e+01,-3.610252342561718564e+01
2.359999999999999876e+00,-5.835012889113116330e+00,-1.008995143618476362e+02,2.541408992176996051e+01,-3.449477712380747363e+01
2.370000000000000107e+00,-5.884926836764906355e+00,-1.036816277399077251e+02,2.476555170118774285e+01,-3.293725260330614901e+01
2.379999999999999893e+00,-5.938280353646483434e+00,-1.064220997174050609e+02,2.419238352997458463e+01,-3.143575072766255118e+01
2.390000000000000124e+00,-5.993812537753351322e+00,-1.091098190198878086e+02,2.368616114161562791e+01,-2.999521169478219562e+01
2.399999999999999911e+00,-6.049758595722339649e+00,-1.117368168966103212e+02,2.323664830268482717e+01,-2.861891680861924314e+01
2.410000000000000142e+00,-6.104017183748105424e+00,-1.142993052603245161e+02,2.283245361364780379e+01,-2.730788555257651495e+01
2.419999999999999929e+00,-6.154369576466875991e+00,-1.167983320664814642e+02,2.246183538450024031e+01,-2.606050908027813406e+01
2.430000000000000160e+00,-6.198730977678357235e+00,-1.192399237294750947e+02,2.211359024749950919e+01,-2.487245735019082460e+01
2.439999999999999947e+00,-6.235404946989422825e+00,-1.216346301492999800e+02,2.177794347379310835e+01,-2.373688637720589156e+01
2.450000000000000178e+00,-6.263305526620021269e+00,-1.239964689859244515e+02,2.144734050724495233e+01,-2.264494734646981655e+01
2.459999999999999964e+00,-6.282111613240862980e+00,-1.263413704237379704e+02,2.111703127465450436e+01,-2.158655968450259621e+01
2.470000000000000195e+00,-6.292326379103243994e+00,-1.286853253089437885e+02,2.078535207863587431e+01,-2.055136301881435301e+01
2.479999999999999982e+00,-6.295230147708604562e+00,-1.310425058993102425e+02,2.045364860341712898e+01,-1.952972247679025841e+01
2.490000000000000213e+00,-6.292734073667550554e+00,-1.334236360802849219e+02,2.012584178793291656e+01,-1.851364333186838351e+01
2.500000000000000000e+00,-6.287158786757446549e+00,-1.358348341707958866e+02,1.980770084125829911e+01,-1.749746371718580562e+01
2.509999999999999787e+00,-6.280972337005338524e+00,-1.382770559917848914e+02,1.950593622721787312e+01,-1.647823584995815338e+01
2.520000000000000018e+00,-6.276523666597356055e+00,-1.407461603376214896e+02,1.922724687233880303e+01,-1.545576414175572744e+01
2.529999999999999805e+00,-6.275802868662646361e+00,-1.432335320408565451e+02,1.897744758190414061e+01,-1.443232528437784445e+01
2.540000000000000036e+00,-6.280250936138598306e+00,-1.457271443534154969e+02,1.876077252196328260e+01,-1.341213665920330023e+01
2.549999999999999822e+00,-6.290632879695338353e+00,-1.482129214863170148e+02,1.857941182907401867e+01,-1.240065934217703258e+01
2.560000000000000053e+00,-6.306981088270654290e+00,-1.506762623790485520e+02,1.843330298780900378e+01,-1.140382340425424701e+01
2.569999999999999840e+00,-6.328611048977066389e+00,-1.531035939038362699e+02,1.832017300803910587e+01,-1.042725413739542262e+01
2.580000000000000071e+00,-6.354208120398644688e+00,-1.554838254170042262e+02,1.823581154350954492e+01,-9.475566591973205277e+00
2.589999999999999858e+00,-6.381980402242168893e+00,-1.578095741170631356e+02,1.817454431111526247e+01,-8.551787290743671832e+00
2.600000000000000089e+00,-6.409867468544680591e+00,-1.600780276899045873e+02,1.812986481251233073e+01,-7.656956146601551438e+00
2.609999999999999876e+00,-6.435787371504463117e+00,-1.622913191674365976e+02,1.809516703204410959e+01,-6.789954255942013184e+00
2.620000000000000107e+00,-6.457895902780258268e+00,-1.644563221800098063e+02,1.806450356632576515e+01,-5.947588563508162451e+00
2.629999999999999893e+00,-6.474825161703675391e+00,-1.665838405301088869e+02,1.803327829229435508e+01,-5.124938453784304571e+00
2.640000000000000124e+00,-6.485866330799594515e+00,-1.686872593070585253e+02,1.799877851180132282e+01,-4.315933101614224832e+00
2.649999999999999911e+00,-6.491066772395628348e+00,-1.707808254959054750e+02,1.796046540914466760e+01,-3.514088926143134284e+00
2.660000000000000142e+00,-6.491224381339357308e+00,-1.728778043895650285e+02,1.791997496635876530e+01,-2.713304834128671406e+00
2.669999999999999929e+00,-6.487779788445360296e+00,-1.749887871646003248e+02,1.788082806161790117e+01,-1.908599696291296111e+00
2.680000000000000160e+00,-6.482624622420897431e+00,-1.771203939979916981e+02,1.784789649719601101e+01,-1.096686728354853146e+00
2.689999999999999947e+00,-6.477856746517284492e+00,-1.792745371677171704e+02,1.782670854600833010e+01,-2.763101159503840720e-01
2.700000000000000178e+00,-6.475518482620090666e+00,1.785516933025918433e+02,1.782269521858530226e+01,5.516892927634167165e-01
2.709999999999999964e+00,-6.477351620006855271e+00,1.763655532188038251e+02,1.784047615906734663e+01,1.384571695830020044e+00
2.720000000000000195e+00,-6.484596055971456607e+00,1.741776760309261931e+02,1.788326754507444960e+01,2.218120567912019947e+00
2.729999999999999982e+00,-6.497850461779783870e+00,1.720007477549003738e+02,1.795247180054778369e+01,3.047231391380497367e+00
2.740000000000000213e+00,-6.517005797651043153e+00,1.698479722672127252e+02,1.804748690595864602e+01,3.866599544583514181e+00
2.750000000000000000e+00,-6.541256629191394723e+00,1.677314761183602911e+02,1.816575404987209197e+01,4.671435701087335524e+00
2.759999999999999787e+00,-6.569190367785041396e+00,1.656608037929967452e+02,1.830304461414757711e+01,5.458134022407171493e+00
2.770000000000000018e+00,-6.598949308201418340e+00,1.636416589144154159e+02,1.845396727544211757e+01,6.224816246728192226e+00
2.779999999999999805e+00,-6.628453336441334720e+00,1.616750480316175356e+02,1.861265066605749752e+01,6.971677094577398037e+00
2.790000000000000036e+00,-6.655662166601511665e+00,1.597569682312821158e+02,1.877352779536846583e+01,7.701069075195242419e+00
2.799999999999999822e+00,-6.678846385622343007e+00,1.578787339241542895e+02,1.893212155539884733e+01,8.417292439564871387e+00
2.810000000000000053e+00,-6.696829544638974951e+00,1.560279556223343036e+02,1.908571586160540079e+01,9.126098390974609842e+00
2.819999999999999840e+00,-6.709162744774085141e+00,1.541900737362921348e+02,1.923380335966285415e+01,9.833963459308089128e+00
2.830000000000000071e+00,-6.716201080677511648e+00,1.523502396900311453e+02,1.937823149250669985e+01,1.054723738393983723e+01
2.839999999999999858e+00,-6.719067385947678162e+00,1.504952597337322118e+02,1.952301869462390727e+01,1.127129258020452873e+01
2.850000000000000089e+00,-6.719509021878579347e+00,1.486153010953039200e+02,1.967386876697156595e+01,1.200980244973474065e+01
2.859999999999999876e+00,-6.719672111762498012e+00,1.467051113368492281e+02,1.983745918212376225e+01,1.276424979358096223e+01
2.870000000000000107e+00,-6.721829563298945764e+00,1.447646010318625542e+02,2.002060757545429936e+01,1.353372495306225964e+01
2.879999999999999893e+00,-6.728102325791338600e+00,1.427987536620381093e+02,2.022942753998339782e+01,1.431502879337900680e+01
2.890000000000000124e+00,-6.740208896954916540e+00,1.408169234187849668e+02,2.046857513936337014e+01,1.510305831370303942e+01
2.899999999999999911e+00,-6.759269542919601470e+00,1.388316444552800135e+02,2.074066975990218609e+01,1.589142629147582397e+01
2.910000000000000142e+00,-6.785682568015801053e+00,1.368571046515485818e+02,2.104595392342880800e+01,1.667324862733082114e+01
2.919999999999999929e+00,-6.819082414133006864e+00,1.349074455262207266e+02,2.138223850382255975e+01,1.744201874214214953e+01
2.930000000000000160e+00,-6.858383611519993650e+00,1.329950525172936580e+02,2.174515931433009897e+01,1.819247371377039357e+01
2.939999999999999947e+00,-6.901909346677700618e+00,1.311290058096910798e+02,2.212874260850097841e+01,1.892134289583943030e+01
2.950000000000000178e+00,-6.947596785387356810e+00,1.293138702247336482e+02,2.252623689188849454e+01,1.962786337298293304e+01
2.959999999999999964e+00,-6.993262020589413375e+00,1.275490016904717550e+02,2.293111905814242846e+01,2.031395797672852410e+01
2.970000000000000195e+00,-7.036896033691274255e+00,1.258285194728232312e+02,2.333813495170844021e+01,2.098400889068253505e+01
2.979999999999999982e+00,-7.076952046175700950e+00,1.241420224963242731e+02,2.374420449802817501e+01,2.164422306619010072e+01
2.990000000000000213e+00,-7.112578507267015127e+00,1.224760136980189031e+02,2.414902483424192425e+01,2.230166310912516181e+01
3.000000000000000000e+00,-7.143755016936495394e+00,1.208158590666136405e+02,2.455524718918959692e+01,2.296308835993324138e+01
3.009999999999999787e+00,-7.171302409824341417e+00,1.191479868298206526e+02,2.496817619929314347e+01,2.363379443082807541e+01
3.020000000000000018e+00,-7.196760431751306086e+00,1.174619685832869749e+02,2.539502414267824193e+01,2.431664372890631753e+01
3.029999999999999805e+00,-7.222150659706799480e+00,1.157521407595777134e+02,2.584382535964197203e+01,2.501144725502873456e+01
3.040000000000000036e+00,-7.249661492238966609e+00,1.140185133062610845e+02,2.632216404707600077e+01,2.571480353660835050e+01
3.049999999999999822e+00,-7.281301744794114406e+00,1.122668383801271261e+02,2.683589056629254799e+01,2.642044070279372647e+01
3.060000000000000053e+00,-7.318569590643920542e+00,1.105078342751937157e+02,2.738800591136362783e+01,2.712005238018915776e+01
3.069999999999999840e+00,-7.362177829953861163e+00,1.087556517143700887e+02,2.797789061548652256e+01,2.780456634499529756e+01
3.080000000000000071e+00,-7.411869295968561033e+00,1.070257281280501189e+02,2.860104487896442294e+01,2.846572826557776636e+01
3.089999999999999858e+00,-7.466350512788477722e+00,1.053322180073436414e+02,2.924948091946492568e+01,2.909781457357582468e+01
3.100000000000000089e+00,-7.523367175221360448e+00,1.036852382817760372e+02,2.991284823355444900e+01,2.969921392675674454e+01
3.109999999999999876e+00,-7.579938036588067973e+00,1.020882416321186525e+02,3.058026340697196943e+01,3.027355963112994175e+01
3.120000000000000107e+00,-7.632749086234945857e+00,1.005359174774291091e+02,3.124266428868865120e+01,3.083009302784872219e+01
3.129999999999999893e+00,-7.678683703051274456e+00,9.901307732822054675e+01,3.189535029697662338e+01,3.138302242086190930e+01
3.140000000000000124e+00,-7.715428703352373851e+00,9.749494237366582183e+01,3.254026628886134631e+01,3.194981513144405483e+01
3.149999999999999911e+00,-7.742061381435641820e+00,9.594906126028119786e+01,3.318759146075333177e+01,3.254857700087201522e+01
3.160000000000000142e+00,-7.759505903219345413e+00,9.433874990381437442e+01,3.385631985041756309e+01,3.319485525830948092e+01
3.169999999999999929e+00,-7.770763731839707589e+00,9.262755928932463689e+01,3.457371753052236585e+01,3.389827411503719645e+01
3.180000000000000160e+00,-7.780873428684865090e+00,9.078400171697165888e+01,3.537372383823839783e+01,3.465935488184231161e+01
3.189999999999999947e+00,-7.796622895606369674e+00,8.878573583401033886e+01,3.629444451180416564e+01,3.546672897217884923e+01
3.200000000000000178e+00,-7.826094171547333112e+00,8.662264637456112837e+01,3.737482626587367918e+01,3.629481654193683227e+01
3.209999999999999964e+00,-7.878145382051044976e+00,8.429864712662546822e+01,3.865043422008434959e+01,3.710201871030869825e+01
3.220000000000000195e+00,-7.961921865480614535e+00,8.183242123833939274e+01,4.014806509150785985e+01,3.782963601825282041e+01
3.229999999999999982e+00,-8.086450347277597928e+00,7.925756951900744696e+01,4.187886123148076933e+01,3.840211263497257477e+01
3.240000000000000213e+00,-8.260322950066040448e+00,7.662273271618249737e+01,4.382983610917891326e+01,3.872976901908561587e+01
3.250000000000000000e+00,-8.491432917574277539e+00,7.399222664877932232e+01,4.595450554722303593e+01,3.871572656947093805e+01
3.259999999999999787e+00,-8.786682034723124701e+00,7.144763607999269084e+01,4.816477875587045077e+01,3.826878580762351589e+01
3.270000000000000018e+00,-9.151532110994992308e+00,6.909067540267818686e+01,5.032814020637032115e+01,3.732285683867986137e+01
3.279999999999999805e+00,-9.589204384320190400e+00,6.704737762592648664e+01,5.227536446344966237e+01,3.586051295531868988e+01
3.290000000000000036e+00,-1.009922573138736190e+01,6.547309475958245173e+01,5.382262269965226409e+01,3.393378655717225456e+01
3.299999999999999822e+00,-1.067488291153772018e+01,6.455636384258444593e+01,5.480636851500990048e+01,3.167203587662094932e+01
3.310000000000000053e+00,-1.129906555642493160e+01,6.451643813162584706e+01,5.512131258882583751e+01,2.926859508794368736e+01
3.319999999999999840e+00,-1.193830952071221851e+01,6.558305711354243783e+01,5.474662869258484932e+01,2.694663687027473387e+01
3.330000000000000071e+00,-1.253649532895391516e+01,6.793914011683651211e+01,5.374892757365908125e+01,2.491572154064970235e+01
3.339999999999999858e+00,-1.301375365677089846e+01,7.160968889753821998e+01,5.226169141506472471e+01,2.333554187151906234e+01
3.350000000000000089e+00,-1.328079897566299294e+01,7.632363411176099532e+01,5.045179589478334492e+01,2.229838480066148776e+01
3.359999999999999876e+00,-1.327346583700109051e+01,8.146600097182563616e+01,4.848698488674379803e+01,2.183137371104050573e+01
3.370000000000000107e+00,-1.298800708026385564e+01,8.624979270991433111e+01,4.651354237440610717e+01,2.191150170356140592e+01
3.379999999999999893e+00,-1.248332109190128492e+01,9.002941159901789092e+01,4.464627861139964438e+01,2.248456376375758836e+01
3.390000000000000124e+00,-1.184768383362403377e+01,9.249593841087649082e+01,4.296805595402550182e+01,2.348168812306159126e+01
3.399999999999999911e+00,-1.116272685967484435e+01,9.364789186824127398e+01,4.153460069402488841e+01,2.483084113328131437e+01
3.410000000000000142e+00,-1.048696308395972210e+01,9.365541492275823998e+01,4.038106462912897143e+01,2.646331103308112631e+01
3.419999999999999929e+00,-9.855813755893247929e+00,9.274380232677519587e+01,3.952818283008237898e+01,2.831636472938263083e+01
3.430000000000000160e+00,-9.287744297886826317e+00,9.113109778211962464e+01,3.898704898149058806e+01,3.033347593688644750e+01
3.439999999999999947e+00,-8.790400922993281796e+00,8.900505841768530502e+01,3.876226048297721860e+01,3.246329246358794052e+01
3.450000000000000178e+00,-8.364993304660245599e+00,8.651959422910312014e+01,3.885355242458244618e+01,3.465819376200283841e+01
3.459999999999999964e+00,-8.009022248371099550e+00,8.379845896944625849e+01,3.925619902811487805e+01,3.687303212480830439e+01
3.470000000000000195e+00,-7.717863539076069479e+00,8.094052666985372468e+01,3.996054061350388764e+01,3.906447188902416201e+01
3.479999999999999982e+00,-7.485655008167895197e+00,7.802450545337329402e+01,4.095106522303983354e+01,4.119120169518219399e+01
3.490000000000000213e+00,-7.305791679220741131e+00,7.511249459393714289e+01,4.220555245663609156e+01,4.321513869749793457e+01
3.500000000000000000e+00,-7.171220832260326361e+00,7.225239937797729795e+01,4.369483877139201411e+01,4.510352644616868645e+01
3.509999999999999787e+00,-7.074654964480203034e+00,6.947943637553272822e+01,4.538371957394932821e+01,4.683154719193354509e+01
3.520000000000000018e+00,-7.008773657698695203e+00,6.681703782653805490e+01,4.723329498692589823e+01,4.838478631673946495e+01
3.529999999999999805e+00,-6.966452567702563492e+00,6.427749109401570138e+01,4.920467896084232251e+01,4.976072297324950711e+01
3.540000000000000036e+00,-6.941030736785407385e+00,6.186264773074526602e+01,5.126351301859838117e+01,5.096850495658664926e+01
3.549999999999999822e+00,-6.926602784034874283e+00,5.956499572697278211e+01,5.338433823345020102e+01,5.202664294232406661e+01
3.560000000000000053e+00,-6.918301489267002502e+00,5.736929188976684202e+01,5.555377141721702827e+01,5.295882760206297490e+01
3.569999999999999840e+00,-6.912523400373692617e+00,5.525479830420371030e+01,5.777167844702231037e+01,5.378861122636452308e+01
3.580000000000000071e+00,-6.907050366086620485e+00,5.319798461833050141e+01,6.005003706006220909e+01,5.453398564142600691e+01
3.589999999999999858e+00,-6.901035123717619513e+00,5.117539836318964319e+01,6.240971430071122938e+01,5.520284760483243502e+01
3.600000000000000089e+00,-6.894845384638728092e+00,4.916632366984946856e+01,6.487575257130163209e+01,5.579005868849099414e+01
3.609999999999999876e+00,-6.889789505022476668e+00,4.715487359678331813e+01,6.747189465178261969e+01,5.627645545413099626e+01
3.620000000000000107e+00,-6.887768163137410582e+00,4.513127896499938174e+01,7.021504941164570823e+01,5.662989174242184731e+01
3.629999999999999893e+00,-6.890904609951752136e+00,4.309229830126696470e+01,7.311033217024238695e+01,5.680823553673253912e+01
3.640000000000000124e+00,-6.901201125723634533e+00,4.104082224782074917e+01,7.614729807371878678e+01,5.676413281212547446e+01
3.649999999999999911e+00,-6.920256117063802392e+00,3.898484316012803674e+01,7.929802228853593249e+01,5.645118189828845345e+01
3.660000000000000142e+00,-6.949061053378527752e+00,3.693599776763714715e+01,8.251766821613310299e+01,5.583086241659971449e+01
3.669999999999999929e+00,-6.987883846900713181e+00,3.490788256279886781e+01,8.574797466972077586e+01,5.487916683824659714e+01
3.680000000000000160e+00,-7.036237188445798374e+00,3.291431233908586051e+01,8.892357892009619036e+01,5.359155824930494560e+01
3.689999999999999947e+00,-7.092926138665953673e+00,3.096766308553495861e+01,9.198032280946962658e+01,5.198487563311108772e+01
3.700000000000000178e+00,-7.156166950919228498e+00,2.907742224243512297e+01,9.486391989329786156e+01,5.009531694425272264e+01
3.709999999999999964e+00,-7.223766493613573481e+00,2.724906178666716627e+01,9.753697201831421637e+01,4.797260703879304344e+01
3.720000000000000195e+00,-7.293347326704592071e+00,2.548334346438207021e+01,9.998259495699311117e+01,4.567156768601741135e+01
3.729999999999999982e+00,-7.362597409516818736e+00,2.377614713662448409e+01,1.022038132429959489e+02,4.324307623737329465e+01
3.740000000000000213e+00,-7.429517072690435597e+00,2.211887098525776452e+01,1.042190510254709324e+02,4.072649943689160779e+01
3.750000000000000000e+00,-7.492631944684332801e+00,2.049938315557141877e+01,1.060550015372263744e+02,3.814513513777189502e+01
3.759999999999999787e+00,-7.551141774046802979e+00,1.890341823710503633e+01,1.077385958086118194e+02,3.550530153035991532e+01
3.770000000000000018e+00,-7.604983014839270083e+00,1.731623073209561881e+01,1.092897051212000434e+02,3.279886166903891365e+01
3.779999999999999805e+00,-7.654796717096006731e+00,1.572426729516833710e+01,1.107158088874422077e+02,3.000839114249740902e+01
3.790000000000000036e+00,-7.701809352794723118e+00,1.411661821954285401e+01,1.120093745099493958e+02,2.711390910185043168e+01
3.799999999999999822e+00,-7.747648275602287526e+00,1.248605765361542730e+01,1.131482535926111836e+02,2.409999358379836565e+01
3.810000000000000053e+00,-7.794121960125880655e+00,1.082956505901831790e+01,1.140989972728404069e+02,2.096209226774915280e+01
3.819999999999999840e+00,-7.842996661801851843e+00,9.148311792532897613e+00,1.148225750135983674e+02,1.771090801551811467e+01
3.830000000000000071e+00,-7.895796790249836938e+00,7.447173018025424085e+00,1.152815322281129227e+02,1.437395848244148411e+01
3.839999999999999858e+00,-7.953648673168696170e+00,5.733873694836999491e+00,1.154472335044957134e+02,1.099386341191140382e+01
3.850000000000000089e+00,-8.017179183897805927e+00,4.017897703519976105e+00,1.153056846667739421e+02,7.623590639641636635e+00
3.859999999999999876e+00,-8.086473694256280709e+00,2.309289156788445041e+00,1.148606631619965128e+02,4.319629996989669429e+00
3.870000000000000107e+00,-8.161092561946501789e+00,6.174648557204853727e-01,1.141335206661162118e+02,1.134597701654529889e+00
3.879999999999999893e+00,-8.240141480951395536e+00,-1.049855586051969825e+00,1.131598653069203664e+02,-1.889123922073395079e+00
3.890000000000000124e+00,-8.322387709821493118e+00,-2.687507390209284974e+00,1.119840780147721233e+02,-4.723480985626464346e+00
3.899999999999999911e+00,-8.406410779551544366e+00,-4.293444931681373866e+00,1.106530116374390929e+02,-7.356030558149586618e+00
3.910000000000000142e+00,-8.490772645466218904e+00,-5.868951374451790493e+00,1.092101845373350955e+02,-9.788581619927672506e+00
3.919999999999999929e+00,-8.574188963100951355e+00,-7.418462869420817007e+00,1.076914207946066853e+02,-1.203388095301488647e+01
3.930000000000000160e+00,-8.655681364403299938e+00,-8.949019083542715691e+00,1.061224047614909836e+02,-1.411125266354307328e+01
3.939999999999999947e+00,-8.734691512970659488e+00,-1.046940175267034334e+01,1.045181805651950953e+02,-1.604207032812499989e+01
3.950000000000000178e+00,-8.811142030555849658e+00,-1.198907035377887276e+01,1.028843217415224842e+02,-1.784576590541023933e+01
3.959999999999999964e+00,-8.885436795216005379e+00,-1.351703664559419060e+01,1.012193248693708512e+02,-1.953685817260347690e+01
3.970000000000000195e+00,-8.958402190779368723e+00,-1.506082807425795167e+01,9.951770605105019740e+01,-2.112326950931063152e+01
3.979999999999999982e+00,-9.031179553831790940e+00,-1.662567110608057419e+01,9.777326409388891193e+01,-2.260600530056152024e+01
3.990000000000000213e+00,-9.105085360273161399e+00,-1.821398487222575113e+01,9.598200539575259427e+01,-2.398008897770690950e+01
4.000000000000000000e+00,-9.181458505758389066e+00,-1.982522435657556414e+01,9.414430836471900932e+01,-2.523647850528655567e+01
4.009999999999999787e+00,-9.261513386681341942e+00,-2.145606312383180736e+01,9.226604693221770503e+01,-2.636455616641199740e+01
4.019999999999999574e+00,-9.346214317646202474e+00,-2.310086735159187654e+01,9.035858346877564884e+01,-2.735471427343034634e+01
4.030000000000000249e+00,-9.436182438057555188e+00,-2.475238927480751272e+01,8.843774710085864399e+01,-2.820058007756911067e+01
4.040000000000000036e+00,-9.531641803531115897e+00,-2.640259763433938289e+01,8.652208553252194179e+01,-2.890053416690942356e+01
4.049999999999999822e+00,-9.632407470698096219e+00,-2.804356111624904102e+01,8.463077488934715120e+01,-2.945834832921017110e+01
4.059999999999999609e+00,-9.737915171026960692e+00,-2.966830365203867004e+01,8.278157595556605486e+01,-2.988295250077610632e+01
4.070000000000000284e+00,-9.847289364958243141e+00,-3.127155512269647275e+01,8.098915031949857735e+01,-3.018748900055594220e+01
4.080000000000000071e+00,-9.959443705355912613e+00,-3.285032729508491656e+01,7.926393127151207807e+01,-3.038789809219179006e+01
4.089999999999999858e+00,-1.007320501847026506e+01,-3.440425473233164411e+01,7.761162050069447105e+01,-3.050129952465589867e+01
4.099999999999999645e+00,-1.018744898307208224e+01,-3.593565690758608611e+01,7.603328063685840732e+01,-3.054440650422206716e+01
4.110000000000000320e+00,-1.030123330102219015e+01,-3.744930288153384623e+01,7.452592683296022358e+01,-3.053215492548038767e+01
4.120000000000000107e+00,-1.041391310721447816e+01,-3.895189309533764543e+01,7.308348532511017481e+01,-3.047667140897587856e+01
4.129999999999999893e+00,-1.052522441402481235e+01,-4.045130989470074923e+01,7.169797380358821215e+01,-3.038664974393521945e+01
4.139999999999999680e+00,-1.063532485294461338e+01,-4.195572210360095511e+01,7.036075806975090075e+01,-3.026715922063062436e+01
4.150000000000000355e+00,-1.074478650597719742e+01,-4.347265121385396469e+01,6.906374659427881113e+01,-3.011986773923609917e+01
4.160000000000000142e+00,-1.085454217362529761e+01,-4.500811163459233910e+01,6.780039883301910209e+01,-2.994362480487025380e+01
4.169999999999999929e+00,-1.096579260208925888e+01,-4.656592367852932313e+01,6.656644690514846729e+01,-2.973531471883001487e+01
4.179999999999999716e+00,-1.107988671530667979e+01,-4.814726949610695783e+01,6.536026539806826463e+01,-2.949086236341823763e+01
4.190000000000000391e+00,-1.119818905526249786e+01,-4.975052656028922371e+01,6.418286915297785811e+01,-2.920625907100758312e+01
4.200000000000000178e+00,-1.132194844903991537e+01,-5.137137878066681651e+01,6.303756800687304462e+01,-2.887847939814542286e+01
4.209999999999999964e+00,-1.145218001571088884e+01,-5.300317798876759667e+01,6.192935168326367545e+01,-2.850618249175922259e+01
4.219999999999999751e+00,-1.158956988969560520e+01,-5.463751087852259758e+01,6.086410849426981429e+01,-2.809013011961190998e+01
4.230000000000000426e+00,-1.173440927103811049e+01,-5.626491751402014074e+01,5.984779281328523837e+01,-2.763329903261408305e+01
4.240000000000000213e+00,-1.188656209009299403e+01,-5.787570403984068435e+01,5.888564823578894192e+01,-2.714070842706822972e+01
4.250000000000000000e+00,-1.204546876113004927e+01,-5.946079055695246041e+01,5.798157066387780390e+01,-2.661901605969936213e+01
4.259999999999999787e+00,-1.221018691947788604e+01,-6.101253258230175902e+01,5.713766556859652468e+01,-2.607595525205505993e+01
4.269999999999999574e+00,-1.237946822472745367e+01,-6.252545044670698360e+01,5.635402359388240967e+01,-2.551969013806086295e+01
4.280000000000000249e+00,-1.255186782070132345e+01,-6.399679719012528523e+01,5.562871339425672801e+01,-2.495816160123012040e+01
4.290000000000000036e+00,-1.272587966508461399e+01,-6.542689589550464291e+01,5.495797203111521156e+01,-2.439848595150409594e+01
4.299999999999999822e+00,-1.290008690621930043e+01,-6.681918686190924461e+01,5.433656072361245748e+01,-2.384645624986123735e+01
4.309999999999999609e+00,-1.307331254132235188e+01,-6.817994751375550777e+01,5.375824527728413216e+01,-2.330618426702412549e+01
4.320000000000000284e+00,-1.324475290006603245e+01,-6.951768419659497056e+01,5.321635416153706899e+01,-2.277990947975133551e+01
4.330000000000000071e+00,-1.341407628120784779e+01,-7.084224079134962437e+01,5.270436210149438949e+01,-2.226798919512390285e+01
4.339999999999999858e+00,-1.358147209690655011e+01,-7.216371526245505663e+01,5.221644377085567612e+01,-2.176906963090363334e+01
4.349999999999999645e+00,-1.374764201316648737e+01,-7.349131028614944228e+01,5.174794246222011651e+01,-2.128042122612681908e+01
4.360000000000000320e+00,-1.391373264891810457e+01,-7.483225823784721342e+01,5.129570451441201584e+01,-2.079840378635899256e+01
4.370000000000000107e+00,-1.408121755722947555e+01,-7.619095017990544250e+01,5.085824302876804381e+01,-2.031901095914642852e+01
4.379999999999999893e+00,-1.425174260826171135e+01,-7.756836676594215874e+01,5.043571351884843779e+01,-1.983843243009816248e+01
4.389999999999999680e+00,-1.442695236616298260e+01,-7.896186571278916233e+01,5.002970710709200119e+01,-1.935356912582032152e+01
4.400000000000000355e+00,-1.460831548462620333e+01,-8.036533697164060186e+01,4.964288973240351766e+01,-1.886244296428511191e+01
4.410000000000000142e+00,-1.479696533646310108e+01,-8.176970160839570667e+01,4.927853431869711898e+01,-1.836445739310282121e+01
4.419999999999999929e+00,-1.499356927901630954e+01,-8.316370707605540247e+01,4.894000381160362423e+01,-1.786048515693900285e+01
4.429999999999999716e+00,-1.519823725814594795e+01,-8.453495803317046864e+01,4.863024524737810594e+01,-1.735278146376067454e+01
4.440000000000000391e+00,-1.541047844998375105e+01,-8.587111258047264073e+01,4.835134950047022784e+01,-1.684474027303083687e+01
4.450000000000000178e+00,-1.562921319352313532e+01,-8.716116243202144176e+01,4.810422042074277726e+01,-1.634052640001313961e+01
4.459999999999999964e+00,-1.585284577315809962e+01,-8.839669790828780549e+01,4.788838344485154153e+01,-1.584462577597668975e+01
4.469999999999999751e+00,-1.607940045844049948e+01,-8.957303515363197732e+01,4.770194958539603647e+01,-1.536136111846369978e+01
4.480000000000000426e+00,-1.630671745316968213e+01,-9.069006026037226320e+01,4.754173701923199502e+01,-1.489442161240099516e+01
4.490000000000000213e+00,-1.653269661635826893e+01,-9.175263561025488457e+01,4.740353937628216840e+01,-1.444645389187280848e+01
4.500000000000000000e+00,-1.675556594547158085e+01,-9.277043299342624039e+01,4.728251690678827401e+01,-1.401875776998144474e+01
4.509999999999999787e+00,-1.697414150918394071e+01,-9.375711712660766750e+01,4.717367393573824330e+01,-1.361112309652901686e+01
4.519999999999999574e+00,-1.718803963358433862e+01,-9.472890077975236522e+01,4.707237428927796685e+01,-1.322183279362974062e+01
4.530000000000000249e+00,-1.739780423033744228e+01,-9.570260980132381690e+01,4.697483769476549753e+01,-1.284784096828709110e+01
4.540000000000000036e+00,-1.760492346527051666e+01,-9.669349941401850401e+01,4.687855718019172713e+01,-1.248511477479463139e+01
4.549999999999999822e+00,-1.781172818464820296e+01,-9.771311748414329656e+01,4.678258259773915739e+01,-1.212910687774713026e+01
4.559999999999999609e+00,-1.802118427695345559e+01,-9.876749714946267034e+01,4.668762947853110035e+01,-1.177530586352499675e+01
4.570000000000000284e+00,-1.823660636778686239e+01,-9.985588757753855305e+01,4.659599412015223407e+01,-1.141979905793879446e+01
4.580000000000000071e+00,-1.846132694280495912e+01,-1.009701278581062667e+02,4.651128146506461292e+01,-1.105977913881892327e+01
4.589999999999999858e+00,-1.869835288748276270e+01,-1.020946730561462914e+02,4.643797697440916039e+01,-1.069393357416392476e+01
4.599999999999999645e+00,-1.895003357918728071e+01,-1.032072222991201471e+02,4.638091261444727564e+01,-1.032267243752680130e+01
4.610000000000000320e+00,-1.921775574872533454e+01,-1.042798870624390446e+02,4.634468727765501939e+01,-9.948171653021878669e+00
4.620000000000000107e+00,-1.950167482587590939e+01,-1.052808655744377120e+02,4.633310300143302385e+01,-9.574230644407535351e+00
4.629999999999999893e+00,-1.980049354425088382e+01,-1.061766348596620304e+02,4.634867204352260472e+01,-9.205962005932903480e+00
4.639999999999999680e+00,-2.011130752989760850e+01,-1.069347048041978923e+02,4.639223927063898145e+01,-8.849344319897873845e+00
4.650000000000000355e+00,-2.042955343407868440e+01,-1.075269618139558929e+02,4.646275237022089044e+01,-8.510677736906343327e+00
4.660000000000000142e+00,-2.074911342693207317e+01,-1.079335239016644294e+02,4.655720093188906361e+01,-8.195986873787955318e+00
4.669999999999999929e+00,-2.106264101544579148e+01,-1.081468066739058003e+02,4.667073475207876498e+01,-7.910418741163780965e+00
4.679999999999999716e+00,-2.136216233906951345e+01,-1.081751757253935295e+02,4.679696080828043847e+01,-7.657685848406699414e+00
4.690000000000000391e+00,-2.163995882308481100e+01,-1.080452355183146551e+02,4.692840576765996730e+01,-7.439606058068471306e+00
4.700000000000000178e+00,-2.188964757722595778e+01,-1.078016796159344040e+02,4.705711573668765624e+01,-7.255789478063529252e+00
4.709999999999999964e+00,-2.210726909452593958e+01,-1.075039331737523725e+02,4.717534780823162777e+01,-7.103516178686588134e+00
4.719999999999999751e+00,-2.229212233682616429e+01,-1.072196327169647390e+02,4.727629133922938109e+01,-6.977834608339264832e+00
4.730000000000000426e+00,-2.244711353322459502e+01,-1.070160536678299934e+02,4.735474491242890593e+01,-6.871888703818650690e+00
4.740000000000000213e+00,-2.257851987050825571e+01,-1.069513720418955671e+02,4.740767211230356537e+01,-6.777453929624758899e+00
4.750000000000000000e+00,-2.269525410921989206e+01,-1.070676641560221611e+02,4.743456871809929254e+01,-6.685633641583947018e+00
4.759999999999999787e+00,-2.280785539478906188e+01,-1.073867902649612773e+02,4.743759580999049064e+01,-6.587643669806864111e+00
4.769999999999999574e+00,-2.292746243016591023e+01,-1.079092244770574638e+02,4.742146401129421207e+01,-6.475600813082538210e+00
4.780000000000000249e+00,-2.306495599795897888e+01,-1.086150331324032976e+02,4.739308711848252642e+01,-6.343233317779063185e+00
4.790000000000000036e+00,-2.323034470127337769e+01,-1.094658474617653923e+02,4.736105126772733342e+01,-6.186447653081675213e+00
4.799999999999999822e+00,-2.343236535290174771e+01,-1.104067679144153686e+02,4.733496268721973621e+01,-6.003711442693416167e+00
4.809999999999999609e+00,-2.367820138598979796e+01,-1.113674607021332434e+02,4.732474050556318446e+01,-5.796240525288716583e+00
4.820000000000000284e+00,-2.397318334475739832e+01,-1.122620812714584133e+02,4.733991237127193585e+01,-5.568002122391102482e+00
4.830000000000000071e+00,-2.432030605935236878e+01,-1.129880354233549724e+02,4.738895404026752090e+01,-5.325561325148652436e+00
4.839999999999999858e+00,-2.471936089307736140e+01,-1.134240669308728258e+02,4.747869511064543246e+01,-5.077802820093252123e+00
4.849999999999999645e+00,-2.516543871824323020e+01,-1.134289961921248562e+02,4.761379686643983433e+01,-4.835554960189917928e+00
4.860000000000000320e+00,-2.564655425402428079e+01,-1.128440382114820295e+02,4.779629848450223051e+01,-4.611131866851113870e+00
4.870000000000000107e+00,-2.614032283515132349e+01,-1.115043909731854654e+02,4.802522669205761474e+01,-4.417795090462083962e+00
4.879999999999999893e+00,-2.661031945304858937e+01,-1.092691666600607050e+02,4.829627177502570134e+01,-4.269123600795215800e+00
4.889999999999999680e+00,-2.700439725718753792e+01,-1.060787097034781539e+02,4.860154867313772797e+01,-4.178273628122783023e+00
4.900000000000000355e+00,-2.725949201058060112e+01,-1.020345359206121572e+02,4.892948336883328864e+01,-4.157112090249679426e+00
4.910000000000000142e+00,-2.731721176891834446e+01,-9.746102010741603294e+01,4.926488768399622842e+01,-4.215222560426847842e+00
4.919999999999999929e+00,-2.714681451260157985e+01,-9.287652241431345601e+01,4.958930342167325733e+01,-4.358813229346305995e+00
4.929999999999999716e+00,-2.676049491263724178e+01,-8.884559016488327643e+01,4.988170060371491843e+01,-4.589601426946137153e+00
4.940000000000000391e+00,-2.620754499493648382e+01,-8.579886916574864131e+01,5.011959422012556331e+01,-4.903803109850128905e+00
4.950000000000000178e+00,-2.555279727974829029e+01,-8.394410889879868876e+01,5.028059132925781682e+01,-5.291405272408617577e+00
4.959999999999999964e+00,-2.485633337881554183e+01,-8.329337648089808965e+01,5.034429482461951721e+01,-5.735924691224227878e+00
4.969999999999999751e+00,-2.416384970183762704e+01,-8.374218971448111404e+01,5.029438410716296204e+01,-6.214835795119971529e+00
4.980000000000000426e+00,-2.350597833530585490e+01,-8.514003254867031956e+01,5.012059410205951338e+01,-6.700769185853968857e+00
4.990000000000000213e+00,-2.290151102064733379e+01,-8.733261415890490298e+01,4.982026043827208639e+01,-7.163444786883973237e+00
5.000000000000000000e+00,-2.236114725491631461e+01,-9.018078799141379420e+01,4.939912366026392476e+01,-7.572139841616096767e+00
5.009999999999999787e+00,-2.189048232997381049e+01,-9.356601419629097904e+01,4.887119957140916426e+01,-7.898352374020158884e+00
5.019999999999999574e+00,-2.149205859125328288e+01,-9.738961410676756714e+01,4.825770199076247735e+01,-8.118256637671105835e+00
5.030000000000000249e+00,-2.116667006785475280e+01,-1.015697849683690919e+02,4.758519453287388501e+01,-8.214586161198447201e+00
5.040000000000000036e+00,-2.091415468964908086e+01,-1.060382038694661588e+02,4.688328849397731801e+01,-8.177710778495582034e+00
5.049999999999999822e+00,-2.073385755924770280e+01,-1.107369334376160595e+02,4.618225393670861223e+01,-8.005850547617496815e+00
5.059999999999999609e+00,-2.062488900404469305e+01,-1.156158308851716043e+02,4.551086676265592246e+01,-7.704533448835324982e+00
5.070000000000000284e+00,-2.058625500704540201e+01,-1.206304552853161312e+02,4.489470550792382397e+01,-7.285510472854030972e+00
5.080000000000000071e+00,-2.061690639483873611e+01,-1.257404005330046459e+02,4.435498250948788979e+01,-6.765374880704719374e+00
5.089999999999999858e+00,-2.071573306910732271e+01,-1.309079735016273958e+02,4.390788440015439420e+01,-6.164103035890986959e+00
5.099999999999999645e+00,-2.088151681455777009e+01,-1.360971531122767146e+02,4.356432861857227579e+01,-5.503668508224351719e+00
5.110000000000000320e+00,-2.111284811421636931e+01,-1.412727924465566218e+02,4.333001922284471874e+01,-4.806806914626599259e+00
5.120000000000000107e+00,-2.140800736619888767e+01,-1.464000585846746105e+02,4.320569760727507713e+01,-4.095946756490314478e+00
5.129999999999999893e+00,-2.176480825810909536e+01,-1.514441437758260065e+02,4.318751741765154861e+01,-3.392282174802367489e+00
5.139999999999999680e+00,-2.218040097294964852e+01,-1.563703283320171806e+02,4.326751386196462335e+01,-2.714949829799575554e+00
5.150000000000000355e+00,-2.265103636179935265e+01,-1.611445303122310690e+02,4.343417397916156375e+01,-2.080281517063266694e+00
5.160000000000000142e+00,-2.317180104640412708e+01,-1.657345343166251723e+02,4.367313726152548270e+01,-1.501130916592510633e+00
5.169999999999999929e+00,-2.373634997679108594e+01,-1.701121346658907783e+02,4.396805897960164344e+01,-9.863087840050958066e-01
5.179999999999999716e+00,-2.433668902133014811e+01,-1.742564202602800094e+02,4.430164861677705801e+01,-5.401952771039570944e-01
5.190000000000000391e+00,-2.496309401698865926e+01,-1.781583075167831112e+02,4.465685496925039644e+01,-1.626186744074556711e-01
5.200000000000000178e+00,-2.560428428898206477e+01,1.781738830152204400e+02,4.501811639763563733e+01,1.509149100385734077e-01
5.209999999999999964e+00,-2.624797443671140229e+01,1.747085548097303160e+02,4.537254476064139652e+01,4.085922526301338786e-01
5.219999999999999751e+00,-2.688187299153855037e+01,1.713861037011846804e+02,4.571088324319712370e+01,6.212795455203077299e-01
5.230000000000000426e+00,-2.749505344324704481e+01,1.681172636096029009e+02,4.602808658486986815e+01,8.012170218331148286e-01
5.240000000000000213e+00,-2.807941352960384052e+01,1.647862634687141394e+02,4.632342118898218786e+01,9.605812860781989260e-01
5.250000000000000000e+00,-2.863076229502979331e+01,1.612592672330192727e+02,4.660006174307763871e+01,1.110110605843327880e+00
5.259999999999999787e+00,-2.914907091953086393e+01,1.573965898992892392e+02,4.686424829905158873e+01,1.257980508265639452e+00
5.269999999999999574e+00,-2.963765483846788484e+01,1.530656187596309508e+02,4.712413868701383279e+01,1.409068914579254539e+00
5.280000000000000249e+00,-3.010141650629277521e+01,1.481513679506285257e+02,4.738852863816002525e+01,1.564678177521097613e+00
5.290000000000000036e+00,-3.054456686344278182e+01,1.425632760174189002e+02,4.766561228262289518e+01,1.722707187743670154e+00
5.299999999999999822e+00,-3.096833618560327039e+01,1.362391693614389681e+02,4.796192711171575951e+01,1.878207507172615864e+00
5.309999999999999609e+00,-3.136913283001495500e+01,1.291489167514376959e+02,4.828158433051682863e+01,2.024221102343405132e+00
5.320000000000000284e+00,-3.173755298667336078e+01,1.213003742427320333e+02,4.862584085537949363e+01,2.152782115985254929e+00
5.330000000000000071e+00,-3.205865539217371207e+01,1.127485235745507453e+02,4.899303037543708683e+01,2.255964318909226662e+00
5.339999999999999858e+00,-3.231388184384529438e+01,1.036054109671600258e+02,4.937883886039900716e+01,2.326862293703640283e+00
5.349999999999999645e+00,-3.248466813755324267e+01,9.404468223876533273e+01,4.977688167716434009e+01,2.360404335443320178e+00
5.360000000000000320e+00,-3.255699633848804098e+01,8.429297153440657553e+01,5.017951188372212812e+01,2.353909327730940415e+00
5.370000000000000107e+00,-3.252524279194867063e+01,7.460446117550263523e+01,5.057876213489532091e+01,2.307322238701189576e+00
5.379999999999999893e+00,-3.239354996140671261e+01,6.522414168991990380e+01,5.096730020562903007e+01,2.223096891928346697e+00
5.389999999999999680e+00,-3.217409736929615605e+01,5.635292166277459813e+01,5.133926793994105253e+01,2.105740109016273731e+00
5.400000000000000355e+00,-3.188331336901704205e+01,4.812665827660174500e+01,5.169088293218965191e+01,1.961082333491365404e+00
5.410000000000000142e+00,-3.153790063008990785e+01,4.061258254706452675e+01,5.202071470487599925e+01,1.795385691910985182e+00
5.419999999999999929e+00,-3.115210588787618917e+01,3.381837740093086353e+01,5.232959881137613678e+01,1.614429109778586779e+00
5.429999999999999716e+00,-3.073665748193216274e+01,2.770661726339958264e+01,5.262021265230494294e+01,1.422713131752895377e+00
5.440000000000000391e+00,-3.029903436879824241e+01,2.220933494175347533e+01,5.289639208316373242e+01,1.222903245991121546e+00
5.450000000000000178e+00,-2.984445853022540263e+01,1.724057841553300108e+01,5.316230611617159951e+01,1.015586165306136213e+00
5.459999999999999964e+00,-2.937705730736175269e+01,1.270676817521025193e+01,5.342162192507683471e+01,7.993598314987077069e-01
5.469999999999999751e+00,-2.890081891184312468e+01,8.515213487601577924e+00,5.367678447904928873e+01,5.712263885662129947e-01
5.480000000000000426e+00,-2.842015412907228367e+01,4.580936771760717008e+00,5.392850989219273572e+01,3.272162546718709875e-01
5.490000000000000213e+00,-2.794003874361279571e+01,8.316545795845028399e-01,5.417555604026161120e+01,6.314441985190309692e-02
5.500000000000000000e+00,-2.746582450424394040e+01,-2.789288151852137521e+00,5.441479414697828076e+01,-2.246125664491123441e-01
5.509999999999999787e+00,-2.700286031081981974e+01,-6.322028957867766863e+00,5.464156482415667426e+01,-5.384299021985555767e-01
5.519999999999999574e+00,-2.655606355987977452e+01,-9.791051512746738794e+00,5.485026415303543956e+01,-8.789361431171428540e-01
5.530000000000000249e+00,-2.612954383527540259e+01,-1.320730549972319245e+01,5.503507280522261169e+01,-1.244775911958377224e+00
5.540000000000000036e+00,-2.572633268637172321e+01,-1.657104027253360101e+01,5.519071824089656531e+01,-1.632669797203768036e+00
5.549999999999999822e+00,-2.534823331722664363e+01,-1.987489479705562445e+01,5.531315194078932507e+01,-2.037762407319714253e+00
5.559999999999999609e+00,-2.499578060691618120e+01,-2.310692905771771066e+01,5.540003468551228849e+01,-2.454202458805356812e+00
5.570000000000000284e+00,-2.466829373349409593e+01,-2.625341635557921904e+01,5.545095381203398688e+01,-2.875858878082042658e+00
5.580000000000000071e+00,-2.436400505456897037e+01,-2.930130514468453740e+01,5.546734265846018275e+01,-3.297053486337730099e+00
5.589999999999999858e+00,-2.408025353268150681e+01,-3.224029570950145995e+01,5.545212476512997313e+01,-3.713189977621623061e+00
5.599999999999999645e+00,-2.381373403490164264e+01,-3.506447293026428014e+01,5.540915240075672443e+01,-4.121180939751235783e+00
5.610000000000000320e+00,-2.356079248805410487e+01,-3.777341384923860090e+01,5.534254077199045696e+01,-4.519613990249747637e+00
5.620000000000000107e+00,-2.331775055927348106e+01,-4.037267387069248059e+01,5.525601055813479690e+01,-4.908645253892140126e+00
5.629999999999999893e+00,-2.308123398072896748e+01,-4.287357200268041169e+01,5.515234238105114883e+01,-5.289653424975599982e+00
5.639999999999999680e+00,-2.284846961975829771e+01,-4.529225716312211603e+01,5.503302193077413307e+01,-5.664722899513620291e+00
5.650000000000000355e+00,-2.261751266603852883e+01,-4.764813958425197171e+01,5.489812009811332416e+01,-6.036045878215026583e+00
5.660000000000000142e+00,-2.238737061753872126e+01,-4.996188800303477251e+01,5.474641479983189640e+01,-6.405340053984068582e+00
5.669999999999999929e+00,-2.215800569262425412e+01,-5.225328520905565455e+01,5.457572518782104254e+01,-6.773371540444813377e+00
5.679999999999999716e+00,-2.193021837777648386e+01,-5.453926578662343871e+01,5.438339845847745124e+01,-7.139653905977731974e+00
5.690000000000000391e+00,-2.170543568527610745e+01,-5.683241643564680601e+01,5.416686782585557580e+01,-7.502365860532034247e+00
5.700000000000000178e+00,-2.148544207423258001e+01,-5.914011615115857978e+01,5.392419042001828444e+01,-7.858495480868063154e+00
5.709999999999999964e+00,-2.127209554866718832e+01,-6.146436652413854773e+01,5.365447818102356337e+01,-8.204182434688748415e+00
5.719999999999999751e+00,-2.106706683261746704e+01,-6.380224957758714055e+01,5.335815363499167319e+01,-8.535197387852146989e+00
5.730000000000000426e+00,-2.087162925295589844e+01,-6.614687608665012419e+01,5.303699326702922434e+01,-8.847475843930409312e+00
5.740000000000000213e+00,-2.068651525238736966e+01,-6.848865585036573123e+01,5.269395850711802609e+01,-9.137616762519243707e+00
5.750000000000000000e+00,-2.051184538861595996e+01,-7.081672253581785981e+01,5.233285065198293751e+01,-9.403265920629591434e+00
5.759999999999999787e+00,-2.034712846008753573e+01,-7.312036358052827723e+01,5.195785403412383374e+01,-9.643327695606053851e+00
5.769999999999999574e+00,-2.019132664895178664e+01,-7.539032696199387829e+01,5.157304636763147698e+01,-9.857981134303624771e+00
5.780000000000000249e+00,-2.004297609705405492e+01,-7.761989513311669953e+01,5.118195490989562302e+01,-1.004850983043193935e+01
5.790000000000000036e+00,-1.990034996834884851e+01,-7.980563309990733956e+01,5.078722374919063753e+01,-1.021698394654966613e+01
5.799999999999999822e+00,-1.976164728671862747e+01,-8.194773839478681055e+01,5.039043525725814021e+01,-1.036585249249594654e+01
5.809999999999999609e+00,-1.962518709466735700e+01,-8.404995239498229864e+01,4.999210231672852700e+01,-1.049751300747756488e+01
5.820000000000000284e+00,-1.948958500981308717e+01,-8.611903839937797045e+01,4.959182163234174823e+01,-1.061392439183867609e+01
5.830000000000000071e+00,-1.935388963677245044e+01,-8.816388868009696012e+01,4.918855556128723805e+01,-1.071631827844714735e+01
5.839999999999999858e+00,-1.921766063531278235e+01,-9.019437961244041446e+01,4.878099284164726157e+01,-1.080504704763852786e+01
5.849999999999999645e+00,-1.908097848370755401e+01,-9.222013605734748865e+01,4.836792909897994264e+01,-1.087958472898748319e+01
5.860000000000000320e+00,-1.894438661050568484e+01,-9.424938038915396987e+01,4.794860722302491496e+01,-1.093867337397604622e+01
5.870000000000000107e+00,-1.880877711411337572e+01,-9.628802270747161174e+01,4.752296592838617784e+01,-1.098058528686955704e+01
5.879999999999999893e+00,-1.867523923991789303e+01,-9.833910198122053714e+01,4.709176105512812427e+01,-1.100345424383089110e+01
5.889999999999999680e+00,-1.854489357506184888e+01,-1.004026262901416686e+02,4.665654590065903307e+01,-1.100561953034129559e+01
5.900000000000000355e+00,-1.841873439236913512e+01,-1.024757993596925587e+02,4.621952028711861971e+01,-1.098592698777444632e+01
5.910000000000000142e+00,-1.829749875767980072e+01,-1.045535720717115709e+02,4.578327885487512106e+01,-1.094394104497597375e+01
5.919999999999999929e+00,-1.818157546721956308e+01,-1.066294267955907600e+02,4.535050353234206710e+01,-1.088003869864783013e+01
5.929999999999999716e+00,-1.807096099680844148e+01,-1.086962882794784377e+02,4.492365110291952135e+01,-1.079537700147157508e+01
5.940000000000000391e+00,-1.796526424431752744e+01,-1.107474531495866614e+02,4.450468404678201040e+01,-1.069174586274704630e+01
5.950000000000000178e+00,-1.786375714933675951e+01,-1.127774363099002386e+02,4.409488285118722217e+01,-1.057133453440834181e+01
5.959999999999999964e+00,-1.776546413933867896e+01,-1.147826442449604514e+02,4.369476324750969809e+01,-1.043645094621445502e+01
5.969999999999999751e+00,-1.766927962660944118e+01,-1.167618024497965052e+02,4.330410508747711873e+01,-1.028923728893827061e+01
5.980000000000000426e+00,-1.757409958151933438e+01,-1.187160884636763143e+02,4.292208326219535763e+01,-1.013142318103782813e+01
5.990000000000000213e+00,-1.747895102376302034e+01,-1.206489542815806715e+02,4.254747713480580984e+01,-9.964150289215432110e+00
6.000000000000000000e+00,-1.738310283270055479e+01,-1.225656607530132334e+02,4.217892486279131248e+01,-9.787890658714747616e+00
6.009999999999999787e+00,-1.728614322052094820e+01,-1.244725869080746605e+02,4.181518379669595475e+01,-9.602466762393497390e+00
6.019999999999999574e+00,-1.718801369880968721e+01,-1.263764111266718260e+02,4.145535850620576923e+01,-9.407166203001391835e+00
6.030000000000000249e+00,-1.708899583546983791e+01,-1.282832805025546179e+02,4.109906395741736418e+01,-9.200930164245562537e+00
6.040000000000000036e+00,-1.698965431250253033e+01,-1.301980843180000420e+02,4.074650219196477252e+01,-8.982584214228317876e+00
6.049999999999999822e+00,-1.689074623237366524e+01,-1.321239270679075730e+02,4.039844489054961940e+01,-8.751074673196180598e+00
6.059999999999999609e+00,-1.679311098975681915e+01,-1.340618611168733878e+02,4.005612908692531704e+01,-8.505674396413082761e+00
6.070000000000000284e+00,-1.669755667603641669e+01,-1.360108972912219087e+02,3.972108644644553976e+01,-8.246128282461562264e+00
6.080000000000000071e+00,-1.660475801796517814e+01,-1.379682721234788119e+02,3.939493572037378044e+01,-7.972719747380605959e+00
6.089999999999999858e+00,-1.651517792762722792e+01,-1.399299192663787892e+02,3.907917189994478235e+01,-7.686252658488653466e+00
6.099999999999999645e+00,-1.642902072060193674e+01,-1.418910724777883843e+02,3.877498399945248764e+01,-7.387956406988231528e+00
6.110000000000000320e+00,-1.634622069253426346e+01,-1.438469183265485754e+02,3.848312707530602950e+01,-7.079332826132938017e+00
6.120000000000000107e+00,-1.626646551364244431e+01,-1.457932167051485521e+02,3.820386447632608196e+01,-6.761971099846778799e+00
6.129999999999999893e+00,-1.618925004651597988e+01,-1.477268146604220362e+02,3.793698511000744134e+01,-6.437359977515797027e+00
6.139999999999999680e+00,-1.611395285153501078e+01,-1.496459929959833630e+02,3.768188932904544686e+01,-6.106725488507548150e+00
6.150000000000000355e+00,-1.603992500030030044e+01,-1.515506051667306622e+02,3.743772730049223441e+01,-5.770917386004910554e+00
6.160000000000000142e+00,-1.596657917729303833e+01,-1.534419935487562441e+02,3.720356656135533768e+01,-5.430359535131093374e+00
6.169999999999999929e+00,-1.589346679627866799e+01,-1.553226973996212905e+02,3.697856175370433363e+01,-5.085069465802486199e+00
6.179999999999999716e+00,-1.582033229288459708e+01,-1.571959961821123954e+02,3.676209978732505590e+01,-4.734741660913816652e+00
6.190000000000000391e+00,-1.574713690577216596e+01,-1.590653565236154066e+02,3.655389794518922741e+01,-4.378879351314643564e+00
6.200000000000000178e+00,-1.567404875213348880e+01,-1.609338659607757052e+02,3.635404018090035549e+01,-4.016952148021944780e+00
6.209999999999999964e+00,-1.560140109030539612e+01,-1.628037384041047915e+02,3.616294690026401781e+01,-3.648552989809572544e+00
6.219999999999999751e+00,-1.552962541042021805e+01,-1.646759644401985270e+02,3.598128425152963672e+01,-3.273528282903017228e+00
6.230000000000000426e+00,-1.545916956246115959e+01,-1.665501567401535112e+02,3.580982859863906498e+01,-2.892059667913447374e+00
6.240000000000000213e+00,-1.539041300453757266e+01,-1.684246116644335984e+02,3.564930887076536692e+01,-2.504683732999156920e+00
6.250000000000000000e+00,-1.532359133132039908e+01,-1.702965778743747762e+02,3.550025285489286375e+01,-2.112245832860727646e+00
6.259999999999999787e+00,-1.525874076002968138e+01,-1.721626956591351814e+02,3.536286288638376618e+01,-1.715794391446198608e+00
6.269999999999999574e+00,-1.519567060831233896e+01,-1.740195493849115849e+02,3.523694208281106910e+01,-1.316431185906928647e+00
6.280000000000000249e+00,-1.513396838508893794e+01,-1.758642611248346554e+02,3.512188500094470101e+01,-9.151399596083988897e-01
6.290000000000000036e+00,-1.507303822949507754e+01,-1.776950465913966184e+02,3.501673737949957399e+01,-5.126194932447639685e-01
6.299999999999999822e+00,-1.501216930931364324e+01,-1.795116555125624132e+02,3.492031959535842844e+01,-1.091475246638061447e-01
6.309999999999999609e+00,-1.495062671033995549e+01,1.786843715290450803e+02,3.483139882035580825e+01,2.955014777343810128e-01
6.320000000000000284e+00,-1.488775375032647474e+01,1.768896782533673502e+02,3.474888688314413088e+01,7.020684886918873158e-01
6.330000000000000071e+00,-1.482307215372988907e+01,1.750993195384576211e+02,3.467203575166280416e+01,1.111745403601463789e+00
6.339999999999999858e+00,-1.475636580383052632e+01,1.733072243889741912e+02,3.460060137519989354e+01,1.526038303650959493e+00
6.349999999999999645e+00,-1.468773533489569694e+01,1.715068430140898670e+02,3.453494988826391676e+01,1.946574053676172422e+00
6.360000000000000320e+00,-1.461761466350588989e+01,1.696918956660974800e+02,3.447608765909406259e+01,2.374874920014618418e+00
6.370000000000000107e+00,-1.454674609915398520e+01,1.678571235234743142e+02,3.442560729133789010e+01,2.812131453396595759e+00
6.379999999999999893e+00,-1.447611681926200333e+01,1.659989416317320661e+02,3.438555369244499360e+01,3.259004815921676013e+00
6.389999999999999680e+00,-1.440686495958715696e+01,1.641159104421434733e+02,3.435822564857446793e+01,3.715485923476534502e+00
6.400000000000000355e+00,-1.434016731571425574e+01,1.622089712063290108e+02,3.434593715420958659e+01,4.180831046275100604e+00
6.410000000000000142e+00,-1.427712218898415308e+01,1.602814243071968008e+02,3.435076784032534647e+01,4.653583345934618976e+00
6.419999999999999929e+00,-1.421864037836398964e+01,1.583386615610005776e+02,3.437433285810308092e+01,5.131678931602118077e+00
6.429999999999999716e+00,-1.416535530151783107e+01,1.563876888769370339e+02,3.441759985756649343e+01,5.612625883859563736e+00
6.440000000000000391e+00,-1.411756044748589289e+01,1.544364927531237299e+02,3.448077502699221242e+01,6.093736358120747099e+00
6.450000000000000178e+00,-1.407517940407920065e+01,1.524933138313717507e+02,3.456327239886477543e+01,6.572385905483761448e+00
6.459999999999999964e+00,-1.403777085774316191e+01,1.505658952615671069e+02,3.466377153936571887e+01,7.046270808776460726e+00
6.469999999999999751e+00,-1.400456823616881330e+01,1.486607748168193552e+02,3.478035895610855022e+01,7.513633715495174670e+00
6.480000000000000426e+00,-1.397455089622472713e+01,1.467826881183121657e+02,3.491073874514995623e+01,7.973430385834395118e+00
6.490000000000000213e+00,-1.394654082037460441e+01,1.449341449111004749e+02,3.505248903358442902e+01,8.425416162372435736e+00
6.500000000000000000e+00,-1.391931575046941383e+01,1.431152289000304449e+02,3.520333384123176046e+01,8.870139742164187879e+00
6.509999999999999787e+00,-1.389172694819087006e+01,1.413236521334355871e+02,3.536139643787843312e+01,9.308843369818760038e+00
6.519999999999999574e+00,-1.386280799538445230e+01,1.395550668957866094e+02,3.552540128019403909e+01,9.743281320288529557e+00
6.530000000000000249e+00,-1.383186098798414854e+01,1.378036040405752942e+02,3.569479769662580537e+01,1.017548051620906691e+01
6.540000000000000036e+00,-1.379850865959977746e+01,1.360625723087960921e+02,3.586978916075190682e+01,1.060747610645957728e+01
6.549999999999999822e+00,-1.376270539113582814e+01,1.343252259900367847e+02,3.605126568851408564e+01,1.104105895982538144e+01
6.559999999999999609e+00,-1.372470605627597351e+01,1.325854952996972145e+02,3.624065128017988258e+01,1.147757035493114941e+01
6.570000000000000284e+00,-1.368499803514735902e+01,1.308385788888906234e+02,3.643969089222680680e+01,1.191777192428618015e+01
6.580000000000000071e+00,-1.364420717335499234e+01,1.290813200929448499e+02,3.665021010811543789e+01,1.236180747040258332e+01
6.589999999999999858e+00,-1.360299194013481916e+01,1.273123226823180971e+02,3.687388429959078451e+01,1.280925960525238949e+01
6.599999999999999645e+00,-1.356194110184229729e+01,1.255318006043772385e+02,3.711205242051449460e+01,1.325929037841509128e+01
6.610000000000000320e+00,-1.352148903559555038e+01,1.237411924800461236e+02,3.736560420792906001e+01,1.371084296202759489e+01
6.620000000000000107e+00,-1.348185991706762188e+01,1.219426006862805139e+02,3.763495947564856436e+01,1.416287238910559942e+01
6.629999999999999893e+00,-1.344304807765339937e+01,1.201381346562395862e+02,3.792014555660023944e+01,1.461456820995669403e+01
6.639999999999999680e+00,-1.340483736533776238e+01,1.183292483949906142e+02,3.822096507173682056e+01,1.506553135363273732e+01
6.650000000000000355e+00,-1.336685770118627481e+01,1.165161635346054680e+02,3.853723253719375208e+01,1.551587180848619418e+01
6.660000000000000142e+00,-1.332867244923133576e+01,1.146974615139893388e+02,3.886904656416977133e+01,1.596620292152456599e+01
6.669999999999999929e+00,-1.328988603357730902e+01,1.128699111362548138e+02,3.921705639079201688e+01,1.641752146741576013e+01
6.679999999999999716e+00,-1.325025795233896631e+01,1.110285706660912126e+02,3.958267884178624030e+01,1.687097862218720579e+01
6.690000000000000391e+00,-1.320980762136072784e+01,1.091671683432484201e+02,3.996822546384714059e+01,1.732756328486575725e+01
6.700000000000000178e+00,-1.316889495446958591e+01,1.072787260051904497e+02,4.037690930601295491e+01,1.778773315675405087e+01
6.709999999999999964e+00,-1.312826452325068871e+01,1.053563542939651825e+02,4.081271510435099259e+01,1.825103827695765091e+01
6.719999999999999751e+00,-1.308904620656241136e+01,1.033941223988419580e+02,4.128013305288851598e+01,1.871578500299970216e+01
6.730000000000000426e+00,-1.305271147058944692e+01,1.013878963748161510e+02,4.178377224921428734e+01,1.917878577076665536e+01
6.740000000000000213e+00,-1.302099046477915145e+01,9.933604948230450304e+01,4.232788324574298855e+01,1.963523263699665478e+01
6.750000000000000000e+00,-1.299575969472197556e+01,9.723997237740573496e+01,4.291582901285079998e+01,2.007872244796438821e+01
6.759999999999999787e+00,-1.297891235464973825e+01,9.510434319901285960e+01,4.354955029321464366e+01,2.050145008224238552e+01
6.769999999999999574e+00,-1.297222339463825591e+01,9.293714935786195497e+01,4.422907571794254267e+01,2.089457425427291426e+01
6.780000000000000249e+00,-1.297721961886855979e+01,9.074947746906541113e+01,4.495212989469618492e+01,2.124874739387396616e+01
6.790000000000000036e+00,-1.299506246733976766e+01,8.855510205924568368e+01,4.571389367184472263e+01,2.155478597981212729e+01
6.799999999999999822e+00,-1.302644854353082593e+01,8.636990767743489528e+01,4.650696815555669872e+01,2.180443947071117705e+01
6.809999999999999609e+00,-1.307153109754853482e+01,8.421117579786094609e+01,4.732158477783330852e+01,2.199119512331112247e+01
6.820000000000000284e+00,-1.312986489000861745e+01,8.209676175410906751e+01,4.814608455847974966e+01,2.211103540824280245e+01
6.830000000000000071e+00,-1.320037712122102747e+01,8.004418240930442607e+01,4.896765903227289840e+01,2.216304997054259474e+01
6.839999999999999858e+00,-1.328136807725820745e+01,7.806963620100481194e+01,4.977330502690477942e+01,2.214980228708222398e+01
6.849999999999999645e+00,-1.337054622680502902e+01,7.618698615327741663e+01,5.055090221367389347e+01,2.207736863836452201e+01
6.860000000000000320e+00,-1.346510291194394782e+01,7.440675400450223265e+01,5.129028683994528848e+01,2.195500590191969437e+01
6.870000000000000107e+00,-1.356183063392925980e+01,7.273519755597412484e+01,5.198417912825340181e+01,2.179446039989662509e+01
6.879999999999999893e+00,-1.365728548441470025e+01,7.117356796265778485e+01,5.262883382634457519e+01,2.160899100425637087e+01
6.889999999999999680e+00,-1.374798822333645809e+01,6.971765965574428492e+01,5.322432391679289054e+01,2.141223037931830930e+01
6.900000000000000355e+00,-1.383065044610102667e+01,6.835776167663897240e+01,5.377442795294223998e+01,2.121703464698635599e+01
6.910000000000000142e+00,-1.390240395069623247e+01,6.707908617622430825e+01,5.428615663293852833e+01,2.103446694971934861e+01
6.919999999999999929e+00,-1.396100550575836863e+01,6.586268592525740928e+01,5.476900771501611587e+01,2.087302706812153019e+01
6.929999999999999716e+00,-1.400498854954447125e+01,6.468678803557057222e+01,5.523406863702282976e+01,2.073818825689886225e+01
6.940000000000000391e+00,-1.403373954045513017e+01,6.352838754271626698e+01,5.569308977017950468e+01,2.063224808740358895e+01
6.950000000000000178e+00,-1.404748903186508713e+01,6.236488866235505668e+01,5.615763243827463924e+01,2.055445482436719118e+01
6.959999999999999964e+00,-1.404722288623782411e+01,6.117557337907308579e+01,5.663836364560270198e+01,2.050134197635862421e+01
6.969999999999999751e+00,-1.403453289006932891e+01,5.994272016200966391e+01,5.714453357351190022e+01,2.046719249994841761e+01
6.980000000000000426e+00,-1.401143449429319965e+01,5.865227535576893558e+01,5.768363981307270194e+01,2.044455770218320367e+01
6.990000000000000213e+00,-1.398018076115622677e+01,5.729407039388054557e+01,5.826125813116625807e+01,2.042476920509190208e+01
7.000000000000000000e+00,-1.394309666770785761e+01,5.586165413723770001e+01,5.888100446301562130e+01,2.039840051335609061e+01
7.009999999999999787e+00,-1.390244924091744139e+01,5.435185576301872601e+01,5.954458606364405426e+01,2.035565403759040493e+01
7.019999999999999574e+00,-1.386035951662920773e+01,5.276420666815672433e+01,6.025189988550697251e+01,2.028666750139704789e+01
7.030000000000000249e+00,-1.381875428619385993e+01,5.110033634393622748e+01,6.100114183964029735e+01,2.018174911250132553e+01
7.040000000000000036e+00,-1.377935017467506640e+01,4.936342788550711447e+01,6.178890045016315469e+01,2.003156277883849157e+01
7.049999999999999822e+00,-1.374365994786662526e+01,4.755778409891042458e+01,6.261022145096208646e+01,1.982729215232198428e+01
7.059999999999999609e+00,-1.371301062342433852e+01,4.568852262705014056e+01,6.345864484950872964e+01,1.956081450967322866e+01
7.070000000000000284e+00,-1.368856427363632733e+01,4.376139244467850631e+01,6.432623121335491589e+01,1.922491167630929709e+01
7.080000000000000071e+00,-1.367133466623014826e+01,4.178268614959964111e+01,6.520360720259334641e+01,1.881353506143567600e+01
7.089999999999999858e+00,-1.366219552514725066e+01,3.975921264943537636e+01,6.608006904657716518e+01,1.832212594383215176e+01
7.099999999999999645e+00,-1.366187878340915063e+01,3.769829207525815917e+01,6.694378407227104333e+01,1.774797217456481135e+01
7.110000000000000320e+00,-1.367096346413285346e+01,3.560773754224636889e+01,6.778212242908691110e+01,1.709056158024243999e+01
7.120000000000000107e+00,-1.368985760488256886e+01,3.349579509261203469e+01,6.858213307804304293e+01,1.635187494681854403e+01
7.129999999999999893e+00,-1.371877687530300705e+01,3.137102228076107480e+01,6.933115135443919996e+01,1.553655256033669829e+01
7.139999999999999680e+00,-1.375772423873193162e+01,2.924209616066036332e+01,7.001749409533933033e+01,1.465187234884131051e+01
7.150000000000000355e+00,-1.380647522107959446e+01,2.711755203713642359e+01,7.063116905514458210e+01,1.370749704273527669e+01
7.160000000000000142e+00,-1.386457312139109099e+01,2.500546469655882476e+01,7.116450597108043041e+01,1.271498114306390015e+01
7.169999999999999929e+00,-1.393133785021536752e+01,2.291309355731699071e+01,7.161261407913865185e+01,1.168707023860972427e+01
7.179999999999999716e+00,-1.400589100514709884e+01,2.084652183116661206e+01,7.197358850817551001e+01,1.063686621872422400e+01
7.190000000000000391e+00,-1.408719826683017473e+01,1.881032661852756149e+01,7.224842388475828159e+01,9.576961952344772655e+00
7.200000000000000178e+00,-1.417412823512414555e+01,1.680732070522046939e+01,7.244064041395584752e+01,8.518659942046665989e+00
7.209999999999999964e+00,-1.426552452715633201e+01,1.483840618504091857e+01,7.255567507483235090e+01,7.471378111930676802e+00
7.219999999999999751e+00,-1.436028557104908998e+01,1.290257345062869376e+01,7.260012777497564684e+01,6.442314969106619493e+00
7.230000000000000426e+00,-1.445744444743775858e+01,1.099706580021094382e+01,7.258097191550969285e+01,5.436403376029591783e+00
7.240000000000000213e+00,-1.455623984727188613e+01,9.117710492547184131e+00,7.250483833477927931e+01,4.456536641177205382e+00
7.250000000000000000e+00,-1.465616918808077251e+01,7.259393936003771586e+00,7.237746328532026041e+01,3.504011281732716920e+00
7.259999999999999787e+00,-1.475701642084196763e+01,5.416635846381422148e+00,7.220336031809833344e+01,2.579103530044861703e+00
7.269999999999999574e+00,-1.485884998454490713e+01,3.584199427246216541e+00,7.198573910045344348e+01,1.681684030936468011e+00
7.280000000000000249e+00,-1.496199026680818989e+01,1.757666041037608817e+00,7.172665717391144824e+01,8.117771114514548136e-01
7.290000000000000036e+00,-1.506695007420242582e+01,-6.609443898730454903e-02,7.142735821558416376e+01,-3.001427157897915837e-02
7.299999999999999822e+00,-1.517435521409628230e+01,-1.888612979284384208e+00,7.108872615740294520e+01,-8.422719965182828838e-01
7.309999999999999609e+00,-1.528485472643014376e+01,-3.709704708412551177e+00,7.071177130281371603e+01,-1.622737292820501942e+00
7.320000000000000284e+00,-1.539903129509724700e+01,-5.527555968258581309e+00,7.029806413247742114e+01,-2.368485086258008465e+00
7.330000000000000071e+00,-1.551732197644041378e+01,-7.339001073956828769e+00,6.985004509659061966e+01,-3.076255657561524526e+00
7.339999999999999858e+00,-1.563995790418939080e+01,-9.139954626237051016e+00,6.937116256515410839e+01,-3.742877489093138887e+00
7.349999999999999645e+00,-1.576692943354531629e+01,-1.092595006164890314e+01,6.886582220015669975e+01,-4.365703413709667302e+00
7.360000000000000320e+00,-1.589798057066356307e+01,-1.269272509069615928e+01,6.833916359276331320e+01,-4.942984267372970031e+00
7.370000000000000107e+00,-1.603263366930281464e+01,-1.443678948723085576e+01,6.779670796662026078e+01,-5.474119285017840397e+00
7.379999999999999893e+00,-1.617024234408518524e+01,-1.615591039848315802e+01,6.724393917749439709e+01,-5.959746843272329286e+00
7.389999999999999680e+00,-1.631006743863360953e+01,-1.784945564202725166e+01,6.668588662855059113e+01,-6.401667547958127535e+00
7.400000000000000355e+00,-1.645136790700462726e+01,-1.951854744454505308e+01,6.612677331178299767e+01,-6.802618618940141637e+00
7.410000000000000142e+00,-1.659349601192029411e+01,-2.116599847033559101e+01,6.556977745070453523e+01,-7.165939718409476633e+00
7.419999999999999929e+00,-1.673598485174465011e+01,-2.279602808824291316e+01,6.501693580959019414e+01,-7.495183325321778334e+00
7.429999999999999716e+00,-1.687861643012109170e+01,-2.441378678321026996e+01,6.446919442152382373e+01,-7.793726833224933870e+00
7.440000000000000391e+00,-1.702146057597990847e+01,-2.602474548502235052e+01,6.392659146798628456e+01,-8.064439441275421672e+00
7.450000000000000178e+00,-1.716487887772644427e+01,-2.763402841648311181e+01,6.338853971484789440e+01,-8.309446083035265218e+00
7.459999999999999964e+00,-1.730949279908400840e+01,-2.924577776853485034e+01,6.285416396298371922e+01,-8.530014930477623381e+00
7.469999999999999751e+00,-1.745612033412151121e+01,-3.086263368786129391e+01,6.232264352999555967e+01,-8.726576501879131698e+00
7.480000000000000426e+00,-1.760568991991499743e+01,-3.248539489953391524e+01,6.179351139654871616e+01,-8.898863432965669062e+00
7.490000000000000213e+00,-1.775914310253704897e+01,-3.411289807058099655e+01,6.126687012837733448e+01,-9.046143092884733505e+00
7.500000000000000000e+00,-1.791733834684306359e+01,-3.574212351834838586e+01,6.074349884977495861e+01,-9.167502935122046281e+00
7.509999999999999787e+00,-1.808096754955629493e+01,-3.736850639894798576e+01,6.022484319811990616e+01,-9.262142723361623808e+00
7.519999999999999574e+00,-1.825049470575996224e+01,-3.898640958343088414e+01,5.971289838468245392e+01,-9.329629452735609618e+00
7.530000000000000249e+00,-1.842612330265214737e+01,-4.058969840969953680e+01,5.921001111888261192e+01,-9.370079398352949340e+00
7.540000000000000036e+00,-1.860779577030653797e+01,-4.217234821610423268e+01,5.871863667295760081e+01,-9.384245438244313675e+00
7.549999999999999822e+00,-1.879522493157254459e+01,-4.372901235358232697e+01,5.824109135436926721e+01,-9.373503916610712139e+00
7.559999999999999609e+00,-1.898795396747355113e+01,-4.525548098428163257e+01,5.777933805198235717e+01,-9.339750939884858383e+00
7.570000000000000284e+00,-1.918543806381685002e+01,-4.674896990674648833e+01,5.733483445194435291e+01,-9.285230687476712319e+00
7.580000000000000071e+00,-1.938713787704358893e+01,-4.820819477704845468e+01,5.690846184835512389e+01,-9.212326482951649353e+00
7.589999999999999858e+00,-1.959261268853217430e+01,-4.963320972452137170e+01,5.650053931145784247e+01,-9.123348375507609020e+00
7.599999999999999645e+00,-1.980160016270571433e+01,-5.102501913342160123e+01,5.611091528052811128e+01,-9.020349004198793708e+00
7.610000000000000320e+00,-2.001407047467577627e+01,-5.238500363901631829e+01,5.573911801871493310e+01,-8.904993311741204565e+00
7.620000000000000107e+00,-2.023024541240228302e+01,-5.371423060199401078e+01,5.538453898103782080e+01,-8.778498361092335500e+00
7.629999999999999893e+00,-2.045057759437768041e+01,-5.501273942159048147e+01,5.504661975722657985e+01,-8.641648443401859225e+00
7.639999999999999680e+00,-2.067569041050928291e+01,-5.627889849931706578e+01,5.472501415877702868e+01,-8.494879361889839942e+00
7.650000000000000355e+00,-2.090628465836473637e+01,-5.750892214562514226e+01,5.441970200946381198e+01,-8.338415793639642359e+00
7.660000000000000142e+00,-2.114302214012736414e+01,-5.869661455470599520e+01,5.413103948770215368e+01,-8.172438401878034497e+00
7.669999999999999929e+00,-2.138639909950028084e+01,-5.983337910438064711e+01,5.385974114386580425e+01,-7.997253954617050020e+00
7.679999999999999716e+00,-2.163662319104175680e+01,-6.090850027035227754e+01,5.360679930873670429e+01,-7.813442554214610425e+00
7.690000000000000391e+00,-2.189350696193155343e+01,-6.190967671979147724e+01,5.337335580262320178e+01,-7.621960913795881254e+00
7.700000000000000178e+00,-2.215638902032331359e+01,-6.282375977431017589e+01,5.316054722428714285e+01,-7.424188458795655698e+00
7.709999999999999964e+00,-2.242409149789392231e+01,-6.363763157993633257e+01,5.296934778958474510e+01,-7.221912443225036782e+00
7.719999999999999751e+00,-2.269491916991150404e+01,-6.433914156143744378e+01,5.280043253546928383e+01,-7.017257656978162395e+00
7.730000000000000426e+00,-2.296670153983038887e+01,-6.491800872610660633e+01,5.265407917458731646e+01,-6.812574228025065182e+00
7.740000000000000213e+00,-2.323687419815476218e+01,-6.536659406750359835e+01,5.253011990503548390e+01,-6.610302432053364541e+00
7.750000000000000000e+00,-2.350259004942302354e+01,-6.568045684988999255e+01,5.242794621341936789e+01,-6.412835716097903038e+00
7.759999999999999787e+00,-2.376084546032733158e+01,-6.585863632739581419e+01,5.234656137349583105e+01,-6.222402177395978562e+00
7.769999999999999574e+00,-2.400860265997016540e+01,-6.590364847500586620e+01,5.228466807980493769e+01,-6.040980763159319977e+00
7.780000000000000249e+00,-2.424288985126268869e+01,-6.582125014827936127e+01,5.224077345364779035e+01,-5.870262057537042111e+00
7.790000000000000036e+00,-2.446086605137023184e+01,-6.562008576260311088e+01,5.221329127793479330e+01,-5.711655580546623590e+00
7.799999999999999822e+00,-2.465984875005223032e+01,-6.531137173807792351e+01,5.220062219906301948e+01,-5.566337166621935673e+00
7.809999999999999609e+00,-2.483731689626756278e+01,-6.490876899754674412e+01,5.220119679665856438e+01,-5.435322492105878922e+00
7.820000000000000284e+00,-2.499091516349218978e+01,-6.442853089268052713e+01,5.221347338629779955e+01,-5.319547440636908320e+00
7.830000000000000071e+00,-2.511849247025095622e+01,-6.388989882587237901e+01,5.223589121215611186e+01,-5.219933764088329653e+00
7.839999999999999858e+00,-2.521820364652288760e+01,-6.331557868493611352e+01,5.226678894898944350e+01,-5.137420008710216202e+00
7.849999999999999645e+00,-2.528868609474112361e+01,-6.273201485215813022e+01,5.230430663281547510e+01,-5.072942947567121053e+00
7.860000000000000320e+00,-2.532929609390573233e+01,-6.216913806034150980e+01,5.234629481748009283e+01,-5.027363197924495708e+00
7.870000000000000107e+00,-2.534036004509845696e+01,-6.165933715336041132e+01,5.239025675248672087e+01,-5.001339179288493142e+00
7.879999999999999893e+00,-2.532337588250792138e+01,-6.123559257510523679e+01,5.243334700745603527e+01,-4.995164569888195238e+00
7.889999999999999680e+00,-2.528109928468172285e+01,-6.092895853005875040e+01,5.247244311479168744e+01,-5.008594214039312931e+00
7.900000000000000355e+00,-2.521747137957204643e+01,-6.076579926390007813e+01,5.250429599025876826e+01,-5.040690246924150131e+00
7.910000000000000142e+00,-2.513738229385781153e+01,-6.076528373382847548e+01,5.252575133808342400e+01,-5.089722430909091599e+00
7.919999999999999929e+00,-2.504630362488358131e+01,-6.093758475280549192e+01,5.253401986341933849e+01,-5.153153176717074402e+00
7.929999999999999716e+00,-2.494984837585604964e+01,-6.128304845449477511e+01,5.252696137960698053e+01,-5.227728084205444326e+00
7.940000000000000391e+00,-2.485332233102650434e+01,-6.179238112606347499e+01,5.250333951488000395e+01,-5.309677844076180264e+00
7.950000000000000178e+00,-2.476131920545308418e+01,-6.244772613229092428e+01,5.246300204067296136e+01,-5.395019055019038667e+00
7.959999999999999964e+00,-2.467739225613330944e+01,-6.322441757759839476e+01,5.240694814787583056e+01,-5.479923102518780453e+00
7.969999999999999751e+00,-2.460381688828583435e+01,-6.409319571048430930e+01,5.233725794027760969e+01,-5.561107376667465907e+00
7.980000000000000426e+00,-2.454144807198351685e+01,-6.502271681138293502e+01,5.225687886243956370e+01,-5.636194992897365807e+00
7.990000000000000213e+00,-2.448967445215512484e+01,-6.598224377529660956e+01,5.216928524711036630e+01,-5.703989668850669936e+00
8.000000000000000000e+00,-2.444647554818386581e+01,-6.694442652996184506e+01,5.207804674197008410e+01,-5.764621452576055738e+00
8.009999999999999787e+00,-2.440859466599095384e+01,-6.788805258468967452e+01,5.198635578193920281e+01,-5.819534755858694730e+00
8.019999999999999574e+00,-2.437184202625030238e+01,-6.880056568343182732e+01,5.189657164426659364e+01,-5.871309702398256114e+00
8.029999999999999361e+00,-2.433153402208049698e+01,-6.968003798679941951e+01,5.180983867506770224e+01,-5.923328115103814184e+00
8.039999999999999147e+00,-2.428305160317735556e+01,-7.053619043523769960e+01,5.172582988421835637e+01,-5.979314167864705709e+00
8.050000000000000711e+00,-2.422246549032302454e+01,-7.139005971117302352e+01,5.164265556742495988e+01,-6.042795393877740118e+00
8.060000000000000497e+00,-2.414713888303286282e+01,-7.227207143111729692e+01,5.155696100280063376e+01,-6.116541633435891079e+00
8.070000000000000284e+00,-2.405619734848292524e+01,-7.321860206172044627e+01,5.146421822469961427e+01,-6.202046951179695178e+00
8.080000000000000071e+00,-2.395076730893654116e+01,-7.426750670230111950e+01,5.135919495228851872e+01,-6.299121413970346417e+00
8.089999999999999858e+00,-2.383393249098076794e+01,-7.545339409549826826e+01,5.123656014142699178e+01,-6.405654180009976884e+00
8.099999999999999645e+00,-2.371042608763029591e+01,-7.680349689850434913e+01,5.109156289124479855e+01,-6.517594884170855529e+00
8.109999999999999432e+00,-2.358613723226140735e+01,-7.833477893569315142e+01,5.092070366978861529e+01,-6.629176212509880095e+00
8.119999999999999218e+00,-2.346754010434363735e+01,-8.005254302571739800e+01,5.072230894281700131e+01,-6.733368588794771625e+00
8.130000000000000782e+00,-2.336114645997872330e+01,-8.195042175863791556e+01,5.049692640903641205e+01,-6.822522761392093571e+00
8.140000000000000568e+00,-2.327304899047383202e+01,-8.401138345807960661e+01,5.024747951149202407e+01,-6.889124848473661800e+00
8.150000000000000355e+00,-2.320858219312958326e+01,-8.620930925966207781e+01,4.997915394835068525e+01,-6.926568555635696178e+00
8.160000000000000142e+00,-2.317209414751758700e+01,-8.851075811182322184e+01,4.969902883577682928e+01,-6.929846098555258571e+00
8.169999999999999929e+00,-2.316680302254506074e+01,-9.087666632997829197e+01,4.941550219719857040e+01,-6.896073802148037224e+00
8.179999999999999716e+00,-2.319470557789418663e+01,-9.326386863153268791e+01,4.913758660779386389e+01,-6.824796535703971934e+00
8.189999999999999503e+00,-2.325650751013195361e+01,-9.562644619812851943e+01,4.887416158280652212e+01,-6.718049786695790004e+00
8.199999999999999289e+00,-2.335155343108609571e+01,-9.791699512526766114e+01,4.863326471372550230e+01,-6.580191205896242401e+00
8.210000000000000853e+00,-2.347774532856724505e+01,-1.000879682114509421e+02,4.842148756888774841e+01,-6.417538666332196939e+00
8.220000000000000639e+00,-2.363145202247086374e+01,-1.020932774956515772e+02,4.824352084257193951e+01,-6.237866451544606505e+00
8.230000000000000426e+00,-2.380742885031324363e+01,-1.038903495422752172e+02,4.810187170497223974e+01,-6.049815719463224717e+00
8.240000000000000213e+00,-2.399878669752039784e+01,-1.054427827831643469e+02,4.799675843480522275e+01,-5.862272739542502720e+00
8.250000000000000000e+00,-2.419707028771222923e+01,-1.067236367570893094e+02,4.792617446287021465e+01,-5.683762114513116970e+00
8.259999999999999787e+00,-2.439252038461521721e+01,-1.077191568844046543e+02,4.788610518951141870e+01,-5.521895134485824919e+00
8.269999999999999574e+00,-2.457459013193588149e+01,-1.084324048373894129e+02,4.787087460068035938e+01,-5.382906993103765636e+00
8.279999999999999361e+00,-2.473274588747967329e+01,-1.088858982821228523e+02,4.787359305660805830e+01,-5.271310726141756220e+00
8.289999999999999147e+00,-2.485749900534366930e+01,-1.091221473483886513e+02,4.788667177045124390e+01,-5.189689256199262246e+00
8.300000000000000711e+00,-2.494150325410961955e+01,-1.092011551893316010e+02,4.790236378447393406e+01,-5.138638409424312492e+00
8.310000000000000497e+00,-2.498046309837075540e+01,-1.091946702353246792e+02,4.791328718300041345e+01,-5.116862347491517582e+00
8.320000000000000284e+00,-2.497359566703110190e+01,-1.091780672194022657e+02,4.791288591723461820e+01,-5.121408877955575534e+00
8.330000000000000071e+00,-2.492350406729065071e+01,-1.092216764610422359e+02,4.789578871651885095e+01,-5.148017327182793146e+00
8.339999999999999858e+00,-2.483550835900334164e+01,-1.093836213360620775e+02,4.785803771256871642e+01,-5.191538885242153789e+00
8.349999999999999645e+00,-2.471664588935952622e+01,-1.097056077755171515e+02,4.779717451364075487e+01,-5.246381556489900788e+00
8.359999999999999432e+00,-2.457461495292999842e+01,-1.102120158016335552e+02,4.771218985137942781e+01,-5.306931222696409378e+00
8.369999999999999218e+00,-2.441688632936541836e+01,-1.109116653603169027e+02,4.760336002176209291e+01,-5.367907343733081760e+00
8.380000000000000782e+00,-2.425009864427002171e+01,-1.118011460865304656e+02,4.747200577165982338e+01,-5.424625087196712769e+00
8.390000000000000568e+00,-2.407974863584787073e+01,-1.128686224606258719e+02,4.732021483263275030e+01,-5.473152320243369395e+00
8.400000000000000355e+00,-2.391012147778383223e+01,-1.140973353069443306e+02,4.715056747908560908e+01,-5.510366442265379305e+00
8.410000000000000142e+00,-2.374438233447624214e+01,-1.154683874280278815e+02,4.696589646790189221e+01,-5.533929381244344192e+00
8.419999999999999929e+00,-2.358475446709836021e+01,-1.169626923635591851e+02,4.676910083188186462e+01,-5.542207194497162703e+00
8.429999999999999716e+00,-2.343272588262323453e+01,-1.185621457384933564e+02,4.656302000000597019e+01,-5.534162943131521573e+00
8.439999999999999503e+00,-2.328924533213069381e+01,-1.202501668317385537e+02,4.635036310330618647e+01,-5.509248427374955348e+00
8.449999999999999289e+00,-2.315488466632800524e+01,-1.220117863393546003e+02,4.613367990070711500e+01,-5.467313425688496764e+00
8.460000000000000853e+00,-2.302995697045998469e+01,-1.238334517161791268e+02,4.591535544987355877e+01,-5.408542144330279910e+00
8.470000000000000639e+00,-2.291458889698582269e+01,-1.257027006631857802e+02,4.569761052172037097e+01,-5.333417542944824952e+00
8.480000000000000426e+00,-2.280875189929712121e+01,-1.276078250371524661e+02,4.548249317609820963e+01,-5.242706653718570031e+00
8.490000000000000213e+00,-2.271226121922828867e+01,-1.295376160417329743e+02,4.527185275702541389e+01,-5.137455066754097466e+00
8.500000000000000000e+00,-2.262475388458950931e+01,-1.314812494942219132e+02,4.506729446815161566e+01,-5.018976939123133363e+00
8.509999999999999787e+00,-2.254565791487682347e+01,-1.334283390183003917e+02,4.487011930072087296e+01,-4.888828144494264727e+00
8.519999999999999574e+00,-2.247416465860600709e+01,-1.353691564982533464e+02,4.468125927444059897e+01,-4.748753968095671851e+00
8.529999999999999361e+00,-2.240921490454760345e+01,-1.372949938748864156e+02,4.450122094823507979e+01,-4.600608187260487369e+00
8.539999999999999147e+00,-2.234950726578503222e+01,-1.391986188692621340e+02,4.433005061980897210e+01,-4.446246430221758139e+00
8.550000000000000711e+00,-2.229353439262886383e+01,-1.410747600956601389e+02,4.416733262240963143e+01,-4.287402364872009208e+00
8.560000000000000497e+00,-2.223964885199592700e+01,-1.429205455280186641e+02,4.401222803811442219e+01,-4.125559670005133128e+00
8.570000000000000284e+00,-2.218615611488328554e+01,-1.447358146148713161e+02,4.386355561388008795e+01,-3.961835237412532518e+00
8.580000000000000071e+00,-2.213142734047123383e+01,-1.465232313052201505e+02,4.371991048181493511e+01,-3.796889251771063289e+00
8.589999999999999858e+00,-2.207402018524455656e+01,-1.482881451344536572e+02,4.357981032933014376e+01,-3.630875582776163846e+00
8.599999999999999645e+00,-2.201279264808986724e+01,-1.500381803861149024e+02,4.344185383447015170e+01,-3.463441492360188612e+00
8.609999999999999432e+00,-2.194699400855124338e+01,-1.517825755196014086e+02,4.330487329121287132e+01,-3.293779528680866431e+00
8.619999999999999218e+00,-2.187631892646191289e+01,-1.535313388274740589e+02,4.316806299953275783e+01,-3.120727482482454462e+00
8.630000000000000782e+00,-2.180091573513524139e+01,-1.552943215349737329e+02,4.303106742761062264e+01,-2.942905488461079688e+00
8.640000000000000568e+00,-2.172134698123429075e+01,-1.570803270271562440e+02,4.289401814231517562e+01,-2.758873900297666104e+00
8.650000000000000355e+00,-2.163850776424204270e+01,-1.588963697707420124e+02,4.275751533503646584e+01,-2.567292430437454254e+00
8.660000000000000142e+00,-2.155351367354768044e+01,-1.607471714000159579e+02,4.262255734748859481e+01,-2.367060817207069956e+00
8.669999999999999929e+00,-2.146757382695723138e+01,-1.626349416928092921e+02,4.249042866741511659e+01,-2.157424020848215829e+00
8.679999999999999716e+00,-2.138186523013841267e+01,-1.645594488229206434e+02,4.236256226641296507e+01,-1.938030163993236465e+00
8.689999999999999503e+00,-2.129742279041330733e+01,-1.665183454258186657e+02,4.224039508761612893e+01,-1.708936202251353231e+00
8.699999999999999289e+00,-2.121505574317710696e+01,-1.685076901963063278e+02,4.212523563840136376e+01,-1.470563512868740208e+00
8.710000000000000853e+00,-2.113529699516852745e+01,-1.705225903339602098e+02,4.201816016685031485e+01,-1.223612135037647430e+00
8.720000000000000639e+00,-2.105838773266638242e+01,-1.725578864714542533e+02,4.191994934448815258e+01,-9.689474182966153482e-01
8.730000000000000426e+00,-2.098429599827914416e+01,-1.746088058058705030e+02,4.183107150749844294e+01,-7.074757882148090538e-01
8.740000000000000213e+00,-2.091276491497639967e+01,-1.766715183678998358e+02,4.175171216036834920e+01,-4.400270011561620009e-01
8.750000000000000000e+00,-2.084338379069593827e+01,-1.787435441936011955e+02,4.168184341860106201e+01,-1.672586958573875349e-01
8.759999999999999787e+00,-2.077567344913398273e+01,1.791760248498398482e+02,4.162132206090446829e+01,1.104044499712182603e-01
8.769999999999999574e+00,-2.070917589701018358e+01,1.770865057704492926e+02,4.157000144163104238e+01,3.927896091586623450e-01
8.779999999999999361e+00,-2.064353806669209490e+01,1.749858033239517567e+02,4.152784107558883875e+01,6.799511826551055682e-01
8.789999999999999147e+00,-2.057858009980643033e+01,1.728707603755416358e+02,4.149499842404264172e+01,9.721069884400302952e-01
8.800000000000000711e+00,-2.051434057519029608e+01,1.707376329345769648e+02,4.147189018657153525e+01,1.269544773723553233e+00
8.810000000000000497e+00,-2.045109409937911238e+01,1.685826285714005621e+02,4.145921484748279084e+01,1.572512341114500778e+00
8.820000000000000284e+00,-2.038934035053620875e+01,1.664024410626013548e+02,4.145793368319485950e+01,1.881106423393641647e+00
8.830000000000000071e+00,-2.032976737265094513e+01,1.641947181556032263e+02,4.146921308831644382e+01,2.195175127664549919e+00
8.839999999999999858e+00,-2.027319499913906142e+01,1.619584123693577453e+02,4.149433608571392540e+01,2.514246427423705299e+00
8.849999999999999645e+00,-2.022050624727209112e+01,1.596939838492580748e+02,4.153459455346710882e+01,2.837491262842132489e+00
8.859999999999999432e+00,-2.017257516030053566e+01,1.574034455236315466e+02,4.159117559593248359e+01,3.163724987083615492e+00
8.869999999999999218e+00,-2.013019898339575064e+01,1.550902603718789976e+02,4.166505548877473331e+01,3.491445917326127635e+00
8.880000000000000782e+00,-2.009404106623929565e+01,1.527591158170275492e+02,4.175691291196324073e+01,3.818905297468676796e+00
8.890000000000000568e+00,-2.006458890029885822e+01,1.504156099007464320e+02,4.186707013695420443e+01,4.144199577921895639e+00
8.900000000000000355e+00,-2.004212959588876330e+01,1.480658881175367014e+02,4.199546695651829253e+01,4.465373885251252339e+00
8.910000000000000142e+00,-2.002674314479887840e+01,1.457162695232553347e+02,4.214166796892529021e+01,4.780525011030997362e+00
8.919999999999999929e+00,-2.001831213571696111e+01,1.433728971791983327e+02,4.230489985465657554e+01,5.087893147095090995e+00
8.929999999999999716e+00,-2.001654523643716033e+01,1.410414421577578423e+02,4.248411195559020115e+01,5.385933749836188333e+00
8.939999999999999503e+00,-2.002101073187350622e+01,1.387268828855261802e+02,4.267805114694139945e+01,5.673364032689659275e+00
8.949999999999999289e+00,-2.003117571666034635e+01,1.364333729190746283e+02,4.288534094390151097e+01,5.949182268657715156e+00
8.960000000000000853e+00,-2.004644621901191215e+01,1.341642006463015093e+02,4.310455513847129083e+01,6.212661860208786635e+00
8.970000000000000639e+00,-2.006620363488713821e+01,1.319218343479673763e+02,4.333427797992786168e+01,6.463325488284620057e+00
8.980000000000000426e+00,-2.008983343086057971e+01,1.297080363145046249e+02,4.357314576492403546e+01,6.700907094240590389e+00
8.990000000000000213e+00,-2.011674314161096788e+01,1.275240213755752734e+02,4.381986827399415318e+01,6.925310590327889315e+00
9.000000000000000000e+00,-2.014636818138175300e+01,1.253706294903443847e+02,4.407323222327563883e+01,7.136573830329482782e+00
9.009999999999999787e+00,-2.017816576017178676e+01,1.232484800564163834e+02,4.433209217962544102e+01,7.334844534071958577e+00
9.019999999999999574e+00,-2.021159902496622252e+01,1.211580779902575102e+02,4.459535664788726450e+01,7.520371829521423024e+00
9.029999999999999361e+00,-2.024611517842159714e+01,1.190998484519589908e+02,4.486197786501992368e+01,7.693513349974124615e+00
9.039999999999999147e+00,-2.028112251591244330e+01,1.170740877013981560e+02,4.513095303993673468e+01,7.854754034909257498e+00
9.050000000000000711e+00,-2.031597186929997889e+01,1.150808307777105455e+02,4.540134244170474176e+01,8.004729600363763353e+00
9.060000000000000497e+00,-2.034994772777079675e+01,1.131196508882207326e+02,4.567230620944736330e+01,8.144245663352080555e+00
9.070000000000000284e+00,-2.038227328152238016e+01,1.111894187487492616e+02,4.594315760370123058e+01,8.274283144861858119e+00
9.080000000000000071e+00,-2.041213185101341665e+01,1.092880607101492245e+02,4.621342635085407125e+01,8.395982001733099054e+00
9.089999999999999858e+00,-2.043870477107887140e+01,1.074123604389770748e+02,4.648292249006309618e+01,8.510598411183432077e+00
9.099999999999999645e+00,-2.046122305986077450e+01,1.055578485309102632e+02,4.675178935840203565e+01,8.619434811536491381e+00
9.109999999999999432e+00,-2.047902750510661463e+01,1.037188166598732977e+02,4.702053446320637420e+01,8.723747000125024798e+00
9.119999999999999218e+00,-2.049162962940663135e+01,1.018884777350106248e+02,4.729002908742565836e+01,8.824636980950693044e+00
9.130000000000000782e+00,-2.049876485083520095e+01,1.000592726299658892e+02,4.756147129104549265e+01,8.922943635707301979e+00
9.140000000000000568e+00,-2.050042941754370318e+01,9.822330060978974586e+01,4.783631192493039919e+01,9.019144936451358063e+00
9.150000000000000355e+00,-2.049689448177132078e+01,9.637282905832702795e+01,4.811614856990934896e+01,9.113285005074487799e+00
9.160000000000000142e+00,-2.048869375232280987e+01,9.450082308342312842e+01,4.840259711081207428e+01,9.204936891800338472e+00
9.169999999999999929e+00,-2.047658495163651082e+01,9.260143040182971674e+01,4.869715421983666204e+01,9.293207861694138927e+00
9.179999999999999716e+00,-2.046148904330941676e+01,9.067036261476745551e+01,4.900106585207125676e+01,9.376788849848056273e+00
9.189999999999999503e+00,-2.044441416328550787e+01,8.870512898189859641e+01,4.931521672487455277e+01,9.454044286069809289e+00
9.199999999999999289e+00,-2.042637290009662365e+01,8.670509948071693884e+01,4.964005370734798817e+01,9.523133402518130453e+00
9.210000000000000853e+00,-2.040830189128177707e+01,8.467139594717536966e+01,4.997555234816836389e+01,9.582150036071173105e+00
9.220000000000000639e+00,-2.039099181905203295e+01,8.260662965587141571e+01,5.032123083841812416e+01,9.629265304390726143e+00
9.230000000000000426e+00,-2.037503417562216868e+01,8.051451847594596245e+01,5.067621007224851581e+01,9.662856709410533540e+00
9.240000000000000213e+00,-2.036078903964189379e+01,7.839942600069933576e+01,5.103931275041281168e+01,9.681608385298794417e+00
9.250000000000000000e+00,-2.034837588593941504e+01,7.626586925804635086e+01,5.140918935106408583e+01,9.684570353263552533e+00
9.259999999999999787e+00,-2.033768733139605800e+01,7.411804174348647223e+01,5.178445496625045052e+01,9.671169535060130329e+00
9.269999999999999574e+00,-2.032842377393428279e+01,7.195939545207708932e+01,5.216381909875179446e+01,9.641171407325970222e+00
9.279999999999999361e+00,-2.032014512991908362e+01,6.979231975670431609e+01,5.254619096820853485e+01,9.594597790049990138e+00
9.289999999999999147e+00,-2.031233435662274189e+01,6.761794640187405037e+01,5.293074580635916249e+01,9.531612417551530214e+00
9.300000000000000711e+00,-2.030446626578071090e+01,6.543609846230694416e+01,5.331694274655048105e+01,9.452390675941197529e+00
9.310000000000000497e+00,-2.029607446607892385e+01,6.324538710459539459e+01,5.370449155207698766e+01,9.356992408441666242e+00
9.320000000000000284e+00,-2.028680931426506717e+01,6.104344436594509204e+01,5.409327260611772914e+01,9.245256530905143322e+00
9.330000000000000071e+00,-2.027648064620393598e+01,5.882726474624769253e+01,5.448322121609717072e+01,9.116733350323722007e+00
9.339999999999999858e+00,-2.026508079859472033e+01,5.659361559199689395e+01,5.487419237816767748e+01,8.970665368128589279e+00
9.349999999999999645e+00,-2.025278582819367301e+01,5.433946839356079295e+01,5.526582498710045144e+01,8.806020749291228356e+00
9.359999999999999432e+00,-2.023993552597284662e+01,5.206240181675014611e+01,5.565742471696461280e+01,8.621576501994068664e+00
9.369999999999999218e+00,-2.022699535945967142e+01,4.976093282239053650e+01,5.604788247188952255e+01,8.416041711647030965e+00
9.380000000000000782e+00,-2.021450544186471632e+01,4.743474342365997387e+01,5.643564077205191865e+01,8.188205764049072855e+00
9.390000000000000568e+00,-2.020302274828667066e+01,4.508478522891584817e+01,5.681871429936860096e+01,7.937093038600854022e+00
9.400000000000000355e+00,-2.019306300214847028e+01,4.271325924453302036e+01,5.719476384782542766e+01,7.662104481919185694e+00
9.410000000000000142e+00,-2.018504804940873498e+01,4.032348209982498588e+01,5.756121597371571141e+01,7.363127951503806834e+00
9.419999999999999929e+00,-2.017926335440707319e+01,3.791966033131295433e+01,5.791541462545894348e+01,7.040603123422951803e+00
9.429999999999999716e+00,-2.017582875559197220e+01,3.550660098914948293e+01,5.825478680171831058e+01,6.695532643269714868e+00
9.439999999999999503e+00,-2.017468404399867055e+01,3.308938973396986682e+01,5.857700251420155269e+01,6.329438302545738360e+00
9.449999999999999289e+00,-2.017558943457862242e+01,3.067306734263822676e+01,5.888011037238997858e+01,5.944268321726934090e+00
9.460000000000000853e+00,-2.017813968257355128e+01,2.826233280510539458e+01,5.916263387591331480e+01,5.542268178721217353e+00
9.470000000000000639e+00,-2.018178949982355874e+01,2.586129653110193516e+01,5.942361942445595702e+01,5.125831791648772118e+00
9.480000000000000426e+00,-2.018588707937412963e+01,2.347330099054909169e+01,5.966263414382418517e+01,4.697351521188992685e+00
9.490000000000000213e+00,-2.018971197888278368e+01,2.110081870046345642e+01,5.987971865183651943e+01,4.259084168115527369e+00
9.500000000000000000e+00,-2.019251339597307293e+01,1.874542923013503781e+01,6.007530563850568228e+01,3.813046233474097768e+00
9.509999999999999787e+00,-2.019354504504152104e+01,1.640786842052724737e+01,6.025011867537331511e+01,3.360945997842850641e+00
9.519999999999999574e+00,-2.019209344356115210e+01,1.408813515599344690e+01,6.040506652286395450e+01,2.904153580438392890e+00
9.529999999999999361e+00,-2.018749741181986934e+01,1.178563481720019368e+01,6.054114642622573683e+01,2.443704235197943664e+00
9.539999999999999147e+00,-2.017915788693748169e+01,9.499334993276859151e+00,6.065936601277159212e+01,1.980325729952543190e+00
9.550000000000000711e+00,-2.016653858392020382e+01,7.227908870153114229e+00,6.076068829406894167e+01,1.514478388855010627e+00
9.560000000000000497e+00,-2.014915939212354701e+01,4.969845167232358918e+00,6.084599895211837861e+01,1.046396477698693372e+00
9.570000000000000284e+00,-2.012658545862789339e+01,2.723510173715786742e+00,6.091609052224496423e+01,5.761218679848357782e-01
9.580000000000000071e+00,-2.009841550379444186e+01,4.871563658068134295e-01,6.097165505074905667e+01,1.035247632736776141e-01
9.589999999999999858e+00,-2.006427293602320105e+01,-1.741118114617864476e+00,6.101327576435082278e+01,-3.716890918528210630e-01
9.599999999999999645e+00,-2.002380277185003621e+01,-3.963445712136038690e+00,6.104140933696132976e+01,-8.499807682796292063e-01
9.609999999999999432e+00,-1.997667630515265813e+01,-6.182281025488538972e+00,6.105635321081191336e+01,-1.331982531921064972e+00
9.619999999999999218e+00,-1.992260406436376385e+01,-8.400483526160309466e+00,6.105819655508432930e+01,-1.818494697872411692e+00
9.630000000000000782e+00,-1.986135606372794982e+01,-1.062136744095809604e+01,6.104675806277243311e+01,-2.310465341688519025e+00
9.640000000000000568e+00,-1.979278693601540340e+01,-1.284869900733689718e+01,6.102151807223312829e+01,-2.808945136412994703e+00
9.650000000000000355e+00,-1.971686246633235129e+01,-1.508662897921790602e+01,6.098155570612694021e+01,-3.315013122828807113e+00
9.660000000000000142e+00,-1.963368352205840850e+01,-1.733955824428199577e+01,6.092550328715904584e+01,-3.829673854899334984e+00
9.669999999999999929e+00,-1.954350350072512299e+01,-1.961194507219545002e+01,6.085152991575809978e+01,-4.353731377953331538e+00
9.679999999999999716e+00,-1.944673618904170098e+01,-2.190807199658141968e+01,6.075736376354044666e+01,-4.887650128540200534e+00
9.689999999999999503e+00,-1.934395221130623455e+01,-2.423179695217097063e+01,6.064035860783494059e+01,-5.431416375169766830e+00
9.699999999999999289e+00,-1.923586381054550998e+01,-2.658631589823713171e+01,6.049760490783812372e+01,-5.984415664970847537e+00
9.710000000000000853e+00,-1.912329926571494099e+01,-2.897396243321856701e+01,6.032607999278463495e+01,-6.545341525126215920e+00
9.720000000000000639e+00,-1.900716953287929556e+01,-3.139606439252063197e+01,6.012282650615727420e+01,-7.112148280246689325e+00
9.730000000000000426e+00,-1.888843051292181840e+01,-3.385286936660847346e+01,5.988514395887256114e+01,-7.682056492359670585e+00
9.740000000000000213e+00,-1.876804460990887335e+01,-3.634354206780550811e+01,5.961077581746950926e+01,-8.251613741588910145e+00
9.750000000000000000e+00,-1.864694498313467719e+01,-3.886622804663151953e+01,5.929807447591910119e+01,-8.816807061994277106e+00
9.759999999999999787e+00,-1.852600522865250454e+01,-4.141817158045955694e+01,5.894612884683861154e+01,-9.373217321319341266e+00
9.769999999999999574e+00,-1.840601631311360364e+01,-4.399587127733569503e+01,5.855484383473068988e+01,-9.916201174423731501e+00
9.779999999999999361e+00,-1.828767158659717396e+01,-4.659525519467764099e+01,5.812496688048581461e+01,-1.044108370390804552e+01
9.789999999999999147e+00,-1.817155975743192187e+01,-4.921185781792920011e+01,5.765806307044172030e+01,-1.094334486785916383e+01
9.800000000000000711e+00,-1.805816491626248776e+01,-5.184098360595800870e+01,5.715644589613694393e+01,-1.141878528949472660e+01
9.810000000000000497e+00,-1.794787210454139625e+01,-5.447784543660284839e+01,5.662307472029150546e+01,-1.186366116191081943e+01
9.820000000000000284e+00,-1.784097655819193307e+01,-5.711767064079990774e+01,5.606143181386267571e+01,-1.227478319092267256e+01
9.830000000000000071e+00,-1.773769462220239035e+01,-5.975577191761481544e+01,5.547539141612551816e+01,-1.264957954140973762e+01
9.839999999999999858e+00,-1.763817441337400993e+01,-6.238758485931666797e+01,5.486909102289651230e+01,-1.298612679562270600e+01
9.849999999999999645e+00,-1.754250458236854726e+01,-6.500867772546605750e+01,5.424681173585965155e+01,-1.328315539184602834e+01
9.859999999999999432e+00,-1.745071995868895698e+01,-6.761474218086763699e+01,5.361287084710026818e+01,-1.354003670209994681e+01
9.869999999999999218e+00,-1.736280340970107261e+01,-7.020157570803488056e+01,5.297152666142911670e+01,-1.375675802573752904e+01
9.880000000000000782e+00,-1.727868385509376381e+01,-7.276506715304233808e+01,5.232689343229711199e+01,-1.393388980764223817e+01
9.890000000000000568e+00,-1.719823099333919103e+01,-7.530119629444477880e+01,5.168286346389242425e+01,-1.407254696681689410e+01
9.900000000000000355e+00,-1.712124785743784017e+01,-7.780605647738499897e+01,5.104303386617036864e+01,-1.417434397106070065e+01
9.910000000000000142e+00,-1.704746276764434043e+01,-8.027590637629644732e+01,5.041063684636704778e+01,-1.424134171599934184e+01
9.919999999999999929e+00,-1.697652254070455058e+01,-8.270725308259045505e+01,4.978847433311882753e+01,-1.427598365691118687e+01
9.929999999999999716e+00,-1.690798891049814046e+01,-8.509696428049157646e+01,4.917885966738505488e+01,-1.428101906627378881e+01
9.939999999999999503e+00,-1.684133998809783606e+01,-8.744240266199874156e+01,4.858357062105148572e+01,-1.425941261173188579e+01
9.949999999999999289e+00,-1.677597822840983000e+01,-8.974157138578672743e+01,4.800381880318293781e+01,-1.421424138491395084e+01
9.960000000000000853e+00,-1.671124578164757324e+01,-9.199325580156036608e+01,4.744024042104307881e+01,-1.414858270219103176e+01
9.970000000000000639e+00,-1.664644732033877617e+01,-9.419714437180383015e+01,4.689291236423214571e+01,-1.406539807530176844e+01
9.980000000000000426e+00,-1.658087950645305142e+01,-9.635391124541354202e+01,4.636139578875165768e+01,-1.396742038366488359e+01
9.990000000000000213e+00,-1.651386529443481521e+01,-9.846524468969099075e+01,4.584480700228883165e+01,-1.385705221165803991e+01
1.000000000000000000e+01,-1.644479038421393824e+01,-1.005338097591317847e+02,4.534191276731696973e+01,-1.373628336838827835e+01
1.000999999999999979e+01,-1.637313849384298692e+01,-1.025631399996499056e+02,4.485124446157617939e+01,-1.360663470319537183e+01
1.001999999999999957e+01,-1.629852185808135090e+01,-1.045574610286827664e+02,4.437122320315791058e+01,-1.346913348869086668e+01
1.002999999999999936e+01,-1.622070357834623877e+01,-1.065214574220124746e+02,4.390028639002837707e+01,-1.332432299940396447e+01
1.003999999999999915e+01,-1.613960917460568822e+01,-1.084600021061868347e+02,4.343700540664731591e+01,-1.317230572269404298e+01
1.005000000000000071e+01,-1.605532584612161884e+01,-1.103778730104710490e+02,4.298018470440408123e+01,-1.301281626456644602e+01
1.006000000000000050e+01,-1.596808936685032698e+01,-1.122794840007757102e+02,4.252893411392216194e+01,-1.284531689714063241e+01
1.007000000000000028e+01,-1.587825999347640504e+01,-1.141686556297267572e+02,4.208270896076997047e+01,-1.266910628998089017e+01
1.008000000000000007e+01,-1.578629001213515437e+01,-1.160484462540153032e+02,4.164131601190477738e+01,-1.248343065742446889e+01
1.008999999999999986e+01,-1.569268640349685029e+01,-1.179210565106445188e+02,4.120488701266642551e+01,-1.228758656908580349e+01
1.009999999999999964e+01,-1.559797246086566069e+01,-1.197878113306697543e+02,4.077382505069582663e+01,-1.208100603154806763e+01
1.010999999999999943e+01,-1.550265204654189866e+01,-1.216492149993583354e+02,4.034873170488168626e+01,-1.186331695336022918e+01
1.011999999999999922e+01,-1.540717959583344410e+01,-1.235050674200930416e+02,3.993032453515839819e+01,-1.163437536471459310e+01
1.013000000000000078e+01,-1.531193810543379819e+01,-1.253546244788409609e+02,3.951935476883064524e+01,-1.139426928225931945e+01
1.014000000000000057e+01,-1.521722631920915880e+01,-1.271967825697595202e+02,3.911653408191225623e+01,-1.114329738265956671e+01
1.015000000000000036e+01,-1.512325528390408635e+01,-1.290302668944239883e+02,3.872247738850277443e+01,-1.088192824887046406e+01
1.016000000000000014e+01,-1.503015349750436158e+01,-1.308538048034069163e+02,3.833766589422940996e+01,-1.061074759416320923e+01
1.016999999999999993e+01,-1.493797909212747577e+01,-1.326662687928748596e+02,3.796243175288829264e+01,-1.033040143016192225e+01
1.017999999999999972e+01,-1.484673693393963134e+01,-1.344667783263365664e+02,3.759696288730137326e+01,-1.004154266444154686e+01
1.018999999999999950e+01,-1.475639821679900088e+01,-1.362547549228712853e+02,3.724132423050591001e+01,-9.744787257522469659e+00
1.019999999999999929e+01,-1.466692008785808099e+01,-1.380299304180060744e+02,3.689549005052012376e+01,-9.440684094613565946e+00
1.021000000000000085e+01,-1.457826306600681576e+01,-1.397923134276497592e+02,3.655938126978463032e+01,-9.129700438719947186e+00
1.022000000000000064e+01,-1.449040446804280435e+01,-1.415421233076516216e+02,3.623290179562975055e+01,-8.812222543304493172e+00
1.023000000000000043e+01,-1.440334668738853097e+01,-1.432797038477085607e+02,3.591596875258853316e+01,-8.488569004464869394e+00
1.024000000000000021e+01,-1.431711989752040282e+01,-1.450054302533095552e+02,3.560853297364040770e+01,-8.159012958703300455e+00
1.025000000000000000e+01,-1.423177948407361981e+01,-1.467196225414897981e+02,3.531058792326598450e+01,-7.823808435333220679e+00
1.025999999999999979e+01,-1.414739915199221976e+01,-1.484224764309674072e+02,3.502216711617542444e+01,-7.483216105999634493e+00
1.026999999999999957e+01,-1.406406112758059557e+01,-1.501140194945846531e+02,3.474333179362074731e+01,-7.137524287938021850e+00
1.027999999999999936e+01,-1.398184512739464225e+01,-1.517940962770504143e+02,3.447415190038039867e+01,-6.787062210135198725e+00
1.028999999999999915e+01,-1.390081777824112841e+01,-1.534623818547193537e+02,3.421468412090929689e+01,-6.432204032856375875e+00
1.030000000000000071e+01,-1.382102396112858145e+01,-1.551184194971690431e+02,3.396495082655696507e+01,-6.073363679355704647e+00
1.031000000000000050e+01,-1.374248116147561305e+01,-1.567616751522386380e+02,3.372492329536012790e+01,-5.710981958428111405e+00
1.032000000000000028e+01,-1.366517740227592270e+01,-1.583915997333094481e+02,3.349451161106653529e+01,-5.345508532447649230e+00
1.033000000000000007e+01,-1.358907278943991592e+01,-1.600076897813773940e+02,3.327356240508026985e+01,-4.977381887098515811e+00
1.033999999999999986e+01,-1.351410418217266951e+01,-1.616095379739055033e+02,3.306186427766700575e+01,-4.607010532918408785e+00
1.034999999999999964e+01,-1.344019208100935003e+01,-1.631968669725043810e+02,3.285915952416313246e+01,-4.234758239954925507e+00
1.035999999999999943e+01,-1.336724855278605517e+01,-1.647695429306974688e+02,3.266515987012534339e+01,-3.860935269268950254e+00
1.036999999999999922e+01,-1.329518491690372528e+01,-1.663275682189628242e+02,3.247956340836990563e+01,-3.485796465184615833e+00
1.038000000000000078e+01,-1.322391800935650963e+01,-1.678710561177788065e+02,3.230206988891841746e+01,-3.109545887246854878e+00
1.039000000000000057e+01,-1.315337410413441255e+01,-1.694001929377685940e+02,3.213239192866260652e+01,-2.732346573861877292e+00
1.040000000000000036e+01,-1.308348996635822203e+01,-1.709151948717165510e+02,3.197026050325821700e+01,-2.354333204018444814e+00
1.041000000000000014e+01,-1.301421097980168184e+01,-1.724162676090902551e+02,3.181542412710858514e+01,-1.975624980248221307e+00
1.041999999999999993e+01,-1.294548676472000892e+01,-1.739035762538354390e+02,3.166764225164148883e+01,-1.596336056291450145e+00
1.042999999999999972e+01,-1.287726511125522499e+01,-1.753772314614051879e+02,3.152667444161904697e+01,-1.216581270038023854e+00
1.043999999999999950e+01,-1.280948534033502284e+01,-1.768372951949292258e+02,3.139226766558120474e+01,-8.364757437070410306e-01
1.044999999999999929e+01,-1.274207232761607678e+01,-1.782838064595045751e+02,3.126414444203811627e+01,-4.561279529907222852e-01
1.046000000000000085e+01,-1.267493236986976157e+01,-1.797168242397662539e+02,3.114199455705508868e+01,-7.562698576833115638e-02
1.047000000000000064e+01,-1.260795184518072887e+01,1.788635179247518465e+02,3.102547261486885688e+01,3.049742595863277894e-01
1.048000000000000043e+01,-1.254099924887902162e+01,1.774569533552758003e+02,3.091420286637993087e+01,6.856774001376302330e-01
1.049000000000000021e+01,-1.247393072475908227e+01,1.760630283173251769e+02,3.080779169737946788e+01,1.066555457779047478e+00
1.050000000000000000e+01,-1.240659871648893642e+01,1.746810613216414652e+02,3.070584700062644501e+01,1.447765355468957793e+00
1.050999999999999979e+01,-1.233886290317336432e+01,1.733101228767754662e+02,3.060800256935022290e+01,1.829553504024050037e+00
1.051999999999999957e+01,-1.227060221956182851e+01,1.719490405668367714e+02,3.051394479266427950e+01,2.212252785522528242e+00
1.052999999999999936e+01,-1.220172654873245932e+01,1.705964312115817165e+02,3.042343843433192063e+01,2.596270334022090953e+00
1.053999999999999915e+01,-1.213218664797808266e+01,1.692507584040857864e+02,3.033634821498892009e+01,2.982066729803043437e+00
1.055000000000000071e+01,-1.206198103639977148e+01,1.679104103934630530e+02,3.025265331148498049e+01,3.370128387266524417e+00
1.056000000000000050e+01,-1.199115891573651638e+01,1.665737905653702455e+02,3.017245268535393876e+01,3.760935861147694848e+00
1.057000000000000028e+01,-1.191981866698976056e+01,1.652394110691942899e+02,3.009596024419317573e+01,4.154931384205677425e+00
1.058000000000000007e+01,-1.184810199658898888e+01,1.639059796924408374e+02,3.002349006924137953e+01,4.552489098923883759e+00
1.058999999999999986e+01,-1.177618432030176798e+01,1.625724709353859225e+02,2.995543313493329052e+01,4.953891139956238199e+00
1.059999999999999964e+01,-1.170426239857809314e+01,1.612381742333876673e+02,2.989222793656955091e+01,5.359312015452220024e+00
1.060999999999999943e+01,-1.163254051836748637e+01,1.599027150824323940e+02,2.983432810119615297e+01,5.768812733934529646e+00
1.061999999999999922e+01,-1.156121662384479976e+01,1.585660480165969659e+02,2.978217030938336407e+01,6.182344976077035703e+00
1.063000000000000078e+01,-1.149046972999043348e+01,1.572284235146641720e+02,2.973614568884328335e+01,6.599764476421020376e+00
1.064000000000000057e+01,-1.142044973155134002e+01,1.558903335806807604e+02,2.969657730039406118e+01,7.020851804986463662e+00
1.065000000000000036e+01,-1.135127038655781107e+01,1.545524426583189381e+02,2.966370551494222596e+01,7.445338036886237632e+00
1.066000000000000014e+01,-1.128300585887005525e+01,1.532155115396326153e+02,2.963768209862197978e+01,7.872932439064221910e+00
1.066999999999999993e+01,-1.121569080035599697e+01,1.518803219832179821e+02,2.961857281456919466e+01,8.303349307890687925e+00
1.067999999999999972e+01,-1.114932358766628262e+01,1.505476089462429456e+02,2.960636744009614318e+01,8.736331433477882769e+00
1.068999999999999950e+01,-1.108387203945500055e+01,1.492180058291829141e+02,2.960099539243148570e+01,9.171668280269418716e+00
1.069999999999999929e+01,-1.101928075373964333e+01,1.478920061624454831e+02,2.960234472800202354e+01,9.609207763289660420e+00
1.071000000000000085e+01,-1.095547913501425441e+01,1.465699429951858406e+02,2.961028216382926814e+01,1.004886135329710228e+01
1.072000000000000064e+01,-1.089238922595504633e+01,1.452519851495196690e+02,2.962467195760995864e+01,1.049060304736856075e+01
1.073000000000000043e+01,-1.082993260484925457e+01,1.439381477267882872e+02,2.964539192820456392e+01,1.093446339174012572e+01
1.074000000000000021e+01,-1.076803583122819319e+01,1.426283129951059720e+02,2.967234552044934404e+01,1.138052016424763835e+01
1.075000000000000000e+01,-1.070663418399036892e+01,1.413222571725434307e+02,2.970546951612922726e+01,1.182888747367842441e+01
1.075999999999999979e+01,-1.064567369996176360e+01,1.400196786796434480e+02,2.974473765922951074e+01,1.227970491332738945e+01
1.076999999999999957e+01,-1.058511174923522269e+01,1.387202241040268689e+02,2.979016100108593790e+01,1.273312805702178885e+01
1.077999999999999936e+01,-1.052491654660612852e+01,1.374235092486524934e+02,2.984178610763816053e+01,1.318932108183460450e+01
1.078999999999999915e+01,-1.046506607723661730e+01,1.361291340131016625e+02,2.989969237010476988e+01,1.364845173698217984e+01
1.080000000000000071e+01,-1.040554690457927656e+01,1.348366912471415446e+02,2.996398952568899432e+01,1.411068835192898163e+01
1.081000000000000050e+01,-1.034635323901746951e+01,1.335457708930159981e+02,3.003481616819073352e+01,1.457619817588536293e+01
1.082000000000000028e+01,-1.028748649818189520e+01,1.322559615197187668e+02,3.011233958145093581e+01,1.504514612778655547e+01
1.083000000000000007e+01,-1.022895541417739373e+01,1.309668516445680666e+02,3.019675675043743013e+01,1.551769303794760546e+01
1.083999999999999986e+01,-1.017077657177254579e+01,1.296780330169895024e+02,3.028829598666272460e+01,1.599399266926867647e+01
1.084999999999999964e+01,-1.011297512544526711e+01,1.283891073749304610e+02,3.038721832456722538e+01,1.647418717102280894e+01
1.085999999999999943e+01,-1.005558536542017123e+01,1.270996972162433707e+02,3.049381775569301922e+01,1.695840106868044828e+01
1.086999999999999922e+01,-9.998650796154446851e+00,1.258094600433442025e+02,3.060841948567557935e+01,1.744673434123750155e+01
1.088000000000000078e+01,-9.942223455300631230e+00,1.245181045424401702e+02,3.073137570585665657e+01,1.793925549592482227e+01
1.089000000000000057e+01,-9.886362324873697816e+00,1.232254064330290362e+02,3.086305881335388790e+01,1.843599574712397171e+01
1.090000000000000036e+01,-9.831130846992246930e+00,1.219312214046993859e+02,3.100385251248268759e+01,1.893694539751844630e+01
1.091000000000000014e+01,-9.776593725758203846e+00,1.206354927113319349e+02,3.115414169641237763e+01,1.944205329593587450e+01
1.091999999999999993e+01,-9.722813344787796908e+00,1.193382516020877375e+02,3.131430235381533933e+01,1.995122983608992229e+01
1.092999999999999972e+01,-9.669846230309932622e+00,1.180396097421481727e+02,3.148469290141024857e+01,2.046435342461999696e+01
1.093999999999999950e+01,-9.617740023972631391e+00,1.167397439615668304e+02,3.166564826910913411e+01,2.098127977041127679e+01
1.094999999999999929e+01,-9.566531389388590156e+00,1.154388748798240698e+02,3.185747775555124761e+01,2.150185282605042048e+01
1.096000000000000085e+01,-9.516245165448415477e+00,1.141372419921409147e+02,3.206046716193801416e+01,2.202591583877203618e+01
1.097000000000000064e+01,-9.466894911996348583e+00,1.128350784992462792e+02,3.227488506973378435e+01,2.255332081670204403e+01
1.098000000000000043e+01,-9.418484793014108902e+00,1.115325893903958558e+02,3.250099244757526407e+01,2.308393483057961149e+01
1.099000000000000021e+01,-9.371012538155003568e+00,1.102299359912384347e+02,3.273905416258525491e+01,2.361764195626959051e+01
1.100000000000000000e+01,-9.324473046232157003e+00,1.089272293808108998e+02,3.298935053681150009e+01,2.415434028130377797e+01
1.100999999999999979e+01,-9.278862072439052255e+00,1.076245338591609766e+02,3.325218691731911491e+01,2.469393417113182565e+01
1.101999999999999957e+01,-9.234179396213784585e+00,1.063218801691254214e+02,3.352789937094726724e+01,2.523632280810778639e+01
1.102999999999999936e+01,-9.190430909954908856e+00,1.050192866495741271e+02,3.381685507898319543e+01,2.578138675231211252e+01
1.103999999999999915e+01,-9.147629198860839139e+00,1.037167851481001435e+02,3.411944675015670470e+01,2.632897480404730572e+01
1.105000000000000071e+01,-9.105792384543148543e+00,1.024144475587163470e+02,3.443608130273450030e+01,2.687889367090857817e+01
1.106000000000000050e+01,-9.064941253880057559e+00,1.011124084366892220e+02,3.476716406239915358e+01,2.743090279426059297e+01
1.107000000000000028e+01,-9.025094956074816821e+00,9.981087936581599251e+01,3.511308063712020555e+01,2.798471615804033519e+01
1.108000000000000007e+01,-8.986265788343079208e+00,9.851015161169924284e+01,3.547417931927292045e+01,2.854001202962308881e+01
1.108999999999999986e+01,-8.948453769735177588e+00,9.721058499633265626e+01,3.585075720591576243e+01,2.909645046293898218e+01
1.109999999999999964e+01,-8.911641796196240861e+00,9.591258270615628589e+01,3.624305313653596272e+01,2.965369716543312606e+01
1.110999999999999943e+01,-8.875792161794253232e+00,9.461655367560609875e+01,3.665124999266994621e+01,3.021145115726577757e+01
1.111999999999999922e+01,-8.840845117592259328e+00,9.332286602413829257e+01,3.707548791577022484e+01,3.076947270566314430e+01
1.113000000000000078e+01,-8.806719930532329599e+00,9.203179652486670648e+01,3.751588867197869348e+01,3.132760745769039090e+01
1.114000000000000057e+01,-8.773318621691245767e+00,9.074348203798740542e+01,3.797258987651456863e+01,3.188580264185596036e+01
1.115000000000000036e+01,-8.740532238191478953e+00,8.945787909967808105e+01,3.844578628160709144e+01,3.244411172453435910e+01
1.116000000000000014e+01,-8.708249184804229159e+00,8.817473734174156164e+01,3.893577404660133112e+01,3.300268497641828702e+01
1.116999999999999993e+01,-8.676364851890811636e+00,8.689359114570891052e+01,3.944299305327544403e+01,3.356174492772596807e+01
1.117999999999999972e+01,-8.644791566038122710e+00,8.561377202393543939e+01,3.996806206494751734e+01,3.412154749020200484e+01
1.118999999999999950e+01,-8.613467791398420559e+00,8.433444188170497569e+01,4.051180193928477280e+01,3.468233136234257330e+01
1.119999999999999929e+01,-8.582365543139195196e+00,8.305464483750091631e+01,4.107524317830688432e+01,3.524425995155950631e+01
1.121000000000000085e+01,-8.551495141776138453e+00,8.177337299325020581e+01,4.165961571877907232e+01,3.580736120216371887e+01
1.122000000000000064e+01,-8.520906721070881318e+00,8.048963977432715922e+01,4.226632082832772852e+01,3.637147123062149490e+01
1.123000000000000043e+01,-8.490688266907248760e+00,7.920255346006236152e+01,4.289688701799717307e+01,3.693618745039227491e+01
1.124000000000000021e+01,-8.460960361144611142e+00,7.791138345001814969e+01,4.355291373736667992e+01,3.750083593350185396e+01
1.125000000000000000e+01,-8.431868178578792339e+00,7.661561267248434604e+01,4.423600803815156723e+01,3.806445621996969209e+01
1.125999999999999979e+01,-8.403571586254077630e+00,7.531497121292326824e+01,4.494772019185906231e+01,3.862580484301282269e+01
1.126999999999999957e+01,-8.376234383816534290e+00,7.400944847963928908e+01,4.568948432350937594e+01,3.918337673020759127e+01
1.127999999999999936e+01,-8.350013780166309019e+00,7.269928371862876304e+01,4.646256946278086986e+01,3.973544162870114604e+01
1.128999999999999915e+01,-8.325051123549494392e+00,7.138493710756041821e+01,4.726804508909881264e+01,4.028009103528437862e+01
1.130000000000000071e+01,-8.301464705573991409e+00,7.006704569858239040e+01,4.810676340959250297e+01,4.081529000342455760e+01
1.131000000000000050e+01,-8.279345174612911862e+00,6.874636990725517194e+01,4.897935847616055582e+01,4.133892780588188742e+01
1.132000000000000028e+01,-8.258753759722576859e+00,6.742373691596888818e+01,4.988626008732774153e+01,4.184886183266163329e+01
1.133000000000000007e+01,-8.239723165197437638e+00,6.609998722779508284e+01,5.082771852493456777e+01,4.234295028336858735e+01
1.133999999999999986e+01,-8.222260689677810319e+00,6.477592971867674976e+01,5.180383482999334177e+01,4.281907104567918765e+01
1.134999999999999964e+01,-8.206352888497310261e+00,6.345230902496169989e+01,5.281459076147726961e+01,4.327512640376782826e+01
1.135999999999999943e+01,-8.191970961097995385e+00,6.212978717233279724e+01,5.385987294635427247e+01,4.370903556695155601e+01
1.136999999999999922e+01,-8.179076022522455247e+00,6.080893925355611174e+01,5.493948702448788879e+01,4.411871907212079691e+01
1.138000000000000078e+01,-8.167623511009782789e+00,5.949026097187733342e+01,5.605315966754297108e+01,4.450208052130233938e+01
1.139000000000000057e+01,-8.157566179578608967e+00,5.817418425150241035e+01,5.720052890426274672e+01,4.485699156729546644e+01
1.140000000000000036e+01,-8.148855391213787769e+00,5.686109610011870075e+01,5.838112579484696596e+01,4.518128539003739519e+01
1.141000000000000014e+01,-8.141440746843329634e+00,5.555135563854121017e+01,5.959435268595036916e+01,4.547276212992254329e+01
1.141999999999999993e+01,-8.135268378366934172e+00,5.424530473648545126e+01,6.083946458577559468e+01,4.572920707852919975e+01
1.142999999999999972e+01,-8.130278491022071563e+00,5.294326894730339461e+01,6.211556026900770888e+01,4.594841927715883401e+01
1.143999999999999950e+01,-8.126402901891587760e+00,5.164554724890307824e+01,6.342158837572279140e+01,4.612824508677609003e+01
1.144999999999999929e+01,-8.123563367560590720e+00,5.035239121951941854e+01,6.475637106425403999e+01,4.626660888323253573e+01
1.146000000000000085e+01,-8.121671412602436746e+00,4.906397640075539357e+01,6.611864403463441420e+01,4.636153187973020096e+01
1.147000000000000064e+01,-8.120630167968194257e+00,4.778037041003103980e+01,6.750710752246885704e+01,4.641113061994386157e+01
1.148000000000000043e+01,-8.120338427974100881e+00,4.650150357351829200e+01,6.892047892076774929e+01,4.641358910403974392e+01
1.149000000000000021e+01,-8.120696774930834749e+00,4.522714824043281823e+01,7.035753483624311855e+01,4.636710266039815309e+01
1.150000000000000000e+01,-8.121615250935176888e+00,4.395691239356442281e+01,7.181712936425878979e+01,4.626979705818063593e+01
1.150999999999999979e+01,-8.123021731426108616e+00,4.269025169839271427e+01,7.329817667500971368e+01,4.611963216096854978e+01
1.151999999999999957e+01,-8.124869927083414822e+00,4.142650187994335198e+01,7.479958978134881420e+01,4.591430464799512379e+01
1.152999999999999936e+01,-8.127145851592933568e+00,4.016493055751303842e+01,7.632017331579395147e+01,4.565116795032393782e+01
1.153999999999999915e+01,-8.129871666952659837e+00,3.890480477631101763e+01,7.785847557593660895e+01,4.532718869523431238e+01
1.155000000000000071e+01,-8.133106056145360085e+00,3.764546787327706312e+01,7.941261297394811436e+01,4.493895706841853155e+01
1.156000000000000050e+01,-8.136940650591284907e+00,3.638641740413324044e+01,8.098008713261721425e+01,4.448276345552586264e+01
1.157000000000000028e+01,-8.141492509613442508e+00,3.512737495477338001e+01,8.255761996791515855e+01,4.395474584244374938e+01
1.158000000000000007e+01,-8.146893148576261012e+00,3.386833893400897466e+01,8.414103408058480227e+01,4.335110252901460370e+01
1.158999999999999986e+01,-8.153275073604005385e+00,3.260961289677037200e+01,8.572520382749539181e+01,4.266835395616693916e+01
1.159999999999999964e+01,-8.160757141714476859e+00,3.135180441050751199e+01,8.730409618235867697e+01,4.190362741776060318e+01
1.160999999999999943e+01,-8.169430278316855976e+00,3.009579265336415332e+01,8.887091015614539913e+01,4.105493088733670248e+01
1.161999999999999922e+01,-8.179345121792628959e+00,2.884266644045160177e+01,9.041831010754938802e+01,4.012137887159288852e+01
1.163000000000000078e+01,-8.190503021142273354e+00,2.759363780795354160e+01,9.193873350665360533e+01,3.910333547522723308e+01
1.164000000000000057e+01,-8.202851500937503815e+00,2.634993925759416911e+01,9.342474006281156562e+01,3.800244831895610531e+01
1.165000000000000036e+01,-8.216284858054818230e+00,2.511271494150962980e+01,9.486935933478638105e+01,3.682156104499550509e+01
1.166000000000000014e+01,-8.230650010157669172e+00,2.388291718677168518e+01,9.626639046494689467e+01,3.556451001427443259e+01
1.166999999999999993e+01,-8.245757130585026573e+00,2.266121964426838886e+01,9.761061201237001228e+01,3.423582945457209803e+01
1.167999999999999972e+01,-8.261394040314591791e+00,2.144795692918651042e+01,9.889787198119961431e+01,3.284040518541912235e+01
1.168999999999999950e+01,-8.277342851620636210e+00,2.024309796108283521e+01,1.001250463217535156e+02,3.138312679139798789e+01
1.169999999999999929e+01,-8.293397034940467094e+00,1.904625652442457806e+01,1.012898752643965707e+02,2.986858949039534394e+01
1.171000000000000085e+01,-8.309376964651178810e+00,1.785673823099509150e+01,1.023907069346255412e+02,2.830088936303759084e+01
1.172000000000000064e+01,-8.325142123844145203e+00,1.667361859027042215e+01,1.034261930448499953e+02,2.668354029150727769e+01
1.173000000000000043e+01,-8.340598514348101844e+00,1.549584288246875019e+01,1.043949892609566064e+02,2.501952059813358886e+01
1.174000000000000021e+01,-8.355700390956346979e+00,1.432233557171617555e+01,1.052955117346922407e+02,2.331143552949715314e+01
1.175000000000000000e+01,-8.370446147788687341e+00,1.315210556625082639e+01,1.061257914752081177e+02,2.156176210535993221e+01
1.175999999999999979e+01,-8.384868934527005990e+00,1.198433398753790158e+01,1.068834513052552069e+02,1.977312870119270372e+01
1.176999999999999957e+01,-8.399023266418957689e+00,1.081843323968871040e+01,1.075658087947967800e+02,1.794857544110022829e+01
1.177999999999999936e+01,-8.412969419147644956e+00,9.654069795171739798e+00,1.081700861855754567e+02,1.609174426671509650e+01
1.178999999999999915e+01,-8.426757697416910275e+00,8.491147739997819244e+00,1.086936886132662465e+02,1.420695928130128038e+01
1.180000000000000071e+01,-8.440414698070942023e+00,7.329755137113542318e+00,1.091344984028582417e+02,1.229917704564385161e+01
1.181000000000000050e+01,-8.453933454587081897e+00,6.170080033942463515e+00,1.094911285685725630e+02,1.037380992247971534e+01
1.182000000000000028e+01,-8.467268881842697326e+00,5.012306883014896464e+00,1.097630841889175173e+02,8.436449282417902040e+00
1.183000000000000007e+01,-8.480339295114134757e+00,3.856506804492776386e+00,1.099507954758903168e+02,6.492534993761791995e+00
1.183999999999999986e+01,-8.493034029615301961e+00,2.702536184668369312e+00,1.100555085932424788e+02,4.547029286213607691e+00
1.184999999999999964e+01,-8.505226421446788976e+00,1.549957428100469770e+00,1.100790455651466999e+02,2.604154440694283146e+00
1.185999999999999943e+01,-8.516790716977487463e+00,3.979932938294628575e-01,1.100234682727955402e+02,6.672444988064275551e-01
1.186999999999999922e+01,-8.527620942074378263e+00,-7.544776292575706700e-01,1.098906992891620149e+02,-1.261256923558749632e+00
1.188000000000000078e+01,-8.537649459643818162e+00,-1.908881696986870713e+00,1.096821611757037402e+02,-3.179644237457387224e+00
1.189000000000000057e+01,-8.546862924063381328e+00,-3.066870039968037975e+00,1.093984946500174971e+02,-5.086659403394731882e+00
1.190000000000000036e+01,-8.555313618917235630e+00,-4.230205429515834226e+00,1.090394052718393567e+02,-6.981102241228857253e+00
1.191000000000000014e+01,-8.563124711042512160e+00,-5.400628362882873290e+00,1.086036699117286304e+02,-8.861396840441765121e+00
1.191999999999999993e+01,-8.570488696719287702e+00,-6.579717165504371579e+00,1.080893110831892443e+02,-1.072517767490133878e+01
1.192999999999999972e+01,-8.577659148789107846e+00,-7.768757552244976772e+00,1.074939225271647416e+02,-1.256895804643879977e+01
1.193999999999999950e+01,-8.584936675567524489e+00,-8.968635699788940485e+00,1.068151066931359026e+02,-1.438793325044245464e+01
1.194999999999999929e+01,-8.592650660502130222e+00,-1.017976572243024336e+01,1.060509673084171141e+02,-1.617595256547118865e+01
1.196000000000000085e+01,-8.601138780966323338e+00,-1.140205804346526008e+01,1.052005909359498901e+02,-1.792567022508281127e+01
1.197000000000000064e+01,-8.610726462112788582e+00,-1.263493019337172640e+01,1.042644521725395066e+02,-1.962885946823536898e+01
1.198000000000000043e+01,-8.621708308152049582e+00,-1.387735673866254871e+01,1.032446882652959204e+02,-2.127684985713568011e+01
1.199000000000000021e+01,-8.634333207009289524e+00,-1.512795094701286480e+01,1.021452088256411201e+02,-2.286103055677115137e+01
1.200000000000000000e+01,-8.648794288424205945e+00,-1.638506784932453542e+01,1.009716315320718394e+02,-2.437335445404310974e+01
1.200999999999999979e+01,-8.665224305217840595e+00,-1.764691679780414901e+01,9.973106053286389283e+01,-2.580678123489114384e+01
1.201999999999999957e+01,-8.683696378121675608e+00,-1.891167149031109673e+01,9.843174583328053018e+01,-2.715561087563522591e+01
1.202999999999999936e+01,-8.704229464752998524e+00,-2.017756663624324531e+01,9.708267546963762129e+01,-2.841567935334942874e+01
1.203999999999999915e+01,-8.726797440518996751e+00,-2.144297276469153957e+01,9.569315587063688611e+01,-2.958441135388082799e+01
1.205000000000000071e+01,-8.751340357711047346e+00,-2.270644382093118452e+01,9.427242986847686268e+01,-3.066074582306374552e+01
1.206000000000000050e+01,-8.777776307893454089e+00,-2.396673579576464874e+01,9.282936863963809060e+01,-3.164496576463680810e+01
1.207000000000000028e+01,-8.806012363367148765e+00,-2.522279827341706593e+01,9.137225683560400569e+01,-3.253847174416181076e+01
1.208000000000000007e+01,-8.835953307356486874e+00,-2.647374404481641008e+01,8.990867290634012932e+01,-3.334353888326548088e+01
1.208999999999999986e+01,-8.867507249631723099e+00,-2.771880442278258272e+01,8.844545214144430645e+01,-3.406309096890244348e+01
1.209999999999999964e+01,-8.900587714679534912e+00,-2.895727930582699372e+01,8.698871022735968950e+01,-3.470051483701638517e+01
1.210999999999999943e+01,-8.935112318637155937e+00,-3.018849119255480673e+01,8.554390093215641855e+01,-3.525952593932324675e+01
1.211999999999999922e+01,-8.970998648034454348e+00,-3.141175124014616671e+01,8.411588259807217582e+01,-3.574408432614594489e+01
1.213000000000000078e+01,-9.008158350866802166e+00,-3.262634325297781857e+01,8.270897334908376308e+01,-3.615835102581866778e+01
1.214000000000000057e+01,-9.046490695433366369e+00,-3.383152849769602710e+01,8.132698271842737370e+01,-3.650666911294929662e+01
1.215000000000000036e+01,-9.085876912934057970e+00,-3.502657089035412952e+01,7.997321602049210298e+01,-3.679355200956340610e+01
1.216000000000000014e+01,-9.126176509609184251e+00,-3.621077885470364777e+01,7.865045562266985257e+01,-3.702366342667180987e+01
1.216999999999999993e+01,-9.167226432308114070e+00,-3.738355745451602985e+01,7.736092908002522961e+01,-3.720177795473895088e+01
1.217999999999999972e+01,-9.208843539294203850e+00,-3.854446262830376924e+01,7.610627716386912311e+01,-3.733271745250734597e+01
1.218999999999999950e+01,-9.250830324480775246e+00,-3.969324875510196904e+01,7.488753498794091001e+01,-3.742126479039281151e+01
1.219999999999999929e+01,-9.292983337182057824e+00,-4.082990145883084665e+01,7.370513705190430187e+01,-3.747206204685885922e+01
1.221000000000000085e+01,-9.335103302400245440e+00,-4.195464945290937919e+01,7.255895277863433535e+01,-3.748950410447522330e+01
1.222000000000000064e+01,-9.377005643881821229e+00,-4.306795210311788935e+01,7.144835390630930760e+01,-3.747764029379453632e+01
1.223000000000000043e+01,-9.418529993209714846e+00,-4.417046285942372918e+01,7.037230982444421556e+01,-3.744009621136788724e+01
1.224000000000000021e+01,-9.459547358185643517e+00,-4.526297227993182304e+01,6.932950243257948841e+01,-3.738002534133143939e+01
1.225000000000000000e+01,-9.499963917123213974e+00,-4.634633750184373469e+01,6.831844898567896962e+01,-3.730009613313652750e+01
1.225999999999999979e+01,-9.539720864397700950e+00,-4.742140720663123687e+01,6.733762007067998923e+01,-3.720251538855477946e+01
1.226999999999999957e+01,-9.578790290435584609e+00,-4.848895201092376794e+01,6.638554047113080969e+01,-3.708908392370000939e+01
1.227999999999999936e+01,-9.617167651925761618e+00,-4.954960962297906235e+01,6.546086308852694913e+01,-3.696127622112774702e+01
1.228999999999999915e+01,-9.654861887152977218e+00,-5.060385210458628080e+01,6.456240991261731210e+01,-3.682033279671809112e+01
1.230000000000000071e+01,-9.691884579973690350e+00,-5.165197946220080638e+01,6.368917867467835237e+01,-3.666735270987283712e+01
1.231000000000000050e+01,-9.728239720908973709e+00,-5.269414002384494466e+01,6.284031856050592069e+01,-3.650337421664476523e+01
1.232000000000000028e+01,-9.763915533461778651e+00,-5.373037419723939223e+01,6.201508247613725899e+01,-3.632943388248654060e+01
1.233000000000000007e+01,-9.798879539754752344e+00,-5.476067481184478680e+01,6.121276623261630334e+01,-3.614659813705347347e+01
1.233999999999999986e+01,-9.833077573684343875e+00,-5.578505481032055968e+01,6.043264624438744903e+01,-3.595596566563509100e+01
1.234999999999999964e+01,-9.866436877061760313e+00,-5.680361192498656209e+01,5.967392679217417140e+01,-3.575864349189709657e+01
1.235999999999999943e+01,-9.898872814338584902e+00,-5.781658032761207267e+01,5.893570573996637307e+01,-3.555570344079514200e+01
1.236999999999999922e+01,-9.930298199097235212e+00,-5.882436105389371050e+01,5.821696420888012113e+01,-3.534812833505863239e+01
1.238000000000000078e+01,-9.960633819745254414e+00,-5.982752605386445310e+01,5.751658164923495065e+01,-3.513675843188547532e+01
1.239000000000000057e+01,-9.989818545957239948e+00,-6.082679459882257333e+01,5.683337363514760909e+01,-3.492224814107657238e+01
1.240000000000000036e+01,-1.001781742835525613e+01,-6.182298493590297284e+01,5.616614613201568318e+01,-3.470504110569663681e+01
1.241000000000000014e+01,-1.004462647467902059e+01,-6.281694790489535052e+01,5.551375745971983378e+01,-3.448536859777582464e+01
1.241999999999999993e+01,-1.007027326197665573e+01,-6.380949212404657089e+01,5.487517804097555540e+01,-3.426327236588695513e+01
1.242999999999999972e+01,-1.009481315783024868e+01,-6.480131184392520538e+01,5.424953843337704029e+01,-3.403864914289309951e+01
1.243999999999999950e+01,-1.011832158216580524e+01,-6.579292840510510132e+01,5.363615802044331815e+01,-3.381131057250160410e+01
1.244999999999999929e+01,-1.014088334421451876e+01,-6.678465442287003384e+01,5.303454978607597070e+01,-3.358104986720135798e+01
1.246000000000000085e+01,-1.016258054499163066e+01,-6.777658662762564745e+01,5.244440033920695754e+01,-3.334770544188295816e+01
1.247000000000000064e+01,-1.018348077645189242e+01,-6.876862919034449817e+01,5.186552819972411754e+01,-3.311121223468716579e+01
1.248000000000000043e+01,-1.020362734008205408e+01,-6.976054495956378787e+01,5.129782669676491480e+01,-3.287163333949661848e+01
1.249000000000000021e+01,-1.022303295253714062e+01,-7.075202795846948334e+01,5.074120014906465315e+01,-3.262916761022603396e+01
1.250000000000000000e+01,-1.024167794021295563e+01,-7.174278730416939709e+01,5.019550295350722280e+01,-3.238413255964128723e+01
1.250999999999999979e+01,-1.025951331153189550e+01,-7.273263085404259698e+01,4.966049068886197659e+01,-3.213692558610645023e+01
1.251999999999999957e+01,-1.027646841671335842e+01,-7.372153662033525734e+01,4.913579046613661916e+01,-3.188796975833451697e+01
1.252999999999999936e+01,-1.029246225046797392e+01,-7.470970138867639321e+01,4.862089484185415955e+01,-3.163765261209089275e+01
1.253999999999999915e+01,-1.030741691326871390e+01,-7.569755888284214507e+01,4.811518010787855104e+01,-3.138626736740913969e+01
1.255000000000000071e+01,-1.032127140019922606e+01,-7.668576388399947064e+01,4.761794619577641896e+01,-3.113396555406324140e+01
1.256000000000000050e+01,-1.033399378897438936e+01,-7.767514340496708769e+01,4.712847229197787158e+01,-3.088072832155935643e+01
1.257000000000000028e+01,-1.034559007374972950e+01,-7.866662068357676674e+01,4.664607998968022429e+01,-3.062636096425275412e+01
1.258000000000000007e+01,-1.035610832195664521e+01,-7.966112170675958737e+01,4.617019472102716549e+01,-3.037051180658100691e+01
1.258999999999999986e+01,-1.036563746001492881e+01,-8.065947660176014722e+01,4.570039647305225117e+01,-3.011271305242561169e+01
1.259999999999999964e+01,-1.037430072937154613e+01,-8.166232911812036832e+01,4.523645235892524141e+01,-2.985243802018319670e+01
1.260999999999999943e+01,-1.038224458744287659e+01,-8.267006643226514484e+01,4.477832626425529838e+01,-2.958916683207901954e+01
1.261999999999999922e+01,-1.038962445021135927e+01,-8.368277879458207735e+01,4.432616411977031845e+01,-2.932245145510521311e+01
1.263000000000000078e+01,-1.039658909592098723e+01,-8.470025453093208512e+01,4.388025685827911104e+01,-2.905197117271987395e+01
1.264000000000000057e+01,-1.040326571787904086e+01,-8.572201120968570365e+01,4.344098625903195909e+01,-2.877757105608613841e+01
1.265000000000000036e+01,-1.040974751403442511e+01,-8.674735906217371451e+01,4.300876119522707342e+01,-2.849927854639383895e+01
1.266000000000000014e+01,-1.041608535498598442e+01,-8.777548862985005940e+01,4.258395295575932948e+01,-2.821729643900665252e+01
1.266999999999999993e+01,-1.042228453395367360e+01,-8.880557161562822444e+01,4.216683818242210435e+01,-2.793197387586632630e+01
1.267999999999999972e+01,-1.042830694586856666e+01,-8.983686238186940898e+01,4.175755662660871792e+01,-2.764375991085578832e+01
1.268999999999999950e+01,-1.043407835220265589e+01,-9.086878761880372224e+01,4.135608863938477953e+01,-2.735314640519462159e+01
1.269999999999999929e+01,-1.043949974910475653e+01,-9.190101337233953416e+01,4.096225444025625961e+01,-2.706060816760651377e+01
1.271000000000000085e+01,-1.044446134822498351e+01,-9.293348165660751192e+01,4.057573419168949869e+01,-2.676654827178849416e+01
1.272000000000000064e+01,-1.044885736771421136e+01,-9.396641290572608796e+01,4.019610515849056043e+01,-2.647125541729459997e+01
1.273000000000000043e+01,-1.045259975854374623e+01,-9.500027502510207000e+01,3.982289011339205587e+01,-2.617487824424479470e+01
1.274000000000000021e+01,-1.045562917187480778e+01,-9.603572418166055513e+01,3.945560992395883915e+01,-2.587741896872712033e+01
1.275000000000000000e+01,-1.045792188492420571e+01,-9.707352611044025537e+01,3.909383305741232562e+01,-2.557874594281118874e+01
1.275999999999999979e+01,-1.045949198855094053e+01,-9.811446908208316131e+01,3.873721556536428068e+01,-2.527862215100413579e+01
1.276999999999999957e+01,-1.046038881395639919e+01,-9.915928042184509650e+01,3.838552681452072335e+01,-2.497674459613843467e+01
1.277999999999999936e+01,-1.046069023749336324e+01,-1.002085574957156808e+02,3.803865854196254048e+01,-2.467278828575819816e+01
1.278999999999999915e+01,-1.046049305270104135e+01,-1.012627215566913463e+02,3.769661737576085159e+01,-2.436644826561637700e+01
1.280000000000000071e+01,-1.045990195769221209e+01,-1.023219991902029165e+02,3.735950338011404881e+01,-2.405747386928961973e+01
1.281000000000000050e+01,-1.045901882659272708e+01,-1.033864318921252732e+02,3.702747909490859968e+01,-2.374569091717901159e+01
1.282000000000000028e+01,-1.045793380693370089e+01,-1.044559101955755835e+02,3.670073466834108444e+01,-2.343100972991017272e+01
1.283000000000000007e+01,-1.045671943890195088e+01,-1.055302253291773695e+02,3.637945488740719924e+01,-2.311341916540194674e+01
1.283999999999999986e+01,-1.045542848534791247e+01,-1.066091291061507320e+02,3.606379320595269178e+01,-2.279296907217428725e+01
1.284999999999999964e+01,-1.045409557119522503e+01,-1.076923918944760459e+02,3.575385640693356493e+01,-2.246974524354457614e+01
1.285999999999999943e+01,-1.045274214330562046e+01,-1.087798491809875259e+02,3.544970157704048574e+01,-2.214384192076148139e+01
1.286999999999999922e+01,-1.045138375998942770e+01,-1.098714292890501980e+02,3.515134494220621519e+01,-2.181533701328860175e+01
1.288000000000000078e+01,-1.045003837343179498e+01,-1.109671579284864293e+02,3.485878014614847586e+01,-2.148427449879324058e+01
1.289000000000000057e+01,-1.044873412697481285e+01,-1.120671389898385684e+02,3.457200204705131341e+01,-2.115065707332901823e+01
1.290000000000000036e+01,-1.044751527264666535e+01,-1.131715147954878518e+02,3.429103127747103485e+01,-2.081445028020343457e+01
1.291000000000000014e+01,-1.044644511040735324e+01,-1.142804123239170337e+02,3.401593477049262759e+01,-2.047559735143473603e+01
1.291999999999999993e+01,-1.044560531530095560e+01,-1.153938842336117290e+02,3.374683819089963066e+01,-2.013404216316634532e+01
1.292999999999999972e+01,-1.044509158205156396e+01,-1.165118544794813289e+02,3.348392759440527300e+01,-1.978975632119738037e+01
1.293999999999999950e+01,-1.044500609332996710e+01,-1.176340777926066750e+02,3.322743944222943213e+01,-1.944276566712480303e+01
1.294999999999999929e+01,-1.044544782123145410e+01,-1.187601203682020810e+02,3.297764003065208271e+01,-1.909317153512162335e+01
1.296000000000000085e+01,-1.044650202725647858e+01,-1.198893660725464514e+02,3.273479714806959606e+01,-1.874116287681404813e+01
1.297000000000000064e+01,-1.044823048372917640e+01,-1.210210487893485549e+02,3.249914807266831929e+01,-1.838701677169558479e+01
1.298000000000000043e+01,-1.045066387839985467e+01,-1.221543077116736811e+02,3.227086867729072850e+01,-1.803108662501888659e+01
1.299000000000000021e+01,-1.045379759392682217e+01,-1.232882589796475514e+02,3.205004832551136218e+01,-1.767377924372291886e+01
1.300000000000000000e+01,-1.045759161220671274e+01,-1.244220745306882776e+02,3.183667444962448911e+01,-1.731552368718946511e+01
1.300999999999999979e+01,-1.046197473844132020e+01,-1.255550577132965628e+02,3.163062932592792009e+01,-1.695673606381146925e+01
1.301999999999999957e+01,-1.046685274363591667e+01,-1.266867053110564427e+02,3.143169981296383853e+01,-1.659778510669459095e+01
1.302999999999999936e+01,-1.047211946544870820e+01,-1.278167471529815487e+02,3.123959894832021433e+01,-1.623896332240121509e+01
1.303999999999999915e+01,-1.047766946261994470e+01,-1.289451572924104141e+02,3.105399657524005619e+01,-1.588046777293009093e+01
1.305000000000000071e+01,-1.048341055339040828e+01,-1.300721344868714198e+02,3.087455483626997932e+01,-1.552239322452352255e+01
1.306000000000000050e+01,-1.048927452871508592e+01,-1.311980539226345854e+02,3.070096362049897820e+01,-1.516473866011822658e+01
1.307000000000000028e+01,-1.049522453273251443e+01,-1.323233962181266179e+02,3.053297099905766387e+01,-1.480742624779522032e+01
1.308000000000000007e+01,-1.050125802686450527e+01,-1.334486631087235082e+02,3.037040434972395886e+01,-1.445033005754305577e+01
1.308999999999999986e+01,-1.050740484583182521e+01,-1.345742913385286954e+02,3.021317917104529016e+01,-1.409331038743092002e+01
1.309999999999999964e+01,-1.051372053101615300e+01,-1.357005768126788894e+02,3.006129433812397522e+01,-1.373624871435665895e+01
1.310999999999999943e+01,-1.052027579081700992e+01,-1.368276198880581944e+02,2.991481450250312690e+01,-1.337907815624511265e+01
1.311999999999999922e+01,-1.052714349208400790e+01,-1.379552999558173951e+02,2.977384220011381544e+01,-1.302180494625064533e+01
1.313000000000000078e+01,-1.053438495203533343e+01,-1.390832835834443415e+02,2.963848372938262798e+01,-1.266451768602907535e+01
1.314000000000000057e+01,-1.054203742644541641e+01,-1.402110659850593493e+02,2.950881377882450352e+01,-1.230738287710228462e+01
1.315000000000000036e+01,-1.055010456240015948e+01,-1.413380410906639213e+02,2.938484399245457723e+01,-1.195062717328080915e+01
1.316000000000000014e+01,-1.055855122166714999e+01,-1.424635915791492096e+02,2.926650014069857164e+01,-1.159450867514459382e+01
1.316999999999999993e+01,-1.056730353133826839e+01,-1.435871874225045133e+02,2.915361139593560935e+01,-1.123928113921808958e+01
1.317999999999999972e+01,-1.057625435049201101e+01,-1.447084801157969309e+02,2.904591356280814196e+01,-1.088515599130790790e+01
1.318999999999999950e+01,-1.058527363706205904e+01,-1.458273800275647432e+02,2.894306621057683415e+01,-1.053226738289156650e+01
1.319999999999999929e+01,-1.059422254547645714e+01,-1.469441062032915113e+02,2.884468175367032217e+01,-1.018064516708727574e+01
1.321000000000000085e+01,-1.060296956829427018e+01,-1.480592013020445563e+02,2.875036288144938368e+01,-9.830199643455465264e+00
1.322000000000000064e+01,-1.061140672770159377e+01,-1.491735087614330268e+02,2.865974357264570571e+01,-9.480720361589062506e+00
1.323000000000000043e+01,-1.061946377648158801e+01,-1.502881142151190375e+02,2.857252840910679126e+01,-9.131889388035054012e+00
1.324000000000000021e+01,-1.062711860078786685e+01,-1.514042579596824112e+02,2.848852510972624685e+01,-8.783307486116367357e+00
1.325000000000000000e+01,-1.063440250576206125e+01,-1.525232291879847253e+02,2.840766612117139189e+01,-8.434529909015513027e+00
1.325999999999999979e+01,-1.064139974517806309e+01,-1.536462551708264925e+02,2.833001660513231812e+01,-8.085107217564472037e+00
1.326999999999999957e+01,-1.064824142975400001e+01,-1.547743991832464303e+02,2.825576803820208482e+01,-7.734625897877969614e+00
1.327999999999999936e+01,-1.065509470012035109e+01,-1.559084796342288257e+02,2.818521861452033406e+01,-7.382743665877746331e+00
1.328999999999999915e+01,-1.066214866780829951e+01,-1.570490197831244075e+02,2.811874342012802330e+01,-7.029215185843884051e+00
1.330000000000000071e+01,-1.066959902279043071e+01,-1.581962330994651325e+02,2.805675867064400819e+01,-6.673905365139598089e+00
1.331000000000000050e+01,-1.067763332865248316e+01,-1.593500444063222119e+02,2.799968498445073095e+01,-6.316789194501856386e+00
1.332000000000000028e+01,-1.068641886922730322e+01,-1.605101421543229776e+02,2.794791461890387652e+01,-5.957939009935591557e+00
1.333000000000000007e+01,-1.069609450634036740e+01,-1.616760531542727506e+02,2.790178685459409280e+01,-5.597501780876298128e+00
1.333999999999999986e+01,-1.070676742090085121e+01,-1.628472283541714489e+02,2.786157439925803914e+01,-5.235670339788963901e+00
1.334999999999999964e+01,-1.071851492177206921e+01,-1.640231270908589920e+02,2.782748199986922089e+01,-4.872653189511609639e+00
1.335999999999999943e+01,-1.073139080931868428e+01,-1.652032877794963497e+02,2.779965664239608003e+01,-4.508647572281279992e+00
1.336999999999999922e+01,-1.074543516191049086e+01,-1.663873751259154119e+02,2.777820703622348475e+01,-4.143819867014872926e+00
1.338000000000000078e+01,-1.076068595215298807e+01,-1.675751973731047428e+02,2.776322875432006754e+01,-3.778296195366848576e+00
1.339000000000000057e+01,-1.077719065504133411e+01,-1.687666913808641311e+02,2.775483061084873881e+01,-3.412164532961779351e+00
1.340000000000000036e+01,-1.079501601649728570e+01,-1.699618779260471513e+02,2.775315771236590834e+01,-3.045487863875344203e+00
1.341000000000000014e+01,-1.081425440962967066e+01,-1.711607938821678658e+02,2.775840713627068013e+01,-2.678326232848055266e+00
1.341999999999999993e+01,-1.083502568437519642e+01,-1.723634112985747890e+02,2.777083329667161848e+01,-2.310764181353288649e+00
1.342999999999999972e+01,-1.085747404838334518e+01,-1.735695553744570532e+02,2.779074159388425613e+01,-1.942939197419370156e+00
1.343999999999999950e+01,-1.088176021413220695e+01,-1.747788336332349672e+02,2.781847068661756239e+01,-1.575066587739681223e+00
1.344999999999999929e+01,-1.090804971102607546e+01,-1.759905872172121803e+02,2.785436542326128517e+01,-1.207456623061406331e+00
1.346000000000000085e+01,-1.093649880024807075e+01,-1.772038723589805613e+02,2.789874387796595556e+01,-8.405208455049038019e-01
1.347000000000000064e+01,-1.096723977428275276e+01,-1.784174761662002311e+02,2.795186286243610141e+01,-4.747659062612774594e-01
1.348000000000000043e+01,-1.100036753252760668e+01,-1.796299664245886163e+02,2.801388660327246427e+01,-1.107750128397336914e-01
1.349000000000000021e+01,-1.103592919244409387e+01,1.791602292426377687e+02,2.808486295184344783e+01,2.508212292303034219e-01
1.350000000000000000e+01,-1.107391814514906159e+01,1.779547232908106480e+02,2.816471057938558786e+01,6.093813221417171411e-01
1.350999999999999979e+01,-1.111427344126231631e+01,1.767550584193614611e+02,2.825321922847911082e+01,9.642924217319862601e-01
1.351999999999999957e+01,-1.115688475917080424e+01,1.755626005705990167e+02,2.835006342273415214e+01,1.315008126670039523e+00
1.352999999999999936e+01,-1.120160253533288675e+01,1.743784472573813105e+02,2.845482829305914763e+01,1.661079850691323134e+00
1.353999999999999915e+01,-1.124825220123224234e+01,1.732033621103350072e+02,2.856704458640650657e+01,2.002177871983485513e+00
1.355000000000000071e+01,-1.129665095019515419e+01,1.720377435496831424e+02,2.868622869413096765e+01,2.338099439897089127e+00
1.356000000000000050e+01,-1.134662511868510570e+01,1.708816314219791366e+02,2.881192284679376314e+01,2.668762978681378240e+00
1.357000000000000028e+01,-1.139802616414299408e+01,1.697347507610328705e+02,2.894373058131848353e+01,2.994189243962791291e+00
1.358000000000000007e+01,-1.145074338186780949e+01,1.685965871284165871e+02,2.908134321996109151e+01,3.314472009115418061e+00
1.358999999999999986e+01,-1.150471191827987560e+01,1.674664839172823463e+02,2.922455433567836991e+01,3.629742235072224599e+00
1.359999999999999964e+01,-1.155991525895627881e+01,1.663437491786333453e+02,2.937326084743453691e+01,3.940130498900375144e+00
1.360999999999999943e+01,-1.161638211290366840e+01,1.652277584111778594e+02,2.952745125059401232e+01,4.245732592399966698e+00
1.361999999999999922e+01,-1.167417837177428375e+01,1.641180405510245919e+02,2.968718326431743293e+01,4.546582625146965206e+00
1.363000000000000078e+01,-1.173339548109846753e+01,1.630143370091277575e+02,2.985255460177423359e+01,4.842636761432036252e+00
1.364000000000000057e+01,-1.179413702210432646e+01,1.619166276458653044e+02,3.002367142607999995e+01,5.133769070340902907e+00
1.365000000000000036e+01,-1.185650550099228084e+01,1.608251224386657725e+02,3.020061921933255888e+01,5.419779123383181130e+00
1.366000000000000014e+01,-1.192059125241334527e+01,1.597402225762688488e+02,3.038344024394356779e+01,5.700409212349105026e+00
1.366999999999999993e+01,-1.198646500240529988e+01,1.586624590950658842e+02,3.057212060043929824e+01,5.975367644082590246e+00
1.367999999999999972e+01,-1.205417505684917678e+01,1.575924203570250484e+02,3.076658826052581830e+01,6.244353709091286397e+00
1.368999999999999950e+01,-1.212374936545923987e+01,1.565306812263785616e+02,3.096672161979834570e+01,6.507079747693694571e+00
1.369999999999999929e+01,-1.219520195555162623e+01,1.554777465176368310e+02,3.117236634449741572e+01,6.763286283674459831e+00
1.371000000000000085e+01,-1.226854253695191943e+01,1.544340191754609464e+02,3.138335685066474312e+01,7.012747390776188361e+00
1.372000000000000064e+01,-1.234378754648169263e+01,1.533997999558528420e+02,3.159953788022205501e+01,7.255265134046313236e+00
1.373000000000000043e+01,-1.242097060753676807e+01,1.523753205750401207e+02,3.182078147930035783e+01,7.490653840108521422e+00
1.374000000000000021e+01,-1.250015037852222832e+01,1.513608070227542726e+02,3.204699528888836113e+01,7.718716805782289470e+00
1.375000000000000000e+01,-1.258141406542637775e+01,1.503565647500815601e+02,3.227811935887338279e+01,7.939219557711682640e+00
1.375999999999999979e+01,-1.266487544595437953e+01,1.493630734861288829e+02,3.251411051374974193e+01,8.151864675197147747e+00
1.376999999999999957e+01,-1.275066701993853790e+01,1.483810771343004262e+02,3.275491536366407530e+01,8.356273319312247594e+00
1.377999999999999936e+01,-1.283892675559965824e+01,1.474116539329430395e+02,3.300043505314152270e+01,8.551977924686319454e+00
1.378999999999999915e+01,-1.292978072167571924e+01,1.464562539155318177e+02,3.325048645962927196e+01,8.738429082625199129e+00
1.380000000000000071e+01,-1.302332356553849380e+01,1.455166944388950014e+02,3.350476553377826860e+01,8.915017666096719751e+00
1.381000000000000050e+01,-1.311959922519776889e+01,1.445951096725232219e+02,3.376281864152980461e+01,9.081110994219313781e+00
1.382000000000000028e+01,-1.321858439146254582e+01,1.436938558021437302e+02,3.402402706579629665e+01,9.236099627842008886e+00
1.383000000000000007e+01,-1.332017704640678879e+01,1.428153795784134843e+02,3.428760831495475969e+01,9.379449553391747685e+00
1.383999999999999986e+01,-1.342419191151849134e+01,1.419620630383192577e+02,3.455263574383148040e+01,9.510753336025249638e+00
1.384999999999999964e+01,-1.353036388907458942e+01,1.411360611144528150e+02,3.481807549592168982e+01,9.629773515905164061e+00
1.385999999999999943e+01,-1.363835964469350159e+01,1.403391508977116189e+02,3.508283726889782628e+01,9.736472184638822469e+00
1.386999999999999922e+01,-1.374779645320161769e+01,1.395726111348754159e+02,3.534583326466443509e+01,9.831022279486472115e+00
1.388000000000000078e+01,-1.385826643247239964e+01,1.388371479110028872e+02,3.560603826381454695e+01,9.913798491060873630e+00
1.389000000000000057e+01,-1.396936345707720228e+01,1.381328774400083717e+02,3.586254333369198122e+01,9.985348478436391062e+00
1.390000000000000036e+01,-1.408070951555975903e+01,1.374593698688930488e+02,3.611459637085982166e+01,1.004634790524906762e+01
1.391000000000000014e+01,-1.419197717174927575e+01,1.368157497950394088e+02,3.636162444344184053e+01,1.009754519533272621e+01
1.391999999999999993e+01,-1.430290518072044215e+01,1.362008409620602265e+02,3.660323549743463900e+01,1.013970344479506736e+01
1.392999999999999972e+01,-1.441330518403991334e+01,1.356133356959963407e+02,3.683920002508912717e+01,1.017354733353364438e+01
1.393999999999999950e+01,-1.452305866466212692e+01,1.350519653642861897e+02,3.706941627204005130e+01,1.019972205521596997e+01
1.394999999999999929e+01,-1.463210479373226391e+01,1.345156474177489656e+02,3.729386498976491993e+01,1.021876934513345248e+01
1.396000000000000085e+01,-1.474042121317545906e+01,1.340035877433919325e+02,3.751256121637307217e+01,1.023112293773058923e+01
1.397000000000000064e+01,-1.484800092929219595e+01,1.335153237450970494e+02,3.772551084672562638e+01,1.023712267452687108e+01
1.398000000000000043e+01,-1.495482914802808594e+01,1.330507027807926761e+02,3.793267878581179531e+01,1.023704351112122168e+01
1.399000000000000021e+01,-1.506086394581317123e+01,1.326098008913258468e+02,3.813397342105776744e+01,1.023113331632797696e+01
1.400000000000000000e+01,-1.516602411882755419e+01,1.321927965661920439e+02,3.832924932530940509e+01,1.021965199579078920e+01
1.400999999999999979e+01,-1.527018645728683666e+01,1.317998220932928746e+02,3.851832695841403620e+01,1.020290433145912523e+01
1.401999999999999957e+01,-1.537319319605222567e+01,1.314308195904402794e+02,3.870102517254703400e+01,1.018126004491114145e+01
1.402999999999999936e+01,-1.547486870422618388e+01,1.310854292734669002e+02,3.887720002794542751e+01,1.015515680804533183e+01
1.403999999999999915e+01,-1.557504284031417185e+01,1.307629335493473093e+02,3.904678218303917703e+01,1.012508490039204112e+01
1.405000000000000071e+01,-1.567357707782028875e+01,1.304622724175859219e+02,3.920980516888793943e+01,1.009155547356155402e+01
1.406000000000000050e+01,-1.577038874170028926e+01,1.301821343905038759e+02,3.936641821846497180e+01,1.005505739076187766e+01
1.407000000000000028e+01,-1.586546866722609295e+01,1.299211143365247096e+02,3.951687980027620029e+01,1.001600984856690424e+01
1.408000000000000007e+01,-1.595888836537305266e+01,1.296779174176205629e+02,3.966153120931177511e+01,9.974719062705759143e+00
1.408999999999999986e+01,-1.605079427314235119e+01,1.294515788458136569e+02,3.980075297049741323e+01,9.931347005822505736e+00
1.409999999999999964e+01,-1.614138865769705333e+01,1.292416643638101164e+02,3.993490984581609382e+01,9.885898550574454546e+00
1.410999999999999943e+01,-1.623089889825021004e+01,1.290484171873009700e+02,4.006429240213670795e+01,9.838230648496580244e+00
1.411999999999999922e+01,-1.631953882315757554e+01,1.288728236006555221e+02,4.018906403378902326e+01,9.788083792326418120e+00
1.413000000000000078e+01,-1.640746720988057561e+01,1.287165804319377003e+02,4.030922188123923178e+01,9.735132495759208027e+00
1.414000000000000057e+01,-1.649474924463579839e+01,1.285819614935867889e+02,4.042457829804038738e+01,9.679048424033899423e+00
1.415000000000000036e+01,-1.658132659626600613e+01,1.284715947102257019e+02,4.053476664382841221e+01,9.619567602588809052e+00
1.416000000000000014e+01,-1.666700081095664032e+01,1.283881750764785750e+02,4.063927163244881768e+01,9.556552174554290957e+00
1.416999999999999993e+01,-1.675143309423582494e+01,1.283341490731232852e+02,4.073748075886664566e+01,9.490037653879911161e+00
1.417999999999999972e+01,-1.683416139068804185e+01,1.283114123120138572e+02,4.082875002660597374e+01,9.420258510001049856e+00
1.418999999999999950e+01,-1.691463323223762671e+01,1.283210628869982770e+02,4.091247482798488733e+01,9.347647989503416355e+00
1.419999999999999929e+01,-1.699225039691780026e+01,1.283632474850973324e+02,4.098815580874122588e+01,9.272811899379753697e+00
1.421000000000000085e+01,-1.706641935802148424e+01,1.284371256999189370e+02,4.105545010193338840e+01,9.196480064714364744e+00
1.422000000000000064e+01,-1.713660019663141654e+01,1.285409610984840754e+02,4.111420041874288245e+01,9.119442685607149102e+00
1.423000000000000043e+01,-1.720234644470700403e+01,1.286723275542447880e+02,4.116443784340513190e+01,9.042481254989485961e+00
1.424000000000000021e+01,-1.726332941864730230e+01,1.288283994509053798e+02,4.120635827101558846e+01,8.966304624017558567e+00
1.425000000000000000e+01,-1.731934294402370966e+01,1.290062784663800528e+02,4.124027658184304812e+01,8.891500031391668557e+00
1.425999999999999979e+01,-1.737028762058807274e+01,1.292033013145565405e+02,4.126656617533996751e+01,8.818506557130016077e+00
1.426999999999999957e+01,-1.741613735249135431e+01,1.294172742537950853e+02,4.128559381040856380e+01,8.747614902058233000e+00
1.427999999999999936e+01,-1.745689408700208389e+01,1.296465915271235190e+02,4.129766044398825642e+01,8.678993210383881163e+00
1.428999999999999915e+01,-1.749253894740482451e+01,1.298902142439104352e+02,4.130295781949644152e+01,8.612734512369732087e+00
1.430000000000000071e+01,-1.752298880051813157e+01,1.301475100697927019e+02,4.130154808846039316e+01,8.548917912918877704e+00
1.431000000000000050e+01,-1.754806662562625519e+01,1.304179783299670135e+02,4.129337013914901888e+01,8.487673417387915364e+00
1.432000000000000028e+01,-1.756749196507256272e+01,1.307009057930479230e+02,4.127827210484828413e+01,8.429239609215956719e+00
1.433000000000000007e+01,-1.758089455146517466e+01,1.309950122285927421e+02,4.125606536718936468e+01,8.374004388491322004e+00
1.433999999999999986e+01,-1.758785037810878649e+01,1.312981494917424925e+02,4.122659189434743610e+01,8.322521516198307268e+00
1.434999999999999964e+01,-1.758793556915651735e+01,1.316071121325110198e+02,4.118979451264753777e+01,8.275499420547815177e+00
1.435999999999999943e+01,-1.758079004948107382e+01,1.319176014468777396e+02,4.114577908444724130e+01,8.233763048517069194e+00
1.436999999999999922e+01,-1.756618085630122295e+01,1.322243602972778547e+02,4.109485869163513883e+01,8.198193804426789910e+00
1.438000000000000078e+01,-1.754405450456600946e+01,1.325214667052827338e+02,4.103757265212433225e+01,8.169656109776495256e+00
1.439000000000000057e+01,-1.751456936226731997e+01,1.328027455917699626e+02,4.097467709659458279e+01,8.148921255745362302e+00
1.440000000000000036e+01,-1.747810233148018000e+01,1.330622361376267691e+02,4.090710826213421569e+01,8.136599637334104074e+00
1.441000000000000014e+01,-1.743522863388204058e+01,1.332946420468875317e+02,4.083592387994765005e+01,8.133091090640233389e+00
1.441999999999999993e+01,-1.738667821476731135e+01,1.334956958657585915e+02,4.076223135117988505e+01,8.138560147642600384e+00
1.442999999999999972e+01,-1.733327620230772936e+01,1.336623853581915000e+02,4.068711329462631454e+01,8.152939078218587099e+00
1.443999999999999950e+01,-1.727587721912104257e+01,1.337930156297446445e+02,4.061156124505873777e+01,8.175957262551650118e+00
1.444999999999999929e+01,-1.721530379685690804e+01,1.338871094509550232e+02,4.053642679642693736e+01,8.207191415463466200e+00
1.446000000000000085e+01,-1.715229779947110700e+01,1.339451743767401979e+02,4.046239659191504501e+01,8.246128074080997905e+00
1.447000000000000064e+01,-1.708749106031361009e+01,1.339683845393342096e+02,4.038999372805442079e+01,8.292228006494918091e+00
1.448000000000000043e+01,-1.702139798141005400e+01,1.339582351426875277e+02,4.031960394357247424e+01,8.344982038441973060e+00
1.449000000000000021e+01,-1.695442923078375230e+01,1.339162282610098771e+02,4.025152102237023399e+01,8.403949239363088353e+00
1.450000000000000000e+01,-1.688692242044864855e+01,1.338436404156560684e+02,4.018600273198505590e+01,8.468771250211979407e+00
1.450999999999999979e+01,-1.681918315904084338e+01,1.337414072965310083e+02,4.012332681223652742e+01,8.539160368395288359e+00
1.451999999999999957e+01,-1.675152844405312180e+01,1.336101412296426929e+02,4.006383631605103801e+01,8.614863273812355615e+00
1.452999999999999936e+01,-1.668432416285234154e+01,1.334502753868482614e+02,4.000796505056652563e+01,8.695606346215914328e+00
1.453999999999999915e+01,-1.661800952871196202e+01,1.332623084331364396e+02,3.995623678416953339e+01,8.781031761820722537e+00
1.455000000000000071e+01,-1.655310342000845836e+01,1.330471074072927422e+02,3.990923585186772016e+01,8.870635455132001468e+00
1.456000000000000050e+01,-1.649019046145814826e+01,1.328062175940869736e+02,3.986755121448762651e+01,8.963718284752848930e+00
1.457000000000000028e+01,-1.642988779775999220e+01,1.325421272021597190e+02,3.983170024405849574e+01,9.059360302701026768e+00
1.458000000000000007e+01,-1.637279634895785563e+01,1.322584414940469344e+02,3.980204190005538578e+01,9.156425108527271206e+00
1.458999999999999986e+01,-1.631944248547968357e+01,1.319599338940184907e+02,3.977869105239977898e+01,9.253597295175794102e+00
1.459999999999999964e+01,-1.627021728390159439e+01,1.316524579506658483e+02,3.976144622199710454e+01,9.349451513466727093e+00
1.460999999999999943e+01,-1.622532078957804202e+01,1.313427211936974857e+02,3.974974188896254645e+01,9.442547285238289234e+00
1.461999999999999922e+01,-1.618471814220862370e+01,1.310379377906378409e+02,3.974263389979327599e+01,9.531539935841315980e+00
1.463000000000000078e+01,-1.614811320694691332e+01,1.307453902113021229e+02,3.973882268633722248e+01,9.615295365896239232e+00
1.464000000000000057e+01,-1.611494367446539755e+01,1.304719402993038955e+02,3.973671441853949915e+01,9.692995197946668640e+00
1.465000000000000036e+01,-1.608439956777530710e+01,1.302235370059466391e+02,3.973451537857592086e+01,9.764219334882337620e+00
1.466000000000000014e+01,-1.605546479283153616e+01,1.300047712106977258e+02,3.973035036846902557e+01,9.828995200296674284e+00
1.466999999999999993e+01,-1.602697887439311941e+01,1.298185267953270170e+02,3.972239247463141965e+01,9.887806730132938426e+00
1.467999999999999972e+01,-1.599771349360924866e+01,1.296657704322221321e+02,3.970898958473188856e+01,9.941561141410492297e+00
1.468999999999999950e+01,-1.596645619336943511e+01,1.295455095814453728e+02,3.968877309530597586e+01,9.991516974209394775e+00
1.469999999999999929e+01,-1.593209207477221234e+01,1.294549291172824041e+02,3.966073639631327552e+01,1.003918207796667339e+01
1.471000000000000085e+01,-1.589367394054992388e+01,1.293896936075272777e+02,3.962427475017612011e+01,1.008619424933487529e+01
1.472000000000000064e+01,-1.585047248578998591e+01,1.293443781504379615e+02,3.957918351772007526e+01,1.013419942140354557e+01
1.473000000000000043e+01,-1.580200082495269776e+01,1.293129706691809417e+02,3.952561747133928804e+01,1.018474224936025152e+01
1.474000000000000021e+01,-1.574801150647783032e+01,1.292893774196873835e+02,3.946401922117522787e+01,1.023918163563617334e+01
1.475000000000000000e+01,-1.568846847406901190e+01,1.292678642652961969e+02,3.939502870028108816e+01,1.029863959738720958e+01
1.475999999999999979e+01,-1.562350029194306877e+01,1.292433792645936990e+02,3.931938761202749788e+01,1.036398662739292753e+01
1.476999999999999957e+01,-1.555334356131466222e+01,1.292117245557245155e+02,3.923785250614935194e+01,1.043586122167737607e+01
1.477999999999999936e+01,-1.547828633982492974e+01,1.291695725138540070e+02,3.915112786646479037e+01,1.051471641272094892e+01
1.478999999999999915e+01,-1.539862047757896590e+01,1.291143471761236583e+02,3.905982672627995811e+01,1.060088266212586916e+01
1.480000000000000071e+01,-1.531460942202626896e+01,1.290440122416894155e+02,3.896446154685956742e+01,1.069463478065352646e+01
1.481000000000000050e+01,-1.522647477572986219e+01,1.289568185403310565e+02,3.886546315788700667e+01,1.079625081297726474e+01
1.482000000000000028e+01,-1.513440135281928178e+01,1.288510656348175019e+02,3.876322120277699668e+01,1.090605291905363750e+01
1.483000000000000007e+01,-1.503855726699660167e+01,1.287249247880567111e+02,3.865813637890334320e+01,1.102442382250598385e+01
1.483999999999999986e+01,-1.493912317868707618e+01,1.285763557794411724e+02,3.855067324773875725e+01,1.115179680331253564e+01
1.484999999999999964e+01,-1.483632356143937692e+01,1.284031307879281485e+02,3.844140270143059723e+01,1.128862179400725196e+01
1.485999999999999943e+01,-1.473045286699330347e+01,1.282029581085033954e+02,3.833102522180080740e+01,1.143531418139332523e+01
1.486999999999999922e+01,-1.462189071874012747e+01,1.279736802951514107e+02,3.822036949549276130e+01,1.159219579442465076e+01
1.488000000000000078e+01,-1.451110248015085524e+01,1.277135084693530303e+02,3.811036517811646007e+01,1.175943884255796235e+01
1.489000000000000057e+01,-1.439862429265097710e+01,1.274212490260975414e+02,3.800199293526227962e+01,1.193702309552162610e+01
1.490000000000000036e+01,-1.428503443558813935e+01,1.270964813746578272e+02,3.789621863901137289e+01,1.212471449513392230e+01
1.491000000000000014e+01,-1.417091513873121222e+01,1.267396546732485518e+02,3.779392120045617531e+01,1.232207004892985758e+01
1.491999999999999993e+01,-1.405681042179167761e+01,1.263520855263382998e+02,3.769582461958934516e+01,1.252846983271571801e+01
1.492999999999999972e+01,-1.394318599097001687e+01,1.259358544848761881e+02,3.760244433097619066e+01,1.274317284969565023e+01
1.493999999999999950e+01,-1.383039673235602329e+01,1.254936142014644531e+02,3.751405595108035129e+01,1.296538994714420490e+01
1.494999999999999929e+01,-1.371866609457505604e+01,1.250283341456773343e+02,3.743069141549212020e+01,1.319436445626955745e+01
1.496000000000000085e+01,-1.360807990921950861e+01,1.245430146147626402e+02,3.735216368552909927e+01,1.342945001921683357e+01
1.497000000000000064e+01,-1.349859522780622001e+01,1.240404058849977531e+02,3.727811722724283072e+01,1.367017534465551698e+01
1.498000000000000043e+01,-1.339006280338418264e+01,1.235227668044632878e+02,3.720809786005671072e+01,1.391628735237982895e+01
1.499000000000000021e+01,-1.328226012563327529e+01,1.229916913660811133e+02,3.714163283676969485e+01,1.416776710823014618e+01
1.500000000000000000e+01,-1.317493061446171509e+01,1.224480225469905577e+02,3.707831055429051048e+01,1.442481672422851702e+01
1.500999999999999979e+01,-1.306782384478094983e+01,1.218918609954890826e+02,3.701784934911962921e+01,1.468781947898802187e+01
1.501999999999999957e+01,-1.296073162594971073e+01,1.213226633854941241e+02,3.696014643343321637e+01,1.495727919943465345e+01
1.502999999999999936e+01,-1.285351542999716834e+01,1.207394131498028145e+02,3.690530096484737754e+01,1.523374785204618043e+01
1.503999999999999915e+01,-1.274612198408448371e+01,1.201408366666590268e+02,3.685360907779506334e+01,1.551775185604907392e+01
1.505000000000000071e+01,-1.263858562820159115e+01,1.195256323902034552e+02,3.680553283981966217e+01,1.580972760099541219e+01
1.506000000000000050e+01,-1.253101800630227913e+01,1.188926798409978574e+02,3.676164888172086620e+01,1.610997504044961559e+01
1.507000000000000028e+01,-1.242358748346724440e+01,1.182411998667849247e+02,3.672258530250130804e+01,1.641863531710339430e+01
1.508000000000000007e+01,-1.231649206763561644e+01,1.175708462665192400e+02,3.668895695277846869e+01,1.673569463052337269e+01
1.508999999999999986e+01,-1.220993035841852858e+01,1.168817201404183237e+02,3.666130916667138706e+01,1.706101257403594929e+01
1.509999999999999964e+01,-1.210407507083641576e+01,1.161743102483240619e+02,3.664007849472280753e+01,1.739436953573896361e+01
1.510999999999999943e+01,-1.199905303792066036e+01,1.154493733731207215e+02,3.662557625126324723e+01,1.773552499267621130e+01
1.511999999999999922e+01,-1.189493442924786493e+01,1.147077767365046128e+02,3.661799714584019227e+01,1.808427699726417970e+01
1.513000000000000078e+01,-1.179173243465477583e+01,1.139503289907164856e+02,3.661745142941075670e+01,1.844051305555224474e+01
1.514000000000000057e+01,-1.168941307376878136e+01,1.131776268591383570e+02,3.662401539180036991e+01,1.880424393248903314e+01
1.515000000000000036e+01,-1.158791331457376472e+01,1.123899412597886425e+02,3.663779220684892834e+01,1.917561450540174306e+01
1.516000000000000014e+01,-1.148716450559943603e+01,1.115871602738939146e+02,3.665897345276910357e+01,1.955488926451407394e+01
1.516999999999999993e+01,-1.138711739683341406e+01,1.107687975307121633e+02,3.668789140103545776e+01,1.994241393121978589e+01
1.517999999999999972e+01,-1.128776484212170850e+01,1.099340646833313002e+02,3.672505342661976613e+01,2.033855835713410798e+01
1.518999999999999950e+01,-1.118915866865840592e+01,1.090819970585094438e+02,3.677115247518682395e+01,2.074364881527322169e+01
1.519999999999999929e+01,-1.109141811127140009e+01,1.082116137051902314e+02,3.682705104464223211e+01,2.115789954037967746e+01
1.521000000000000085e+01,-1.099472849994921830e+01,1.073220881456658731e+02,3.689374006127452787e+01,2.158135364923291633e+01
1.522000000000000064e+01,-1.089933035200983902e+01,1.064129048860569213e+02,3.697227775765112057e+01,2.201384234182387090e+01
1.523000000000000043e+01,-1.080550042097710595e+01,1.054839792713813864e+02,3.706371663945557771e+01,2.245496875421595817e+01
1.524000000000000021e+01,-1.071352737680482292e+01,1.045357240273072676e+02,3.716902844556232566e+01,2.290411939463831104e+01
1.525000000000000000e+01,-1.062368548093618692e+01,1.035690537596800596e+02,3.728903743136093851e+01,2.336050224625559935e+01
1.525999999999999979e+01,-1.053620980304510191e+01,1.025853274705973348e+02,3.742437131016790630e+01,2.382320689002427727e+01
1.526999999999999957e+01,-1.045127621733830736e+01,1.015862374978034381e+02,3.757543692045310024e+01,2.429127887389461193e+01
1.527999999999999936e+01,-1.036898869556659442e+01,1.005736601209230088e+02,3.774242443917101042e+01,2.476379842692296052e+01
1.528999999999999915e+01,-1.028937540321507704e+01,9.954948766662487003e+01,3.792534013100082291e+01,2.523995276887344730e+01
1.530000000000000071e+01,-1.021239394343615814e+01,9.851546389316597185e+01,3.812406367966105591e+01,2.571909184122619507e+01
1.531000000000000050e+01,-1.013794491937084707e+01,9.747304365206203158e+01,3.833842259812302444e+01,2.620075927047167141e+01
1.532000000000000028e+01,-1.006589193106995950e+01,9.642329447227439232e+01,3.856827355768763255e+01,2.668469357879193993e+01
1.533000000000000007e+01,-9.996085307451293644e+00,9.536685218014862642e+01,3.881357913571417129e+01,2.717079870779131312e+01
1.533999999999999986e+01,-9.928386397029125732e+00,9.430393557434491925e+01,3.907446873202803772e+01,2.765908728560587093e+01
1.534999999999999964e+01,-9.862689173375239093e+00,9.323441735776991379e+01,3.935127429819500122e+01,2.814960411869626711e+01
1.535999999999999943e+01,-9.798936276227813380e+00,9.215794099507934334e+01,3.964453485782076569e+01,2.864234050274509258e+01
1.536999999999999922e+01,-9.737127371035066759e+00,9.107406696975614580e+01,3.995496812239684203e+01,2.913715161625964356e+01
1.538000000000000078e+01,-9.677318769223573369e+00,8.998242798461278369e+01,4.028341220533147293e+01,2.963368919539624358e+01
1.539000000000000057e+01,-9.619614456860517748e+00,8.888287159056450548e+01,4.063074482155565903e+01,3.013135986773596642e+01
1.540000000000000036e+01,-9.564149852187819434e+00,8.777557069015168167e+01,4.099779079955112593e+01,3.062931618900169894e+01
1.541000000000000014e+01,-9.511070581501282817e+00,8.666108700208071980e+01,4.138523074265732760e+01,3.112648303209785183e+01
1.541999999999999993e+01,-9.460509195869159171e+00,8.554037913708448571e+01,4.179352397519966189e+01,3.162161710287098515e+01
1.542999999999999972e+01,-9.412562975650686781e+00,8.441475442802017426e+01,4.222285743004373160e+01,3.211339262883076628e+01
1.543999999999999950e+01,-9.367275777397411574e+00,8.328577103633450918e+01,4.267312901608634235e+01,3.260050229479280404e+01
1.544999999999999929e+01,-9.324626315332931625e+00,8.215510319954815088e+01,4.314396957180257175e+01,3.308175982497731837e+01
1.546000000000000085e+01,-9.284524422631768914e+00,8.102438708217326280e+01,4.363480225981475513e+01,3.355618966465505792e+01
1.547000000000000064e+01,-9.246815813636766634e+00,7.989506708233173526e+01,4.414493283328970108e+01,3.402309025966968647e+01
1.548000000000000043e+01,-9.211294784734786134e+00,7.876826240066110074e+01,4.467365936005922578e+01,3.448206049989393307e+01
1.549000000000000021e+01,-9.177723270137018829e+00,7.764467119163231246e+01,4.522038649842431823e+01,3.493298371984393924e+01
1.550000000000000000e+01,-9.145853829139280577e+00,7.652452491366466347e+01,4.578472794646124555e+01,3.537596965457689180e+01
1.550999999999999979e+01,-9.115453593908672048e+00,7.540759904791723045e+01,4.636658164496615342e+01,3.581126107549478377e+01
1.551999999999999957e+01,-9.086326038568213193e+00,7.429327890338689144e+01,4.696616573190789978e+01,3.623911747258949845e+01
1.552999999999999936e+01,-9.058327686816518565e+00,7.318067172986647506e+01,4.758400871702952628e+01,3.665969213740972066e+01
1.553999999999999915e+01,-9.031377543114210482e+00,7.206874989626382444e+01,4.822089407483841228e+01,3.707292060084993324e+01
1.555000000000000071e+01,-9.005458030903151112e+00,7.095650546966990646e+01,4.887776640328038269e+01,3.747843724678460120e+01
1.556000000000000050e+01,-8.980607409163935628e+00,6.984309488842183100e+01,4.955561237502163152e+01,3.787553316318162899e+01
1.557000000000000028e+01,-8.956904837195040159e+00,6.872795385739189555e+01,5.025533397155135873e+01,3.826316242785315325e+01
1.558000000000000007e+01,-8.934450284633252082e+00,6.761086689006695849e+01,5.097763327077335305e+01,3.863999688271921684e+01
1.558999999999999986e+01,-8.913342188569128410e+00,6.649198239995482140e+01,5.172292703878035525e+01,3.900452202260512991e+01
1.559999999999999964e+01,-8.893656048171616035e+00,6.537177191109442731e+01,5.249130559907874272e+01,3.935515994766691250e+01
1.560999999999999943e+01,-8.875426992584094066e+00,6.425093970704126889e+01,5.328254430552316023e+01,3.969040037728792214e+01
1.561999999999999922e+01,-8.858638795527598475e+00,6.313029603095938569e+01,5.409616814013154595e+01,4.000891831999268078e+01
1.563000000000000078e+01,-8.843220923863274407e+00,6.201061194184128311e+01,5.493156149729291826e+01,4.030965770650752233e+01
1.564000000000000057e+01,-8.829054113322627018e+00,6.089247653409427130e+01,5.578810732890578095e+01,4.059186431281572993e+01
1.565000000000000036e+01,-8.815983797193378990e+00,5.977617712495897706e+01,5.666533382249969009e+01,4.085505832535369564e+01
1.566000000000000014e+01,-8.803839615968037435e+00,5.866162017429072506e+01,5.756304384562738363e+01,4.109894607766274532e+01
1.566999999999999993e+01,-8.792458349722133804e+00,5.754830539204485973e+01,5.848140330007437626e+01,4.132328046834194879e+01
1.567999999999999972e+01,-8.781707067882088324e+00,5.643535829786404179e+01,5.942096945188387735e+01,4.152768871101387305e+01
1.568999999999999950e+01,-8.771503177685575636e+00,5.532161832264100809e+01,6.038264867162208560e+01,4.171149274432571019e+01
1.569999999999999929e+01,-8.761828413227188861e+00,5.420577151955718875e+01,6.136758360632500597e+01,4.187355058013871201e+01
1.571000000000000085e+01,-8.752734610063887644e+00,5.308651029837799484e+01,6.237698095573949786e+01,4.201214545016371460e+01
1.572000000000000064e+01,-8.744340248414347982e+00,5.196269838841416799e+01,6.341190098283927057e+01,4.212494391265617111e+01
1.573000000000000043e+01,-8.736818051184696898e+00,5.083351818171269798e+01,6.447303709866453403e+01,4.220903485467416516e+01
1.574000000000000021e+01,-8.730375190238579108e+00,4.969857988936642101e+01,6.556051718661282735e+01,4.226104981553640982e+01
1.575000000000000000e+01,-8.725228692810855335e+00,4.855797717591893559e+01,6.667375714304772316e+01,4.227735279609558461e+01
1.575999999999999979e+01,-8.721579302082297147e+00,4.741228126982673530e+01,6.781139130799066095e+01,4.225427636398505626e+01
1.576999999999999957e+01,-8.719587251791036664e+00,4.626247386303860054e+01,6.897129447459165874e+01,4.218837208106821635e+01
1.577999999999999936e+01,-8.719353156527478887e+00,4.510982724524095744e+01,7.015069700252631435e+01,4.207663861326595622e+01
1.578999999999999915e+01,-8.720906550368241028e+00,4.395574703786707715e+01,7.134637983326490485e+01,4.191669157041911120e+01
1.580000000000000071e+01,-8.724203622722349394e+00,4.280159780607030484e+01,7.255492209809362691e+01,4.170684579790449931e+01
1.581000000000000050e+01,-8.729134522912350036e+00,4.164853420609792778e+01,7.377296305032503199e+01,4.144609320275059616e+01
1.582000000000000028e+01,-8.735539368736400689e+00,4.049735990208084502e+01,7.499743466157767102e+01,4.113397578657367859e+01
1.583000000000000007e+01,-8.743230940598564871e+00,3.934843324727800251e+01,7.622572310780364546e+01,4.077037179759295071e+01
1.583999999999999986e+01,-8.752021113943472486e+00,3.820163293597178011e+01,7.745572696671830215e+01,4.035522950440800827e+01
1.584999999999999964e+01,-8.761747510247124282e+00,3.705638907629917611e+01,7.868579611159125875e+01,3.988829471225392354e+01
1.585999999999999943e+01,-8.772296732383917828e+00,3.591177632419369559e+01,7.991455542347601693e+01,3.936888223600855952e+01
1.586999999999999922e+01,-8.783620941470816845e+00,3.476665703951086073e+01,8.114063804391086876e+01,3.879573694880390633e+01
1.588000000000000078e+01,-8.795745401838411581e+00,3.361985517808985691e+01,8.236237028288066142e+01,3.816701720396669373e+01
1.589000000000000057e+01,-8.808765858315535269e+00,3.247033699734378587e+01,8.357746137367027472e+01,3.748041430467063151e+01
1.590000000000000036e+01,-8.822836035018541523e+00,3.131737342990486184e+01,8.478275396522082019e+01,3.673339921607258418e+01
1.591000000000000014e+01,-8.838146939031455318e+00,3.016066140530552531e+01,8.597408475423515029e+01,3.592356534513381661e+01
1.591999999999999993e+01,-8.854900803367751649e+00,2.900038708808989085e+01,8.714628945234919399e+01,3.504901751436879209e+01
1.592999999999999972e+01,-8.873283245900193350e+00,2.783722204502359787e+01,8.829336408786977586e+01,3.410874553438287649e+01
1.593999999999999950e+01,-8.893437462164268226e+00,2.667225253680738106e+01,8.940876843596331014e+01,3.310291870579309403e+01
1.594999999999999929e+01,-8.915443996688692252e+00,2.550685116773353300e+01,9.048583127716352692e+01,3.203304666443453641e+01
1.596000000000000085e+01,-8.939308904080892404e+00,2.434250787135835381e+01,9.151819606205847890e+01,3.090197195302347666e+01
1.597000000000000064e+01,-8.964962019823465411e+00,2.318064276042364824e+01,9.250023416744961935e+01,2.971368801778851321e+01
1.598000000000000043e+01,-8.992265743524056276e+00,2.202242610573300396e+01,9.342735471637210765e+01,2.847300818487257956e+01
1.599000000000000021e+01,-9.021033343781901692e+00,2.086863028945662180e+01,9.429615584080680435e+01,2.718514024741319091e+01
1.600000000000000000e+01,-9.051054484811089651e+00,1.971953494494201919e+01,9.510439003682893144e+01,2.585524119948798472e+01
