f_GHz,S11_dB,S11_deg,ReZin_ohm,ImZin_ohm
1.000000000000000000e+00,-3.591014713539140146e-01,-1.303360695170695180e+02,1.254603726891647897e+00,-2.312510351900807848e+01
1.010000000000000009e+00,-3.618018492247369045e-01,-1.319187246335190764e+02,1.248275500022365536e+00,-2.229234515783850767e+01
1.020000000000000018e+00,-3.667051539347527256e-01,-1.335082612768682964e+02,1.249919247516839915e+00,-2.146609351012714839e+01
1.030000000000000027e+00,-3.735922959848687608e-01,-1.351015535727172505e+02,1.258558049611286478e+00,-2.064760210519607497e+01
1.040000000000000036e+00,-3.821049895656583040e-01,-1.366961727362659360e+02,1.272800004978595467e+00,-1.983771210499125459e+01
1.050000000000000044e+00,-3.917845950998750104e-01,-1.382906350316078772e+02,1.290985820152152019e+00,-1.903675346122331646e+01
1.060000000000000053e+00,-4.021206121145792234e-01,-1.398845623845820398e+02,1.311356609492512204e+00,-1.824449339124922886e+01
1.070000000000000062e+00,-4.126045518743114981e-01,-1.414787394274555368e+02,1.332228007606981457e+00,-1.746013582525821661e+01
1.080000000000000071e+00,-4.227842217827664228e-01,-1.430750594750345215e+02,1.352155852889743715e+00,-1.668237175892963720e+01
1.090000000000000080e+00,-4.323131674354776521e-01,-1.446763623923239663e+02,1.370078794230580321e+00,-1.590947622734249833e+01
1.100000000000000089e+00,-4.409902783686565075e-01,-1.462861785546312774e+02,1.385424610726181172e+00,-1.513944318139916412e+01
1.110000000000000098e+00,-4.487854361902151590e-01,-1.479084036482717863e+02,1.398170067169777209e+00,-1.437014547282665688e+01
1.120000000000000107e+00,-4.558485218732248878e-01,-1.495469372116365037e+02,1.408848670860151309e+00,-1.359950417788622978e+01
1.129999999999999893e+00,-4.625009291636462683e-01,-1.512053220826994107e+02,1.418506251632700721e+00,-1.282565029389502875e+01
1.139999999999999902e+00,-4.692106824551819932e-01,-1.528864214651143811e+02,1.428610025181425103e+00,-1.204706280798618323e+01
1.149999999999999911e+00,-4.765540261542968725e-01,-1.545921652393159036e+02,1.440921763353851137e+00,-1.126267018831287103e+01
1.159999999999999920e+00,-4.851676787174085681e-01,-1.563233884216053298e+02,1.457349074187083593e+00,-1.047190694481926876e+01
1.169999999999999929e+00,-4.956966741596141590e-01,-1.580797739152890813e+02,1.479790150773414137e+00,-9.674722199724103078e+00
1.179999999999999938e+00,-5.087428232668007588e-01,-1.598599006585852464e+02,1.509986709197523869e+00,-8.871542286112672926e+00
1.189999999999999947e+00,-5.248184057593702212e-01,-1.616613884242647998e+02,1.549397631519006557e+00,-8.063193532516010009e+00
1.199999999999999956e+00,-5.443089098543519855e-01,-1.634811227759933843e+02,1.599102710416866469e+00,-7.250794211339218975e+00
1.209999999999999964e+00,-5.674476351860945345e-01,-1.653155383345435609e+02,1.659742509671070954e+00,-6.435626115536346781e+00
1.219999999999999973e+00,-5.943039042566383712e-01,-1.671609353806321963e+02,1.731497187287958539e+00,-5.618996639464248766e+00
1.229999999999999982e+00,-6.247855674416105121e-01,-1.690138035200534716e+02,1.814104397577502192e+00,-4.802101948691284150e+00
1.239999999999999991e+00,-6.586554662401586935e-01,-1.708711262809763980e+02,1.906914078819730518e+00,-3.985901156766901821e+00
1.250000000000000000e+00,-6.955605375098545817e-01,-1.727306419140881815e+02,2.008975885152270546e+00,-3.171010556743736331e+00
1.260000000000000009e+00,-7.350712958651133277e-01,-1.745910383786401212e+02,2.119153062026224887e+00,-2.357625864514002689e+00
1.270000000000000018e+00,-7.767285476754615114e-01,-1.764520647461145870e+02,2.236254627272082018e+00,-1.545478956343688148e+00
1.280000000000000027e+00,-8.200934373222330542e-01,-1.783145472585475204e+02,2.359175917141483669e+00,-7.338335168714578138e-01
1.290000000000000036e+00,-8.647964148344557955e-01,1.798196939629695237e+02,2.487036182223471226e+00,7.847876658145891415e-02
1.300000000000000044e+00,-9.105805714870178758e-01,1.779480224672416853e+02,2.619301370128351625e+00,8.929832485837104761e-01
1.310000000000000053e+00,-9.573351216886559767e-01,1.760672426515931193e+02,2.755880877534894857e+00,1.711454134093422397e+00
1.320000000000000062e+00,-1.005115654294072680e+00,1.741739132553327352e+02,2.897189077984267502e+00,2.535782102809392313e+00
1.330000000000000071e+00,-1.054149075349721354e+00,1.722646874195445719e+02,3.044165724651795468e+00,3.367829500490965078e+00
1.340000000000000080e+00,-1.104822756942530182e+00,1.703366465395185116e+02,3.198253467684921691e+00,4.209286200410370604e+00
1.350000000000000089e+00,-1.157659061545663226e+00,1.683875960864685339e+02,3.361335069828995437e+00,5.061538983357037225e+00
1.360000000000000098e+00,-1.213277880214512550e+00,1.664162963018909238e+02,3.535636759014500363e+00,5.925565508845608065e+00
1.370000000000000107e+00,-1.272350903825934409e+00,1.644226082614169684e+02,3.723606972412863758e+00,6.801861055750294760e+00
1.379999999999999893e+00,-1.335551928199390836e+00,1.624075449129082642e+02,3.927781255865463006e+00,7.690402784813674231e+00
1.389999999999999902e+00,-1.403507571651076091e+00,1.603732258948425056e+02,4.150644339641969438e+00,8.590652908896359463e+00
1.399999999999999911e+00,-1.476752441353264222e+00,1.583227430902722972e+02,4.394499724221407000e+00,9.501599279366150341e+00
1.409999999999999920e+00,-1.555692155881779115e+00,1.562599503045960603e+02,4.661355900936131391e+00,1.042182968581543889e+01
1.419999999999999929e+00,-1.640576852162650479e+00,1.541891950156855842e+02,4.952836982606454441e+00,1.134963454626818447e+01
1.429999999999999938e+00,-1.731486979704895068e+00,1.521150130579964923e+02,5.270124244313272754e+00,1.228313139010416322e+01
1.439999999999999947e+00,-1.828332367008478565e+00,1.500418087649576648e+02,5.613933867345197726e+00,1.322040331755401255e+01
1.449999999999999956e+00,-1.930864739248872031e+00,1.479735438559815464e+02,5.984534829781948062e+00,1.415964226297338158e+01
1.459999999999999964e+00,-2.038703047215822295e+00,1.459134583544681334e+02,6.381809069134300572e+00,1.509928640005274936e+01
1.469999999999999973e+00,-2.151370106778687674e+00,1.438638459179530003e+02,6.805353450146433225e+00,1.603813966028902627e+01
1.479999999999999982e+00,-2.268338144319025584e+00,1.418259037659028081e+02,7.254619570266966022e+00,1.697546056344509324e+01
1.489999999999999991e+00,-2.389079944430426039e+00,1.397996734233688301e+02,7.729083188236447910e+00,1.791100795327043471e+01
1.500000000000000000e+00,-2.513121506761286206e+00,1.377840824051568802e+02,8.228430573734650366e+00,1.884503328397200761e+01
1.510000000000000009e+00,-2.640091588424832825e+00,1.357770887585289472e+02,8.752745133154782309e+00,1.977821301931718878e+01
1.520000000000000018e+00,-2.769763395712053100e+00,1.337759206208333467e+02,9.302675148739485422e+00,2.071152026190425488e+01
1.530000000000000027e+00,-2.902084112853231535e+00,1.317773927623877341e+02,9.879563093316349409e+00,2.164604124743783586e+01
1.540000000000000036e+00,-3.037188946605613893e+00,1.297782730036807095e+02,1.048551906346292029e+01,2.258274882737025990e+01
1.550000000000000044e+00,-3.175397836434383336e+00,1.277756649929782782e+02,1.112342519384748130e+01,2.352225048971819987e+01
1.560000000000000053e+00,-3.317194732947330138e+00,1.257673712920353495e+02,1.179686379015020492e+01,2.446453205939025821e+01
1.570000000000000062e+00,-3.463191117080568926e+00,1.237522024910510652e+02,1.250996842958924660e+01,2.540871967576687851e+01
1.580000000000000071e+00,-3.614076955754825793e+00,1.217302037359317808e+02,1.326720359484686718e+01,2.635288216593944099e+01
1.590000000000000080e+00,-3.770563372061274787e+00,1.197027784529780376e+02,1.407308405387640882e+01,2.729389404046522927e+01
1.600000000000000089e+00,-3.933321867325547228e+00,1.176726986900782492e+02,1.493185016218941641e+01,2.822737657308810810e+01
1.610000000000000098e+00,-4.102925002676149902e+00,1.156440009338550539e+02,1.584711988544724903e+01,2.914773102009836947e+01
1.620000000000000107e+00,-4.279793146981604401e+00,1.136217745270587329e+02,1.682154300931454927e+01,3.004827371801371783e+01
1.629999999999999893e+00,-4.464151374570384689e+00,1.116118565319220863e+02,1.785648776251882452e+01,3.092147681388385294e+01
1.639999999999999902e+00,-4.655999973550991378e+00,1.096204522613839032e+02,1.895179425544666785e+01,3.175930977092901486e+01
1.649999999999999911e+00,-4.855101362208296578e+00,1.076537052713657232e+02,2.010563116787654536e+01,3.255366491110949312e+01
1.659999999999999920e+00,-5.060985484172784155e+00,1.057172449348794743e+02,2.131448972082011295e+01,3.329683543140795621e+01
1.669999999999999929e+00,-5.272974870504640421e+00,1.038157440516124552e+02,2.257333974540543764e+01,3.398199841934390975e+01
1.679999999999999938e+00,-5.490229393983562467e+00,1.019525229567555016e+02,2.387595513690771298e+01,3.460364195049585589e+01
1.689999999999999947e+00,-5.711809199455767150e+00,1.001292392577178276e+02,2.521539075371507366e+01,3.515786909319940889e+01
1.699999999999999956e+00,-5.936752370810109092e+00,9.834570203764653229e+01,2.658456336236827156e+01,3.564251710420520425e+01
1.709999999999999964e+00,-6.164161741982711717e+00,9.659984431165609919e+01,2.797686172455518516e+01,3.605704975554029801e+01
1.719999999999999973e+00,-6.393293207612176232e+00,9.488787634569997920e+01,2.938669282173455599e+01,3.640221338154457698e+01
1.729999999999999982e+00,-6.623636409374416445e+00,9.320462499754185615e+01,3.080986881405920386e+01,3.667948749065328684e+01
1.739999999999999991e+00,-6.854978261159047292e+00,9.154404214716224431e+01,3.224375534214579631e+01,3.689040028795241710e+01
1.750000000000000000e+00,-7.087440778765029314e+00,8.989984201168273614e+01,3.368713410517012363e+01,3.703580946668759566e+01
1.760000000000000009e+00,-7.321487138110779114e+00,8.826620727338935524e+01,3.513977509292417523e+01,3.711526288629929127e+01
1.770000000000000018e+00,-7.557893456741280325e+00,8.663849185872003034e+01,3.660175845425112584e+01,3.712655016312159972e+01
1.780000000000000027e+00,-7.797687816169144526e+00,8.501384655804849899e+01,3.807262574028992930e+01,3.706553658464373058e+01
1.790000000000000036e+00,-8.042061739174963364e+00,8.339170246666061814e+01,3.955047077830841573e+01,3.692633902543281721e+01
1.800000000000000044e+00,-8.292262064336348715e+00,8.177406381340338726e+01,4.103109980311952398e+01,3.670186345299504893e+01
1.810000000000000053e+00,-8.549472610976282638e+00,8.016558187957316761e+01,4.250739764210742777e+01,3.638467756755678550e+01
1.820000000000000062e+00,-8.814695287309874061e+00,7.857340111672677097e+01,4.396902957823926528e+01,3.596814176066619240e+01
1.830000000000000071e+00,-9.088639755820452137e+00,7.700678436517364389e+01,4.540258301787495299e+01,3.544766996252599967e+01
1.840000000000000080e+00,-9.371629947548015593e+00,7.547653555574798645e+01,4.679220489787849857e+01,3.482194608816027426e+01
1.850000000000000089e+00,-9.663535039984923358e+00,7.399424691330494852e+01,4.812071882926460376e+01,3.409389365798014637e+01
1.860000000000000098e+00,-9.963732155997398365e+00,7.257140641348128440e+01,4.937111704446895288e+01,3.327120043271642658e+01
1.870000000000000107e+00,-1.027110782480634654e+01,7.121841335616234403e+01,5.052823333213179779e+01,3.236624799960867449e+01
1.879999999999999893e+00,-1.058410462541111663e+01,6.994356763235954588e+01,5.158033920343194012e+01,3.139538869189931702e+01
1.889999999999999902e+00,-1.090081759019964558e+01,6.875212123020898503e+01,5.252039101144602284e+01,3.037763344538632282e+01
1.899999999999999911e+00,-1.121914102723527584e+01,6.764550451724164759e+01,5.334670339759264834e+01,2.933293430024840021e+01
1.909999999999999920e+00,-1.153695992883962163e+01,6.662085625207784290e+01,5.406292705198701043e+01,2.828032994415176660e+01
1.919999999999999929e+00,-1.185237142930932563e+01,6.567098349599197604e+01,5.467733964068869312e+01,2.723624726638609772e+01
1.929999999999999938e+00,-1.216391244337313537e+01,6.478484487278012693e+01,5.520158184039932081e+01,2.621321178042559552e+01
1.939999999999999947e+00,-1.247076240086892263e+01,6.394858408379619163e+01,5.564905501778289931e+01,2.521913149772744234e+01
1.949999999999999956e+00,-1.277288799280930753e+01,6.314704866947386108e+01,5.603322889468826418e+01,2.425721122776141314e+01
1.959999999999999964e+00,-1.307110212078747224e+01,6.236563339943730000e+01,5.636609084201720776e+01,2.332645551465007472e+01
1.969999999999999973e+00,-1.336702147760642845e+01,6.159221682099077100e+01,5.665691983867631620e+01,2.242264605923960374e+01
1.979999999999999982e+00,-1.366292332380732155e+01,6.081893641109557080e+01,5.691150667541781161e+01,2.153963759420008373e+01
1.989999999999999991e+00,-1.396151736527847120e+01,6.004357857517884156e+01,5.713188129424990791e+01,2.067079906876479356e+01
2.000000000000000000e+00,-1.426565893211486191e+01,5.927043022914986636e+01,5.731655346149241836e+01,1.981042589050727543e+01
2.009999999999999787e+00,-1.457803297862441738e+01,5.851052142542594225e+01,5.746122303365214634e+01,1.895495796665368360e+01
2.020000000000000018e+00,-1.490083577981851803e+01,5.778125571123626969e+01,5.755986790000104492e+01,1.810385706806917838e+01
2.029999999999999805e+00,-1.523547576973308892e+01,5.710546011795705112e+01,5.760607142263985736e+01,1.726002971117438989e+01
2.040000000000000036e+00,-1.558231060439409355e+01,5.650988961368997110e+01,5.759441283264577294e+01,1.642973269586396867e+01
2.049999999999999822e+00,-1.594043735458518540e+01,5.602320632456861915e+01,5.752172445443675741e+01,1.562196718664145578e+01
2.060000000000000053e+00,-1.630755813609634330e+01,5.567344745515038795e+01,5.738802998263364685e+01,1.484744509335325624e+01
2.069999999999999840e+00,-1.667995338850171905e+01,5.548502875837269954e+01,5.719702345706019742e+01,1.411728228252714246e+01
2.080000000000000071e+00,-1.705260506754154903e+01,5.547543159047208405e+01,5.695602348856439789e+01,1.344161836164784951e+01
2.089999999999999858e+00,-1.741951405131278463e+01,5.565190332476130664e+01,5.667542542116639481e+01,1.282836937809522837e+01
2.100000000000000089e+00,-1.777423915818450695e+01,5.600873529816727370e+01,5.636775397215618710e+01,1.228228617088125674e+01
2.109999999999999876e+00,-1.811064045238022402e+01,5.652587833655162797e+01,5.604647199568314875e+01,1.180442811050509810e+01
2.120000000000000107e+00,-1.842373920291130318e+01,5.716966416385316307e+01,5.572471867783068689e+01,1.139208804912827411e+01
2.129999999999999893e+00,-1.871053296293729318e+01,5.789608254888019445e+01,5.541413570949529088e+01,1.103913801351732182e+01
2.140000000000000124e+00,-1.897056600832195272e+01,5.865641365694796150e+01,5.512390427094254619e+01,1.073671855975494971e+01
2.149999999999999911e+00,-1.920608789609876510e+01,5.940425057846780277e+01,5.486007292032254412e+01,1.047417073101611962e+01
2.160000000000000142e+00,-1.942173700869705399e+01,6.010243725900369327e+01,5.462521754535642060e+01,1.024010364870399492e+01
2.169999999999999929e+00,-1.962381759795812997e+01,6.072847193868837223e+01,5.441844426234873566e+01,1.002349485835895848e+01
2.180000000000000160e+00,-1.981933527555507268e+01,6.127745987623853807e+01,5.423572351995450447e+01,9.814727366721598401e+00
2.189999999999999947e+00,-2.001497895462934906e+01,6.176242883071376610e+01,5.407052413420112202e+01,9.606473293529868229e+00
2.200000000000000178e+00,-2.021619501273534070e+01,6.221238288485550783e+01,5.391469469789209512e+01,9.394340331352749374e+00
2.209999999999999964e+00,-2.042643156676760796e+01,6.266867805547814640e+01,5.375951465241792704e+01,9.177208473532003197e+00
2.220000000000000195e+00,-2.064657811599722237e+01,6.318019872956516991e+01,5.359681074179066229e+01,8.957206424316218829e+00
2.229999999999999982e+00,-2.087461083199785605e+01,6.379757596401010034e+01,5.342001354886568976e+01,8.739313025365706977e+00
2.240000000000000213e+00,-2.110547755516671842e+01,6.456652339054515721e+01,5.322502249714828082e+01,8.530616902088032916e+00
2.250000000000000000e+00,-2.133130282688752999e+01,6.552044871543250792e+01,5.301076344783828631e+01,8.339319123808612844e+00
2.259999999999999787e+00,-2.154202969091610242e+01,6.667293398552359918e+01,5.277936233435767832e+01,8.173606549586908798e+00
2.270000000000000018e+00,-2.172659432193969309e+01,6.801142026823596609e+01,5.253591479857656310e+01,8.040545577027751634e+00
2.279999999999999805e+00,-2.187460601750809275e+01,6.949415666448486206e+01,5.228789279126219469e+01,7.945140490194717131e+00
2.290000000000000036e+00,-2.197827878315453987e+01,7.105254829938287742e+01,5.204428006123260531e+01,7.889669173491724585e+00
2.299999999999999822e+00,-2.203412758477588440e+01,7.259985964788884871e+01,5.181455858743289156e+01,7.873360963361382581e+00
2.310000000000000053e+00,-2.204387654148627718e+01,7.404490920345010352e+01,5.160767386423793823e+01,7.892429856573471625e+00
2.319999999999999840e+00,-2.201424642538172094e+01,7.530712888846585429e+01,5.143109261727160941e+01,7.940432716593239348e+00
2.330000000000000071e+00,-2.195570950098921514e+01,7.632871093328277823e+01,5.129004069881005989e+01,8.008892834264440097e+00
2.339999999999999858e+00,-2.188066408250961103e+01,7.708101758361473799e+01,5.118698071702933561e+01,8.088114353483240038e+00
2.350000000000000089e+00,-2.180158156664515090e+01,7.756491676561348925e+01,5.112136452473549753e+01,8.168108292250245484e+00
2.359999999999999876e+00,-2.172952144861263335e+01,7.780665229012397788e+01,5.108967664565886935e+01,8.239550284306194072e+00
2.370000000000000107e+00,-2.167315736635448076e+01,7.785147606641582740e+01,5.108576864840833309e+01,8.294689308095218649e+00
2.379999999999999893e+00,-2.163826266866043113e+01,7.775681512949947205e+01,5.110146694062970596e+01,8.328124566521468708e+00
2.390000000000000124e+00,-2.162752273098877964e+01,7.758589332943410000e+01,5.112741360701711812e+01,8.337367269209824627e+00
2.399999999999999911e+00,-2.164055139433973807e+01,7.740199394998758464e+01,5.115407104424808438e+01,8.323111087181976231e+00
2.410000000000000142e+00,-2.167404578828173101e+01,7.726314395514323508e+01,5.117279020159674019e+01,8.289155483126979362e+00
2.419999999999999929e+00,-2.172208141598317610e+01,7.721693717019448400e+01,5.117681751874235374e+01,8.241962891714766926e+00
2.430000000000000160e+00,-2.177660360232229309e+01,7.729544405217109215e+01,5.116210726447435775e+01,8.189880914549465984e+00
2.439999999999999947e+00,-2.182819160526490165e+01,7.751060908316374309e+01,5.112782159335175436e+01,8.142114861291201322e+00
2.450000000000000178e+00,-2.186713687462051325e+01,7.785107530182187929e+01,5.107644132826888494e+01,8.107580555245014864e+00
2.459999999999999964e+00,-2.188477618647215550e+01,7.828173400535231963e+01,5.101346890779759491e+01,8.093789621390834910e+00
2.470000000000000195e+00,-2.187487605449010175e+01,7.874712451860622764e+01,5.094676731174703121e+01,8.105912940079084805e+00
2.479999999999999982e+00,-2.183474726277067290e+01,7.917889421170784203e+01,5.088562997218104300e+01,8.146135054611146842e+00
2.490000000000000213e+00,-2.176576862431192438e+01,7.950611348294901859e+01,5.083970602706834541e+01,8.213363372506076843e+00
2.500000000000000000e+00,-2.167315671763120122e+01,7.966605478170775712e+01,5.081791010121411745e+01,8.303304579236687744e+00
2.509999999999999787e+00,-2.156506663197859197e+01,7.961284147046927728e+01,5.082743114851676580e+01,8.408878197773852037e+00
2.520000000000000018e+00,-2.145131070324442035e+01,7.932229237430590274e+01,5.087293011428496214e+01,8.520909218259125950e+00
2.529999999999999805e+00,-2.134203733492880417e+01,7.879273344422060177e+01,5.095599042936614609e+01,8.629027232542981096e+00
2.540000000000000036e+00,-2.124662538550071389e+01,7.804270791063315471e+01,5.107486405916436212e+01,8.722693149322223505e+00
2.549999999999999822e+00,-2.117290309567210471e+01,7.710696140250857411e+01,5.122453930021508484e+01,8.792269918373943227e+00
2.560000000000000053e+00,-2.112667649882434517e+01,7.603189285455401603e+01,5.139714069658631246e+01,8.830046614263853400e+00
2.569999999999999840e+00,-2.111148790414790000e+01,7.487117889206786003e+01,5.158265036905557110e+01,8.831116050531516493e+00
2.580000000000000071e+00,-2.112851617970925844e+01,7.368179315731939028e+01,5.176990912830580527e+01,8.794000092150808356e+00
2.589999999999999858e+00,-2.117655642185453857e+01,7.252029963949001967e+01,5.194781502602808132e+01,8.720922646314431148e+00
2.600000000000000089e+00,-2.125205830758163472e+01,7.143913499646318144e+01,5.210659312184129277e+01,8.617656358524829585e+00
2.609999999999999876e+00,-2.134924800621234908e+01,7.048260369645990409e+01,5.223897578324170610e+01,8.492918836075233457e+00
2.620000000000000107e+00,-2.146039900784527887e+01,6.968249115701507890e+01,5.234112234169636224e+01,8.357362537362838850e+00
2.629999999999999893e+00,-2.157634024003279194e+01,6.905355629662679462e+01,5.241313059007799069e+01,8.222274788781849253e+00
2.640000000000000124e+00,-2.168727636376033630e+01,6.858965303221432919e+01,5.245905036504802155e+01,8.098161068425071107e+00
2.649999999999999911e+00,-2.178392559080931790e+01,6.826169096142324122e+01,5.248638908366087463e+01,7.993408641606592369e+00
2.660000000000000142e+00,-2.185885391721688364e+01,6.801877874952144509e+01,5.250518010138821978e+01,7.913211868022621331e+00
2.669999999999999929e+00,-2.190774278823715804e+01,6.779338404652031613e+01,5.252674657024418536e+01,7.858891292286100061e+00
2.680000000000000160e+00,-2.193025329722087946e+01,6.751015197352087682e+01,5.256232369065974552e+01,7.827672370145144498e+00
2.689999999999999947e+00,-2.193021989352854106e+01,6.709662206064425050e+01,5.262170053975958695e+01,7.812925339671672909e+00
2.700000000000000178e+00,-2.191511496074092591e+01,6.649327444755900274e+01,5.271201886909889112e+01,7.804819088635487567e+00
2.709999999999999964e+00,-2.189496649697126784e+01,6.566065185932232851e+01,5.283683444462993606e+01,7.791313180786702652e+00
2.720000000000000195e+00,-2.188105274421033286e+01,6.458253562932556235e+01,5.299551825984617182e+01,7.759398741418690904e+00
2.729999999999999982e+00,-2.188468385805819594e+01,6.326554129536014415e+01,5.318305499498838884e+01,7.696490921013455555e+00
2.740000000000000213e+00,-2.191625706718745903e+01,6.173635936523906764e+01,5.339028110343696909e+01,7.591863819152782966e+00
2.750000000000000000e+00,-2.198462672984192778e+01,6.003800912170709836e+01,5.360458558271491114e+01,7.437999013986789976e+00
2.759999999999999787e+00,-2.209672761669260410e+01,5.822612077211540083e+01,5.381106201381621901e+01,7.231695482139993914e+00
2.770000000000000018e+00,-2.225734484626743281e+01,5.636573954542786424e+01,5.399404438620358349e+01,6.974774422221197590e+00
2.779999999999999805e+00,-2.246892342774561513e+01,5.452866701077611822e+01,5.413888520682104399e+01,6.674224719039754561e+00
2.790000000000000036e+00,-2.273133542375088112e+01,5.279098397551558719e+01,5.423375900423732787e+01,6.341687966303362067e+00
2.799999999999999822e+00,-2.304156369960217177e+01,5.123011670097005066e+01,5.427122413638566911e+01,5.992278236150486492e+00
2.810000000000000053e+00,-2.339332094384900174e+01,4.992059606424638929e+01,5.424927739866756582e+01,5.642854604691130760e+00
2.819999999999999840e+00,-2.377671210364585619e+01,4.892757876720922638e+01,5.417170232957339948e+01,5.309980641478555086e+00
2.830000000000000071e+00,-2.417817354417998743e+01,4.829745653415660911e+01,5.404763280806800196e+01,5.007876990500771619e+00
2.839999999999999858e+00,-2.458105677513431786e+01,4.804582681919413290e+01,5.389039556929404284e+01,4.746675927793712724e+00
2.850000000000000089e+00,-2.496727264270519697e+01,4.814502336005140393e+01,5.371581666629067797e+01,4.531220776146588136e+00
2.859999999999999876e+00,-2.532020553340695201e+01,4.851593100352599919e+01,5.354024547469665407e+01,4.360543733414969481e+00
2.870000000000000107e+00,-2.562853004144012914e+01,4.903022134364210416e+01,5.337855635528035947e+01,4.228040592374496143e+00
2.879999999999999893e+00,-2.588981038963855141e+01,4.952690591140554233e+01,5.324234705327743455e+01,4.122272143560832269e+00
2.890000000000000124e+00,-2.611243826957231207e+01,4.984061816054305893e+01,5.313849214588442038e+01,4.028274133713816596e+00
2.899999999999999911e+00,-2.631508812986209733e+01,4.983223678005165880e+01,5.306815620388989885e+01,3.929244916808122046e+00
2.910000000000000142e+00,-2.652414702179238759e+01,4.941121153384334974e+01,5.302633973284016378e+01,3.808483321633900243e+00
2.919999999999999929e+00,-2.677052944918136035e+01,4.854452470928806918e+01,5.300202004190014549e+01,3.651446579566831385e+00
2.930000000000000160e+00,-2.708729936690577489e+01,4.725478538625236524e+01,5.297894313904500763e+01,3.447774111121378660e+00
2.939999999999999947e+00,-2.750889249434380091e+01,4.561439535355544450e+01,5.293709772657820878e+01,3.193076719002724939e+00
2.950000000000000178e+00,-2.807214145779349579e+01,4.374347359171731142e+01,5.285483653095227652e+01,2.890239671562713664e+00
2.959999999999999964e+00,-2.881913709126647660e+01,4.181937091162451026e+01,5.271149620726365725e+01,2.549965637523798900e+00
2.970000000000000195e+00,-2.980219959635597249e+01,4.010962660067453101e+01,5.249022335584708543e+01,2.190327602025462728e+00
2.979999999999999982e+00,-3.109157589449734971e+01,3.905582156942911354e+01,5.218058764667619442e+01,1.835235773632555523e+00
2.990000000000000213e+00,-3.278536790720658445e+01,3.948534841303556675e+01,5.178051527391090758e+01,1.511932789426629897e+00
3.000000000000000000e+00,-3.500747050312185848e+01,4.318463681289426859e+01,5.129715342563262226e+01,1.247860839372245456e+00
3.009999999999999787e+00,-3.776930947362411217e+01,5.442645951066891286e+01,5.074647860218778561e+01,1.067409120504418718e+00
3.020000000000000018e+00,-4.000793810792363558e+01,8.071271592093427216e+01,5.015172978249865565e+01,9.890808496322940346e-01
3.029999999999999805e+00,-3.896284939815100756e+01,1.135658380100557281e+02,4.954098800326948293e+01,1.023499869902706694e+00
3.040000000000000036e+00,-3.594811198429749766e+01,1.313200504458600903e+02,4.894435475557239812e+01,1.172455882254193726e+00
3.049999999999999822e+00,-3.320401429245727343e+01,1.375566655603794572e+02,4.839117183802437694e+01,1.428950841090798285e+00
3.060000000000000053e+00,-3.104431279622181350e+01,1.386030143816992961e+02,4.790760356159952238e+01,1.778037042361176656e+00
3.069999999999999840e+00,-2.936632834308856133e+01,1.372165315868159041e+02,4.751473304700863309e+01,2.198169951972970715e+00
3.080000000000000071e+00,-2.806249177633590719e+01,1.345904804951690892e+02,4.722717346410910721e+01,2.662829704842128109e+00
3.089999999999999858e+00,-2.705796402781554377e+01,1.313176477071202157e+02,4.705210490505432830e+01,3.142257982131789973e+00
3.100000000000000089e+00,-2.630312085143739509e+01,1.277421473716051565e+02,4.698863169566935483e+01,3.605266655015236577e+00
3.109999999999999876e+00,-2.576488730937379046e+01,1.241000280910635070e+02,4.702740494320875086e+01,4.021162237093347969e+00
3.120000000000000107e+00,-2.542071218147471967e+01,1.205843919151606514e+02,4.715054986470295262e+01,4.361867350769256468e+00
3.129999999999999893e+00,-2.525428470969361072e+01,1.173817709844145440e+02,4.733204742197994364e+01,4.604288247012301660e+00
3.140000000000000124e+00,-2.525179256737471434e+01,1.146974273230126187e+02,4.753880629861961182e+01,4.732867943007446954e+00
3.149999999999999911e+00,-2.539748834241502351e+01,1.127758829425675913e+02,4.773267618443144045e+01,4.742088692289724960e+00
3.160000000000000142e+00,-2.566707946308292065e+01,1.119150713672100608e+02,4.787354857694514720e+01,4.638488162589236907e+00
3.169999999999999929e+00,-2.601731349169086371e+01,1.124601263520880252e+02,4.792344408663822719e+01,4.441612593307337598e+00
3.180000000000000160e+00,-2.637177897497995716e+01,1.147402269909788259e+02,4.785113343519937956e+01,4.183350906114379875e+00
3.189999999999999947e+00,-2.661065075715021777e+01,1.188915691270404409e+02,4.763650173576287017e+01,3.905350207495492665e+00
3.200000000000000178e+00,-2.658762866317206175e+01,1.245702270186867509e+02,4.727371249682897769e+01,3.654681619923848324e+00
3.209999999999999964e+00,-2.619551592809874307e+01,1.307992280910315515e+02,4.677239182198940881e+01,3.478451897132872173e+00
3.220000000000000195e+00,-2.543952199436064632e+01,1.363138518797225913e+02,4.615652779509693460e+01,3.418410504641952841e+00
3.229999999999999982e+00,-2.443107526941089702e+01,1.402060085421022109e+02,4.546138923755723482e+01,3.506606940441846731e+00
3.240000000000000213e+00,-2.331030396225559187e+01,1.422021505427548504e+02,4.472925486581161181e+01,3.762801788284447557e+00
3.250000000000000000e+00,-2.218576348636546669e+01,1.424712683467084275e+02,4.400492065424349875e+01,4.193796056268122463e+00
3.259999999999999787e+00,-2.112217314232987775e+01,1.413437047831832842e+02,4.333179999585963316e+01,4.794351737618672615e+00
3.270000000000000018e+00,-2.015169565955898179e+01,1.391494598230444240e+02,4.274907625701722225e+01,5.549098540354563625e+00
3.279999999999999805e+00,-1.928735714751951136e+01,1.361631516215001625e+02,4.228998578349965953e+01,6.434791318418693784e+00
3.290000000000000036e+00,-1.853224243882303313e+01,1.325988890782849694e+02,4.198102821120576778e+01,7.422429410089273816e+00
3.299999999999999822e+00,-1.788474234640589344e+01,1.286209091418474770e+02,4.184176348826652969e+01,8.478968483981091708e+00
3.310000000000000053e+00,-1.734130751006225779e+01,1.243563266112321486e+02,4.188484114958588123e+01,9.568565846779556239e+00
3.319999999999999840e+00,-1.689781929651235259e+01,1.199059559795951060e+02,4.211597270872110244e+01,1.065346179343834798e+01
3.330000000000000071e+00,-1.655023054366567692e+01,1.153526386491907942e+02,4.253366418928796122e+01,1.169470581444269186e+01
3.339999999999999858e+00,-1.629482438417148416e+01,1.107675011563291037e+02,4.312865234449311913e+01,1.265299420363227689e+01
3.350000000000000089e+00,-1.612826701731480838e+01,1.062147191589157984e+02,4.388312935225965816e+01,1.348989821822473623e+01
3.359999999999999876e+00,-1.604753687615219349e+01,1.017552731628861551e+02,4.476999414730100568e+01,1.416972010107439850e+01
3.370000000000000107e+00,-1.604976079210825546e+01,9.745004910413017285e+01,4.575251917086630726e+01,1.466209679009475586e+01
3.379999999999999893e+00,-1.613195612943259860e+01,9.336250517733049037e+01,4.678492825391546006e+01,1.494525806413485114e+01
3.390000000000000124e+00,-1.629065522700336643e+01,8.956098717700008649e+01,4.781437486024893246e+01,1.500954442247982357e+01
3.399999999999999911e+00,-1.652137011527730692e+01,8.612059471179294690e+01,4.878461273121958897e+01,1.486046523250426610e+01
3.410000000000000142e+00,-1.681784269101940055e+01,8.312422796692895588e+01,4.964123049302749280e+01,1.452036467969609923e+01
3.419999999999999929e+00,-1.717102884535239937e+01,8.066201514138012385e+01,5.033775484272455714e+01,1.402782840645257600e+01
3.430000000000000160e+00,-1.756781118169645595e+01,7.882769385035429366e+01,5.084142398269315777e+01,1.343440605535910493e+01
3.439999999999999947e+00,-1.798957451689814491e+01,7.770979833572316409e+01,5.113726420333902922e+01,1.279896378634611942e+01
3.450000000000000178e+00,-1.841107671738448914e+01,7.737520734589077165e+01,5.122943339190305778e+01,1.218073491221348803e+01
3.459999999999999964e+00,-1.880051201394315896e+01,7.784403260819019010e+01,5.113954234235720264e+01,1.163255621111080984e+01
3.470000000000000195e+00,-1.912205304768956537e+01,7.905984610292907178e+01,5.090250916160285755e+01,1.119566177890189174e+01
3.479999999999999982e+00,-1.934178871537106659e+01,8.086798117229315608e+01,5.056107820339036607e+01,1.089683626273811434e+01
3.490000000000000213e+00,-1.943611210002916678e+01,8.302093886135621403e+01,5.016024962056118142e+01,1.074800090303229716e+01
3.500000000000000000e+00,-1.939892127729247306e+01,8.522188853163014244e+01,4.974257760371300918e+01,1.074773071262205093e+01
3.509999999999999787e+00,-1.924328983028545537e+01,8.719262789397637903e+01,4.934482308046459309e+01,1.088394055276578420e+01
3.520000000000000018e+00,-1.899644892085510151e+01,8.873245862980076026e+01,4.899601154066242259e+01,1.113701164595531701e+01
3.529999999999999805e+00,-1.869128810508839678e+01,8.974205511013680336e+01,4.871667194384448862e+01,1.148283358327726589e+01
3.540000000000000036e+00,-1.835880726755460302e+01,9.021244755452347874e+01,4.851893306189613497e+01,1.189547725938668954e+01
3.549999999999999822e+00,-1.802382289873875010e+01,9.019658607165348485e+01,4.840717921311384231e+01,1.234940530521064872e+01
3.560000000000000053e+00,-1.770373028312261710e+01,8.978027734256933456e+01,4.837905231588720767e+01,1.282123693401168829e+01
3.569999999999999840e+00,-1.740907133753610481e+01,8.906045064813804402e+01,4.842667832856298560e+01,1.329111971283613869e+01
3.580000000000000071e+00,-1.714478952632271103e+01,8.813159800303289160e+01,4.853806123818382900e+01,1.374374539167263443e+01
3.589999999999999858e+00,-1.691154235600235722e+01,8.707827400841446774e+01,4.869861347609070634e+01,1.416900885082080741e+01
3.600000000000000089e+00,-1.670683643621021375e+01,8.597124835686202005e+01,4.889277915166823618e+01,1.456227454519897258e+01
3.609999999999999876e+00,-1.652596383508619482e+01,8.486558873365076749e+01,4.910566806890592062e+01,1.492420358344927855e+01
3.620000000000000107e+00,-1.636280081738523151e+01,8.379974511346584620e+01,4.932457414481699232e+01,1.526011724230625788e+01
3.629999999999999893e+00,-1.621053890056492364e+01,8.279532433204552433e+01,4.954022418707094744e+01,1.557892704558071451e+01
3.640000000000000124e+00,-1.606238962506526491e+01,8.185763464758380792e+01,4.974760973466882774e+01,1.589173227994908011e+01
3.649999999999999911e+00,-1.591225934978171885e+01,8.097724193071483967e+01,4.994630128686588222e+01,1.621024939935736597e+01
3.660000000000000142e+00,-1.575534541345572137e+01,8.013271777636749960e+01,5.014022072165005284e+01,1.654527146561645523e+01
3.669999999999999929e+00,-1.558857730706173683e+01,7.929451367215324353e+01,5.033693219722183443e+01,1.690534741805047858e+01
3.680000000000000160e+00,-1.541082991737140162e+01,7.842956548003395767e+01,5.054658004449510145e+01,1.729582393929379691e+01
3.689999999999999947e+00,-1.522287263142261438e+01,7.750596862534936804e+01,5.078063750643412533e+01,1.771832343408653188e+01
3.700000000000000178e+00,-1.502707431325683629e+01,7.649699739712100666e+01,5.105062939001916078e+01,1.817066147297949996e+01
3.709999999999999964e+00,-1.482693592108694780e+01,7.538390738714723227e+01,5.136696365823821253e+01,1.864715308693703832e+01
3.720000000000000195e+00,-1.462654924627327446e+01,7.415727859009280110e+01,5.173796667375601999e+01,1.913922704786651963e+01
3.729999999999999982e+00,-1.443007566383058382e+01,7.281698790676391297e+01,5.216917822111462044e+01,1.963625847678590830e+01
3.740000000000000213e+00,-1.424131152364386566e+01,7.137112747961403159e+01,5.266293388490623073e+01,2.012653439695621671e+01
3.750000000000000000e+00,-1.406337225419768977e+01,6.983426756683041958e+01,5.321824513998812733e+01,2.059827451289924127e+01
3.759999999999999787e+00,-1.389849828756806183e+01,6.822542651291345805e+01,5.383097735469531386e+01,2.104063352666113573e+01
3.770000000000000018e+00,-1.374796848217838630e+01,6.656601382739711426e+01,5.449431590943365933e+01,2.144460949551377382e+01
3.779999999999999805e+00,-1.361210046117866490e+01,6.487790880300958918e+01,5.519949447798218500e+01,2.180377800288911061e+01
3.790000000000000036e+00,-1.349031853408942716e+01,6.318175842326954950e+01,5.593673432563659986e+01,2.211477095279559890e+01
3.799999999999999822e+00,-1.338127436671261350e+01,6.149553487251121453e+01,5.669631158129954684e+01,2.237742940763714117e+01
3.810000000000000053e+00,-1.328300991459063241e+01,5.983338053932752132e+01,5.746963843600189392e+01,2.259458749988661097e+01
3.819999999999999840e+00,-1.319315424746443988e+01,5.820477527929152473e+01,5.825022480413760917e+01,2.277148893621504655e+01
3.830000000000000071e+00,-1.310914495711724115e+01,5.661407244556193774e+01,5.903438890702805253e+01,2.291489190583152435e+01
3.839999999999999858e+00,-1.302846122804863427e+01,5.506045282756637960e+01,5.982161285403591222e+01,2.303196982406404203e+01
3.850000000000000089e+00,-1.294885078355956942e+01,5.353832860192264320e+01,6.061448888175401351e+01,2.312915073520842668e+01
3.859999999999999876e+00,-1.286852898018599412e+01,5.203818886344185302e+01,6.141826243256581819e+01,2.321104805129703053e+01
3.870000000000000107e+00,-1.278632761981740273e+01,5.054781973967221376e+01,6.224003548164569111e+01,2.327961817813222467e+01
3.879999999999999893e+00,-1.270177511277647042e+01,4.905377006546397212e+01,6.308773549129715263e+01,2.333364299564771471e+01
3.890000000000000124e+00,-1.261509839445018244e+01,4.754288732255407979e+01,6.396897642022560859e+01,2.336858821552488052e+01
3.899999999999999911e+00,-1.252714859402608027e+01,4.600373422287177050e+01,6.488993978579685518e+01,2.337684313921432278e+01
3.910000000000000142e+00,-1.243926382226433880e+01,4.442771982094285477e+01,6.585439206239193766e+01,2.334830991313951998e+01
3.919999999999999929e+00,-1.235309060933739111e+01,4.280983327583426501e+01,6.686293672928064780e+01,2.327128218744483945e+01
3.930000000000000160e+00,-1.227038877788642779e+01,4.114893677310097075e+01,6.791257945349548208e+01,2.313353122619402313e+01
3.939999999999999947e+00,-1.219284294840664629e+01,3.944763814359360765e+01,6.899666333408265473e+01,2.292349807643449466e+01
3.950000000000000178e+00,-1.212189893287253994e+01,3.771181008589188366e+01,7.010520435440670894e+01,2.263147172587192202e+01
3.959999999999999964e+00,-1.205863702252922920e+01,3.594984697504130366e+01,7.122562067687954368e+01,2.225061802738657235e+01
3.970000000000000195e+00,-1.200368836434688546e+01,3.417175514214210352e+01,7.234380124319636707e+01,2.177771980736075719e+01
3.979999999999999982e+00,-1.195719621642896691e+01,3.238816560880638207e+01,7.344540319798554151e+01,2.121350434202558333e+01
3.990000000000000213e+00,-1.191882101354678802e+01,3.060934734684479253e+01,7.451721481010817172e+01,2.056247720529303180e+01
4.000000000000000000e+00,-1.188778640074414739e+01,2.884428972305512673e+01,7.554838650487043594e+01,1.983225095006803329e+01
4.009999999999999787e+00,-1.186296198692057757e+01,2.709991695003668966e+01,7.653133229749846578e+01,1.903244261943980575e+01
4.019999999999999574e+00,-1.184297687371788932e+01,2.538049378251063004e+01,7.746214470789131212e+01,1.817329651665414048e+01
4.030000000000000249e+00,-1.182635568235049561e+01,2.368727660413610181e+01,7.834044323961667544e+01,1.726424636319057981e+01
4.040000000000000036e+00,-1.181166595562105393e+01,2.201845276074654834e+01,7.916867301190042383e+01,1.631264812123088603e+01
4.049999999999999822e+00,-1.179766307315065532e+01,2.036938988306575027e+01,7.995096355574816016e+01,1.532288746946467839e+01
4.059999999999999609e+00,-1.178341715191553440e+01,1.873318539817643114e+01,8.069172811441805493e+01,1.429600296117940594e+01
4.070000000000000284e+00,-1.176840679798867306e+01,1.710146810853179034e+01,8.139422009259277502e+01,1.322988380419263876e+01
4.080000000000000071e+00,-1.175256760715449111e+01,1.546536622140311046e+01,8.205926517927179020e+01,1.212001695742202756e+01
4.089999999999999858e+00,-1.173628880501671468e+01,1.381652888031824133e+01,8.268436174394125260e+01,1.096068354302175685e+01
4.099999999999999645e+00,-1.172035837268689562e+01,1.214807870878918017e+01,8.326329632164919303e+01,9.746444448871548261e+00
4.110000000000000320e+00,-1.170586390055253112e+01,1.045538389945238222e+01,8.378636033369694758e+01,8.473710568095302875e+00
4.120000000000000107e+00,-1.169406175663717917e+01,8.736566710657831081e+00,8.424118004672708082e+01,7.142166258004820634e+00
4.129999999999999893e+00,-1.168623001890279944e+01,6.992703007269228443e+00,8.461408529121337097e+01,5.755811251116048410e+00
4.139999999999999680e+00,-1.168352090173800661e+01,5.227705493120579305e+00,8.489184971792815304e+01,4.323415962533834644e+00
4.150000000000000355e+00,-1.168682672970903624e+01,3.447914359163119169e+00,8.506355116531013039e+01,2.858256040301514478e+00
4.160000000000000142e+00,-1.169667085733242118e+01,1.661440106118415416e+00,8.512224752227989200e+01,1.377103165952896280e+00
4.169999999999999929e+00,-1.171313221156598594e+01,-1.226846489307655830e-01,8.506616417807246933e+01,-1.014154278054358593e-01
4.179999999999999716e+00,-1.173580986667060522e+01,-1.895480693072775447e+00,8.489915580355439317e+01,-1.558846924763767072e+00
4.190000000000000391e+00,-1.176383225963954615e+01,-3.649055188435810670e+00,8.463032979893561958e+01,-2.979003110404028654e+00
4.200000000000000178e+00,-1.179591387282089165e+01,-5.377613614535639464e+00,8.427287240088770659e+01,-4.349762418729849145e+00
4.209999999999999964e+00,-1.183045974433090386e+01,-7.078361007924877768e+00,8.384226129048109044e+01,-5.664289949700435756e+00
4.219999999999999751e+00,-1.186571435702501631e+01,-8.752192557257933103e+00,8.335414570568499926e+01,-6.921491001635970974e+00
4.230000000000000426e+00,-1.189994605647471282e+01,-1.040407112350717966e+01,8.282221004102495954e+01,-8.125644752032867402e+00
4.240000000000000213e+00,-1.193165166424043022e+01,-1.204300280954795710e+01,8.225631521005296065e+01,-9.285284504769981240e+00
4.250000000000000000e+00,-1.195975979021676672e+01,-1.368155745838591741e+01,8.166115412511000216e+01,-1.041147946658998613e+01
4.259999999999999787e+00,-1.198380756495333976e+01,-1.533493876481185580e+01,8.103558643871303957e+01,-1.151572763513746978e+01
4.269999999999999574e+00,-1.200406610431579679e+01,-1.701967928312413747e+01,8.037274760997600254e+01,-1.260769987225972955e+01
4.280000000000000249e+00,-1.202159593820397276e+01,-1.875210165356642023e+01,7.966095977154856200e+01,-1.369309394853821438e+01
4.290000000000000036e+00,-1.203822405617069791e+01,-2.054672915006509015e+01,7.888539810350555115e+01,-1.477186929620094347e+01
4.299999999999999822e+00,-1.205644656691574568e+01,-2.241483248904669878e+01,7.803037654571743076e+01,-1.583713063158354828e+01
4.309999999999999609e+00,-1.207927183490271617e+01,-2.436326458664839834e+01,7.708201045880053925e+01,-1.687489270152028809e+01
4.320000000000000284e+00,-1.211002551013923068e+01,-2.639367270142467348e+01,7.603090882876503542e+01,-1.786486896582408690e+01
4.330000000000000071e+00,-1.215213991407367189e+01,-2.850210794801864012e+01,7.487447988096192830e+01,-1.878227735258769115e+01
4.339999999999999858e+00,-1.220894646157669428e+01,-3.067899468242267957e+01,7.361844197369599385e+01,-1.960046631022869690e+01
4.349999999999999645e+00,-1.228348313008784132e+01,-3.290938879136746209e+01,7.227724080707065468e+01,-2.029398279724375342e+01
4.360000000000000320e+00,-1.237832170132683629e+01,-3.517344740942026249e+01,7.087327283565019798e+01,-2.084159221706117648e+01
4.370000000000000107e+00,-1.249541344237975871e+01,-3.744704893117431510e+01,6.943505174032060268e+01,-2.122876484960221433e+01
4.379999999999999893e+00,-1.263594818930153352e+01,-3.970253396993410178e+01,6.799465666826770871e+01,-2.144926920107771551e+01
4.389999999999999680e+00,-1.280022098032109312e+01,-4.190957748348740353e+01,6.658490573849650218e+01,-2.150571818672875324e+01
4.400000000000000355e+00,-1.298750270868973899e+01,-4.403624287361165557e+01,6.523668327287060720e+01,-2.140912981722396324e+01
4.410000000000000142e+00,-1.319591696649574430e+01,-4.605030365564838490e+01,6.397673717413881889e+01,-2.117772531048638385e+01
4.419999999999999929e+00,-1.342233458621526054e+01,-4.792093801152374510e+01,6.282610576417106074e+01,-2.083525985658864954e+01
4.429999999999999716e+00,-1.366231024911691350e+01,-4.962089165952820480e+01,6.179918587115268735e+01,-2.040916718793627282e+01
4.440000000000000391e+00,-1.391010053054498208e+01,-5.112914416090671921e+01,6.090335286990491426e+01,-1.992872729484416894e+01
4.450000000000000178e+00,-1.415881583080615336e+01,-5.243398026877905238e+01,6.013900098910260539e+01,-1.942337400543179626e+01
4.459999999999999964e+00,-1.440076185170927303e+01,-5.353615119333048256e+01,5.949988096039205487e+01,-1.892117674197544730e+01
4.469999999999999751e+00,-1.462800845165727459e+01,-5.445154019589813998e+01,5.897365405748490019e+01,-1.844747751461064311e+01
4.480000000000000426e+00,-1.483317540328209283e+01,-5.521251963839210930e+01,5.854263638234015588e+01,-1.802364734594414131e+01
4.490000000000000213e+00,-1.501034809144808335e+01,-5.586716396028987930e+01,5.818475626273244927e+01,-1.766594436313605954e+01
4.500000000000000000e+00,-1.515595548847967144e+01,-5.647581791936423201e+01,5.787477519443051932e+01,-1.738450098677915889e+01
4.509999999999999787e+00,-1.526940105522582414e+01,-5.710521807673070072e+01,5.758581693675178315e+01,-1.718252661703678186e+01
4.519999999999999574e+00,-1.535327324605341204e+01,-5.782118639485413070e+01,5.729120402552354818e+01,-1.705586592456213424e+01
4.530000000000000249e+00,-1.541307652281713203e+01,-5.868144883078686291e+01,5.696651987023443553e+01,-1.699307817801788900e+01
4.540000000000000036e+00,-1.545656678308248111e+01,-5.973007176894785886e+01,5.659171545554227123e+01,-1.697617835716125256e+01
4.549999999999999822e+00,-1.549287734575484876e+01,-6.099438983120263202e+01,5.615299409764299554e+01,-1.698209567895131400e+01
4.559999999999999609e+00,-1.553164171435370022e+01,-6.248446844934640154e+01,5.564417333790289177e+01,-1.698477040726411857e+01
4.570000000000000284e+00,-1.558226662460291578e+01,-6.419449839906657473e+01,5.506726779997673304e+01,-1.695766074476988905e+01
4.580000000000000071e+00,-1.565342541375834884e+01,-6.610525288766849883e+01,5.443216211883652988e+01,-1.687631855787135748e+01
4.589999999999999858e+00,-1.575276826842743105e+01,-6.818680729092258730e+01,5.375541694822607752e+01,-1.672065993270279094e+01
4.599999999999999645e+00,-1.588680190847513884e+01,-7.040096419327927890e+01,5.305841872921427438e+01,-1.647662017967027737e+01
4.610000000000000320e+00,-1.606087583487722981e+01,-7.270309037475054481e+01,5.236519174403515819e+01,-1.613702155212186184e+01
4.620000000000000107e+00,-1.627921477854264509e+01,-7.504327647291812298e+01,5.170021063950493101e+01,-1.570164714384884341e+01
4.629999999999999893e+00,-1.654494635969171412e+01,-7.736685789612761255e+01,5.108648981091053543e+01,-1.517665393005403196e+01
4.639999999999999680e+00,-1.686008177116764273e+01,-7.961440741442962121e+01,5.054411617671254220e+01,-1.457353765909365428e+01
4.650000000000000355e+00,-1.722541208537350954e+01,-8.172135919720086861e+01,5.008927514697808192e+01,-1.390787556332899833e+01
4.660000000000000142e+00,-1.764028321530030041e+01,-8.361748710848674193e+01,4.973372782524542401e+01,-1.319803517588000297e+01
4.669999999999999929e+00,-1.810221107973976373e+01,-8.522657434155695455e+01,4.948464526392857721e+01,-1.246397425320956387e+01
4.679999999999999716e+00,-1.860630151615648131e+01,-8.646681572716993003e+01,4.934469181019198203e+01,-1.172619144450604800e+01
4.690000000000000391e+00,-1.914446033007787662e+01,-8.725281741993887863e+01,4.931226392144616710e+01,-1.100483544088999110e+01
4.700000000000000178e+00,-1.970444204381201203e+01,-8.750047759680687420e+01,4.938182038178248945e+01,-1.031894861521059958e+01
4.709999999999999964e+00,-2.026892686233683349e+01,-8.713636300416533231e+01,4.954427325026939144e+01,-9.685809847198049383e+00
4.719999999999999751e+00,-2.081506021811190266e+01,-8.611291899835276809e+01,4.978743780131652130e+01,-9.120346881261035321e+00
4.730000000000000426e+00,-2.131518660560034917e+01,-8.442901415596101344e+01,5.009655874993148217e+01,-8.634606113693367391e+00
4.740000000000000213e+00,-2.173961441453048238e+01,-8.215107371846079332e+01,5.045493605607678234e+01,-8.237291355371519685e+00
4.750000000000000000e+00,-2.206170601983323820e+01,-7.942447424026822489e+01,5.084466547873903153e+01,-7.933406566124445725e+00
4.759999999999999787e+00,-2.226415028848023425e+01,-7.646298025297963363e+01,5.124748806083869113e+01,-7.724054236247693161e+00
4.769999999999999574e+00,-2.234371791817724784e+01,-7.351215298029285350e+01,5.164571303088958132e+01,-7.606444966230776039e+00
4.780000000000000249e+00,-2.231184588448481421e+01,-7.079894848103694471e+01,5.202314736936908446e+01,-7.574160926200528721e+00
4.790000000000000036e+00,-2.219069116769646399e+01,-6.849008126283088416e+01,5.236594163921629530e+01,-7.617686263489559906e+00
4.799999999999999822e+00,-2.200692536275082034e+01,-6.667510107061782776e+01,5.266325433046691273e+01,-7.725176297935994363e+00
4.809999999999999609e+00,-2.178617470614717178e+01,-6.537371984651092305e+01,5.290765106798725270e+01,-7.883394233840337328e+00
4.820000000000000284e+00,-2.154968208011932518e+01,-6.455607056171297131e+01,5.309518965052223649e+01,-8.078710846453132532e+00
4.830000000000000071e+00,-2.131317719374077413e+01,-6.416446745852186950e+01,5.322518958006409662e+01,-8.298048913877721589e+00
4.839999999999999858e+00,-2.108717678317078992e+01,-6.413052626274024703e+01,5.329973375023718773e+01,-8.529664233333846823e+00
4.849999999999999645e+00,-2.087792816385790928e+01,-6.438629406146250744e+01,5.332298829061911505e+01,-8.763686005614605534e+00
4.860000000000000320e+00,-2.068849051733833022e+01,-6.487040689216505029e+01,5.330044599937784966e+01,-8.992382614278408681e+00
4.870000000000000107e+00,-2.051971368867709344e+01,-6.553084141420309550e+01,5.323819713322161107e+01,-9.210163478290247951e+00
4.879999999999999893e+00,-2.037103654225603577e+01,-6.632557468005579437e+01,5.314231204200770975e+01,-9.413364230465539606e+00
4.889999999999999680e+00,-2.024110221638260043e+01,-6.722204325487227550e+01,5.301839016986635045e+01,-9.599885317652189443e+00
4.900000000000000355e+00,-2.012821269625487020e+01,-6.819594777269257690e+01,5.287129689947485645e+01,-9.768761934097566879e+00
4.910000000000000142e+00,-2.003064782902433194e+01,-6.922972930178495687e+01,5.270507975524114386e+01,-9.919738027314329187e+00
4.919999999999999929e+00,-1.994686983055399310e+01,-7.031092473954028321e+01,5.252303242642092584e+01,-1.005290270423018661e+01
4.929999999999999716e+00,-1.987563050670600262e+01,-7.143055071706979220e+01,5.232786053661961745e+01,-1.016842775572104784e+01
4.940000000000000391e+00,-1.981599696593270821e+01,-7.258163626792470779e+01,5.212189712072463976e+01,-1.026642374219817633e+01
4.950000000000000178e+00,-1.976731222161537005e+01,-7.375800232014884728e+01,5.190731750791858445e+01,-1.034691193615356575e+01
4.959999999999999964e+00,-1.972910853099056538e+01,-7.495336051136870026e+01,5.168631136904177481e+01,-1.040989252563365319e+01
4.969999999999999751e+00,-1.970099236154294786e+01,-7.616077302279677497e+01,5.146118232766435341e+01,-1.045547739495706274e+01
4.980000000000000426e+00,-1.968251979007834862e+01,-7.737248207343003514e+01,5.123436072076621883e+01,-1.048404946415945815e+01
4.990000000000000213e+00,-1.967307981065485833e+01,-7.858008661058330802e+01,5.100833062696374043e+01,-1.049641022095340581e+01
5.000000000000000000e+00,-1.967180076308806846e+01,-7.977501734621822038e+01,5.078548605467543098e+01,-1.049388216007815622e+01
5.009999999999999787e+00,-1.967749229638544151e+01,-8.094923998441311142e+01,5.056794152368649975e+01,-1.047834207864902467e+01
5.019999999999999574e+00,-1.968863215548572043e+01,-8.209609887445277820e+01,5.035732820238681740e+01,-1.045217282899677436e+01
5.030000000000000249e+00,-1.970340349647879208e+01,-8.321119795784223072e+01,5.015460808930540537e+01,-1.041813338434058878e+01
5.040000000000000036e+00,-1.971978401050068541e+01,-8.429320314974360429e+01,4.995993592883910850e+01,-1.037915837457295254e+01
5.049999999999999822e+00,-1.973568250395714685e+01,-8.534444367864375636e+01,4.977259250155677250e+01,-1.033810751631771296e+01
5.059999999999999609e+00,-1.974911178704235226e+01,-8.637119573152146756e+01,4.959100460437089453e+01,-1.029749198902592866e+01
5.070000000000000284e+00,-1.975837956678664042e+01,-8.738355701917475926e+01,4.941285731186402330e+01,-1.025920852613974077e+01
5.080000000000000071e+00,-1.976227316789475452e+01,-8.839486937504392472e+01,4.923529372674425275e+01,-1.022431266333308741e+01
5.089999999999999858e+00,-1.976021141367531087e+01,-8.942071466470827090e+01,4.905518709311242276e+01,-1.019286008897434037e+01
5.099999999999999645e+00,-1.975233960065748562e+01,-9.047758432166752129e+01,4.886946070088250593e+01,-1.016383927571016521e+01
5.110000000000000320e+00,-1.973955154023747127e+01,-9.158138535749721143e+01,4.867542352481513745e+01,-1.013520963270529229e+01
5.120000000000000107e+00,-1.972343456963501040e+01,-9.274597687858559425e+01,4.847108525518393662e+01,-1.010404784348842533e+01
5.129999999999999893e+00,-1.970614617086679488e+01,-9.398192107966956144e+01,4.825541442983323748e+01,-1.006679201170120486e+01
5.139999999999999680e+00,-1.969024095775040450e+01,-9.529558527151091596e+01,4.802850841556431760e+01,-1.001956051288556182e+01
5.150000000000000355e+00,-1.967847192579408855e+01,-9.668866266062646275e+01,4.779165378624379912e+01,-9.958512168967894596e+00
5.160000000000000142e+00,-1.967358951062304584e+01,-9.815811001810841674e+01,4.754726894228210199e+01,-9.880208476183213406e+00
5.169999999999999929e+00,-1.967815742713248639e+01,-9.969644710335157356e+01,4.729873547331774830e+01,-9.781938339852784381e+00
5.179999999999999716e+00,-1.969439765465807923e+01,-1.012923339909153668e+02,4.705013826008200795e+01,-9.661971172322202150e+00
5.190000000000000391e+00,-1.972407044075207594e+01,-1.029313373621528029e+02,4.680594438819785807e+01,-9.519714167158150886e+00
5.200000000000000178e+00,-1.976839027032519169e+01,-1.045968083860047670e+02,4.657065619529686984e+01,-9.355762073777164289e+00
5.209999999999999964e+00,-1.982797596300087761e+01,-1.062708140216505512e+02,4.634847391087109258e+01,-9.171840568144654426e+00
5.219999999999999751e+00,-1.990283227615978490e+01,-1.079350824502958517e+02,4.614299913554734189e+01,-8.970655366031120792e+00
5.230000000000000426e+00,-1.999236102599251907e+01,-1.095719363778022597e+02,4.595700326373648892e+01,-8.755667307915960151e+00
5.240000000000000213e+00,-2.009540102793110705e+01,-1.111651923408601164e+02,4.579227646452525136e+01,-8.530818366655369189e+00
5.250000000000000000e+00,-2.021029730351409626e+01,-1.127009995169932637e+02,4.564956432155855737e+01,-8.300235196826717399e+00
5.259999999999999787e+00,-2.033500026600790989e+01,-1.141685796724476063e+02,4.552859152281986610e+01,-8.067936143763132506e+00
5.269999999999999574e+00,-2.046719439525832129e+01,-1.155608146631587800e+02,4.542816541527931662e+01,-7.837565288147794185e+00
5.280000000000000249e+00,-2.060445294456053489e+01,-1.168746151622485030e+02,4.534634678741450386e+01,-7.612173648548631100e+00
5.290000000000000036e+00,-2.074441066340033757e+01,-1.181110011001906770e+02,4.528067079799592420e+01,-7.394063346913650747e+00
5.299999999999999822e+00,-2.088494117572525965e+01,-1.192748372912775636e+02,4.522839751711966017e+01,-7.184705391814531161e+00
5.309999999999999609e+00,-2.102432095302822290e+01,-1.203742003713583699e+02,4.518676928227187517e+01,-6.984735732984596268e+00
5.320000000000000284e+00,-2.116135950941679766e+01,-1.214194030860307834e+02,4.515325138678012706e+01,-6.794027514613427243e+00
5.330000000000000071e+00,-2.129547696890307762e+01,-1.224217596487600304e+02,4.512573394941323102e+01,-6.611830414293939029e+00
5.339999999999999858e+00,-2.142671595857501643e+01,-1.233922266127990497e+02,4.510267644289093880e+01,-6.436961318747257188e+00
5.349999999999999645e+00,-2.155568389646687066e+01,-1.243400825600086534e+02,4.508318221207986198e+01,-6.268025271862431858e+00
5.360000000000000320e+00,-2.168343198991645693e+01,-1.252718079623862906e+02,4.506699786071767733e+01,-6.103642525625171622e+00
5.370000000000000107e+00,-2.181128605959550271e+01,-1.261902948146848900e+02,4.505444068940877145e+01,-5.942657241534869961e+00
5.379999999999999893e+00,-2.194064970230949285e+01,-1.270944644144605036e+02,4.504626526505950324e+01,-5.784306068284124969e+00
5.389999999999999680e+00,-2.207280166756973117e+01,-1.279793158455478022e+02,4.504348657489602203e+01,-5.628330069466854546e+00
5.400000000000000355e+00,-2.220870737062890754e+01,-1.288363803975463497e+02,4.504718124647369137e+01,-5.475020468296803777e+00
5.410000000000000142e+00,-2.234886073243038851e+01,-1.296545251227891242e+02,4.505828962963720841e+01,-5.325196368800678925e+00
5.419999999999999929e+00,-2.249316860477149405e+01,-1.304210314016662551e+02,4.507744023222893759e+01,-5.180119981903508197e+00
5.429999999999999716e+00,-2.264088690815842853e+01,-1.311228657577244405e+02,4.510481452665804625e+01,-5.041361123006158351e+00
5.440000000000000391e+00,-2.279061540591028745e+01,-1.317480523746990571e+02,4.514006512722565390e+01,-4.910627351427340415e+00
5.450000000000000178e+00,-2.294035604554316876e+01,-1.322870437884777743e+02,4.518229442338698476e+01,-4.789578871991542641e+00
5.459999999999999964e+00,-2.308763676017374067e+01,-1.327339668793266867e+02,4.523009450575882795e+01,-4.679648191407301816e+00
5.469999999999999751e+00,-2.322969725588770729e+01,-1.330876010824319167e+02,4.528164310522811320e+01,-4.581883589183822103e+00
5.480000000000000426e+00,-2.336372499520606993e+01,-1.333519367534297260e+02,4.533484469156083918e+01,-4.496832831981799394e+00
5.490000000000000213e+00,-2.348711907282064004e+01,-1.335361793807389290e+02,4.538750126126898010e+01,-4.424479376051841939e+00
5.500000000000000000e+00,-2.359774946928222406e+01,-1.336541220530276632e+02,4.543749413178573349e+01,-4.364237803139594973e+00
5.509999999999999787e+00,-2.369417309569157482e+01,-1.337229045768627316e+02,4.548295669366343930e+01,-4.315008827228138166e+00
5.519999999999999574e+00,-2.377576983087968898e+01,-1.337612953307789212e+02,4.552241889626220939e+01,-4.275287509533773012e+00
5.530000000000000249e+00,-2.384277299490052826e+01,-1.337877382117071647e+02,4.555490736504139448e+01,-4.243312124522829798e+00
5.540000000000000036e+00,-2.389618743143196866e+01,-1.338184657166430611e+02,4.557999023971135699e+01,-4.217236292269623377e+00
5.549999999999999822e+00,-2.393760938685675299e+01,-1.338659684162759902e+02,4.559776247946709304e+01,-4.195304281473597463e+00
5.559999999999999609e+00,-2.396897945429139298e+01,-1.339380346584704284e+02,4.560877460288887875e+01,-4.176009246429915223e+00
5.570000000000000284e+00,-2.399230858941466238e+01,-1.340374595953992696e+02,4.561391458408152744e+01,-4.158216624568964015e+00
5.580000000000000071e+00,-2.400941671287721846e+01,-1.341624059517409080e+02,4.561425796420910928e+01,-4.141239586794632999e+00
5.589999999999999858e+00,-2.402171601772673171e+01,-1.343073090272211516e+02,4.561090448185198909e+01,-4.124859558031870321e+00
5.599999999999999645e+00,-2.403006056831129555e+01,-1.344641667915464325e+02,4.560482037948642642e+01,-4.109291499820661997e+00
5.610000000000000320e+00,-2.403467337323446529e+01,-1.346240380111616446e+02,4.559670409232752775e+01,-4.095099982065039335e+00
5.620000000000000107e+00,-2.403515348910446292e+01,-1.347785743647667402e+02,4.558688965258026826e+01,-4.083077347740652563e+00
5.629999999999999893e+00,-2.403055886971360877e+01,-1.349214243617558964e+02,4.557529739922913592e+01,-4.074099013379115952e+00
5.639999999999999680e+00,-2.401955468776370850e+01,-1.350493619265093628e+02,4.556143607330962197e+01,-4.068972907624205604e+00
5.650000000000000355e+00,-2.400061081544077268e+01,-1.351630128327560101e+02,4.554445467654772983e+01,-4.068300176803371748e+00
5.660000000000000142e+00,-2.397222596842235376e+01,-1.352670848285763157e+02,4.552323709856627687e+01,-4.072362660060758976e+00
5.669999999999999929e+00,-2.393315078137483454e+01,-1.353700588860880316e+02,4.549652794695727920e+01,-4.081049437963213400e+00
5.679999999999999716e+00,-2.388257977389665498e+01,-1.354833696511726657e+02,4.546307467671042701e+01,-4.093830270549735140e+00
5.690000000000000391e+00,-2.382028476365844938e+01,-1.356201827639372937e+02,4.542176938403438413e+01,-4.109778369763897210e+00
5.700000000000000178e+00,-2.374667058786839391e+01,-1.357939463208442135e+02,4.537177376783043314e+01,-4.127639239873942323e+00
5.709999999999999964e+00,-2.366274681099763910e+01,-1.360169325330195420e+02,4.531261284840938686e+01,-4.145936923669273355e+00
5.719999999999999751e+00,-2.357002337720915364e+01,-1.362989804854217653e+02,4.524422689345004756e+01,-4.163104605573849426e+00
5.730000000000000426e+00,-2.347035016629442694e+01,-1.366466031076520835e+02,4.516697618480463916e+01,-4.177623758733874482e+00
5.740000000000000213e+00,-2.336572725985380572e+01,-1.370625463415050262e+02,4.508159908212244460e+01,-4.188155285525684057e+00
5.750000000000000000e+00,-2.325811349523979388e+01,-1.375458081931392655e+02,4.498912949328562405e+01,-4.193647486760310628e+00
5.759999999999999787e+00,-2.314925664839573471e+01,-1.380920594573341305e+02,4.489078456882388934e+01,-4.193408964353867674e+00
5.769999999999999574e+00,-2.304056157547956118e+01,-1.386943669039291080e+02,4.478783659513344162e+01,-4.187139189474326173e+00
5.780000000000000249e+00,-2.293300515084482072e+01,-1.393441040092224910e+02,4.468148434261188129e+01,-4.174914755981776970e+00
5.790000000000000036e+00,-2.282710043307460879e+01,-1.400319374282301794e+02,4.457273850667380088e+01,-4.157134560424636582e+00
5.799999999999999822e+00,-2.272290777122618266e+01,-1.407487907411367303e+02,4.446233360112911726e+01,-4.134431673687840814e+00
5.809999999999999609e+00,-2.262008736337517689e+01,-1.414867036063295984e+02,4.435067513956479246e+01,-4.107563038832006796e+00
5.820000000000000284e+00,-2.251798556430624387e+01,-1.422395207472874858e+02,4.423782666590799550e+01,-4.077290085813749521e+00
5.830000000000000071e+00,-2.241574549251162551e+01,-1.430033609430825265e+02,4.412353666771460325e+01,-4.044263815888831992e+00
5.839999999999999858e+00,-2.231243096854735342e+01,-1.437768331860541764e+02,4.400730108067241275e+01,-4.008926934983533918e+00
5.849999999999999645e+00,-2.220715165350448927e+01,-1.445609875093966821e+02,4.388845336838600986e+01,-3.971443368544157693e+00
5.860000000000000320e+00,-2.209917686479101562e+01,-1.453590123939560499e+02,4.376627137487910346e+01,-3.931662217811292326e+00
5.870000000000000107e+00,-2.198802642611526181e+01,-1.461757174546406475e+02,4.364008856646967160e+01,-3.889119247463089568e+00
5.879999999999999893e+00,-2.187352937282209098e+01,-1.470168652064058108e+02,4.350939708024037600e+01,-3.843074733760139416e+00
5.889999999999999680e+00,-2.175584528741999790e+01,-1.478884338137301881e+02,4.337393122461348582e+01,-3.792582417960848495e+00
5.900000000000000355e+00,-2.163544791215898755e+01,-1.487958992366916959e+02,4.323372261538138162e+01,-3.736580886012459413e+00
5.910000000000000142e+00,-2.151307556571838120e+01,-1.497436180787357216e+02,4.308912168066795800e+01,-3.673996364837405881e+00
5.919999999999999929e+00,-2.138965682194942275e+01,-1.507343731880332314e+02,4.294078437663895187e+01,-3.603844990281500849e+00
5.929999999999999716e+00,-2.126622219951167736e+01,-1.517691171501290626e+02,4.278962707436451041e+01,-3.525323169413764113e+00
5.940000000000000391e+00,-2.114381303292443448e+01,-1.528469201206478090e+02,4.263675615693566101e+01,-3.437876614235710448e+00
5.950000000000000178e+00,-2.102339748342174985e+01,-1.539651033421857278e+02,4.248338144940075267e+01,-3.341241644564298952e+00
5.959999999999999964e+00,-2.090580134305282201e+01,-1.551195216001868573e+02,4.233072390744217728e+01,-3.235455983272148561e+00
5.969999999999999751e+00,-2.079165851044988500e+01,-1.563049478700543204e+02,4.217992793496583204e+01,-3.120839982787535938e+00
5.980000000000000426e+00,-2.068138328895009437e+01,-1.575155106524406392e+02,4.203198740316589266e+01,-2.997952549496121666e+00
5.990000000000000213e+00,-2.057516429576494232e+01,-1.587451371371042228e+02,4.188769217239292431e+01,-2.867528598080546054e+00
6.000000000000000000e+00,-2.047297789620461117e+01,-1.599879614106293388e+02,4.174759902996316896e+01,-2.730406435826100431e+00
6.009999999999999787e+00,-2.037461767768357390e+01,-1.612386649223208792e+02,4.161202783593654431e+01,-2.587453955927452309e+00
6.019999999999999574e+00,-2.027973549071821679e+01,-1.624927254828696164e+02,4.148108067915028840e+01,-2.439501943595898226e+00
6.030000000000000249e+00,-2.018788895927180249e+01,-1.637465608377171975e+02,4.135467930229991396e+01,-2.287291304698704231e+00
6.040000000000000036e+00,-2.009859009892310411e+01,-1.649975631775070894e+02,4.123261420669426514e+01,-2.131438825164047035e+00
6.049999999999999822e+00,-2.001134982050255218e+01,-1.662440315429212774e+02,4.111459786746258516e+01,-1.972423427586052158e+00
6.059999999999999609e+00,-1.992571369281937166e+01,-1.674850193336544919e+02,4.100031446548513969e+01,-1.810592113844096129e+00
6.070000000000000284e+00,-1.984128541168331950e+01,-1.687201230602594535e+02,4.088945946387978125e+01,-1.646182189304824739e+00
6.080000000000000071e+00,-1.975773592318150307e+01,-1.699492449081358245e+02,4.078176411209125973e+01,-1.479354262490244931e+00
6.089999999999999858e+00,-1.967479794010445460e+01,-1.711723645472056319e+02,4.067700233708625035e+01,-1.310229162984504425e+00
6.099999999999999645e+00,-1.959224746295536690e+01,-1.723893542731782418e+02,4.057498018470397483e+01,-1.138921494641579990e+00
6.110000000000000320e+00,-1.950987563132934355e+01,-1.735998659870015786e+02,4.047551066294302302e+01,-9.655631034261299428e-01
6.120000000000000107e+00,-1.942745556653776262e+01,-1.748033093314985251e+02,4.037837916785214532e+01,-7.903112275795574071e-01
6.129999999999999893e+00,-1.934470966012040805e+01,-1.759989286129935806e+02,4.028330633973951791e+01,-6.133383333918338565e-01
6.139999999999999680e+00,-1.926128292967241507e+01,-1.771859732732245618e+02,4.018991598174682878e+01,-4.348033518502329442e-01
6.150000000000000355e+00,-1.917672758712250669e+01,-1.783639439749314306e+02,4.009771545834291118e+01,-2.548068927587984200e-01
6.160000000000000142e+00,-1.909050287865156648e+01,-1.795328850420480649e+02,4.000609477490133514e+01,-7.333567824998478424e-02
6.169999999999999929e+00,-1.900199262615416984e+01,1.793063148254875045e+02,3.991434842761141510e+01,1.097964224879612039e-01
6.179999999999999716e+00,-1.891054082743013254e+01,1.781516568593754357e+02,3.982172131142834104e+01,2.950020458548673341e-01
6.190000000000000391e+00,-1.881550331012562438e+01,1.769998453635627982e+02,3.972747677496144547e+01,4.829596579827084013e-01
6.200000000000000178e+00,-1.871631101916038276e+01,1.758462183649481574e+02,3.963098167689007312e+01,6.746303738891924473e-01
6.209999999999999964e+00,-1.861253837969335834e+01,1.746848232429208849e+02,3.953180043354078066e+01,8.712460738105395341e-01
6.219999999999999751e+00,-1.850396871276116073e+01,1.735086480764778685e+02,3.942978795832294026e+01,1.074265585763810371e+00
6.230000000000000426e+00,-1.839064826422852050e+01,1.723099990812663123e+02,3.932517043139455382e+01,1.285299352509429172e+00
6.240000000000000213e+00,-1.827292127350193596e+01,1.710809936887771414e+02,3.921860322922718467e+01,1.506006890503676088e+00
6.250000000000000000e+00,-1.815144063391377571e+01,1.698141214460219715e+02,3.911119713116288210e+01,1.737974954309935649e+00
6.259999999999999787e+00,-1.802715175407840675e+01,1.685028145663785324e+02,3.900450692840328770e+01,1.982587122176152628e+00
6.269999999999999574e+00,-1.790125064374327479e+01,1.671419687720229490e+02,3.890048040953271169e+01,2.240897100600839131e+00
6.280000000000000249e+00,-1.777512035218995479e+01,1.657283629867350498e+02,3.880136986262821353e+01,2.513518181728249257e+00
6.290000000000000036e+00,-1.765025212013269496e+01,1.642609412531841429e+02,3.870961215331252703e+01,2.800539988207906283e+00
6.299999999999999822e+00,-1.752815866520151999e+01,1.627409383545391677e+02,3.862768661848639340e+01,3.101481142704423544e+00
6.309999999999999609e+00,-1.741028691934580053e+01,1.611718481875172415e+02,3.855796212708445125e+01,3.415283201091212639e+00
6.320000000000000284e+00,-1.729793654742664089e+01,1.595592479958749266e+02,3.850254557754212925e+01,3.740347548104443032e+00
6.330000000000000071e+00,-1.719218910897708241e+01,1.579105006430036156e+02,3.846314389345904061e+01,4.074613389915356265e+00
6.339999999999999858e+00,-1.709385118680032534e+01,1.562343612173586678e+02,3.844095044112314952e+01,4.415671793738672690e+00
6.349999999999999645e+00,-1.700341349967159843e+01,1.545405145954794079e+02,3.843656496881148144e+01,4.760908083780252653e+00
6.360000000000000320e+00,-1.692102709293552465e+01,1.528390688596819587e+02,3.844995387201920778e+01,5.107662850603024829e+00
6.370000000000000107e+00,-1.684649716054062196e+01,1.511400274135313282e+02,3.848045495942729133e+01,5.453400350693297760e+00
6.379999999999999893e+00,-1.677929477632821431e+01,1.494527615938565361e+02,3.852682799191693164e+01,5.795872154231225259e+00
6.389999999999999680e+00,-1.671858660848123534e+01,1.477855062388771330e+02,3.858734911240249232e+01,6.133263591252731572e+00
6.400000000000000355e+00,-1.666328234094880045e+01,1.461449029753683817e+02,3.865994392481711373e+01,6.464310977373507683e+00
6.410000000000000142e+00,-1.661209883699828893e+01,1.445356190958491709e+02,3.874235055754895285e+01,6.788378948963271320e+00
6.419999999999999929e+00,-1.656363893965664502e+01,1.429600722911248170e+02,3.883230083916563302e+01,7.105489664391269500e+00
6.429999999999999716e+00,-1.651648123046931360e+01,1.414182912405682373e+02,3.892770513523419851e+01,7.416299180241897382e+00
6.440000000000000391e+00,-1.646927525049920149e+01,1.399079372331018192e+02,3.902682492750771814e+01,7.722020836621829254e+00
6.450000000000000178e+00,-1.642083498540552355e+01,1.384245013611001411e+02,3.912841729943190927e+01,8.024300586161606574e+00
6.459999999999999964e+00,-1.637022230133976564e+01,1.369616755074684420e+02,3.923183738320583558e+01,8.325054260023843966e+00
6.469999999999999751e+00,-1.631681194979266536e+01,1.355118752148382555e+02,3.933708848902576705e+01,8.626281048427015818e+00
6.480000000000000426e+00,-1.626033102282949372e+01,1.340668721229164362e+02,3.944481470496329933e+01,8.929870294063924518e+00
6.490000000000000213e+00,-1.620086830679460732e+01,1.326184773762243765e+02,3.955623656667777510e+01,9.237419578030454659e+00
6.500000000000000000e+00,-1.613885246282169561e+01,1.311592091667981208e+02,3.967303613823459330e+01,9.550080876811358976e+00
6.509999999999999787e+00,-1.607500169139624191e+01,1.296828795096268720e+02,3.979720273625346039e+01,9.868448507784055579e+00
6.519999999999999574e+00,-1.601025077369969907e+01,1.281850470087603071e+02,3.993085398434558897e+01,1.019249817811095227e+01
6.530000000000000249e+00,-1.594566353569206107e+01,1.266633009187015233e+02,4.007604861754018089e+01,1.052158138023593814e+01
6.540000000000000036e+00,-1.588233958139586299e+01,1.251173630280884481e+02,4.023460749048279439e+01,1.085447429835628874e+01
6.549999999999999822e+00,-1.582132367506865123e+01,1.235490136074606937e+02,4.040795783723607570e+01,1.118947582293813880e+01
6.559999999999999609e+00,-1.576352477168035549e+01,1.219618628869055925e+02,4.059701335768193076e+01,1.152454552603707150e+01
6.570000000000000284e+00,-1.570964986677996222e+01,1.203609990311066156e+02,4.080209953279589286e+01,1.185746964500784983e+01
6.580000000000000071e+00,-1.566015598325351021e+01,1.187525477562844713e+02,4.102292997836199362e+01,1.218604124612862094e+01
6.589999999999999858e+00,-1.561522201299877999e+01,1.171431790368237671e+02,4.125863580599801139e+01,1.250823974781766346e+01
6.599999999999999645e+00,-1.557474089035536480e+01,1.155395945686043149e+02,4.150784597242999752e+01,1.282239487150264345e+01
6.610000000000000320e+00,-1.553833164514165688e+01,1.139480273119935703e+02,4.176881256542074539e+01,1.312732092562610298e+01
6.620000000000000107e+00,-1.550537012743971488e+01,1.123737824032201900e+02,4.203957107907370983e+01,1.342240923197556945e+01
6.629999999999999893e+00,-1.547503645016295692e+01,1.108208470885647188e+02,4.231812227962674200e+01,1.370766956571847572e+01
6.639999999999999680e+00,-1.544637633449590375e+01,1.092915954851861642e+02,4.260261967936788352e+01,1.398371567089511380e+01
6.650000000000000355e+00,-1.541837253277646091e+01,1.077866108316104317e+02,4.289154538891476420e+01,1.425169499467180678e+01
6.660000000000000142e+00,-1.539002142675502505e+01,1.063046423124309996e+02,4.318385759652501577e+01,1.451316828003529835e+01
6.669999999999999929e+00,-1.536040895518794258e+01,1.048427047641430647e+02,4.347909530432044534e+01,1.476994989623204191e+01
6.679999999999999716e+00,-1.532877948605945662e+01,1.033963176472309868e+02,4.377743010086943798e+01,1.502392402267060767e+01
6.690000000000000391e+00,-1.529459138400521212e+01,1.019598657264422314e+02,4.407966020058725576e+01,1.527685437997321216e+01
6.700000000000000178e+00,-1.525755400082774216e+01,1.005270500517716528e+02,4.438714800724623899e+01,1.553020571728558252e+01
6.709999999999999964e+00,-1.521764262197876505e+01,9.909138672386346514e+01,4.470170822780409736e+01,1.578499366429769424e+01
6.719999999999999751e+00,-1.517509030710710860e+01,9.764670499035763385e+01,4.502545831256632880e+01,1.604167614206101433e+01
6.730000000000000426e+00,-1.513035817013623507e+01,9.618759689394811119e+01,4.536064619228820050e+01,1.630009486866514479e+01
6.740000000000000213e+00,-1.508408799147357549e+01,9.470977793664965816e+01,4.570947169053221870e+01,1.655947028441155311e+01
6.750000000000000000e+00,-1.503704274639220273e+01,9.321033052073752856e+01,4.607391767398093663e+01,1.681844811191898970e+01
6.759999999999999787e+00,-1.499004144525948767e+01,9.168781677969559496e+01,4.645560524234017663e+01,1.707519126634725382e+01
6.769999999999999574e+00,-1.494389460035261763e+01,9.014226211529646093e+01,4.685568443157396246e+01,1.732750725046034646e+01
6.780000000000000249e+00,-1.489934582774375293e+01,8.857502311398330619e+01,4.727476838531786996e+01,1.757299864262459721e+01
6.790000000000000036e+00,-1.485702382902212548e+01,8.698856227425699217e+01,4.771291505014549017e+01,1.780922283240131776e+01
6.799999999999999822e+00,-1.481740755477584592e+01,8.538615688303714535e+01,4.816965640624525946e+01,1.803384675429753869e+01
6.809999999999999609e+00,-1.478080594988444574e+01,8.377157093550657407e+01,4.864407124812893102e+01,1.824478299863456598e+01
6.820000000000000284e+00,-1.474735244997122940e+01,8.214871807723976360e+01,4.913489378041111166e+01,1.844029534026347861e+01
6.830000000000000071e+00,-1.471701338295692096e+01,8.052134105001374564e+01,4.964064704154630192e+01,1.861906440915680960e+01
6.839999999999999858e+00,-1.468960861472390889e+01,7.889272970463193246e+01,5.015978772263453322e+01,1.878020785040530427e+01
6.849999999999999645e+00,-1.466484212531088360e+01,7.726549564662107628e+01,5.069084764181225466e+01,1.892325367646979828e+01
6.860000000000000320e+00,-1.464233968207491188e+01,7.564141706932458931e+01,5.123255725097251201e+01,1.904807023628218587e+01
6.870000000000000107e+00,-1.462169038746996819e+01,7.402136222727322945e+01,5.178393823616585934e+01,1.915476080957050797e+01
6.879999999999999893e+00,-1.460248865295056930e+01,7.240529426157628734e+01,5.234435546008415940e+01,1.924353470751417916e+01
6.889999999999999680e+00,-1.458437314078778613e+01,7.079235383625290012e+01,5.291352287882735084e+01,1.931456938762360309e+01
6.900000000000000355e+00,-1.456705947651687971e+01,6.918100966818533948e+01,5.349146313244327899e+01,1.936787908734071806e+01
6.910000000000000142e+00,-1.455036409485030191e+01,6.756926116807490246e+01,5.407842562592109914e+01,1.940320469644455414e+01
6.919999999999999929e+00,-1.453421742238748138e+01,6.595487282070958202e+01,5.467477244714233109e+01,1.941993713313209824e+01
6.929999999999999716e+00,-1.451866564639050949e+01,6.433561733054531828e+01,5.528084488092383708e+01,1.941708270069389997e+01
6.940000000000000391e+00,-1.450386144766683216e+01,6.270950440189332653e+01,5.589682522617116689e+01,1.939327426846941904e+01
6.950000000000000178e+00,-1.449004514108451858e+01,6.107497437925194106e+01,5.652260896486662745e+01,1.934682718452001282e+01
6.959999999999999964e+00,-1.447751853202892747e+01,5.943104048572214282e+01,5.715770111009956622e+01,1.927583410439671496e+01
6.969999999999999751e+00,-1.446661436211466700e+01,5.777736937061148836e+01,5.780114795585926402e+01,1.917828885202412081e+01
6.980000000000000426e+00,-1.445766443954853919e+01,5.611429624736437916e+01,5.845151173409188772e+01,1.905222636736400688e+01
6.990000000000000213e+00,-1.445096944274927075e+01,5.444277723176244166e+01,5.910689118522005003e+01,1.889586401034817698e+01
7.000000000000000000e+00,-1.444677300820684351e+01,5.276428692112324370e+01,5.976498615082144283e+01,1.870772917416648085e+01
7.009999999999999787e+00,-1.444524214600655831e+01,5.108067339050877109e+01,6.042319944334936110e+01,1.848675941913507614e+01
7.019999999999999574e+00,-1.444645535160693228e+01,4.939398547788938032e+01,6.107876493483469460e+01,1.823236415762432472e+01
7.030000000000000249e+00,-1.445039906988764145e+01,4.770628852958395782e+01,6.172888755757934831e+01,1.794444112349165366e+01
7.040000000000000036e+00,-1.445697246773594280e+01,4.601948481884557651e+01,6.237087920869853974e+01,1.762334606981231033e+01
7.049999999999999822e+00,-1.446599981849924532e+01,4.433515378925184791e+01,6.300227474813274142e+01,1.726981978172052834e+01
7.059999999999999609e+00,-1.447724922037714279e+01,4.265442523849819167e+01,6.362091449781319596e+01,1.688488184763659561e+01
7.070000000000000284e+00,-1.449045588540770524e+01,4.097789564743661117e+01,6.422498371253936966e+01,1.646970494506884464e+01
7.080000000000000071e+00,-1.450534787502326495e+01,3.930559418150474471e+01,6.481300492038050720e+01,1.602548600972231796e+01
7.089999999999999858e+00,-1.452167195593276716e+01,3.763700061444256306e+01,6.538378509983004960e+01,1.555333114444533571e+01
7.099999999999999645e+00,-1.453921723904945651e+01,3.597111281839883645e+01,6.593632553095086735e+01,1.505416938350164457e+01
7.110000000000000320e+00,-1.455783446592831254e+01,3.430655691837097976e+01,6.646970701648929492e+01,1.452870669257767844e+01
7.120000000000000107e+00,-1.457744922124447662e+01,3.264172919655418781e+01,6.698296637000620990e+01,1.397742637714318903e+01
7.129999999999999893e+00,-1.459806794612914516e+01,3.097495584018085424e+01,6.747498122035737822e+01,1.340063609679754641e+01
7.139999999999999680e+00,-1.461977634529353409e+01,2.930465505533436854e+01,6.794437918072193838e+01,1.279855571142391391e+01
7.150000000000000355e+00,-1.464273053778079614e+01,2.762948614050604590e+01,6.838948443804409294e+01,1.217143494600469822e+01
7.160000000000000142e+00,-1.466714200562812209e+01,2.594847181285593152e+01,6.880831021521723301e+01,1.151968596869919637e+01
7.169999999999999929e+00,-1.469325796430769948e+01,2.426108315566272111e+01,6.919859988513013604e+01,1.084401388429487234e+01
7.179999999999999716e+00,-1.472133915475747301e+01,2.256728057407541854e+01,6.955791342470818961e+01,1.014552811743435612e+01
7.190000000000000391e+00,-1.475163721215636947e+01,2.086750858617034865e+01,6.988375010302267754e+01,9.425819751047312067e+00
7.200000000000000178e+00,-1.478437370629302450e+01,1.916264662808033847e+01,7.017369352239333580e+01,8.686993914608089895e+00
7.209999999999999964e+00,-1.481972270236430234e+01,1.745392189881832223e+01,7.042556202922341413e+01,7.931651854076526398e+00
7.219999999999999751e+00,-1.485779830358723963e+01,1.574279332917849850e+01,7.063754657219075739e+01,7.162823693422470939e+00
7.230000000000000426e+00,-1.489864815609691107e+01,1.403081788037713196e+01,7.080831953392893752e+01,6.383859271600328178e+00
7.240000000000000213e+00,-1.494225336641972035e+01,1.231951151611651341e+01,7.093710177985308007e+01,5.598289899266604586e+00
7.250000000000000000e+00,-1.498853473967342431e+01,1.061021736294024542e+01,7.102368067150878517e+01,4.809677605347391527e+00
7.259999999999999787e+00,-1.503736472398914614e+01,8.903992821833405458e+00,7.106837829129490558e+01,4.021469860231532856e+00
7.269999999999999574e+00,-1.508858397233951365e+01,7.201525774237240718e+00,7.107197565371238568e+01,3.236876661343694117e+00
7.280000000000000249e+00,-1.514202103657440013e+01,5.503087611692567549e+00,7.103560426880262924e+01,2.458783449912163466e+00
7.290000000000000036e+00,-1.519751342148588691e+01,3.808527725930646035e+00,7.096062028638095853e+01,1.689708162001356762e+00
7.299999999999999822e+00,-1.525492808026653613e+01,2.117310511454735700e+00,7.084847810296190573e+01,9.318046152062995358e-01
7.309999999999999609e+00,-1.531417945198390029e+01,4.285921285945339387e-01,7.070061963927250304e+01,1.869082951269439019e-01
7.320000000000000284e+00,-1.537524333846853963e+01,-1.258669395678668090e+00,7.051839272155979188e+01,-5.433847331735178754e-01
7.330000000000000071e+00,-1.543816528390631149e+01,-2.945580295005141735e+00,7.030300761779838581e+01,-1.257618952383731115e+00
7.339999999999999858e+00,-1.550306262344131270e+01,-4.633165227638337491e+00,7.005553544616026329e+01,-1.954375755207794274e+00
7.349999999999999645e+00,-1.557011995363401802e+01,-6.322222349892276050e+00,6.977694660309121844e+01,-2.632180269286085839e+00
7.360000000000000320e+00,-1.563957838014968793e+01,-8.013191933381566656e+00,6.946818224156868382e+01,-3.289432000240723575e+00
7.370000000000000107e+00,-1.571171944678619781e+01,-9.706049680213356012e+00,6.913024776486855671e+01,-3.924369180530799195e+00
7.379999999999999893e+00,-1.578684508537758724e+01,-1.140023340055461354e+01,6.876431474336793315e+01,-4.535072124628021228e+00
7.389999999999999680e+00,-1.586525520886339891e+01,-1.309460857097569964e+01,6.837181688263086698e+01,-5.119505780474481682e+00
7.400000000000000355e+00,-1.594722468539914573e+01,-1.478747489046367392e+01,6.795452672287909479e+01,-5.675596687634805626e+00
7.410000000000000142e+00,-1.603298138891990376e+01,-1.647661266789255308e+01,6.751460245089828049e+01,-6.201335339719057593e+00
7.419999999999999929e+00,-1.612268684775025207e+01,-1.815936500048706037e+01,6.705459815205060181e+01,-6.694892031965045121e+00
7.429999999999999716e+00,-1.621642074344404350e+01,-1.983274941785780499e+01,6.657743544890929854e+01,-7.154732994608123953e+00
7.440000000000000391e+00,-1.631417018358648363e+01,-2.149359104436231149e+01,6.608633910821379231e+01,-7.579724062275336571e+00
7.450000000000000178e+00,-1.641582431617102955e+01,-2.313866836730151633e+01,6.558474321976427746e+01,-7.969211141726611380e+00
7.459999999999999964e+00,-1.652117449288487094e+01,-2.476486233885001198e+01,6.507617746180193308e+01,-8.323069923674131232e+00
7.469999999999999751e+00,-1.662991984041032367e+01,-2.636929972385719623e+01,6.456414447811503976e+01,-8.641721104987180269e+00
7.480000000000000426e+00,-1.674167777437744320e+01,-2.794948228270216006e+01,6.405199945198128830e+01,-8.926111272168332889e+00
7.490000000000000213e+00,-1.685599870073157902e+01,-2.950339451275622693e+01,6.354284173925510260e+01,-9.177663034317969704e+00
7.500000000000000000e+00,-1.697238390703453348e+01,-3.102958423289008749e+01,6.303942624487048363e+01,-9.398200609643220460e+00
7.509999999999999787e+00,-1.709030546799862194e+01,-3.252721223446157239e+01,6.254409950137836915e+01,-9.589858663083816737e+00
7.519999999999999574e+00,-1.720922689386025084e+01,-3.399606944882287252e+01,6.205876254495811395e+01,-9.754982734075740680e+00
7.530000000000000249e+00,-1.732862325387829472e+01,-3.543656244534702182e+01,6.158486003607741566e+01,-9.896029192760318338e+00
7.540000000000000036e+00,-1.744799962012832140e+01,-3.684967036372691496e+01,6.112339289818024213e+01,-1.001547152347878900e+01
7.549999999999999822e+00,-1.756690689623077972e+01,-3.823687834653604511e+01,6.067495020383337589e+01,-1.011571810574374375e+01
7.559999999999999609e+00,-1.768495440285617804e+01,-3.960009391726361372e+01,6.023975518129668671e+01,-1.019904480133475744e+01
7.570000000000000284e+00,-1.780181895137436499e+01,-4.094155333991660228e+01,5.981772002134545119e+01,-1.026754379673633366e+01
7.580000000000000071e+00,-1.791725050061423374e+01,-4.226372469526040021e+01,5.940850454752106913e+01,-1.032308848927677047e+01
7.589999999999999858e+00,-1.803107480590858813e+01,-4.356921325073395224e+01,5.901157464145495624e+01,-1.036731289130691813e+01
7.599999999999999645e+00,-1.814319368554757972e+01,-4.486067286877204197e+01,5.862625742910037019e+01,-1.040160315456572171e+01
7.610000000000000320e+00,-1.825358361299060306e+01,-4.614072500016670375e+01,5.825179146148176557e+01,-1.042709842578386592e+01
7.620000000000000107e+00,-1.836229328101270397e+01,-4.741188462885591548e+01,5.788737129543991244e+01,-1.044469831804753213e+01
7.629999999999999893e+00,-1.846944058873354066e+01,-4.867649076310880218e+01,5.753218684477301537e+01,-1.045507475132827580e+01
7.639999999999999680e+00,-1.857520920993407287e+01,-4.993663803334033702e+01,5.718545851305036365e+01,-1.045868666576223838e+01
7.650000000000000355e+00,-1.867984456427821272e+01,-5.119410586464358204e+01,5.684646936654758065e+01,-1.045579699636079596e+01
7.660000000000000142e+00,-1.878364869322461672e+01,-5.245028259106257451e+01,5.651459544617833330e+01,-1.044649215670867193e+01
7.669999999999999929e+00,-1.888697329837089001e+01,-5.370608365317764310e+01,5.618933479748780258e+01,-1.043070495653977048e+01
7.679999999999999716e+00,-1.899021007841326281e+01,-5.496186541466388320e+01,5.587033501910059385e+01,-1.040824224575218970e+01
7.690000000000000391e+00,-1.909377752921994897e+01,-5.621733879835488068e+01,5.555741823617269404e+01,-1.037881855356199345e+01
7.700000000000000178e+00,-1.919810355457752848e+01,-5.747148949893822589e+01,5.525060156302957637e+01,-1.034209655432477071e+01
7.709999999999999964e+00,-1.930360355678017115e+01,-5.872251363184712147e+01,5.495011049370462786e+01,-1.029773438522581230e+01
7.719999999999999751e+00,-1.941065410466361740e+01,-5.996777906281157300e+01,5.465638238922122127e+01,-1.024543877181437601e+01
7.730000000000000426e+00,-1.951956277290280894e+01,-6.120382317252193616e+01,5.437005740517550123e+01,-1.018502173959545232e+01
7.740000000000000213e+00,-1.963053527241130070e+01,-6.242639738568010443e+01,5.409195484578543756e+01,-1.011645758338960555e+01
7.750000000000000000e+00,-1.974364151646776833e+01,-6.363056743248560565e+01,5.382303399311977188e+01,-1.003993590818807391e+01
7.759999999999999787e+00,-1.985878276770976925e+01,-6.481087601721002045e+01,5.356433983018558820e+01,-9.955906092321487932e+00
7.769999999999999574e+00,-1.997566246736751339e+01,-6.596157130051723527e+01,5.331693559487557366e+01,-9.865108549023791085e+00
7.780000000000000249e+00,-2.009376373254000114e+01,-6.707690024739194712e+01,5.308182558858604239e+01,-9.768588702955003811e+00
7.790000000000000036e+00,-2.021233677114730654e+01,-6.815146029696279584e+01,5.285987294566346151e+01,-9.667690614934667082e+00
7.799999999999999822e+00,-2.033039952506122106e+01,-6.918059587533130639e+01,5.265171800515809508e+01,-9.564028587540382986e+00
7.809999999999999609e+00,-2.044675458975764215e+01,-7.016081812283616159e+01,5.245770341688773897e+01,-9.459436737679334684e+00
7.820000000000000284e+00,-2.056002472829860750e+01,-7.109021740775590104e+01,5.227781211004128181e+01,-9.355898286905054206e+00
7.830000000000000071e+00,-2.066870796419671308e+01,-7.196882995246535586e+01,5.211162374725981294e+01,-9.255458056133210931e+00
7.839999999999999858e+00,-2.077125124050849081e+01,-7.279891411667078671e+01,5.195829430459327369e+01,-9.160123230456566290e+00
7.849999999999999645e+00,-2.086613906087522707e+01,-7.358509098849495444e+01,5.181656200365308962e+01,-9.071758766592786571e+00
7.860000000000000320e+00,-2.095199068818821431e+01,-7.433431029621945640e+01,5.168478103963904147e+01,-8.991984742706241818e+00
7.870000000000000107e+00,-2.102765690227851891e+01,-7.505561767896536196e+01,5.156098248176087395e+01,-8.922083393788899031e+00
7.879999999999999893e+00,-2.109230568903549141e+01,-7.575972249531064051e+01,5.144295948642875516e+01,-8.862923436098764540e+00
7.889999999999999680e+00,-2.114548618734461627e+01,-7.645839348291769966e+01,5.132837171699461720e+01,-8.814908478782466972e+00
7.900000000000000355e+00,-2.118716210845008874e+01,-7.716373726876636852e+01,5.121486181334839216e+01,-8.777954807255579084e+00
7.910000000000000142e+00,-2.121770952977384184e+01,-7.788743554274043390e+01,5.110017514555647722e+01,-8.751501628717347714e+00
7.919999999999999929e+00,-2.123787878881704216e+01,-7.864002530272874480e+01,5.098227317366904998e+01,-8.734554120334037108e+00
7.929999999999999716e+00,-2.124872514106921884e+01,-7.943030063462154544e+01,5.085943074132365638e+01,-8.725756550766872621e+00
7.940000000000000391e+00,-2.125151684547233444e+01,-8.026489558098377586e+01,5.073030868477805200e+01,-8.723489690515302541e+00
7.950000000000000178e+00,-2.124763165615122773e+01,-8.114808061192229616e+01,5.059399523455930847e+01,-8.725984078977505831e+00
7.959999999999999964e+00,-2.123845309264472903e+01,-8.208177631225505877e+01,5.045001265328841811e+01,-8.731438862284676361e+00
7.969999999999999751e+00,-2.122527659429811919e+01,-8.306576274525687609e+01,5.029828906473949957e+01,-8.738135159607901770e+00
7.980000000000000426e+00,-2.120923331548079105e+01,-8.409804500811520711e+01,5.013909905133803591e+01,-8.744533412545216322e+00
7.990000000000000213e+00,-2.119123653480388114e+01,-8.517532568182659247e+01,4.997297986093727218e+01,-8.749345893176155187e+00
8.000000000000000000e+00,-2.117195295211861605e+01,-8.629353213251903298e+01,4.980063254843413745e+01,-8.751578280097888296e+00
8.009999999999999787e+00,-2.115179882666808808e+01,-8.744834890195376431e+01,4.962281878272432323e+01,-8.750537605935845065e+00
8.019999999999999574e+00,-2.113095904942311876e+01,-8.863571069591115759e+01,4.944026423458156216e+01,-8.745807507823224469e+00
8.029999999999999361e+00,-2.110942578586847773e+01,-8.985221833289023152e+01,4.925357845210270824e+01,-8.737195145802042262e+00
8.039999999999999147e+00,-2.108705217448282099e+01,-9.109544785739572603e+01,4.906319909340210472e+01,-8.724657023106688669e+00
8.050000000000000711e+00,-2.106361566139036512e+01,-9.236413188713331124e+01,4.886936558424863364e+01,-8.708212972198348112e+00
8.060000000000000497e+00,-2.103888491413965767e+01,-9.365820241496905396e+01,4.867212401602777305e+01,-8.687858594128417877e+00
8.070000000000000284e+00,-2.101268398603573218e+01,-9.497869576549346959e+01,4.847136172710792579e+01,-8.663486391861471958e+00
8.080000000000000071e+00,-2.098494763082067394e+01,-9.632753269206443747e+01,4.826686684100886282e+01,-8.634824747365316355e+00
8.089999999999999858e+00,-2.095576249820244286e+01,-9.770719851110048637e+01,4.805840536817407127e+01,-8.601401866595960399e+00
8.099999999999999645e+00,-2.092539037910499644e+01,-9.912035805647688846e+01,4.784580657960773209e+01,-8.562539043565376318e+00
8.109999999999999432e+00,-2.089427158631384174e+01,-1.005694464221396203e+02,4.762904644017942246e+01,-8.517374338572636816e+00
8.119999999999999218e+00,-2.086300869729120677e+01,-1.020562777748841654e+02,4.740831907472009021e+01,-8.464914358168469377e+00
8.130000000000000782e+00,-2.083233292968419192e+01,-1.035817107089370239e+02,4.718408754612124767e+01,-8.404108641059996998e+00
8.140000000000000568e+00,-2.080305706214166861e+01,-1.051454004641768165e+02,4.695710753142099492e+01,-8.333938572013622093e+00
8.150000000000000355e+00,-2.077601984629687593e+01,-1.067456574393900439e+02,4.672842053189694411e+01,-8.253511087427341408e+00
8.160000000000000142e+00,-2.075202721509347370e+01,-1.083794197431031847e+02,4.649931667768404253e+01,-8.162146912415563449e+00
8.169999999999999929e+00,-2.073179535209942514e+01,-1.100423367952602263e+02,4.627127055941343770e+01,-8.059453736867709495e+00
8.179999999999999716e+00,-2.071590001557101957e+01,-1.117289524011116839e+02,4.604585642350122043e+01,-7.945376486798786608e+00
8.189999999999999503e+00,-2.070473561156845221e+01,-1.134329697058311979e+02,4.582465116923626880e+01,-7.820219421505106183e+00
8.199999999999999289e+00,-2.069848655745157728e+01,-1.151475767948791855e+02,4.560913468054518916e+01,-7.684637835661585648e+00
8.210000000000000853e+00,-2.069711258072157634e+01,-1.168658098166817183e+02,4.540059705900670650e+01,-7.539600288159570951e+00
8.220000000000000639e+00,-2.070034879180731480e+01,-1.185809296556857646e+02,4.520006137997820161e+01,-7.386325168645859307e+00
8.230000000000000426e+00,-2.070772062151880277e+01,-1.202867878300943545e+02,4.500822885308893007e+01,-7.226197777685138490e+00
8.240000000000000213e+00,-2.071857295634393381e+01,-1.219781572364410209e+02,4.482545096758907732e+01,-7.060675761806569639e+00
8.250000000000000000e+00,-2.073211196935451284e+01,-1.236510038378964822e+02,4.465173058953578789e+01,-6.891191625173878066e+00
8.259999999999999787e+00,-2.074745720024095519e+01,-1.253026769796796032e+02,4.448675128394760492e+01,-6.719061120768659023e+00
8.269999999999999574e+00,-2.076370042105111224e+01,-1.269319994776022469e+02,4.432993156871972928e+01,-6.545405640145562920e+00
8.279999999999999361e+00,-2.077996685144374212e+01,-1.285392446293168689e+02,4.418049855449967112e+01,-6.371095340666934170e+00
8.289999999999999147e+00,-2.079547354537689685e+01,-1.301259960853914492e+02,4.403757365681973823e+01,-6.196717772932115231e+00
8.300000000000000711e+00,-2.080957947712475331e+01,-1.316948976408774854e+02,4.390026193959438672e+01,-6.022574337880211459e+00
8.310000000000000497e+00,-2.082182219295902215e+01,-1.332493122263895202e+02,4.376773629246419972e+01,-5.848704199952321048e+00
8.320000000000000284e+00,-2.083193694933278906e+01,-1.347929208134230521e+02,4.363930813921126628e+01,-5.674932547302062424e+00
8.330000000000000071e+00,-2.083985596279257280e+01,-1.363293005079775639e+02,4.351447772459528096e+01,-5.500937597363114939e+00
8.339999999999999858e+00,-2.084568752995224727e+01,-1.378615250516518813e+02,4.339295913745714728e+01,-5.326328778139862941e+00
8.349999999999999645e+00,-2.084967700875608188e+01,-1.393918294167995953e+02,4.327467789906642537e+01,-5.150727318074665995e+00
8.359999999999999432e+00,-2.085215363420850920e+01,-1.409213734389789181e+02,4.315974189014501405e+01,-4.973840214255839776e+00
8.369999999999999218e+00,-2.085346859300374689e+01,-1.424501287573282013e+02,4.304838927203437748e+01,-4.795519268256584589e+00
8.380000000000000782e+00,-2.085393055727601563e+01,-1.439769005915724733e+02,4.294091954523469212e+01,-4.615798501416069399e+00
8.390000000000000568e+00,-2.085374498131382381e+01,-1.454994829412711965e+02,4.283761570595513746e+01,-4.434905593503890131e+00
8.400000000000000355e+00,-2.085296301090083659e+01,-1.470149340469134245e+02,4.273866642616044231e+01,-4.253245758963393186e+00
8.410000000000000142e+00,-2.085144500170224902e+01,-1.485199491099899660e+02,4.264409722235030387e+01,-4.071359379936275502e+00
8.419999999999999929e+00,-2.084884252670814675e+01,-1.500112994220867506e+02,4.255371872340943895e+01,-3.889857463261435555e+00
8.429999999999999716e+00,-2.084460144332837217e+01,-1.514863009854537097e+02,4.246709850926113461e+01,-3.709341329847301250e+00
8.439999999999999503e+00,-2.083798708796534527e+01,-1.529432712939950250e+02,4.238356073397235235e+01,-3.530314684825539118e+00
8.449999999999999289e+00,-2.082813093295292717e+01,-1.543819304834796071e+02,4.230221506493658978e+01,-3.353097216268421388e+00
8.460000000000000853e+00,-2.081409606655213906e+01,-1.558037034104062570e+02,4.222201357941430899e+01,-3.177749038552534433e+00
8.470000000000000639e+00,-2.079495672549428065e+01,-1.572118836351269806e+02,4.214183139485191276e+01,-3.004014590014788322e+00
8.480000000000000426e+00,-2.076988504968855409e+01,-1.586116299489352173e+02,4.206056422253405458e+01,-2.831293023807398779e+00
8.490000000000000213e+00,-2.073823661009445374e+01,-1.600097814293545468e+02,4.197723398971901787e+01,-2.658639776979355940e+00
8.500000000000000000e+00,-2.069962552141145196e+01,-1.614144970696208077e+02,4.189109242822151202e+01,-2.484801036353582848e+00
8.509999999999999787e+00,-2.065398045954057693e+01,-1.628347481615581103e+02,4.180171228439402853e+01,-2.308279509651036232e+00
8.519999999999999574e+00,-2.060157479962670735e+01,-1.642797118340234874e+02,4.170905667798577099e+01,-2.127426611408583135e+00
8.529999999999999361e+00,-2.054302717545029822e+01,-1.657581281598782255e+02,4.161351909796422177e+01,-1.940553286436929925e+00
8.539999999999999147e+00,-2.047927250168503122e+01,-1.672776877924522125e+02,4.151592938389690346e+01,-1.746049602066062967e+00
8.550000000000000711e+00,-2.041150716456664682e+01,-1.688445111364490003e+02,4.141752446560959555e+01,-1.542502236252804249e+00
8.560000000000000497e+00,-2.034111496302337585e+01,-1.704627651684778016e+02,4.131988618696617266e+01,-1.328799210072706627e+00
8.570000000000000284e+00,-2.026958199551775053e+01,-1.721344438284677949e+02,4.122485176610899771e+01,-1.104212612855082876e+00
8.580000000000000071e+00,-2.019840891404531291e+01,-1.738593168518113430e+02,4.113440495208465819e+01,-8.684524232148286282e-01
8.589999999999999858e+00,-2.012902801801101305e+01,-1.756350339003551255e+02,4.105055746589790999e+01,-6.216874902765177069e-01
8.599999999999999645e+00,-2.006273096256361654e+01,-1.774573582772344196e+02,4.097523076810020370e+01,-3.645329052471995013e-01
8.609999999999999432e+00,-2.000061088590923575e+01,-1.793204980031864011e+02,4.091014764037997509e+01,-9.800598794747317211e-02
8.619999999999999218e+00,-1.994352091302663155e+01,1.787824992309129470e+02,4.085674169091875996e+01,1.765443560806516932e-01
8.630000000000000782e+00,-1.989204950962808027e+01,1.768593183723217805e+02,4.081609094116167569e+01,4.575282635801416475e-01
8.640000000000000568e+00,-1.984651211882533062e+01,1.749179435475791706e+02,4.078887938050331030e+01,7.432177045060600618e-01
8.650000000000000355e+00,-1.980695786632291799e+01,1.729662413084108437e+02,4.077538800682741282e+01,1.031853130817629083e+00
8.660000000000000142e+00,-1.977318974788305539e+01,1.710115791476454490e+02,4.077551457500219101e+01,1.321745826117557865e+00
8.669999999999999929e+00,-1.974479647408731964e+01,1.690604948718712421e+02,4.078881917457628248e+01,1.611368497788534748e+00
8.679999999999999716e+00,-1.972119392040161046e+01,1.671184301974469690e+02,4.081459094350458372e+01,1.899427825012771409e+00
8.689999999999999503e+00,-1.970167384010924749e+01,1.651895399612022004e+02,4.085192977732943120e+01,2.184914248434669304e+00
8.699999999999999289e+00,-1.968545712930666269e+01,1.632765859438316340e+02,4.089983589538069708e+01,2.467126181761779335e+00
8.710000000000000853e+00,-1.967174853467934881e+01,1.613809208861603679e+02,4.095729966137748335e+01,2.745667940651440819e+00
8.720000000000000639e+00,-1.965978936517514342e+01,1.595025634815699505e+02,4.102338419666817515e+01,3.020422881317996744e+00
8.730000000000000426e+00,-1.964890463400070431e+01,1.576403590016478518e+02,4.109729410502963987e+01,3.291505343025705077e+00
8.740000000000000213e+00,-1.963854123611300651e+01,1.557922132760415082e+02,4.117842502206926270e+01,3.559196792555491484e+00
8.750000000000000000e+00,-1.962829433166838911e+01,1.539553809326047542e+02,4.126639060653911173e+01,3.823872875581395991e+00
8.759999999999999787e+00,-1.961792005498587699e+01,1.521267832610501216e+02,4.136102582572276276e+01,4.085928729526518310e+00
8.769999999999999574e+00,-1.960733391135444847e+01,1.503033278770858487e+02,4.146236771617255812e+01,4.345709817278907039e+00
8.779999999999999361e+00,-1.959659559685091779e+01,1.484822022556427896e+02,4.157061696601819278e+01,4.603454706980548927e+00
8.789999999999999147e+00,-1.958588227911848278e+01,1.466611163214680573e+02,4.168608542643205794e+01,4.859254751404189498e+00
8.800000000000000711e+00,-1.957545342160521074e+01,1.448384751693651538e+02,4.180913583426316649e+01,5.113033691097504274e+00
8.810000000000000497e+00,-1.956561088734405374e+01,1.430134706912975275e+02,4.194012051214231462e+01,5.364548045862369108e+00
8.820000000000000284e+00,-1.955665826813208596e+01,1.411860892482407053e+02,4.207932559043541687e+01,5.613407007937499138e+00
8.830000000000000071e+00,-1.954886317748722746e+01,1.393570404374793839e+02,4.222692642954427100e+01,5.859108625399040982e+00
8.839999999999999858e+00,-1.954242570538322710e+01,1.375276186452993841e+02,4.238295853276457592e+01,6.101087540841504619e+00
8.849999999999999645e+00,-1.953745546984485415e+01,1.356995139859027404e+02,4.254730648790818037e+01,6.338768550191731244e+00
8.859999999999999432e+00,-1.953395882149495577e+01,1.338745922950503768e+02,4.271971153659757903e+01,6.571619837167476774e+00
8.869999999999999218e+00,-1.953183684568988809e+01,1.320546651826887228e+02,4.289979642373932478e+01,6.799199937540257643e+00
8.880000000000000782e+00,-1.953089391873152891e+01,1.302412709518895610e+02,4.308710440091054750e+01,7.021193264734532313e+00
8.890000000000000568e+00,-1.953085574477606912e+01,1.284354856406190777e+02,4.328114780800572703e+01,7.237430310856190374e+00
8.900000000000000355e+00,-1.953139505603193626e+01,1.266377806498363441e+02,4.348146067703245876e+01,7.447890308083111144e+00
8.910000000000000142e+00,-1.953216253394890600e+01,1.248479394533024873e+02,4.368764939503633116e+01,7.652686036793776125e+00
8.919999999999999929e+00,-1.953282004938994021e+01,1.230650408385031227e+02,4.389943568429126231e+01,7.852032408597078295e+00
8.929999999999999716e+00,-1.953307308140425036e+01,1.212875102246409114e+02,4.411668699763129808e+01,8.046202227951607000e+00
8.939999999999999503e+00,-1.953269921102889128e+01,1.195132342557594569e+02,4.433943080423541971e+01,8.235473946265384981e+00
8.949999999999999289e+00,-1.953156993135836217e+01,1.177397276883263970e+02,4.456785100760117757e+01,8.420077103611605551e+00
8.960000000000000853e+00,-1.952966366134250009e+01,1.159643363257059008e+02,4.480226669262598449e+01,8.600141402829386550e+00
8.970000000000000639e+00,-1.952706874181867391e+01,1.141844561267311775e+02,4.504309531790140397e+01,8.775654953953033299e+00
8.980000000000000426e+00,-1.952397622444297909e+01,1.123977471777691903e+02,4.529080413531619342e+01,8.946436220039220899e+00
8.990000000000000213e+00,-1.952066330393289562e+01,1.106023221847480329e+02,4.554585485229245023e+01,9.112122715507563697e+00
9.000000000000000000e+00,-1.951746915517756520e+01,1.087968923385457032e+02,4.580864723207761102e+01,9.272177730927186445e+00
9.009999999999999787e+00,-1.951476560897897627e+01,1.069808583062599894e+02,4.607946740290234544e+01,9.425914481611368245e+00
9.019999999999999574e+00,-1.951292546968857522e+01,1.051543399517071862e+02,4.635844613248280410e+01,9.572535295698392233e+00
9.029999999999999361e+00,-1.951229133468888577e+01,1.033181443920975227e+02,4.664553129119958186e+01,9.711181941680044005e+00
9.039999999999999147e+00,-1.951314755593107009e+01,1.014736774678037534e+02,4.694047728791967700e+01,9.840992081665932645e+00
9.050000000000000711e+00,-1.951569755338533696e+01,9.962280816758250523e+01,4.724285255750428547e+01,9.961156220858034871e+00
9.060000000000000497e+00,-1.952004812441338544e+01,9.776769878295753813e+01,4.755206436653363511e+01,1.007096945958129730e+01
9.070000000000000284e+00,-1.952620175950490378e+01,9.591061553326795774e+01,4.786739845056987974e+01,1.016987285231677163e+01
9.080000000000000071e+00,-1.953405732483882318e+01,9.405373519829154816e+01,4.818806946988394913e+01,1.025748020324928689e+01
9.089999999999999858e+00,-1.954341883977139105e+01,9.219896304622139382e+01,4.851327712821266402e+01,1.033358759585982334e+01
9.099999999999999645e+00,-1.955401148507542430e+01,9.034777615617269930e+01,4.884226217256153291e+01,1.039816473170777300e+01
9.109999999999999432e+00,-1.956550344512849193e+01,8.850110416811055813e+01,4.917435646937035898e+01,1.045132906362089109e+01
9.119999999999999218e+00,-1.957753173880878705e+01,8.665925658877094406e+01,4.950902195979288933e+01,1.049330554450101793e+01
9.130000000000000782e+00,-1.958972986284266682e+01,8.482190210741669034e+01,4.984587448659886633e+01,1.052437636244864017e+01
9.140000000000000568e+00,-1.960175489742332999e+01,8.298810108502797789e+01,5.018469013368765275e+01,1.054482610711510659e+01
9.150000000000000355e+00,-1.961331174495360230e+01,8.115638776021521039e+01,5.052539363882545587e+01,1.055488827552853337e+01
9.160000000000000142e+00,-1.962417241277147895e+01,7.932489418585649332e+01,5.086803040392739206e+01,1.055469881851362501e+01
9.169999999999999929e+00,-1.963418870786219728e+01,7.749150398504360737e+01,5.121272540102380333e+01,1.054426157791095875e+01
9.179999999999999716e+00,-1.964329735073642524e+01,7.565402120928074226e+01,5.155963364888604161e+01,1.052342907840870723e+01
9.189999999999999503e+00,-1.965151726909478569e+01,7.381033830495626091e+01,5.190888776275300387e+01,1.049190038790954382e+01
9.199999999999999289e+00,-1.965893960889420100e+01,7.195858764901903726e+01,5.226054827704410144e+01,1.044923585608318639e+01
9.210000000000000853e+00,-1.966571170386670175e+01,7.009726324454689461e+01,5.261456200394933802e+01,1.039488669953277267e+01
9.220000000000000639e+00,-1.967201678957001931e+01,6.822530266269033916e+01,5.297073268497203458e+01,1.032823582391436723e+01
9.230000000000000426e+00,-1.967805157735207899e+01,6.634212368669521709e+01,5.332870674034243308e+01,1.024864512183957110e+01
9.240000000000000213e+00,-1.968400389509498183e+01,6.444761478467975735e+01,5.368797518589328632e+01,1.015550387491926010e+01
9.250000000000000000e+00,-1.969003246729624124e+01,6.254208296789045107e+01,5.404789095597261195e+01,1.004827287745497166e+01
9.259999999999999787e+00,-1.969625058487534375e+01,6.062616634838897767e+01,5.440769914021075948e+01,9.926519487478710602e+00
9.269999999999999574e+00,-1.970271495727263300e+01,5.870072151240472635e+01,5.476657619992099058e+01,9.789939937576720652e+00
9.279999999999999361e+00,-1.970942050142531343e+01,5.676669753713664335e+01,5.512367324054477535e+01,9.638366784960641809e+00
9.289999999999999147e+00,-1.971630125526480626e+01,5.482500907894900877e+01,5.547815800104248041e+01,9.471761178636009859e+00
9.300000000000000711e+00,-1.972323705131414684e+01,5.287642050335573884e+01,5.582925044047698293e+01,9.290191465425149175e+00
9.310000000000000497e+00,-1.973006508575598872e+01,5.092145160875531218e+01,5.617624764365308465e+01,9.093801324799775543e+00
9.320000000000000284e+00,-1.973659510237375159e+01,4.896031324246300187e+01,5.651853514054790395e+01,8.882771905820215252e+00
9.330000000000000071e+00,-1.974262660849201723e+01,4.699287817916903265e+01,5.685558347557723380e+01,8.657283170512721782e+00
9.339999999999999858e+00,-1.974796637754156947e+01,4.501868923692741475e+01,5.718693075683430038e+01,8.417479726793686723e+00
9.349999999999999645e+00,-1.975244448966494915e+01,4.303700301236032999e+01,5.751215372263195746e+01,8.163445844669997342e+00
9.359999999999999432e+00,-1.975592732577276323e+01,4.104686414914743153e+01,5.783083135264799068e+01,7.895193163498680278e+00
9.369999999999999218e+00,-1.975832625284312272e+01,3.904720206537805183e+01,5.814250603452021693e+01,7.612662964434065316e+00
9.380000000000000782e+00,-1.975960119057570097e+01,3.703693989103777540e+01,5.844664765021300923e+01,7.315743005651843767e+00
9.390000000000000568e+00,-1.975975878477530401e+01,3.501510426575204349e+01,5.874262562560518575e+01,7.004297031547299213e+00
9.400000000000000355e+00,-1.975884547114359435e+01,3.298092475019622327e+01,5.902969302929914619e+01,6.678203402965146473e+00
9.410000000000000142e+00,-1.975693623083466477e+01,3.093391288716080112e+01,5.930698532553095248e+01,6.337398058347671004e+00
9.419999999999999929e+00,-1.975412025908675062e+01,2.887391323161121193e+01,5.957353455557787214e+01,5.981916361062913801e+00
9.429999999999999716e+00,-1.975048504874155597e+01,2.680112165672202096e+01,5.982829775935593375e+01,5.611928406256333268e+00
9.439999999999999503e+00,-1.974610051010309775e+01,2.471606957596331711e+01,6.007019659209983331e+01,5.227763065172223556e+00
9.449999999999999289e+00,-1.974100470669828766e+01,2.261957603947229956e+01,6.029816357426936690e+01,4.829917368500589170e+00
9.460000000000000853e+00,-1.973519259952060168e+01,2.051267265305847332e+01,6.051118943922292459e+01,4.419049626393592334e+00
9.470000000000000639e+00,-1.972860888803862167e+01,1.839650869247649467e+01,6.070836575729930473e+01,3.995956737463981945e+00
9.480000000000000426e+00,-1.972114564783603186e+01,1.627224548688149852e+01,6.088891747885346462e+01,3.561538193361280413e+00
9.490000000000000213e+00,-1.971264502654770823e+01,1.414095003613018342e+01,6.105222121673652680e+01,3.116751067570886491e+00
9.500000000000000000e+00,-1.970290680519259396e+01,1.200349787213291108e+01,6.119780684517226632e+01,2.662561540541585003e+00
9.509999999999999787e+00,-1.969170019354648105e+01,9.860494380284396954e+00,6.132534210606920055e+01,2.199899075263730186e+00
9.519999999999999574e+00,-1.967877883815008744e+01,7.712222206882868747e+00,6.143460210905184482e+01,1.729619128652632787e+00
9.529999999999999361e+00,-1.966389771227872885e+01,5.558620083338566609e+00,6.152542759618616230e+01,1.252479283995020065e+00
9.539999999999999147e+00,-1.964683035962419311e+01,3.399295550504708441e+00,6.159767735265324262e+01,7.691320438193238740e-01
9.550000000000000711e+00,-1.962738490336006691e+01,1.233570891415166626e+00,6.165118098196055030e+01,2.801354426636658013e-01
9.560000000000000497e+00,-1.960541732508897184e+01,-9.394416288692267747e-01,6.168569832090972227e+01,-2.140196086097392036e-01
9.570000000000000284e+00,-1.958084076359519088e+01,-3.120742024579628904e+00,6.170089103877548808e+01,-7.128684680571503174e-01
9.580000000000000071e+00,-1.955362996181517232e+01,-5.311331427827099105e+00,6.169631053746005023e+01,-1.215923372229732236e+00
9.589999999999999858e+00,-1.952382046337230292e+01,-7.512097929363529936e+00,6.167140431742815565e+01,-1.722621644368814930e+00
9.599999999999999645e+00,-1.949150267415847182e+01,-9.723710106356859839e+00,6.162554073098863938e+01,-2.232278056676491040e+00
9.609999999999999432e+00,-1.945681140007830479e+01,-1.194652806821587987e+01,6.155804977764653785e+01,-2.744047525816655231e+00
9.619999999999999218e+00,-1.941991189295270459e+01,-1.418054000921940094e+01,6.146827558038261685e+01,-3.256903179762534073e+00
9.630000000000000782e+00,-1.938098373897842919e+01,-1.642532967551566969e+01,6.135563466897863805e+01,-3.769633052567966214e+00
9.640000000000000568e+00,-1.934020408280255054e+01,-1.868007715792313661e+01,6.121967338665247382e+01,-4.280856448294277250e+00
9.650000000000000355e+00,-1.929773168997937560e+01,-2.094359235073331149e+01,6.106011774851447882e+01,-4.789058636006456204e+00
9.660000000000000142e+00,-1.925369322362227464e+01,-2.321437757401666602e+01,6.087690993147055707e+01,-5.292640296884248308e+00
9.669999999999999929e+00,-1.920817287191373168e+01,-2.549071347640992258e+01,6.067022716955675321e+01,-5.789976337314380217e+00
9.679999999999999716e+00,-1.916120614236519515e+01,-2.777076056939715087e+01,6.044048096502834255e+01,-6.279477552720353906e+00
9.689999999999999503e+00,-1.911277826787353717e+01,-3.005266767116957993e+01,6.018829692229869721e+01,-6.759648329883283679e+00
9.699999999999999289e+00,-1.906282727819778344e+01,-3.233467818117891568e+01,5.991447784821057354e+01,-7.229134147917243958e+00
9.710000000000000853e+00,-1.901125140507325639e+01,-3.461522545147814611e+01,5.961995472748040470e+01,-7.686753993597737811e+00
9.720000000000000639e+00,-1.895792013421079503e+01,-3.689300952907707654e+01,5.930573152373697354e+01,-8.131514750391872326e+00
9.730000000000000426e+00,-1.890268791629571155e+01,-3.916704915223088790e+01,5.897283031596290215e+01,-8.562606881605979936e+00
9.740000000000000213e+00,-1.884540932460457441e+01,-4.143670499887446113e+01,5.862224301172098961e+01,-8.979383003977272182e+00
9.750000000000000000e+00,-1.878595432011500677e+01,-4.370167267036183034e+01,5.825489484839607002e+01,-9.381322949314959914e+00
9.759999999999999787e+00,-1.872422227262289596e+01,-4.596194656105792120e+01,5.787162326190453854e+01,-9.767990400171141729e+00
9.769999999999999574e+00,-1.866015349669842038e+01,-4.821775838103765466e+01,5.747317369449348945e+01,-1.013898700000192576e+01
9.779999999999999361e+00,-1.859373729046920332e+01,-5.046949640540072579e+01,5.706021178777177028e+01,-1.049390990790316813e+01
9.789999999999999147e+00,-1.852501579503157458e+01,-5.271761326730129582e+01,5.663334942320236820e+01,-1.083231811287828172e+01
9.800000000000000711e+00,-1.845408339065615522e+01,-5.496253108875354343e+01,5.619318046189741978e+01,-1.115371154580861202e+01
9.810000000000000497e+00,-1.838108177044060199e+01,-5.720455283622952436e+01,5.574032097993899981e+01,-1.145752530027503902e+01
9.820000000000000284e+00,-1.830619123600269660e+01,-5.944378798991641588e+01,5.527544840704946694e+01,-1.174313931595701810e+01
9.830000000000000071e+00,-1.822961909957228244e+01,-6.168009903220778511e+01,5.479933428672708828e+01,-1.200990193423909957e+01
9.839999999999999858e+00,-1.815158631841786274e+01,-6.391307309205591025e+01,5.431286633098614658e+01,-1.225716404435900309e+01
9.849999999999999645e+00,-1.807231361090632760e+01,-6.614202058406627316e+01,5.381705690844998458e+01,-1.248431930548402846e+01
9.859999999999999432e+00,-1.799200830389945693e+01,-6.836600012636988311e+01,5.331303688261327522e+01,-1.269084529983466325e+01
9.869999999999999218e+00,-1.791085304757808672e+01,-7.058386665745580046e+01,5.280203557194042219e+01,-1.287634050732497926e+01
9.880000000000000782e+00,-1.782899732517884317e+01,-7.279433769762449913e+01,5.228534929506643181e+01,-1.304055266622609821e+01
9.890000000000000568e+00,-1.774655240639899745e+01,-7.499607125313295342e+01,5.176430228262030653e+01,-1.318339528583564757e+01
9.900000000000000355e+00,-1.766359007135116599e+01,-7.718774801907036931e+01,5.124020453098325589e+01,-1.330495062952886620e+01
9.910000000000000142e+00,-1.758014509357713351e+01,-7.936815032995417596e+01,5.071431136869826162e+01,-1.340545917666416287e+01
9.919999999999999929e+00,-1.749622114096701964e+01,-8.153623072551401663e+01,5.018778911142221233e+01,-1.348529718200197891e+01
9.929999999999999716e+00,-1.741179945607818169e+01,-8.369116400193827587e+01,4.966169027830473226e+01,-1.354494528930019825e+01
9.939999999999999503e+00,-1.732684943432849423e+01,-8.583237813392884163e+01,4.913694056965068313e+01,-1.358495207703092333e+01
9.949999999999999289e+00,-1.724134004980893664e+01,-8.795956137412406406e+01,4.861433833408091232e+01,-1.360589683462135113e+01
9.960000000000000853e+00,-1.715525100047221585e+01,-9.007264502008824536e+01,4.809456576440594233e+01,-1.360835576683597203e+01
9.970000000000000639e+00,-1.706858246787114908e+01,-9.217176360476291563e+01,4.757820972555362715e+01,-1.359287524076053089e+01
9.980000000000000426e+00,-1.698136251365666993e+01,-9.425719640720930670e+01,4.706578907835063319e+01,-1.355995471307573474e+01
9.990000000000000213e+00,-1.689365135739560131e+01,-9.632929598312672681e+01,4.655778472375187249e+01,-1.351004073109142922e+01
1.000000000000000000e+01,-1.680554207844993542e+01,-9.838841068683936442e+01,4.605466841003400447e+01,-1.344353203876555192e+01
1.000999999999999979e+01,-1.671715762945127182e+01,-1.004348087567203294e+02,4.555692662613392940e+01,-1.336079449587627899e+01
1.001999999999999957e+01,-1.662864440481235562e+01,-1.024686113976861748e+02,4.506507660230400347e+01,-1.326218338350986414e+01
1.002999999999999936e+01,-1.654016293789909042e+01,-1.044897414371936861e+02,4.457967246323828903e+01,-1.314806984650826571e+01
1.003999999999999915e+01,-1.645187657196894548e+01,-1.064978926571291566e+02,4.410130080201065539e+01,-1.301886779934201677e+01
1.005000000000000071e+01,-1.636393913797781252e+01,-1.084925229790050309e+02,4.363056621859529827e+01,-1.287505763317991381e+01
1.006000000000000050e+01,-1.627648276274611661e+01,-1.104728725055317398e+02,4.316806854582606690e+01,-1.271720349328060884e+01
1.007000000000000028e+01,-1.618960692059714646e+01,-1.124380052055773263e+02,4.271437443694442493e+01,-1.254596168265096878e+01
1.008000000000000007e+01,-1.610336973668538718e+01,-1.143868709606972516e+02,4.226998661402929258e+01,-1.236207878694671258e+01
1.008999999999999986e+01,-1.601778236385476717e+01,-1.163183829252520383e+02,4.183531432055111310e+01,-1.216637928036012539e+01
1.009999999999999964e+01,-1.593280700409932749e+01,-1.182315038061690018e+02,4.141064837547317978e+01,-1.195974353048477745e+01
1.010999999999999943e+01,-1.584835884967405839e+01,-1.201253338255304186e+02,4.099614372502201576e+01,-1.174307814995061072e+01
1.011999999999999922e+01,-1.576431189783288289e+01,-1.219991928440552726e+02,4.059181159987259946e+01,-1.151728144470788706e+01
1.013000000000000078e+01,-1.568050826835747102e+01,-1.238526894265686167e+02,4.019752240137827215e+01,-1.128320721391133752e+01
1.014000000000000057e+01,-1.559677034730778189e+01,-1.256857705262891187e+02,3.981301936353897730e+01,-1.104163032767865538e+01
1.015000000000000036e+01,-1.551291481819396267e+01,-1.274987469238187145e+02,3.943794197238109689e+01,-1.079321734154038559e+01
1.016000000000000014e+01,-1.542876744807625222e+01,-1.292922915038874692e+02,3.907185717014403536e+01,-1.053850492410124673e+01
1.016999999999999993e+01,-1.534417739416838344e+01,-1.310674097567992078e+02,3.871429561494515070e+01,-1.027788812683041186e+01
1.017999999999999972e+01,-1.525902980406257470e+01,-1.328253843620227315e+02,3.836478977690615721e+01,-1.001161958348394698e+01
1.018999999999999950e+01,-1.517325560767990744e+01,-1.345676981105169432e+02,3.802291047593591600e+01,-9.739819680568293947e+00
1.019999999999999929e+01,-1.508683763619836782e+01,-1.362959414900120976e+02,3.768829862365472394e+01,-9.462496690388778831e+00
1.021000000000000085e+01,-1.499981253242928503e+01,-1.380117127491041060e+02,3.736068940966573848e+01,-9.179574909116903214e+00
1.022000000000000064e+01,-1.491226830485320320e+01,-1.397165189844641304e+02,3.703992692451438273e+01,-8.890928091678167888e+00
1.023000000000000043e+01,-1.482433778110308076e+01,-1.414116866660873200e+02,3.672596816123762409e+01,-8.596415002390594751e+00
1.024000000000000021e+01,-1.473618859079771681e+01,-1.430982890450684408e+02,3.641887638367415292e+01,-8.295913755150781554e+00
1.025000000000000000e+01,-1.464801061155130313e+01,-1.447770962021388641e+02,3.611880487989444788e+01,-7.989351812533957542e+00
1.025999999999999979e+01,-1.456000201563003849e+01,-1.464485513029578954e+02,3.582597302269778083e+01,-7.676729022865535157e+00
1.026999999999999957e+01,-1.447235514229102016e+01,-1.481127741842505543e+02,3.554063724235878396e+01,-7.358131835555206557e+00
1.027999999999999936e+01,-1.438524339136033880e+01,-1.497695909643788639e+02,3.526305991441053322e+01,-7.033737758270767415e+00
1.028999999999999915e+01,-1.429881019884616400e+01,-1.514185861827798476e+02,3.499347924735450022e+01,-6.703810101263630195e+00
1.030000000000000071e+01,-1.421316093598623453e+01,-1.530591722012707976e+02,3.473208302841133133e+01,-6.368683990415598295e+00
1.031000000000000050e+01,-1.412835829441724300e+01,-1.546906693612698973e+02,3.447898858876997252e+01,-6.028745429417588397e+00
1.032000000000000028e+01,-1.404442140857657684e+01,-1.563123897418537354e+02,3.423423064680221728e+01,-5.684405781858596463e+00
1.033000000000000007e+01,-1.396132864733595014e+01,-1.579237173147791680e+02,3.399775785705541153e+01,-5.336074380559197472e+00
1.033999999999999986e+01,-1.387902370348154513e+01,-1.595241778189010518e+02,3.376943801911465926e+01,-4.984132035719159859e+00
1.034999999999999964e+01,-1.379742434307323506e+01,-1.611134927241338630e+02,3.354907106635009484e+01,-4.628908012160040997e+00
1.035999999999999943e+01,-1.371643296590102068e+01,-1.626916131440790707e+02,3.333640823489003679e+01,-4.270662608227552504e+00
1.036999999999999922e+01,-1.363594798965642241e+01,-1.642587313782503031e+02,3.313117526998947682e+01,-3.909576842587121792e+00
1.038000000000000078e+01,-1.355587501680525619e+01,-1.658152697808116613e+02,3.293309720595346590e+01,-3.545750002806463463e+00
1.039000000000000057e+01,-1.347613678164860218e+01,-1.673618486961861720e+02,3.274192218283607048e+01,-3.179205004248169431e+00
1.040000000000000036e+01,-1.339668100515866911e+01,-1.688992370877968199e+02,3.255744194176914874e+01,-2.809900727313203284e+00
1.041000000000000014e+01,-1.331748549707416629e+01,-1.704282910292082249e+02,3.237950705063446577e+01,-2.437749821784262139e+00
1.041999999999999993e+01,-1.323856011909020225e+01,-1.719498862655155733e+02,3.220803550932334502e+01,-2.062639956011996123e+00
1.042999999999999972e+01,-1.315994553234656905e+01,-1.734648514741030567e+02,3.204301410565694397e+01,-1.684456196318714793e+00
1.043999999999999950e+01,-1.308170896448999443e+01,-1.749739086135109858e+02,3.188449266232931123e+01,-1.303102155465358791e+00
1.044999999999999929e+01,-1.300393751349400162e+01,-1.764776258801167899e+02,3.173257205033115369e+01,-9.185177486837006189e-01
1.046000000000000085e+01,-1.292672972833905298e+01,-1.779763874006075355e+02,3.158738746850156076e+01,-5.306918149187739298e-01
1.047000000000000064e+01,-1.285018634957433648e+01,-1.794703820358859616e+02,3.144908893946765005e+01,-1.396684494072893967e-01
1.048000000000000043e+01,-1.277440114475289334e+01,1.790403882477304194e+02,3.131782120760422217e+01,2.544534152928580317e-01
1.049000000000000021e+01,-1.269945273425434173e+01,1.775560818741319054e+02,3.119370522781686716e+01,6.515269241496997044e-01
1.050000000000000000e+01,-1.262539818082390042e+01,1.760769761362141423e+02,3.107682321290699790e+01,1.051369782767030081e+00
1.050999999999999979e+01,-1.255226892697491614e+01,1.746034151061769535e+02,3.096720879212654864e+01,1.453780821480445518e+00
1.051999999999999957e+01,-1.248006942835835353e+01,1.731357523078431200e+02,3.086484327169991104e+01,1.858558757193843780e+00
1.052999999999999936e+01,-1.240877857054306688e+01,1.716742938585213665e+02,3.076965833852643328e+01,2.265521071042712720e+00
1.053999999999999915e+01,-1.233835369401350590e+01,1.702192476454567895e+02,3.068154487559891308e+01,2.674520932914349558e+00
1.055000000000000071e+01,-1.226873680941728040e+01,1.687706834632573987e+02,3.060036692671819836e+01,3.085460323325558640e+00
1.056000000000000050e+01,-1.219986238230483799e+01,1.673285079618966336e+02,3.052597931888422877e+01,3.498297905723534384e+00
1.057000000000000028e+01,-1.213166592124301602e+01,1.658924568310943357e+02,3.045824707391266273e+01,3.913050748036943194e+00
1.058000000000000007e+01,-1.206409252875872085e+01,1.644621049979760983e+02,3.039706455318539113e+01,4.329789627800367136e+00
1.058999999999999986e+01,-1.199710457912656558e+01,1.630368938883585201e+02,3.034237230022251453e+01,4.748628317571761848e+00
1.059999999999999964e+01,-1.193068777162219973e+01,1.616161731608682430e+02,3.029416977383418441e+01,5.169707869954788038e+00
1.060999999999999943e+01,-1.186485496555306085e+01,1.601992529304298500e+02,3.025252257751525420e+01,5.593177440503925624e+00
1.061999999999999922e+01,-1.179964741907601322e+01,1.587854614972443414e+02,3.021756334617402118e+01,6.019173548297883869e+00
1.063000000000000078e+01,-1.173513330554414580e+01,1.573742030938331879e+02,3.018948609124263882e+01,6.447799840734433907e+00
1.064000000000000057e+01,-1.167140364253683771e+01,1.559650102056276353e+02,3.016853446258475557e+01,6.879109385078491457e+00
1.065000000000000036e+01,-1.160856601249126641e+01,1.545575855967163932e+02,3.015498499215411954e+01,7.313091261552979283e+00
1.066000000000000014e+01,-1.154673665532121696e+01,1.531518302079497289e+02,3.014912687882201325e+01,7.749662810203947316e+00
1.066999999999999993e+01,-1.148603165375180168e+01,1.517478544676290255e+02,3.015124020879123634e+01,8.188668332842528486e+00
1.067999999999999972e+01,-1.142655800028421709e+01,1.503459721141141188e+02,3.016157465252173253e+01,8.629884429846754301e+00
1.068999999999999950e+01,-1.136840532809168991e+01,1.489466772157243781e+02,3.018033062820341073e+01,9.073031521507894936e+00
1.069999999999999929e+01,-1.131163901171667163e+01,1.475506065386904879e+02,3.020764468386181889e+01,9.517790524597504742e+00
1.071000000000000085e+01,-1.125629520813397555e+01,1.461584906365323207e+02,3.024358045199934963e+01,9.963823178920012680e+00
1.072000000000000064e+01,-1.120237822942426931e+01,1.447710979249472416e+02,3.028812601177187602e+01,1.041079418646845411e+01
1.073000000000000043e+01,-1.114986043183271036e+01,1.433891765102002864e+02,3.034119790225730640e+01,1.085839316463337134e+01
1.074000000000000021e+01,-1.109868458977307526e+01,1.420133986333447922e+02,3.040265141938895255e+01,1.130635443737343238e+01
1.075000000000000000e+01,-1.104876851436155505e+01,1.406443122829474532e+02,3.047229625285429933e+01,1.175447289204617718e+01
1.075999999999999979e+01,-1.100001149028781278e+01,1.392823038465156174e+02,3.054991602963411523e+01,1.220261449742532989e+01
1.076999999999999957e+01,-1.095230195668681361e+01,1.379275746706881023e+02,3.063528997370863394e+01,1.265072057856002630e+01
1.077999999999999936e+01,-1.090552575938786717e+01,1.365801331609739293e+02,3.072821470239164654e+01,1.309880553181693941e+01
1.078999999999999915e+01,-1.085957426254955749e+01,1.352398026739391526e+02,3.082852418002659789e+01,1.354694828375560078e+01
1.080000000000000071e+01,-1.081435163193450855e+01,1.339062440566072212e+02,3.093610604281192167e+01,1.399527838984429984e+01
1.081000000000000050e+01,-1.076978068912027808e+01,1.325789903976744597e+02,3.105091287794543575e+01,1.444395817320474329e+01
1.082000000000000028e+01,-1.072580687870255467e+01,1.312574904985063711e+02,3.117296755029983402e+01,1.489316266669154487e+01
1.083000000000000007e+01,-1.068240007573247929e+01,1.299411568567428219e+02,3.130236226834421487e+01,1.534305930477320423e+01
1.083999999999999986e+01,-1.063955416978470225e+01,1.286294136567122166e+02,3.143925170524387269e+01,1.579378929532059850e+01
1.084999999999999964e+01,-1.059728457357790710e+01,1.273217404090308804e+02,3.158384107500879523e+01,1.624545238803999680e+01
1.085999999999999943e+01,-1.055562399592054845e+01,1.260177074566426825e+02,3.173637054597943319e+01,1.669809637023380233e+01
1.086999999999999922e+01,-1.051461697130105222e+01,1.247170004977493960e+02,3.189709770553761103e+01,1.715171210475234886e+01
1.088000000000000078e+01,-1.047431373693573242e+01,1.234194324605924891e+02,3.206627993862957027e+01,1.760623433538972904e+01
1.089000000000000057e+01,-1.043476408429841840e+01,1.221249423701144678e+02,3.224415853644854479e+01,1.806154788391366495e+01
1.090000000000000036e+01,-1.039601178493423461e+01,1.208335821348594692e+02,3.243094611869151578e+01,1.851749831223848375e+01
1.091000000000000014e+01,-1.035809010520295104e+01,1.195454933262955848e+02,3.262681855987877100e+01,1.897390567818749929e+01
1.091999999999999993e+01,-1.032101879243127307e+01,1.182608769164517639e+02,3.283191209910354047e+01,1.943057971764607927e+01
1.092999999999999972e+01,-1.028480275053248860e+01,1.169799595081439065e+02,3.304632573591056399e+01,1.988733466848574238e+01
1.093999999999999950e+01,-1.024943244334851045e+01,1.157029597938904146e+02,3.327012843156144584e+01,2.034400202409756631e+01
1.094999999999999929e+01,-1.021488588622575122e+01,1.144300588082299441e+02,3.350337010458279252e+01,2.080043976007407025e+01
1.096000000000000085e+01,-1.018113192729293814e+01,1.131613770195099704e+02,3.374609498788552031e+01,2.125653699181719958e+01
1.097000000000000064e+01,-1.014813439424381514e+01,1.118969604969583571e+02,3.399835564806338084e+01,2.171221355229161531e+01
1.098000000000000043e+01,-1.011585660176668888e+01,1.106367773678607023e+02,3.426022588734081609e+01,2.216741457306400775e+01
1.099000000000000021e+01,-1.008426568671914580e+01,1.093807246485403368e+02,3.453181086795175503e+01,2.262210074483681765e+01
1.100000000000000000e+01,-1.005333626546469183e+01,1.081286444039568693e+02,3.481325310916136573e+01,2.307623546044209562e+01
1.100999999999999979e+01,-1.002305298782746945e+01,1.068803471785666943e+02,3.510473347891761620e+01,2.352977044332441636e+01
1.101999999999999957e+01,-9.993411686797330162e+00,1.056356398504078129e+02,3.540646688651664675e+01,2.398263168987731930e+01
1.102999999999999936e+01,-9.964418979515617281e+00,1.043943545745728727e+02,3.571869301703608812e+01,2.443470757484985256e+01
1.103999999999999915e+01,-9.936090346716946797e+00,1.031563753528876504e+02,3.604166306301563338e+01,2.488584077781392168e+01
1.105000000000000071e+01,-9.908446886507549678e+00,1.019216590068543695e+02,3.637562393517834636e+01,2.533582530099230823e+01
1.106000000000000050e+01,-9.881511086342996464e+00,1.006902479137886957e+02,3.672080181151390832e+01,2.578440930173578494e+01
1.107000000000000028e+01,-9.855302069003759158e+00,9.946227272819926668e+01,3.707738706715210952e+01,2.623130381129777433e+01
1.108000000000000007e+01,-9.829830833041716787e+00,9.823794436051052514e+01,3.744552258974528769e+01,2.667619672191539593e+01
1.108999999999999986e+01,-9.805096019485226577e+00,9.701753561510695079e+01,3.782529722196780142e+01,2.711877076881196302e+01
1.109999999999999964e+01,-9.781080693875640719e+00,9.580135398660111434e+01,3.821674560216699490e+01,2.755872368385227844e+01
1.110999999999999943e+01,-9.757750540419584340e+00,9.458970807074572917e+01,3.861985503571936817e+01,2.799578831703308168e+01
1.111999999999999922e+01,-9.735053732034268492e+00,9.338287077315183637e+01,3.903457928201238047e+01,2.842975036098989960e+01
1.113000000000000078e+01,-9.712922578648013783e+00,9.218104292515003806e+01,3.946085835902596273e+01,2.886046140305766272e+01
1.114000000000000057e+01,-9.691276881051372527e+00,9.098432099776582049e+01,3.989864273226187663e+01,2.928784537568065360e+01
1.115000000000000036e+01,-9.670028745029048522e+00,8.979267232689231548e+01,4.034791965156188098e+01,2.971189705809406689e+01
1.116000000000000014e+01,-9.649088456898272881e+00,8.860592064125384582e+01,4.080873900437359936e+01,3.013267205092747503e+01
1.116999999999999993e+01,-9.628370902434410183e+00,8.742374376758462518e+01,4.128123592526488039e+01,3.055026852603186427e+01
1.117999999999999972e+01,-9.607801939598621388e+00,8.624568425335493771e+01,4.176564756974205039e+01,3.096480195316912187e+01
1.118999999999999950e+01,-9.587324120682072959e+00,8.507117240184471996e+01,4.226232192295255885e+01,3.137637482185088800e+01
1.119999999999999929e+01,-9.566901205269060071e+00,8.389955998139453186e+01,4.277171723246556212e+01,3.178504401372588717e+01
1.121000000000000085e+01,-9.546521009216753839e+00,8.273016178025143574e+01,4.329439155873217970e+01,3.219078885909691934e+01
1.122000000000000064e+01,-9.526196287394814277e+00,8.156230135123678338e+01,4.383098293276966473e+01,3.259348297910661074e+01
1.123000000000000043e+01,-9.505963533977313418e+00,8.039535682154637186e+01,4.438218159159342235e+01,3.299287275635123962e+01
1.124000000000000021e+01,-9.485879784091384437e+00,7.922880258810728549e+01,4.494869662217549688e+01,3.338856471096319467e+01
1.125000000000000000e+01,-9.466017693229234808e+00,7.806224308617099439e+01,4.553121999124631003e+01,3.378002323934561701e+01
1.125999999999999979e+01,-9.446459335616308906e+00,7.689543556750375330e+01,4.613039130024979784e+01,3.416657917762132968e+01
1.126999999999999957e+01,-9.427289282855507935e+00,7.572829987164482191e+01,4.674676663936272547e+01,3.454744857750205966e+01
1.127999999999999936e+01,-9.408587588274011537e+00,7.456091440620559752e+01,4.738079460947059118e+01,3.492176003275054086e+01
1.128999999999999915e+01,-9.390423305570847035e+00,7.339349884265287471e+01,4.803280195486446758e+01,3.528858797320773988e+01
1.130000000000000071e+01,-9.372849114095375356e+00,7.222638525601782078e+01,4.870299035014845401e+01,3.564698864586888760e+01
1.131000000000000050e+01,-9.355897514468111353e+00,7.105998047807001683e+01,4.939144478746511169e+01,3.599603510863627065e+01
1.132000000000000028e+01,-9.339578908672038438e+00,6.989472320403098138e+01,5.009815281327479397e+01,3.633484752934001705e+01
1.133000000000000007e+01,-9.323881702472247568e+00,6.873103983083896651e+01,5.082303268415760300e+01,3.666261543725023131e+01
1.133999999999999986e+01,-9.308774380925697756e+00,6.756930307766795352e+01,5.156596747434841177e+01,3.697860930619724229e+01
1.134999999999999964e+01,-9.294209326167120366e+00,6.640979714349957419e+01,5.232684139709842697e+01,3.728217990522617953e+01
1.135999999999999943e+01,-9.280127986462270329e+00,6.525269251751916499e+01,5.310557420273356399e+01,3.757274513986178022e+01
1.136999999999999922e+01,-9.266466881131655953e+00,6.409803262920459588e+01,5.390214956000605895e+01,3.784976549364866116e+01
1.138000000000000078e+01,-9.253163849291679455e+00,6.294573338557797371e+01,5.471663383807475611e+01,3.811271051114376007e+01
1.139000000000000057e+01,-9.240163929683964383e+00,6.179559539504631260e+01,5.554918265249482090e+01,3.836101988025303200e+01
1.140000000000000036e+01,-9.227424297565040234e+00,6.064732743813225824e+01,5.640003383219466571e+01,3.859406343015017171e+01
1.141000000000000014e+01,-9.214917780352470444e+00,5.950057863833225724e+01,5.726948697014273648e+01,3.881110465386424835e+01
1.141999999999999993e+01,-9.202634618023004975e+00,5.835497592671794820e+01,5.815787127123323330e+01,3.901127213685159489e+01
1.142999999999999972e+01,-9.190582313075051246e+00,5.721016287508655296e+01,5.906550482865975482e+01,3.919354252931797333e+01
1.143999999999999950e+01,-9.178783609905341478e+00,5.606583585281131121e+01,5.999264957678835231e+01,3.935673750526464687e+01
1.144999999999999929e+01,-9.167272834292489847e+00,5.492177375677850648e+01,6.093946684541900538e+01,3.949953562187092615e+01
1.146000000000000085e+01,-9.156090990323214385e+00,5.377785824050334185e+01,6.190597858188986891e+01,3.962049828522168582e+01
1.147000000000000064e+01,-9.145280137397774567e+00,5.263408235445993455e+01,6.289203887103207791e+01,3.971810732350602535e+01
1.148000000000000043e+01,-9.134877641593504904e+00,5.149054669997138944e+01,6.389731938355607355e+01,3.979081015630549700e+01
1.149000000000000021e+01,-9.124910907301858387e+00,5.034744347071433168e+01,6.492131089550476020e+01,3.983706741046712096e+01
1.150000000000000000e+01,-9.115393146579886974e+00,4.920502998255031457e+01,6.596334117700563127e+01,3.985539722649551919e+01
1.150999999999999979e+01,-9.106320640707899372e+00,4.806359435675211245e+01,6.702260753148688366e+01,3.984441053855337600e+01
1.151999999999999957e+01,-9.097671801416618464e+00,4.692341682556722304e+01,6.809822030006216664e+01,3.980283234867076203e+01
1.152999999999999936e+01,-9.089408162078488118e+00,4.578473059980155568e+01,6.918925197263591542e+01,3.972950542678924535e+01
1.153999999999999915e+01,-9.081477238117484418e+00,4.464768633227565431e+01,7.029478540166633138e+01,3.962337484108333996e+01
1.155000000000000071e+01,-9.073817008416606100e+00,4.351232391665853783e+01,7.141395418870895639e+01,3.948345406092032306e+01
1.156000000000000050e+01,-9.066361603048191498e+00,4.237855469886546445e+01,7.254596872504302496e+01,3.930877581248429209e+01
1.157000000000000028e+01,-9.059047653458108584e+00,4.124615620137073790e+01,7.369012263183635980e+01,3.909833310118467864e+01
1.158000000000000007e+01,-9.051820682909138327e+00,4.011478025422852767e+01,7.484577636544453583e+01,3.885101754526254325e+01
1.158999999999999986e+01,-9.044640896993152879e+00,3.898397410218360193e+01,7.601231732577943490e+01,3.856556313824117410e+01
1.159999999999999964e+01,-9.037487780215281319e+00,3.785321274546153347e+01,7.718909864381099339e+01,3.824050360578829810e+01
1.160999999999999943e+01,-9.030363012261783950e+00,3.672193960905548238e+01,7.837536159618981912e+01,3.787415058656319644e+01
1.161999999999999922e+01,-9.023291376875794967e+00,3.558961174810455219e+01,7.957014896536225024e+01,3.746459800565400400e+01
1.163000000000000078e+01,-9.016319531354040961e+00,3.445574528515108170e+01,8.077221833347405777e+01,3.700975539149982296e+01
1.164000000000000057e+01,-9.009512715139585737e+00,3.331995669779085745e+01,8.197996503678716351e+01,3.650740977069401083e+01
1.165000000000000036e+01,-9.002949679492441959e+00,3.218199594206603109e+01,8.319136417319086263e+01,3.595531248191211660e+01
1.166000000000000014e+01,-8.996716295412017672e+00,3.104176816684832474e+01,8.440393961160535241e+01,3.535128413942791070e+01
1.166999999999999993e+01,-8.990898426153112410e+00,2.989934186242827963e+01,8.561476547466321563e+01,3.469332841602210493e+01
1.167999999999999972e+01,-8.985574721734113979e+00,2.875494257630460382e+01,8.682050224967767349e+01,3.397974364976056449e+01
1.168999999999999950e+01,-8.980810000292676065e+00,2.760893268930968958e+01,8.801746584028727227e+01,3.320922079473483279e+01
1.169999999999999929e+01,-8.976649826063839654e+00,2.646177904467636210e+01,8.920172392102492154e+01,3.238091711464588229e+01
1.171000000000000085e+01,-8.973116782911155553e+00,2.531401134393913210e+01,9.036921039258031385e+01,3.149449729336776471e+01
1.172000000000000064e+01,-8.970208786934513512e+00,2.416617507120969677e+01,9.151584606954864398e+01,3.055013715538054697e+01
1.173000000000000043e+01,-8.967899595969630155e+00,2.301878321284981510e+01,9.263765242082472184e+01,2.954848959768182226e+01
1.174000000000000021e+01,-8.966141473889319258e+00,2.187227116285083284e+01,9.373084553830602772e+01,2.849061710052770380e+01
1.175000000000000000e+01,-8.964869770470851762e+00,2.072695893437012415e+01,9.479189962504416656e+01,2.737789965756271471e+01
1.175999999999999979e+01,-8.964009000130310767e+00,1.958302415331066371e+01,9.581757299706389119e+01,2.621193047851286195e+01
1.176999999999999957e+01,-8.963479861000418936e+00,1.844048833875202220e+01,9.680489444921363429e+01,2.499441379797887919e+01
1.177999999999999936e+01,-8.963206543473571486e+00,1.729921775537639661e+01,9.775111320372518264e+01,2.372707920286606864e+01
1.178999999999999915e+01,-8.963123644757237329e+00,1.615893875993202755e+01,9.865362079234625980e+01,2.241162497348101823e+01
1.180000000000000071e+01,-8.963182038484834635e+00,1.501926618355582832e+01,9.950985738293292115e+01,2.104969921933204802e+01
1.181000000000000050e+01,-8.963353144996311528e+00,1.387974203122974615e+01,1.003172176396387272e+02,1.964292254418766248e+01
1.182000000000000028e+01,-8.963631200609757599e+00,1.273988077098143457e+01,1.010729718063725784e+02,1.819295025172051439e+01
1.183000000000000007e+01,-8.964033318476092305e+00,1.159921683951120563e+01,1.017742161923773665e+02,1.670156645675731610e+01
1.183999999999999986e+01,-8.964597349630443190e+00,1.045734978114021629e+01,1.024178637565628662e+02,1.517079765154016613e+01
1.184999999999999964e+01,-8.965377767951700605e+00,9.313982688167660839e+00,1.030006804278200718e+02,1.360302995617211863e+01
1.185999999999999943e+01,-8.966439994287146220e+00,8.168950295005375395e+00,1.035193667695527893e+02,1.200111295620287244e+01
1.186999999999999922e+01,-8.967853723340780903e+00,7.022234119543806941e+00,1.039706783596642623e+02,1.036843396632954573e+01
1.188000000000000078e+01,-8.969685907719544105e+00,5.873963329730097271e+00,1.043515726493765357e+02,8.708949744845133623e+00
1.189000000000000057e+01,-8.971994079142843859e+00,4.724401406763040434e+00,1.046593658979475521e+02,7.027167796917526132e+00
1.190000000000000036e+01,-8.974820646606389118e+00,3.573920039891294476e+00,1.048918817251815057e+02,5.328075822576213483e+00
1.191000000000000014e+01,-8.978188710979747356e+00,2.422962893323484135e+00,1.050475732851142112e+02,3.617024720035354246e+00
1.191999999999999993e+01,-8.982099785966596528e+00,1.272002826536763775e+00,1.051256040855605534e+02,1.899576849651078092e+00
1.192999999999999972e+01,-8.986533631100972030e+00,1.214967465192616919e-01,1.051258776955649665e+02,1.813360310101471973e-01
1.193999999999999950e+01,-8.991450200299267337e+00,-1.028157523684957386e+00,1.050490132579139697e+02,-1.532221776862584983e+00
1.194999999999999929e+01,-8.996793507319605254e+00,-2.176658177361636692e+00,1.048962708575894283e+02,-3.235898381568485416e+00
1.196000000000000085e+01,-9.002497025186727342e+00,-3.323826567831054124e+00,1.046694373042452497e+02,-4.924888003380485380e+00
1.197000000000000064e+01,-9.008490087059135121e+00,-4.469621910664143272e+00,1.043706877922009255e+02,-6.594845898189700684e+00
1.198000000000000043e+01,-9.014704655712428405e+00,-5.614142093244775644e+00,1.040024415093536874e+02,-8.241906669594792234e+00
1.199000000000000021e+01,-9.021081788674454316e+00,-6.757610499950806648e+00,1.035672292663928289e+02,-9.862654856345187682e+00
1.200000000000000000e+01,-9.027577151817929746e+00,-7.900350149966445024e+00,1.030675887092208001e+02,-1.145405664972467896e+01
1.200999999999999979e+01,-9.034165025242629099e+00,-9.042747723486172617e+00,1.025059981204732367e+02,-1.301336639975218645e+01
1.201999999999999957e+01,-9.040840393892016991e+00,-1.018521108581012236e+01,1.018848539304325129e+02,-1.453802430852578453e+01
1.202999999999999936e+01,-9.047618907147276346e+00,-1.132812459364098601e+01,1.012064907012413499e+02,-1.602556209816541610e+01
1.203999999999999915e+01,-9.054534706870228433e+00,-1.247180670686018011e+01,1.004732363957788550e+02,-1.747353151879996602e+01
1.205000000000000071e+01,-9.061636339251750272e+00,-1.361647420378834106e+01,9.968749097851558361e+01,-1.887946666571295040e+01
1.206000000000000050e+01,-9.068981159453908703e+00,-1.476221663281688734e+01,9.885181342651129910e+01,-2.024088578532102289e+01
1.207000000000000028e+01,-9.076628789294632682e+00,-1.590898360184548643e+01,9.796900141350619151e+01,-2.155533231866536781e+01
1.208000000000000007e+01,-9.084634282143792205e+00,-1.705658622091997501e+01,9.704214933490756323e+01,-2.282044918717257431e+01
1.208999999999999986e+01,-9.093041677428089997e+00,-1.820471260727772744e+01,9.607467372532454419e+01,-2.403407556511233523e+01
1.209999999999999964e+01,-9.101878588323485175e+00,-1.935295597632210018e+01,9.507029996209698197e+01,-2.519435225697192138e+01
1.210999999999999943e+01,-9.111152365478430326e+00,-2.050085260867405879e+01,9.403300972036922190e+01,-2.629982070931404081e+01
1.211999999999999922e+01,-9.120848227445987888e+00,-2.164792601439873465e+01,9.296695412666241509e+01,-2.734950172708786198e+01
1.213000000000000078e+01,-9.130929559391590900e+00,-2.279373299584426960e+01,9.187634216826077704e+01,-2.834294290212418943e+01
1.214000000000000057e+01,-9.141340372739534814e+00,-2.393790709454856369e+01,9.076531704193099870e+01,-2.928022809033765483e+01
1.215000000000000036e+01,-9.152009708353181949e+00,-2.508019511705598248e+01,8.963783441255726814e+01,-3.016194731140580032e+01
1.216000000000000014e+01,-9.162857573614754614e+00,-2.622048305682694647e+01,8.849755594017409521e+01,-3.098913045522841969e+01
1.216999999999999993e+01,-9.173801847557873757e+00,-2.735880871748342358e+01,8.734776913691251821e+01,-3.176315249619625192e+01
1.217999999999999972e+01,-9.184765483964049793e+00,-2.849535961432040310e+01,8.619134105668692314e+01,-3.248562103163856563e+01
1.218999999999999950e+01,-9.195683302129513237e+00,-2.963045617239753682e+01,8.503070904317100087e+01,-3.315825857659895348e+01
1.219999999999999929e+01,-9.206507685306016597e+00,-3.076452171182231154e+01,8.386790733960278033e+01,-3.378279208201752226e+01
1.221000000000000085e+01,-9.217212607033658855e+00,-3.189804206282267174e+01,8.270462432828729504e+01,-3.436086070943849791e+01
1.222000000000000064e+01,-9.227795567348147543e+00,-3.303151873805022376e+01,8.154228195564783732e+01,-3.489395025691600694e+01
1.223000000000000043e+01,-9.238277228363367399e+00,-3.416542028387895158e+01,8.038212682365374917e+01,-3.538335915910608520e+01
1.224000000000000021e+01,-9.248698770348610765e+00,-3.530013665419143365e+01,7.922532166406701037e+01,-3.583019711382828376e+01
1.225000000000000000e+01,-9.259117220270795201e+00,-3.643594117090097484e+01,7.807302648573350723e+01,-3.623541357297191468e+01
1.225999999999999979e+01,-9.269599210023599767e+00,-3.757296388503737461e+01,7.692646047935583908e+01,-3.659985001199942900e+01
1.226999999999999957e+01,-9.280213779634165050e+00,-3.871117901382370974e+01,7.578693852662942732e+01,-3.692430742961629164e+01
1.227999999999999936e+01,-9.291024935862919776e+00,-3.985040772667653641e+01,7.465587952966916419e+01,-3.720961919057170775e+01
1.228999999999999915e+01,-9.302084700354329883e+00,-4.099033603379610469e+01,7.353478732252770556e+01,-3.745671923133579639e+01
1.230000000000000071e+01,-9.313427333054150381e+00,-4.213054604716092655e+01,7.242520820707736107e+01,-3.766669676165120961e+01
1.231000000000000050e+01,-9.325065302142327539e+00,-4.327055757655389101e+01,7.132867177700647687e+01,-3.784083072102907863e+01
1.232000000000000028e+01,-9.336987403056706825e+00,-4.440987601121987893e+01,7.024662336652932026e+01,-3.798060007071615019e+01
1.233000000000000007e+01,-9.349159222271239855e+00,-4.554804180971732563e+01,6.918035703587111129e+01,-3.808766912870596855e+01
1.233999999999999986e+01,-9.361525915032824940e+00,-4.668467673188515477e+01,6.813095748749336167e+01,-3.816385018679956431e+01
1.234999999999999964e+01,-9.374017040426542380e+00,-4.781952221787237534e+01,6.709925783692810342e+01,-3.821104822929507350e+01
1.235999999999999943e+01,-9.386552992417900754e+00,-4.895246603356246595e+01,6.608581798443081823e+01,-3.823119443611263080e+01
1.236999999999999922e+01,-9.399052401456708949e+00,-5.008355440543292758e+01,6.509092575076735443e+01,-3.822617614357667293e+01
1.238000000000000078e+01,-9.411439774871499964e+00,-5.121298826925352188e+01,6.411462026805702408e+01,-3.819777101149343679e+01
1.239000000000000057e+01,-9.423652608357656391e+00,-5.234110382974348141e+01,6.315673464770994627e+01,-3.814759236394598929e+01
1.240000000000000036e+01,-9.435647241858696077e+00,-5.346833921959313329e+01,6.221695292736379201e+01,-3.807705117165663466e+01
1.241000000000000014e+01,-9.447402849723712137e+00,-5.459519049071393226e+01,6.129487491018285539e+01,-3.798733812175041891e+01
1.241999999999999993e+01,-9.458923137308744344e+00,-5.572216130916167742e+01,6.039008186556196733e+01,-3.787942690878367102e+01
1.242999999999999972e+01,-9.470235546204595067e+00,-5.684971142647163589e+01,5.950219619843002050e+01,-3.775409752886161385e+01
1.243999999999999950e+01,-9.481388023845447321e+00,-5.797820917960763865e+01,5.863092907713605939e+01,-3.761197621428102877e+01
1.244999999999999929e+01,-9.492443663014222821e+00,-5.910789290488199299e+01,5.777611152494392854e+01,-3.745358693382376458e+01
1.246000000000000085e+01,-9.503473735783291687e+00,-6.023884527724159454e+01,5.693770644837817230e+01,-3.727940828183846378e+01
1.247000000000000064e+01,-9.514549811723044925e+00,-6.137098330180648986e+01,5.611580126748894770e+01,-3.708992919787782938e+01
1.248000000000000043e+01,-9.525735745413815181e+00,-6.250406512840855555e+01,5.531058297403166790e+01,-3.688569732419261982e+01
1.249000000000000021e+01,-9.537080335149722643e+00,-6.363771319397908144e+01,5.452229932589506234e+01,-3.666735485745515177e+01
1.250000000000000000e+01,-9.548611393201060338e+00,-6.477145158674410652e+01,5.375121128201956111e+01,-3.643565833875073423e+01
1.250999999999999979e+01,-9.560331835443337312e+00,-6.590475412131731048e+01,5.299754255088765831e+01,-3.619148074669874404e+01
1.251999999999999957e+01,-9.572218207774458421e+00,-6.703709854066914886e+01,5.226143221001573380e+01,-3.593579627712880153e+01
1.252999999999999936e+01,-9.584221836003099071e+00,-6.816802161327025544e+01,5.154289578155586327e+01,-3.566965007703991830e+01
1.253999999999999915e+01,-9.596272535118366420e+00,-6.929716973004686054e+01,5.084179902164397191e+01,-3.539411675150959979e+01
1.255000000000000071e+01,-9.608284564995672739e+00,-7.042433994748154191e+01,5.015784715318734044e+01,-3.511025253429577475e+01
1.256000000000000050e+01,-9.620164295102584973e+00,-7.154950725239288545e+01,4.949059052666995484e+01,-3.481904652389797405e+01
1.257000000000000028e+01,-9.631818862257516045e+00,-7.267283508122152114e+01,4.883944592028691289e+01,-3.452137631771322646e+01
1.258000000000000007e+01,-9.643164991972215105e+00,-7.379466771000707581e+01,4.820373106575075184e+01,-3.421797276482755024e+01
1.258999999999999986e+01,-9.654137119627076657e+00,-7.491550489882345687e+01,4.758270866055746495e+01,-3.390939748630633943e+01
1.259999999999999964e+01,-9.664693999848903871e+00,-7.603596095344740036e+01,4.697563521877365389e+01,-3.359603539985670295e+01
1.260999999999999943e+01,-9.674823129163319990e+00,-7.715671197010800597e+01,4.638180969817998545e+01,-3.327810287861831995e+01
1.261999999999999922e+01,-9.684542516557625547e+00,-7.827843627676615768e+01,4.580061695478113393e+01,-3.295567053276390368e+01
1.263000000000000078e+01,-9.693899598042390764e+00,-7.940175383007523635e+01,4.523156170017180955e+01,-3.262869809293050594e+01
1.264000000000000057e+01,-9.702967376690651236e+00,-8.052717048020009827e+01,4.467428970607197414e+01,-3.229707765160396349e+01
1.265000000000000036e+01,-9.711838147714759728e+00,-8.165503255555330497e+01,4.412859439850647192e+01,-3.196068071112972930e+01
1.266000000000000014e+01,-9.720615408678801472e+00,-8.278549619933004067e+01,4.359440855787705971e+01,-3.161940418042854262e+01
1.266999999999999993e+01,-9.729404732797219069e+00,-8.391851442675097417e+01,4.307178241471964242e+01,-3.127321068571795948e+01
1.267999999999999972e+01,-9.738304481379763899e+00,-8.505384312889060539e+01,4.256085082804501951e+01,-3.092215927996664959e+01
1.268999999999999950e+01,-9.747397242305003928e+00,-8.619106540994772558e+01,4.206179330084381007e+01,-3.056642375871689410e+01
1.269999999999999929e+01,-9.756742806747633168e+00,-8.732963189191350750e+01,4.157479121619746110e+01,-3.020629717744489540e+01
1.271000000000000085e+01,-9.766373346034834313e+00,-8.846891311523384616e+01,4.109998681486583649e+01,-2.984218265301662143e+01
1.272000000000000064e+01,-9.776291240225203794e+00,-8.960825903517721258e+01,4.063744808891281934e+01,-2.947457195156498599e+01
1.273000000000000043e+01,-9.786469759523271250e+00,-9.074705995228242728e+01,4.018714299794627465e+01,-2.910401456848295965e+01
1.274000000000000021e+01,-9.796856530978928390e+00,-9.188480307338549835e+01,3.974892532828972236e+01,-2.873108087916347841e+01
1.275000000000000000e+01,-9.807379459115660225e+00,-9.302111929036307458e+01,3.932253323909400677e+01,-2.835632341098849807e+01
1.275999999999999979e+01,-9.817954533193105959e+00,-9.415581566053447204e+01,3.890760020981463185e+01,-2.798024033242831266e+01
1.276999999999999957e+01,-9.828494767520350450e+00,-9.528889040872593341e+01,3.850367685219310943e+01,-2.760324489026898931e+01
1.277999999999999936e+01,-9.838919403569967415e+00,-9.642052893798123137e+01,3.811026099317358273e+01,-2.722564380285193408e+01
1.278999999999999915e+01,-9.849162467679335009e+00,-9.755108118655543592e+01,3.772683266690387427e+01,-2.684762661634682601e+01
1.280000000000000071e+01,-9.859179832807932087e+00,-9.868102252553380538e+01,3.735289024033031779e+01,-2.646926685463042972e+01
1.281000000000000050e+01,-9.868954074994462644e+00,-9.981090206206926041e+01,3.698798387215724404e+01,-2.609053455784466280e+01
1.282000000000000028e+01,-9.878496632642047359e+00,-1.009412835137874254e+02,3.663174286783221589e+01,-2.571131863264714923e+01
1.283000000000000007e+01,-9.887847047903393971e+00,-1.020726845999186452e+02,3.628389420493879669e+01,-2.533145644678714703e+01
1.283999999999999986e+01,-9.897069365423510234e+00,-1.032055210604822406e+02,3.594427048876730879e+01,-2.495076739401274679e+01
1.284999999999999964e+01,-9.906246052243382394e+00,-1.043400609448734713e+02,3.561280675093753700e+01,-2.456908680606537132e+01
1.285999999999999943e+01,-9.915470052469686379e+00,-1.054763937596270438e+02,3.528952669877254777e+01,-2.418629663147000031e+01
1.286999999999999922e+01,-9.924835775234745583e+00,-1.066144175528138760e+02,3.497452012837322144e+01,-2.380234972609417810e+01
1.288000000000000078e+01,-9.934429916670589833e+00,-1.077538452076344697e+02,3.466791411018005675e+01,-2.341728535385990284e+01
1.289000000000000057e+01,-9.944323028081633709e+00,-1.088942293114056099e+02,3.436984114920274891e+01,-2.303123448630472936e+01
1.290000000000000036e+01,-9.954562664912753434e+00,-1.100350031479926685e+02,3.408040775806176725e+01,-2.264441460137347306e+01
1.291000000000000014e+01,-9.965168794496253923e+00,-1.111755338008070879e+02,3.379966674747544886e+01,-2.225711479083432920e+01
1.291999999999999993e+01,-9.976131921267889169e+00,-1.123151821855778962e+02,3.352759606510928592e+01,-2.186967297511891317e+01
1.292999999999999972e+01,-9.987414126781992252e+00,-1.134533641538314299e+02,3.326408626329890694e+01,-2.148244779717271413e+01
1.293999999999999950e+01,-9.998952941585837806e+00,-1.145896066751766398e+02,3.300893773648193985e+01,-2.109578825428591742e+01
1.294999999999999929e+01,-1.001066769121550237e+01,-1.157235935335322381e+02,3.276186784045149381e+01,-2.071000429202871018e+01
1.296000000000000085e+01,-1.002246771370229261e+01,-1.168551959316348672e+02,3.252252699055782159e+01,-2.032534142234176144e+01
1.297000000000000064e+01,-1.003426165421851834e+01,-1.179844848177848462e+02,3.229052193169809470e+01,-1.994196196295206747e+01
1.298000000000000043e+01,-1.004596692397634605e+01,-1.191117235121382265e+02,3.206544366378418687e+01,-1.955993477782658729e+01
1.299000000000000021e+01,-1.005751838001250498e+01,-1.202373411583951537e+02,3.184689705861534392e+01,-1.917923450013962139e+01
1.300000000000000000e+01,-1.006887534700441300e+01,-1.213618894696026871e+02,3.163452906067261949e+01,-1.879975022867909118e+01
1.300999999999999979e+01,-1.008002625885287173e+01,-1.224859869688415017e+02,3.142805254038111329e+01,-1.842130270444174656e+01
1.301999999999999957e+01,-1.009099043269933382e+01,-1.236102562520350290e+02,3.122726334774654688e+01,-1.804366809705140540e+01
1.302999999999999936e+01,-1.010181677754631124e+01,-1.247352605644424131e+02,3.103204884885541759e+01,-1.766660585306546594e+01
1.303999999999999915e+01,-1.011257955251847562e+01,-1.258614460906196513e+02,3.084238714045046947e+01,-1.728988765362535318e+01
1.305000000000000071e+01,-1.012337159154472843e+01,-1.269890957941968992e+02,3.065833712997152460e+01,-1.691332444155691661e+01
1.306000000000000050e+01,-1.013429566886315669e+01,-1.281182994738713887e+02,3.048002063118354954e+01,-1.653678871639420223e+01
1.307000000000000028e+01,-1.014545486621337744e+01,-1.292489430603248763e+02,3.030759845334714697e+01,-1.616022983059553297e+01
1.308000000000000007e+01,-1.015694289998960897e+01,-1.303807182481299378e+02,3.014124306632111683e+01,-1.578368078815864806e+01
1.308999999999999986e+01,-1.016883536764421692e+01,-1.315131515410005250e+02,2.998111074434829959e+01,-1.540725595954718585e+01
1.309999999999999964e+01,-1.018118278014234868e+01,-1.326456498875700447e+02,2.982731610094263885e+01,-1.503114008286260983e+01
1.310999999999999943e+01,-1.019400607275637860e+01,-1.337775584736182282e+02,2.967991163466464144e+01,-1.465556981895983313e+01
1.311999999999999922e+01,-1.020729504781098385e+01,-1.349082250543599457e+02,2.953887435025505681e+01,-1.428080987745603636e+01
1.313000000000000078e+01,-1.022100992224317828e+01,-1.360370645546265393e+02,2.940410076544472417e+01,-1.390712626071049840e+01
1.314000000000000057e+01,-1.023508585459714304e+01,-1.371636175903008734e+02,2.927541074039032409e+01,-1.353475943784645530e+01
1.315000000000000036e+01,-1.024944003612908539e+01,-1.382875970831417192e+02,2.915255966126035148e+01,-1.316390024100039113e+01
1.316000000000000014e+01,-1.026398067491239807e+01,-1.394089182206800785e+02,2.903525765931380320e+01,-1.279467097747497206e+01
1.316999999999999993e+01,-1.027861700475595619e+01,-1.405277085739305392e+02,2.892319383299298252e+01,-1.242711370494662582e+01
1.317999999999999972e+01,-1.029326933362184882e+01,-1.416442971005937181e+02,2.881606293221949500e+01,-1.206118687500901387e+01
1.318999999999999950e+01,-1.030787812447116636e+01,-1.427591828573224007e+02,2.871359171282650635e+01,-1.169677068450090829e+01
1.319999999999999929e+01,-1.032241118186374607e+01,-1.438729863141467149e+02,2.861556220341436330e+01,-1.133368056960513037e+01
1.321000000000000085e+01,-1.033686819615039099e+01,-1.449863879856577284e+02,2.852182944791467634e+01,-1.097168742693488497e+01
1.322000000000000064e+01,-1.035128215786147443e+01,-1.461000604588682847e+02,2.843233186569000637e+01,-1.061054243902923488e+01
1.323000000000000043e+01,-1.036571747127943510e+01,-1.472146006426126803e+02,2.834709314881880360e+01,-1.025000389662781686e+01
1.324000000000000021e+01,-1.038026493379692106e+01,-1.483304690943023729e+02,2.826621551085776574e+01,-9.889863201783422042e+00
1.325000000000000000e+01,-1.039503406907246408e+01,-1.494479425896012685e+02,2.818986501542574530e+01,-9.529967328494779011e+00
1.325999999999999979e+01,-1.041014357199465579e+01,-1.505670847692632037e+02,2.811825054605903773e+01,-9.170235400571748130e+00
1.326999999999999957e+01,-1.042571081388697429e+01,-1.516877378785731594e+02,2.805159864056503594e+01,-8.810667675795931686e+00
1.327999999999999936e+01,-1.044184144931430858e+01,-1.528095365102802532e+02,2.799012683432519566e+01,-8.451346029756079403e+00
1.328999999999999915e+01,-1.045862015491554686e+01,-1.539319420920399750e+02,2.793401829733483055e+01,-8.092425923195154525e+00
1.330000000000000071e+01,-1.047610342030371555e+01,-1.550542948357655177e+02,2.788340040066495007e+01,-7.734120718619720058e+00
1.331000000000000050e+01,-1.049431511453247623e+01,-1.561758781717007309e+02,2.783832943136255622e+01,-7.376679995585123883e+00
1.332000000000000028e+01,-1.051324528852359386e+01,-1.572959894671309939e+02,2.779878303788311200e+01,-7.020364123579530435e+00
1.333000000000000007e+01,-1.053285236786205914e+01,-1.584140101772181879e+02,2.776466119713135683e+01,-6.665417730487772197e+00
1.333999999999999986e+01,-1.055306856755775158e+01,-1.595294685484161619e+02,2.773579562697341672e+01,-6.312044819657011807e+00
1.334999999999999964e+01,-1.057380804804898311e+01,-1.606420886044184613e+02,2.771196670770380877e+01,-5.960388129946196045e+00
1.335999999999999943e+01,-1.059497705744567497e+01,-1.617518203559295102e+02,2.769292620455749798e+01,-5.610514915013493642e+00
1.336999999999999922e+01,-1.061648509518952821e+01,-1.628588479041128494e+02,2.767842347637026279e+01,-5.262410677803294412e+00
1.338000000000000078e+01,-1.063825601008246124e+01,-1.639635742157214793e+02,2.766823247558406251e+01,-4.915981592480557438e+00
1.339000000000000057e+01,-1.066023792792471347e+01,-1.650665836472261105e+02,2.766217673549462930e+01,-4.571065455785592313e+00
1.340000000000000036e+01,-1.068241099830788698e+01,-1.661685855578052440e+02,2.766014972029249819e+01,-4.227450122340600025e+00
1.341000000000000014e+01,-1.070479215182941424e+01,-1.672703443322965597e+02,2.766212837068487218e+01,-3.884897587360163662e+00
1.341999999999999993e+01,-1.072743635031412879e+01,-1.683726026053382441e+02,2.766817837016027326e+01,-3.543171272755001766e+00
1.342999999999999972e+01,-1.075043416364141358e+01,-1.694760052572058555e+02,2.767845051334840178e+01,-3.202063718422679450e+00
1.343999999999999950e+01,-1.077390587906132247e+01,-1.705810317405669707e+02,2.769316848658326435e+01,-2.861421821768974194e+00
1.344999999999999929e+01,-1.079799270087919716e+01,-1.716879434933487403e+02,2.771260927008631114e+01,-2.521167013488876840e+00
1.346000000000000085e+01,-1.082284589149732135e+01,-1.727967516915419708e+02,2.773707814292016138e+01,-2.181308279306049869e+00
1.347000000000000064e+01,-1.084861490870603262e+01,-1.739072085724004637e+02,2.776688083361868564e+01,-1.841946677381434139e+00
1.348000000000000043e+01,-1.087543569029790369e+01,-1.750188232389332086e+02,2.780229565425490534e+01,-1.503270878134183475e+00
1.349000000000000021e+01,-1.090342021987160237e+01,-1.761309004826070748e+02,2.784354845741120599e+01,-1.165544174011932554e+00
1.350000000000000000e+01,-1.093264838316913057e+01,-1.772425989604089409e+02,2.789079296908198558e+01,-8.290842772432708285e-01
1.350999999999999979e+01,-1.096316290770797508e+01,-1.783530032270709853e+02,2.794409850903316084e+01,-4.942379586437327665e-01
1.351999999999999957e+01,-1.099496789128252772e+01,-1.794612028002074737e+02,2.800344636909885310e+01,-1.613531108241986478e-01
1.352999999999999936e+01,-1.102803109225021316e+01,1.794336292746174877e+02,2.806873525096787958e+01,1.692489044152410693e-01
1.353999999999999915e+01,-1.106228980355936642e+01,1.783321659344366594e+02,2.813979524983903957e+01,4.972977686632902850e-01
1.355000000000000071e+01,-1.109765979152301618e+01,1.772348706216466496e+02,2.821640899475118403e+01,8.225930106482548521e-01
1.356000000000000050e+01,-1.113404647822764915e+01,1.761419624662743502e+02,2.829833780485319039e+01,1.145015080829252963e+00
1.357000000000000028e+01,-1.117135731143715738e+01,1.750534059169442287e+02,2.838535017007633243e+01,1.464527440240130263e+00
1.358000000000000007e+01,-1.120951412351398169e+01,1.739689263208448438e+02,2.847724957644090438e+01,1.781169316995562690e+00
1.358999999999999986e+01,-1.124846425100918701e+01,1.728880504289303133e+02,2.857389870982379065e+01,2.095039752045098957e+00
1.359999999999999964e+01,-1.128818927937148509e+01,1.718101682868991134e+02,2.867523739719305453e+01,2.406274482349530341e+00
1.360999999999999943e+01,-1.132871048991876961e+01,1.707346107340925130e+02,2.878129225688297410e+01,2.715017993536259500e+00
1.361999999999999922e+01,-1.137009040128973680e+01,1.696607350307721447e+02,2.889217687115817768e+01,3.021393625384402704e+00
1.363000000000000078e+01,-1.141243018356168193e+01,1.685880101792319863e+02,2.900808227782911430e+01,3.325474865923071288e+00
1.364000000000000057e+01,-1.145586313828248137e+01,1.675160934201211376e+02,2.912925859692040120e+01,3.627260890668960958e+00
1.365000000000000036e+01,-1.150054483564147034e+01,1.664448901885753287e+02,2.925598955189754236e+01,3.926658998111123289e+00
1.366000000000000014e+01,-1.154664083727516655e+01,1.653745914112171818e+02,2.938856241031317040e+01,4.223475903978518353e+00
1.366999999999999993e+01,-1.159431317493004165e+01,1.643056842287372774e+02,2.952723637497888376e+01,4.517418959060789163e+00
1.367999999999999972e+01,-1.164370687945469740e+01,1.632389347947762133e+02,2.967221265281300191e+01,4.808107342998583889e+00
1.368999999999999950e+01,-1.169493785366699790e+01,1.621753444653198528e+02,2.982360929666954164e+01,5.095092262993857979e+00
1.369999999999999929e+01,-1.174808326174424700e+01,1.611160832036840134e+02,2.998144347046196856e+01,5.377884253046045337e+00
1.371000000000000085e+01,-1.180317538205126127e+01,1.600624061717843176e+02,3.014562307298302102e+01,5.655984916394812601e+00
1.372000000000000064e+01,-1.186019956139899811e+01,1.590155610937746076e+02,3.031594873729947182e+01,5.928919954325768238e+00
1.373000000000000043e+01,-1.191909654204645008e+01,1.579766949446792808e+02,3.049212618430541610e+01,6.196270129869673404e+00
1.374000000000000021e+01,-1.197976903607717070e+01,1.569467687571052181e+02,3.067378784691380744e+01,6.457696951816742192e+00
1.375000000000000000e+01,-1.204209202484620889e+01,1.559264888144855661e+02,3.086052169776085563e+01,6.712960331620863919e+00
1.375999999999999979e+01,-1.210592589583128209e+01,1.549162612127139198e+02,3.105190440975421140e+01,6.961926231380348717e+00
1.376999999999999957e+01,-1.217113122885019294e+01,1.539161747798947886e+02,3.124753544705244934e+01,7.204563321538667076e+00
1.377999999999999936e+01,-1.223758384120879583e+01,1.529260147703849668e+02,3.144706849508957802e+01,7.440928808625117519e+00
1.378999999999999915e+01,-1.230518862563450178e+01,1.519453067959849193e+02,3.165023683097839680e+01,7.671144758980481981e+00
1.380000000000000071e+01,-1.237389078498956252e+01,1.509733874002145910e+02,3.185686980761672515e+01,7.895367304592111779e+00
1.381000000000000050e+01,-1.244368328794708844e+01,1.500094948493395748e+02,3.206689852785873995e+01,8.113751946220094879e+00
1.382000000000000028e+01,-1.251460972549446993e+01,1.490528714452354961e+02,3.228034992762174227e+01,8.326418662501069434e+00
1.383000000000000007e+01,-1.258676220543840607e+01,1.481028672561050428e+02,3.249732974377994310e+01,8.533420624360518403e+00
1.383999999999999986e+01,-1.266027443135610930e+01,1.471590348108933597e+02,3.271799607170149926e+01,8.734719982281578865e+00
1.384999999999999964e+01,-1.273531061542523091e+01,1.462212050766290474e+02,3.294252627753181883e+01,8.930173471093223014e+00
1.385999999999999943e+01,-1.281205131361118355e+01,1.452895368530688529e+02,3.317108080089064970e+01,9.119529540329899930e+00
1.386999999999999922e+01,-1.289067759861754681e+01,1.443645343650365191e+02,3.340376777773637684e+01,9.302437480157514926e+00
1.388000000000000078e+01,-1.297135516840936376e+01,1.434470310106693773e+02,3.364061238621724925e+01,9.478467705824762390e+00
1.389000000000000057e+01,-1.305422001188548187e+01,1.425381405977419718e+02,3.388153437017708569e+01,9.647141125063413369e+00
1.390000000000000036e+01,-1.313936712129640583e+01,1.416391806449765625e+02,3.412633636706185314e+01,9.807964472139421019e+00
1.391000000000000014e+01,-1.322684346941997546e+01,1.407515751582056680e+02,3.437470453690077221e+01,9.960467759877134952e+00
1.391999999999999993e+01,-1.331664608328602739e+01,1.398767464852204228e+02,3.462622166400230128e+01,1.010423966067205370e+01
1.392999999999999972e+01,-1.340872557575363899e+01,1.390160072347931361e+02,3.488039151236750257e+01,1.023895672930535206e+01
1.393999999999999950e+01,-1.350299497585497122e+01,1.381704636872534024e+02,3.513667190265999807e+01,1.036440293448182004e+01
1.394999999999999929e+01,-1.359934316710155855e+01,1.373409415422230495e+02,3.539451288853270228e+01,1.048047693754947218e+01
1.396000000000000085e+01,-1.369765174357345572e+01,1.365279432129754298e+02,3.565339567727360759e+01,1.058718586316370924e+01
1.397000000000000064e+01,-1.379781367492417843e+01,1.357316432317216481e+02,3.591286766952082843e+01,1.068462581968886838e+01
1.398000000000000043e+01,-1.389975188341742829e+01,1.349519248260499751e+02,3.617256924470167689e+01,1.077295098292802855e+01
1.399000000000000021e+01,-1.400343572387983215e+01,1.341884566393216289e+02,3.643224869242687447e+01,1.085233447295270537e+01
1.400000000000000000e+01,-1.410889345227658964e+01,1.334408042958387739e+02,3.669176291860816974e+01,1.092292535316231294e+01
1.400999999999999979e+01,-1.421621907865507417e+01,1.327085675410103249e+02,3.695106310973940111e+01,1.098480671710566092e+01
1.401999999999999957e+01,-1.432557250425137596e+01,1.319915305209788698e+02,3.721016624396557404e+01,1.103795990968198915e+01
1.402999999999999936e+01,-1.443717248954092369e+01,1.312898108367254508e+02,3.746911499454738248e+01,1.108223943099256026e+01
1.403999999999999915e+01,-1.455128271571597054e+01,1.306039925886512947e+02,3.772792998587149782e+01,1.111736204054600208e+01
1.405000000000000071e+01,-1.466819190170689247e+01,1.299352297810778225e+02,3.798655936977623071e+01,1.114291212704982925e+01
1.406000000000000050e+01,-1.478818954236724004e+01,1.292853090256283508e+02,3.824483117465578630e+01,1.115836369132579442e+01
1.407000000000000028e+01,-1.491153927888087161e+01,1.286566641375321467e+02,3.850241378379301693e+01,1.116311748933911119e+01
1.408000000000000007e+01,-1.503845216374664773e+01,1.280523395338602484e+02,3.875878922453445341e+01,1.115655018697241019e+01
1.408999999999999986e+01,-1.516906213005711379e+01,1.274759038840013972e+02,3.901324275371343475e+01,1.113807096496739391e+01
1.409999999999999964e+01,-1.530340582857452247e+01,1.269313198560586500e+02,3.926487061349118335e+01,1.110718003450545766e+01
1.410999999999999943e+01,-1.544140867746723167e+01,1.264227797625524090e+02,3.951260595371041262e+01,1.106352309977035908e+01
1.411999999999999922e+01,-1.558287850154197329e+01,1.259545202243132849e+02,3.975526095421913197e+01,1.100693600730573252e+01
1.413000000000000078e+01,-1.572750754078488100e+01,1.255306314647315418e+02,3.999158133950439975e+01,1.093747467053264621e+01
1.414000000000000057e+01,-1.587488290119643430e+01,1.251548783209395737e+02,4.022030797251827039e+01,1.085542680174970975e+01
1.415000000000000036e+01,-1.602450472964113715e+01,1.248305502681488264e+02,4.044023924408156745e+01,1.076130389928163922e+01
1.416000000000000014e+01,-1.617581056093838043e+01,1.245603564139667156e+02,4.065028769450099588e+01,1.065581412785581783e+01
1.416999999999999993e+01,-1.632820347810054784e+01,1.243463782741234951e+02,4.084952479714324625e+01,1.053981894242568096e+01
1.417999999999999972e+01,-1.648108104296983356e+01,1.241900880711445581e+02,4.103720908437421144e+01,1.041427825902395377e+01
1.418999999999999950e+01,-1.663386151286091774e+01,1.240924334517142285e+02,4.121279468183052330e+01,1.028019040414475604e+01
1.419999999999999929e+01,-1.678600377791643439e+01,1.240539814098396505e+02,4.137591961708235289e+01,1.013853376799469430e+01
1.421000000000000085e+01,-1.693701782331558547e+01,1.240751057248207019e+02,4.152637569444037524e+01,9.990216933528557774e+00
1.422000000000000064e+01,-1.708646337085257372e+01,1.241561945501777728e+02,4.166406396526137002e+01,9.836043055908644916e+00
1.423000000000000043e+01,-1.723393563777612414e+01,1.242978491734749582e+02,4.178894158249672586e+01,9.676692545936226963e+00
1.424000000000000021e+01,-1.737903874036069141e+01,1.245010424788037682e+02,4.190096688558632110e+01,9.512725882434411417e+00
1.425000000000000000e+01,-1.752134898049181899e+01,1.247672069530632086e+02,4.200004978819551837e+01,9.344605920456578119e+00
1.425999999999999979e+01,-1.766037187695541277e+01,1.250982273418205324e+02,4.208601391390619995e+01,9.172736673850639733e+00
1.426999999999999957e+01,-1.779549814131749486e+01,1.254963219579577185e+02,4.215857552244423090e+01,8.997513515290492592e+00
1.427999999999999936e+01,-1.792596468542437549e+01,1.259638085079525922e+02,4.221734225597899126e+01,8.819378291329211805e+00
1.428999999999999915e+01,-1.805082705097878559e+01,1.265027642523771760e+02,4.226183234097700137e+01,8.638872164156047972e+00
1.430000000000000071e+01,-1.816894925974196084e+01,1.271146053249403423e+02,4.229151237750670589e+01,8.456679154087266781e+00
1.431000000000000050e+01,-1.827901589630291923e+01,1.277996248003814230e+02,4.230584952395301457e+01,8.273654365799551158e+00
1.432000000000000028e+01,-1.837956918315094512e+01,1.285565418598028202e+02,4.230437202093275317e+01,8.090832640550191357e+00
1.433000000000000007e+01,-1.846907090268317120e+01,1.293821227722092999e+02,4.228673083451096204e+01,7.909415696983763233e+00
1.433999999999999986e+01,-1.854598544642573188e+01,1.302709355448051554e+02,4.225275490401677558e+01,7.730738435200704473e+00
1.434999999999999964e+01,-1.860887646624013669e+01,1.312152913124488123e+02,4.220249311963647187e+01,7.556217659436979872e+00
1.435999999999999943e+01,-1.865650627628008706e+01,1.322054054564780756e+02,4.213623767246277652e+01,7.387288687649962604e+00
1.436999999999999922e+01,-1.868792518241258449e+01,1.332297812591879165e+02,4.205452563278651468e+01,7.225336862192268228e+00
1.438000000000000078e+01,-1.870253808470475576e+01,1.342757831524703818e+02,4.195811823487938597e+01,7.071631641558319359e+00
1.439000000000000057e+01,-1.870013838161620612e+01,1.353303327435728249e+02,4.184796002996045416e+01,6.927270649866521524e+00
1.440000000000000036e+01,-1.868090410825793057e+01,1.363806372048205162e+02,4.172512245861911850e+01,6.793139838472376013e+00
1.441000000000000014e+01,-1.864535738239301565e+01,1.374148528324621168e+02,4.159073818498897168e+01,6.669893951476783656e+00
1.441999999999999993e+01,-1.859429420611611761e+01,1.384225987740132950e+02,4.144593351777412238e+01,6.557959056912817886e+00
1.442999999999999972e+01,-1.852869611351401247e+01,1.393952639979953574e+02,4.129176632725139484e+01,6.457556327611830405e+00
1.443999999999999950e+01,-1.844963718186167156e+01,1.403260873815532932e+02,4.112917608219013488e+01,6.368743846666301778e+00
1.444999999999999929e+01,-1.835819935720099494e+01,1.412100277384737410e+02,4.095895110786841542e+01,6.291471244322297096e+00
1.446000000000000085e+01,-1.825540634565735587e+01,1.420434704221129607e+02,4.078171611075940461e+01,6.225640647548138951e+00
1.447000000000000064e+01,-1.814218232421850630e+01,1.428238355150440384e+02,4.059794067352696345e+01,6.171166859209754385e+00
1.448000000000000043e+01,-1.801933732858941895e+01,1.435491584904646345e+02,4.040796705614751261e+01,6.128029915749714007e+00
1.449000000000000021e+01,-1.788757712663901955e+01,1.442177089660537206e+02,4.021205349717042310e+01,6.096314156736879930e+00
1.450000000000000000e+01,-1.774753218985580361e+01,1.448276994491161531e+02,4.001042751815616327e+01,6.076229561092270082e+00
1.450999999999999979e+01,-1.759979831333242117e+01,1.453771169014377733e+02,3.980334267444904128e+01,6.068113184663824988e+00
1.451999999999999957e+01,-1.744498061426122604e+01,1.458636886171831861e+02,3.959113188459897259e+01,6.072410842852507429e+00
1.452999999999999936e+01,-1.728373303010962658e+01,1.462849732145788550e+02,3.937425094775248624e+01,6.089641459176553084e+00
1.453999999999999915e+01,-1.711678688474185250e+01,1.466385501238731024e+02,3.915330707118049247e+01,6.120348480601368379e+00
1.455000000000000071e+01,-1.694496431380410684e+01,1.469222689504516097e+02,3.892906903508673366e+01,6.165044207006069144e+00
1.456000000000000050e+01,-1.676917495659599311e+01,1.471345148192437193e+02,3.870245779731504143e+01,6.224153623235940458e+00
1.457000000000000028e+01,-1.659039690019094593e+01,1.472744474623320343e+02,3.847451861604642431e+01,6.297964277317208648e+00
1.458000000000000007e+01,-1.640964500777085533e+01,1.473421794028360523e+02,3.824637786432328568e+01,6.386587941869999341e+00
1.458999999999999986e+01,-1.622793119856489596e+01,1.473388701763769291e+02,3.801918937943009524e+01,6.489938350985124949e+00
1.459999999999999964e+01,-1.604622185848138471e+01,1.472667267362196526e+02,3.779407625368396850e+01,6.607727421245044752e+00
1.460999999999999943e+01,-1.586539740109914121e+01,1.471289127658460245e+02,3.757207434011669278e+01,6.739480283700723717e+00
1.461999999999999922e+01,-1.568621824200266346e+01,1.469293799194115877e+02,3.735408341696714984e+01,6.884567417542628576e+00
1.463000000000000078e+01,-1.550930032387703505e+01,1.466726411645053076e+02,3.714083100758311673e+01,7.042250401443322261e+00
1.464000000000000057e+01,-1.533510205491255540e+01,1.463635102846351117e+02,3.693285242296602888e+01,7.211736451271982595e+00
1.465000000000000036e+01,-1.516392326836771787e+01,1.460068325869883665e+02,3.673048885130506847e+01,7.392236101047775065e+00
1.466000000000000014e+01,-1.499591568274876607e+01,1.456072305530986455e+02,3.653390344339880613e+01,7.583018158328122205e+00
1.466999999999999993e+01,-1.483110339234269937e+01,1.451688851609840185e+02,3.634311351342410035e+01,7.783456424645990523e+00
1.467999999999999972e+01,-1.466941116696773761e+01,1.446953693661596958e+02,3.615803535794670154e+01,7.993063569438003668e+00
1.468999999999999950e+01,-1.451069779785571789e+01,1.441895450887374750e+02,3.597853694019584481e+01,8.211508894007984338e+00
1.469999999999999929e+01,-1.435479140782032026e+01,1.436535292788434504e+02,3.580449291196450901e+01,8.438618393939629314e+00
1.471000000000000085e+01,-1.420152356944670125e+01,1.430887285148092190e+02,3.563583623429085634e+01,8.674357363582060998e+00
1.472000000000000064e+01,-1.405075926482669324e+01,1.424959355222290469e+02,3.547260104172841721e+01,8.918797600057621011e+00
1.473000000000000043e+01,-1.390242017845505273e+01,1.418754755014643649e+02,3.531495234336820488e+01,9.172072863970795353e+00
1.474000000000000021e+01,-1.375649951534211546e+01,1.412273857961901342e+02,3.516319957104477822e+01,9.434327462037375156e+00
1.475000000000000000e+01,-1.361306741598252756e+01,1.405516097607999200e+02,3.501779271636807778e+01,9.705663495826149401e+00
1.475999999999999979e+01,-1.347226700186473103e+01,1.398481850481394702e+02,3.487930164720089010e+01,9.986092395720385539e+00
1.476999999999999957e+01,-1.333430201457967534e+01,1.391174080205054508e+02,3.474838095061691945e+01,1.027549582991784938e+01
1.477999999999999936e+01,-1.319941779659231429e+01,1.383599593504948189e+02,3.462572411918348081e+01,1.057360001897437662e+01
1.478999999999999915e+01,-1.306787791577186297e+01,1.375769806186363553e+02,3.451201192953915609e+01,1.087996603189635003e+01
1.480000000000000071e+01,-1.293993901218616394e+01,1.367700971673759511e+02,3.440786036598388620e+01,1.119399696232450481e+01
1.481000000000000050e+01,-1.281582644156604012e+01,1.359413879506415981e+02,3.431377339183129749e+01,1.151496116618183407e+01
1.482000000000000028e+01,-1.269571303936781526e+01,1.350933080414887684e+02,3.423010530143006491e+01,1.184202915593675520e+01
1.483000000000000007e+01,-1.257970288988035890e+01,1.342285734195105533e+02,3.415703637557251682e+01,1.217432043340605397e+01
1.483999999999999986e+01,-1.246782142162189899e+01,1.333500204388404882e+02,3.409456422201225223e+01,1.251095560854268918e+01
1.484999999999999964e+01,-1.236001252443435661e+01,1.324604539193477137e+02,3.404251163737723829e+01,1.285110866465741886e+01
1.485999999999999943e+01,-1.225614274575100460e+01,1.315624981524491659e+02,3.400055021107034037e+01,1.319405422504583036e+01
1.486999999999999922e+01,-1.215601201327245207e+01,1.306584643590583141e+02,3.396823734290776287e+01,1.353920515324113971e+01
1.488000000000000078e+01,-1.205936978149660277e+01,1.297502463825674965e+02,3.394506300021568990e+01,1.388613674673174714e+01
1.489000000000000057e+01,-1.196593504094355787e+01,1.288392537533401025e+02,3.393050152578322809e+01,1.423459509310948334e+01
1.490000000000000036e+01,-1.187541829332078969e+01,1.279263878601456952e+02,3.392406323681672831e+01,1.458448874033524589e+01
1.491000000000000014e+01,-1.178754341551659302e+01,1.270120630068435617e+02,3.392534050604238871e+01,1.493586454396213981e+01
1.491999999999999993e+01,-1.170206733792377207e+01,1.260962699060196428e+02,3.393404352038874094e+01,1.528887022056056111e+01
1.492999999999999972e+01,-1.161879566341623438e+01,1.251786750421491519e+02,3.395002194035993881e+01,1.564370757504897647e+01
1.493999999999999950e+01,-1.153759274691749326e+01,1.242587457605172716e+02,3.397327013932807915e+01,1.600058141127592037e+01
1.494999999999999929e+01,-1.145838531060673127e+01,1.233358883340504661e+02,3.400391543383607029e+01,1.635964965151648443e+01
1.496000000000000085e+01,-1.138115932971942179e+01,1.224095849710670620e+02,3.404219053221653724e+01,1.672098011448591492e+01
1.497000000000000064e+01,-1.130595061364575926e+01,1.214795159344810287e+02,3.408839312630897922e+01,1.708451873824536804e+01
1.498000000000000043e+01,-1.123283014555460824e+01,1.205456546247572902e+02,3.414283694362750765e+01,1.745007285941101216e+01
1.499000000000000021e+01,-1.116188575809992045e+01,1.196083264107536905e+02,3.420579951976728239e+01,1.781731160499177591e+01
1.500000000000000000e+01,-1.109320205988792907e+01,1.186682257953440853e+02,3.427747235323410280e+01,1.818578368466388540e+01
1.500999999999999979e+01,-1.102684066089753756e+01,1.177263907184665186e+02,3.435791893641893324e+01,1.855495106833820529e+01
1.501999999999999957e+01,-1.096282267526344611e+01,1.167841369732374233e+02,3.444704544044135730e+01,1.892423536889662827e+01
1.502999999999999936e+01,-1.090111522848084213e+01,1.158429594509523355e+02,3.454458763625653717e+01,1.929307237614170845e+01
1.503999999999999915e+01,-1.084162329829700333e+01,1.149044099463420139e+02,3.465011606354740081e+01,1.966096923236322525e+01
1.505000000000000071e+01,-1.078418771514528807e+01,1.139699633527018960e+02,3.476305964519188763e+01,2.002755829944196364e+01
1.506000000000000050e+01,-1.072858958050751532e+01,1.130408851441148101e+02,3.488274604578428750e+01,2.039264190416791678e+01
1.507000000000000028e+01,-1.067456077087402377e+01,1.121181130203220562e+02,3.500845526493878168e+01,2.075622288190893627e+01
1.508000000000000007e+01,-1.062179962237096476e+01,1.112021644612721616e+02,3.513948142776605721e+01,2.111851713540865205e+01
1.508999999999999986e+01,-1.056999038067603891e+01,1.102930797320197343e+02,3.527519666811171106e+01,2.147994618943853595e+01
1.509999999999999964e+01,-1.051882459972690320e+01,1.093904066944158302e+02,3.541511054713270568e+01,2.184110979216545090e+01
1.510999999999999943e+01,-1.046802242835167718e+01,1.084932298225279652e+02,3.555891870521902831e+01,2.220274077285759162e+01
1.511999999999999922e+01,-1.041735167696223918e+01,1.076002414109828749e+02,3.570653542157968729e+01,2.256564636204289798e+01
1.513000000000000078e+01,-1.036664273103113665e+01,1.067098485551712059e+02,3.585810636999133294e+01,2.293064176522008069e+01
1.514000000000000057e+01,-1.031579777237199380e+01,1.058203055892190463e+02,3.601399993706183267e+01,2.329848274745141978e+01
1.515000000000000036e+01,-1.026479334960780143e+01,1.049298588056050505e+02,3.617477776843290371e+01,2.366980420390938988e+01
1.516000000000000014e+01,-1.021367604125209105e+01,1.040368888588145211e+02,3.634114745529818435e+01,2.404507113017393394e+01
1.516999999999999993e+01,-1.016255169228586297e+01,1.031400364914589431e+02,3.651390220697514621e+01,2.442454713669876298e+01
1.517999999999999972e+01,-1.011156938470622180e+01,1.022382990893386676e+02,3.669385376286423650e+01,2.480828383009313143e+01
1.518999999999999950e+01,-1.006090184090953699e+01,1.013310888084924528e+02,3.688176554050666311e+01,2.519613222050692869e+01
1.519999999999999929e+01,-1.001072429663315333e+01,1.004182471789117699e+02,3.707829303844759750e+01,2.558777504187365892e+01
1.521000000000000085e+01,-9.961193989874256971e+00,9.950001564467071091e+01,3.728393783079262391e+01,2.598277671516576959e+01
1.522000000000000064e+01,-9.912432297635811906e+00,9.857696592547108594e+01,3.749902018245541768e+01,2.638064584297533699e+01
1.523000000000000043e+01,-9.864511242480292097e+00,9.764989794032179304e+01,3.772367350257331253e+01,2.678090376015035545e+01
1.524000000000000021e+01,-9.817445630109217447e+00,9.671971600252413737e+01,3.795786169433991830e+01,2.718315190522449498e+01
1.525000000000000000e+01,-9.771191518197545278e+00,9.578729588220789992e+01,3.820141813610432990e+01,2.758713070591197791e+01
1.525999999999999979e+01,-9.725651106272279023e+00,9.485335604650431662e+01,3.845410274826078734e+01,2.799276332702642378e+01
1.526999999999999957e+01,-9.680683525049731841e+00,9.391834591093154927e+01,3.871567158702843159e+01,2.840017899068117657e+01
1.527999999999999936e+01,-9.636120438049200487e+00,9.298236230983505379e+01,3.898595188423246327e+01,2.880971255528321606e+01
1.528999999999999915e+01,-9.591784894594180599e+00,9.204510271990424997e+01,3.926491462070860194e+01,2.922187946155684557e+01
1.530000000000000071e+01,-9.547511536466920745e+00,9.110586022695167685e+01,3.955273672005806418e+01,2.963732777721180156e+01
1.531000000000000050e+01,-9.503166100773709601e+00,9.016356108801717539e+01,3.984984582785614293e+01,3.005677160264256642e+01
1.532000000000000028e+01,-9.458662207671119759e+00,8.921684138805308351e+01,4.015694233520924428e+01,3.048091223282105133e+01
1.533000000000000007e+01,-9.413973682308231616e+00,8.826415518515308634e+01,4.047499563756883845e+01,3.091035493701129511e+01
1.533999999999999986e+01,-9.369141117743392755e+00,8.730390316988750499e+01,4.080521432217334876e+01,3.134552983265230353e+01
1.534999999999999964e+01,-9.324271992905714512e+00,8.633456866881553537e+01,4.114899273426468795e+01,3.178662502046867289e+01
1.535999999999999943e+01,-9.279534345678815299e+00,8.535484709670258496e+01,4.150783886976621773e+01,3.223353896260238827e+01
1.536999999999999922e+01,-9.235144681156501889e+00,8.436375579992619578e+01,4.188329051578084261e+01,3.268585717574590177e+01
1.538000000000000078e+01,-9.191351385598894197e+00,8.336071350294017179e+01,4.227682782497037550e+01,3.314285589781793107e+01
1.539000000000000057e+01,-9.148415350040576044e+00,8.234558194149893495e+01,4.268979096978828380e+01,3.360353272047133544e+01
1.540000000000000036e+01,-9.106589742529964226e+00,8.131866628457164836e+01,4.312331116260588004e+01,3.406666150824786143e+01
1.541000000000000014e+01,-9.066100893227948987e+00,8.028067511811472912e+01,4.357826219521280109e+01,3.453086647280232313e+01
1.541999999999999993e+01,-9.027132087502108604e+00,7.923264463978931360e+01,4.405523783736203569e+01,3.499470823297338740e+01
1.542999999999999972e+01,-8.989811733153672435e+00,7.817583494668987498e+01,4.455455806450721212e+01,3.545677323877240639e+01
1.543999999999999950e+01,-8.954206923117217443e+00,7.711160866090742161e+01,4.507630432057369063e+01,3.591575721729712001e+01
1.544999999999999929e+01,-8.920322900242926067e+00,7.604130351255352593e+01,4.562038106669951532e+01,3.637053343080997792e+01
1.546000000000000085e+01,-8.888108389193869030e+00,7.496611085121948292e+01,4.618659797475003614e+01,3.682019759458655273e+01
1.547000000000000064e+01,-8.857466231287197900e+00,7.388697140289622212e+01,4.677476459158157240e+01,3.726408328227242350e+01
1.548000000000000043e+01,-8.828268277946294873e+00,7.280449798707253706e+01,4.738478744013299604e+01,3.770174444212143783e+01
1.549000000000000021e+01,-8.800373103091565952e+00,7.171893245508593395e+01,4.801675862227988034e+01,3.813290502981901398e+01
1.550000000000000000e+01,-8.773644819260516314e+00,7.063014095900501843e+01,4.867102524767271632e+01,3.855737938998281322e+01
1.550999999999999979e+01,-8.747971158036861539e+00,6.953764803841161779e+01,4.934823049857819655e+01,3.897497046999533410e+01
1.551999999999999957e+01,-8.723279025124803354e+00,6.844070623058455283e+01,5.004931975394898558e+01,3.938535579430902800e+01
1.552999999999999936e+01,-8.699545971172337744e+00,6.733839434524078627e+01,5.077550867607378393e+01,3.978797299184270031e+01
1.553999999999999915e+01,-8.676806417034482521e+00,6.622973460008832092e+01,5.152821412778290266e+01,4.018191730306863008e+01
1.555000000000000071e+01,-8.655151999035892274e+00,6.511381685104267092e+01,5.230895279643105056e+01,4.056586280473079853e+01
1.556000000000000050e+01,-8.634725998254566548e+00,6.398991742667610794e+01,5.311921602255043240e+01,4.093801714528778035e+01
1.557000000000000028e+01,-8.615712418338093315e+00,6.285760068460786698e+01,5.396033220165992361e+01,4.129611657833784477e+01
1.558000000000000007e+01,-8.598320809072173887e+00,6.171679326048919023e+01,5.483332997614272841e+01,4.163746429251447267e+01
1.558999999999999986e+01,-8.582768339533222601e+00,6.056782382659542918e+01,5.573881608349729078e+01,4.195901078372800441e+01
1.559999999999999964e+01,-8.569260867067020726e+00,5.941142465479132539e+01,5.667688107871613568e+01,4.225747063527660430e+01
1.560999999999999943e+01,-8.557974812223459793e+00,5.824869498437076487e+01,5.764704416721249913e+01,4.252946591477025606e+01
1.561999999999999922e+01,-8.549041542716373954e+00,5.708102975161316550e+01,5.864824510245465916e+01,4.277168284251605712e+01
1.563000000000000078e+01,-8.542535715122976825e+00,5.591002033907901847e+01,5.967888664647635721e+01,4.298102584604417586e+01
1.564000000000000057e+01,-8.538468653832778088e+00,5.473733643307839714e+01,6.073692572941366308e+01,4.315475201583800668e+01
1.565000000000000036e+01,-8.536787397628490481e+00,5.356459970439760099e+01,6.182000562628901008e+01,4.329056969972798186e+01
1.566000000000000014e+01,-8.537379549158668368e+00,5.239326077731873710e+01,6.292561583766330102e+01,4.338668775959047963e+01
1.566999999999999993e+01,-8.540083553861638421e+00,5.122449079001027883e+01,6.405126170082426995e+01,4.344180685660518293e+01
1.567999999999999972e+01,-8.544703545366411745e+00,5.005909776599843752e+01,6.519462288394895211e+01,4.345505068780212810e+01
1.568999999999999950e+01,-8.551027459294687105e+00,4.889747603497310280e+01,6.635367950495103173e+01,4.342584266833323881e+01
1.569999999999999929e+01,-8.558846775251337746e+00,4.773959413934162654e+01,6.752678704036186730e+01,4.335374115620642499e+01
1.571000000000000085e+01,-8.567976037100544673e+00,4.658502320227467663e+01,6.871268638716477994e+01,4.323825283646385742e+01
1.572000000000000064e+01,-8.578270259091206995e+00,4.543300387871477142e+01,6.991044289054514138e+01,4.307864828760997256e+01
1.573000000000000043e+01,-8.589638471836911648e+00,4.428254612979899463e+01,7.111931694852174246e+01,4.287380529145939079e+01
1.574000000000000021e+01,-8.602051998386512466e+00,4.313255258741838105e+01,7.233857782641652534e+01,4.262210377591891586e+01
1.575000000000000000e+01,-8.615546551262552200e+00,4.198195364624000803e+01,7.356728041112292260e+01,4.232139149813720991e+01
1.575999999999999979e+01,-8.630217855137594540e+00,4.082984099519181598e+01,7.480403079855398119e+01,4.196903216431021377e+01
1.576999999999999957e+01,-8.646211156252043395e+00,3.967558628726558823e+01,7.604677006649639281e+01,4.156203839540269485e+01
1.577999999999999936e+01,-8.663705600767752202e+00,3.851893305743369922e+01,7.729260583233583759e+01,4.109728170398783931e+01
1.578999999999999915e+01,-8.682894978290159216e+00,3.736005264791521085e+01,7.853771797791186771e+01,4.057176146654281013e+01
1.580000000000000071e+01,-8.703966680133310874e+00,3.619955844792192323e+01,7.977735824603038850e+01,3.998290585931022889e+01
1.581000000000000050e+01,-8.727080885727446002e+00,3.503847677912239078e+01,8.100595358718899774e+01,3.932887104364210273e+01
1.582000000000000028e+01,-8.752351961243938661e+00,3.387817683208176334e+01,8.221731088035437551e+01,3.860880171210923351e+01
1.583000000000000007e+01,-8.779833848570708810e+00,3.272026581415572366e+01,8.340490719071382841e+01,3.782301745462910958e+01
1.583999999999999986e+01,-8.809510869101229602e+00,3.156645862521510892e+01,8.456223679515618130e+01,3.697309586627122258e+01
1.584999999999999964e+01,-8.841294899172115862e+00,3.041843374034706571e+01,8.568317589138959534e+01,3.606183475899482715e+01
1.585999999999999943e+01,-8.875029326484654035e+00,2.927768841778397757e+01,8.676232029340486918e+01,3.509309116758780078e+01
1.586999999999999922e+01,-8.910499603189173001e+00,2.814540677023265758e+01,8.779525208488679766e+01,3.407151199649352691e+01
1.588000000000000078e+01,-8.947449607448010767e+00,2.702235356213863682e+01,8.877869873439665582e+01,3.300218739277873681e+01
1.589000000000000057e+01,-8.985602453278973556e+00,2.590880477496923717e+01,8.971056184986146320e+01,3.189027036687436478e+01
1.590000000000000036e+01,-9.024683898678437899e+00,2.480452302873550963e+01,9.058981057336933418e+01,3.074061246499941191e+01
1.591000000000000014e+01,-9.064446151347482328e+00,2.370878198052411179e+01,9.141625372466701549e+01,2.955746417517667979e+01
1.591999999999999993e+01,-9.104689715991359122e+00,2.262043911189744705e+01,9.219022209163895809e+01,2.834428034951505282e+01
1.592999999999999972e+01,-9.145281010806217026e+00,2.153805130520256128e+01,9.291220506765567677e+01,2.710365665138370872e+01
1.593999999999999950e+01,-9.186163821166072552e+00,2.046002286744608156e+01,9.358249238697257510e+01,2.583740515816552019e+01
1.594999999999999929e+01,-9.227363237049836187e+00,1.938477181439747810e+01,9.420087133302021698e+01,2.454675837419956963e+01
1.596000000000000085e+01,-9.268981479444045490e+00,1.831089783585175113e+01,9.476642279262532043e+01,2.323267350991827485e+01
1.597000000000000064e+01,-9.311185869384436486e+00,1.723733479800899460e+01,9.527744692886700761e+01,2.189619503213019769e+01
1.598000000000000043e+01,-9.354190024490046440e+00,1.616347200227597369e+01,9.573153254876994822e+01,2.053882476560415427e+01
1.599000000000000021e+01,-9.398230078684017386e+00,1.508923152241353982e+01,9.612576528416387589e+01,1.916284632474833316e+01
1.600000000000000000e+01,-9.443538231037516439e+00,1.401509335500114872e+01,9.645705061005615732e+01,1.777155496857528760e+01
