f_GHz,S11_dB,S11_deg,ReZin_ohm,ImZin_ohm
1.000000000000000000e+00,-5.385178318160412925e-01,-1.302058277214040629e+02,1.882867009629601629e+00,-2.317905534098304798e+01
1.010000000000000009e+00,-5.382910746912508149e-01,-1.317148060022003051e+02,1.859625826564594409e+00,-2.238488743988470731e+01
1.020000000000000018e+00,-5.395316215741299271e-01,-1.332516030665188964e+02,1.842054508355850162e+00,-2.158548618265718488e+01
1.030000000000000027e+00,-5.432582268038539386e-01,-1.348132729719183089e+02,1.833470401582780296e+00,-2.078234504167843610e+01
1.040000000000000036e+00,-5.502974563845883793e-01,-1.363949494749013240e+02,1.836424357514953032e+00,-1.997786650913733908e+01
1.050000000000000044e+00,-5.612039593412039284e-01,-1.379903390567839665e+02,1.852478817557668966e+00,-1.917506819600535550e+01
1.060000000000000053e+00,-5.762074534761489897e-01,-1.395923439140657365e+02,1.882088090359034904e+00,-1.837724583949280088e+01
1.070000000000000062e+00,-5.951903480683822245e-01,-1.411937584345570826e+02,1.924583300336387692e+00,-1.758762464972106088e+01
1.080000000000000071e+00,-6.176977092583704199e-01,-1.427879801468937728e+02,1.978257167312138520e+00,-1.680902699734387440e+01
1.090000000000000080e+00,-6.429791733963716727e-01,-1.443696752310653153e+02,2.040538799848701679e+00,-1.604358087765979946e+01
1.100000000000000089e+00,-6.700602122447806286e-01,-1.459353391410702159e+02,2.108244707368847060e+00,-1.529249071911260138e+01
1.110000000000000098e+00,-6.978376812276020358e-01,-1.474836959699381964e+02,2.177887913325298186e+00,-1.455588960483645167e+01
1.120000000000000107e+00,-7.251918663452956437e-01,-1.490158881797781589e+02,2.246021735553820342e+00,-1.383278862866226078e+01
1.129999999999999893e+00,-7.511046061716920574e-01,-1.505354235266628109e+02,2.309588963606613810e+00,-1.312113342767770519e+01
1.139999999999999902e+00,-7.747710953043918103e-01,-1.520478693815570068e+02,2.366242403230586877e+00,-1.241796895358481834e+01
1.149999999999999911e+00,-7.956923865628104942e-01,-1.535603145941015271e+02,2.414601310775105425e+00,-1.171970150669385191e+01
1.159999999999999920e+00,-8.137369652752168836e-01,-1.550806510384034880e+02,2.454412094799901300e+00,-1.102243371525199223e+01
1.169999999999999929e+00,-8.291632033546685321e-01,-1.566167544089351793e+02,2.486591576802358539e+00,-1.032233644583509680e+01
1.179999999999999938e+00,-8.425995551700440345e-01,-1.581756600420712005e+02,2.513145966091949735e+00,-9.616014769946742646e+00
1.189999999999999947e+00,-8.549850528689415530e-01,-1.597628302662569979e+02,2.536975628012975381e+00,-8.900825293212029976e+00
1.199999999999999956e+00,-8.674778000593941218e-01,-1.613815948757193155e+02,2.561590942212954580e+00,-8.175109641211328437e+00
1.209999999999999964e+00,-8.813427425688551420e-01,-1.630328197999349413e+02,2.590774747512457399e+00,-7.438321830905907817e+00
1.219999999999999973e+00,-8.978315136959719167e-01,-1.647148275023511133e+02,2.628230354535484814e+00,-6.691042358988920746e+00
1.229999999999999982e+00,-9.180667097254000542e-01,-1.664235628189787235e+02,2.677251237583627486e+00,-5.934885649956043174e+00
1.239999999999999991e+00,-9.429411059744574608e-01,-1.681529745773207196e+02,2.740441306023499557e+00,-5.172317573679648284e+00
1.250000000000000000e+00,-9.730398055279896319e-01,-1.698955681689670598e+02,2.819505793725781917e+00,-4.406405243552029560e+00
1.260000000000000009e+00,-1.008590750166374228e+00,-1.716430763314832859e+02,2.915124615021752685e+00,-3.640522965984632986e+00
1.270000000000000018e+00,-1.049446766268513409e+00,-1.733871922070633786e+02,3.026913764601105949e+00,-2.878037677423813445e+00
1.280000000000000027e+00,-1.095100400955330677e+00,-1.751203075892615004e+02,3.153475969072438101e+00,-2.121996227447501493e+00
1.290000000000000036e+00,-1.144731014846264827e+00,-1.768361984299556866e+02,3.292538320796006168e+00,-1.374836593186786970e+00
1.300000000000000044e+00,-1.197281626772139340e+00,-1.785305990978961006e+02,3.441170611669467139e+00,-6.381456708598300942e-01
1.310000000000000053e+00,-1.251560613862122917e+00,1.797983917596801007e+02,3.596072370085267700e+00,8.751324893448782227e-02
1.320000000000000062e+00,-1.306360551566857708e+00,1.781501247138021427e+02,3.753908900680874350e+00,8.026815223009442501e-01
1.330000000000000071e+00,-1.360583561585344103e+00,1.765214693902755698e+02,3.911667889421003519e+00,1.508977735821329436e+00
1.340000000000000080e+00,-1.413360176322500550e+00,1.749071543067127550e+02,4.067000500514609485e+00,2.208954218071873310e+00
1.350000000000000089e+00,-1.464147747376136399e+00,1.733003589683855523e+02,4.218507078922368869e+00,2.905843315406313021e+00
1.360000000000000098e+00,-1.512795515601094154e+00,1.716935056422702814e+02,4.365929879403818603e+00,3.603214666723448367e+00
1.370000000000000107e+00,-1.559566857080974200e+00,1.700791671721703437e+02,4.510224471529671320e+00,4.304578667219335131e+00
1.379999999999999893e+00,-1.605114494981492168e+00,1.684509874960711784e+02,4.653496317788196279e+00,5.012980314555067984e+00
1.389999999999999902e+00,-1.650410584235053157e+00,1.668045082847306162e+02,4.798806330824204380e+00,5.730629403133150390e+00
1.399999999999999911e+00,-1.696639216905575953e+00,1.651378088908095947e+02,4.949865064514790802e+00,6.458607454305989037e+00
1.409999999999999920e+00,-1.745062931000822104e+00,1.634518933373009304e+02,5.110646360741272431e+00,7.196680911696392791e+00
1.419999999999999929e+00,-1.796876675470008067e+00,1.617507900924698561e+02,5.284956383827718263e+00,7.943237349263226221e+00
1.429999999999999938e+00,-1.853062528569276779e+00,1.600413603837145331e+02,5.475993816585290830e+00,8.695349999820340514e+00
1.439999999999999947e+00,-1.914256967300471679e+00,1.583328336868037809e+02,5.685933942617766412e+00,9.448967755483868913e+00
1.449999999999999956e+00,-1.980640534677285736e+00,1.566361033910615959e+02,5.915566226251367965e+00,1.019922293457335805e+01
1.459999999999999964e+00,-2.051858102647931226e+00,1.549628236296842658e+02,6.164013885763449885e+00,1.094084579475232921e+01
1.469999999999999973e+00,-2.126976942615506516e+00,1.533243543069843895e+02,6.428565224582296622e+00,1.166867023815666649e+01
1.479999999999999982e+00,-2.204489344251059801e+00,1.517306103880810895e+02,6.704648459010252637e+00,1.237820677445055573e+01
1.489999999999999991e+00,-2.282365922742575659e+00,1.501888870856612925e+02,6.985980946645602430e+00,1.306624536745121823e+01
1.500000000000000000e+00,-2.358164027130841944e+00,1.487027550047407374e+02,7.264915686740718748e+00,1.373143363523088567e+01
1.510000000000000009e+00,-2.429191751094502028e+00,1.472711441926886664e+02,7.532989173834744534e+00,1.437475950730731711e+01
1.520000000000000018e+00,-2.492721304756033707e+00,1.458877537672023266e+02,7.781644607638312117e+00,1.499985899882659801e+01
1.530000000000000027e+00,-2.546236269114725115e+00,1.445409210891476164e+02,8.003067461295124474e+00,1.561307687290115176e+01
1.540000000000000036e+00,-2.587687288617159798e+00,1.432140489426947454e+02,8.191036017051345652e+00,1.622323524562152741e+01
1.550000000000000044e+00,-2.615723169990582964e+00,1.418866164028433730e+02,8.341669971120385441e+00,1.684111068892494956e+01
1.560000000000000053e+00,-2.629862667166293910e+00,1.405356988089304195e+02,8.453965701506684027e+00,1.747867417056588479e+01
1.570000000000000062e+00,-2.630578738039590192e+00,1.391378195959583479e+02,8.530039891058484258e+00,1.814819480040310395e+01
1.580000000000000071e+00,-2.619281276552554161e+00,1.376708843214009619e+02,8.575056391665761168e+00,1.886133289477551855e+01
1.590000000000000080e+00,-2.598202614912699548e+00,1.361159310098119306e+02,8.596869121809593395e+00,1.962834255163204489e+01
1.600000000000000089e+00,-2.570206995236320680e+00,1.344584771036936957e+02,8.605459497980911365e+00,2.045747163249112077e+01
1.610000000000000098e+00,-2.538555865560327529e+00,1.326893349536875064e+02,8.612268950183135985e+00,2.135459962647108512e+01
1.620000000000000107e+00,-2.506663058851156922e+00,1.308048736021471541e+02,8.629523285048364301e+00,2.232310648794904395e+01
1.629999999999999893e+00,-2.477868652934791083e+00,1.288067937259212954e+02,8.669622298897866841e+00,2.336393046331459900e+01
1.639999999999999902e+00,-2.455250714965985015e+00,1.267015364015103955e+02,8.744635657519047811e+00,2.447575591530400629e+01
1.649999999999999911e+00,-2.441483763129152607e+00,1.244994619943523730e+02,8.865914821522602907e+00,2.565527240640410156e+01
1.659999999999999920e+00,-2.438744260724162949e+00,1.222139217997110734e+02,9.043807517606717639e+00,2.689745881042050968e+01
1.669999999999999929e+00,-2.448657991647138044e+00,1.198603155409296335e+02,9.287448696425375516e+00,2.819586470316703597e+01
1.679999999999999938e+00,-2.472281730214336726e+00,1.174551947009376107e+02,9.604599698476858904e+00,2.954288026913106435e+01
1.689999999999999947e+00,-2.510111495613918997e+00,1.150154430910304910e+02,1.000151338145280278e+01,3.093000162583447477e+01
1.699999999999999956e+00,-2.562110949453271225e+00,1.125575458991428519e+02,1.048281457586440801e+01,3.234810852855644470e+01
1.709999999999999964e+00,-2.627755326997489593e+00,1.100969473499658307e+02,1.105139970616716028e+01,3.378777466335081670e+01
1.719999999999999973e+00,-2.706088073730266608e+00,1.076474938280022826e+02,1.170837398937314155e+01,3.523962666812150957e+01
1.729999999999999982e+00,-2.795788687287383834e+00,1.052209617831614281e+02,1.245305636235263336e+01,3.669475685925663555e+01
1.739999999999999991e+00,-2.895250912730908954e+00,1.028266755753478634e+02,1.328308808223789228e+01,3.814517766985717628e+01
1.750000000000000000e+00,-3.002670318252461890e+00,1.004712271615812540e+02,1.419467797156041300e+01,3.958428581745668851e+01
1.760000000000000009e+00,-3.116139429862953669e+00,9.815831476046369630e+01,1.518300395923983714e+01,4.100728563510141811e+01
1.770000000000000018e+00,-3.233747206130690888e+00,9.588871912881332094e+01,1.624276769960901134e+01,4.241150925637428770e+01
1.780000000000000027e+00,-3.353678008451279613e+00,9.366043219639810502e+01,1.736887054406806641e+01,4.379657140670512661e+01
1.790000000000000036e+00,-3.474303805189856043e+00,9.146894291146016087e+01,1.855715165254165555e+01,4.516431091945302256e+01
1.800000000000000044e+00,-3.594262613744526824e+00,8.930767012492675860e+01,1.980511021916384351e+01,4.651849819041201073e+01
1.810000000000000053e+00,-3.712516519841310370e+00,8.716851468717874241e+01,2.111252961034415065e+01,4.786432173923271449e+01
1.820000000000000062e+00,-3.828384178893260881e+00,8.504248638821474060e+01,2.248193349244311889e+01,4.920769933896237092e+01
1.830000000000000071e+00,-3.941545342374587868e+00,8.292034996805980995e+01,2.391882951272882352e+01,5.055448160312732142e+01
1.840000000000000080e+00,-4.052018194375214932e+00,8.079323123651835203e+01,2.543172765744481367e+01,5.190962354149646529e+01
1.850000000000000089e+00,-4.160113473114834370e+00,7.865313045694134075e+01,2.703194975166838532e+01,5.327639223531217283e+01
1.860000000000000098e+00,-4.266371841514839502e+00,7.649330428874193899e+01,2.873326714356206679e+01,5.465566051057706431e+01
1.870000000000000107e+00,-4.371492313125267870e+00,7.430849656491619726e+01,3.055141241577954148e+01,5.604531357881504761e+01
1.879999999999999893e+00,-4.476259598390400996e+00,7.209501799406220357e+01,3.250350861706630212e+01,5.743977415211788440e+01
1.889999999999999902e+00,-4.581477179053478288e+00,6.985069189406067380e+01,3.460744909335053876e+01,5.882963573430095039e+01
1.899999999999999911e+00,-4.687911116400836242e+00,6.757469490995806893e+01,3.688124643069915720e+01,6.020138547249418792e+01
1.909999999999999920e+00,-4.796247488059127484e+00,6.526732750707917319e+01,3.934235373871054975e+01,6.153719704914730215e+01
1.919999999999999929e+00,-4.907064310975525423e+00,6.292974934024096001e+01,4.200694788515777844e+01,6.281477955889974396e+01
1.929999999999999938e+00,-5.020817108732180678e+00,6.056371066087986321e+01,4.488915379349558776e+01,6.400727899695412759e+01
1.939999999999999947e+00,-5.137836052785357488e+00,5.817130428525847918e+01,4.800018261931828789e+01,6.508324408045564269e+01
1.949999999999999956e+00,-5.258331877665725962e+00,5.575475474507521056e+01,5.134735591685553402e+01,6.600668708962868436e+01
1.959999999999999964e+00,-5.382407500849787141e+00,5.331625321604377632e+01,5.493299494084207168e+01,6.673729238789839258e+01
1.969999999999999973e+00,-5.510072397239820674e+00,5.085783948744389704e+01,5.875317188987101957e+01,6.723084814702420431e+01
1.979999999999999982e+00,-5.641257202924963465e+00,4.838132614994186298e+01,6.279635107957066964e+01,6.743999620762448899e+01
1.989999999999999991e+00,-5.775826667901270639e+00,4.588825570504920393e+01,6.704199408051198361e+01,6.731540372647560844e+01
2.000000000000000000e+00,-5.913589856627701202e+00,4.337987866337606846e+01,7.145926128380962439e+01,6.680744857752020494e+01
2.009999999999999787e+00,-6.054307320718216090e+00,4.085714000166247217e+01,7.600600442386310363e+01,6.586846818053660968e+01
2.020000000000000018e+00,-6.197695750344784926e+00,3.832066255571728419e+01,8.062829386872623161e+01,6.445554193966769674e+01
2.029999999999999805e+00,-6.343431262927835768e+00,3.577071884835554272e+01,8.526073820619026833e+01,6.253366354962896878e+01
2.040000000000000036e+00,-6.491152931008359772e+00,3.320718713382373011e+01,8.982780841646096803e+01,6.007902866678855958e+01
2.049999999999999822e+00,-6.640468324051096438e+00,3.062949257114362567e+01,9.424626111502854542e+01,5.708204990950774516e+01
2.060000000000000053e+00,-6.790962704222907043e+00,2.803653977532189501e+01,9.842857332403463033e+01,5.354965914849833553e+01
2.069999999999999840e+00,-6.942213068875076054e+00,2.542664780798540392e+01,1.022870928425120240e+02,4.950650538920966426e+01
2.080000000000000071e+00,-7.093807505697481197e+00,2.279750220541327721e+01,1.057384360584777170e+02,4.499481745504595409e+01
2.089999999999999858e+00,-7.245369395615668395e+00,2.014614021354823947e+01,1.087075954271796405e+02,4.007294382855939574e+01
2.100000000000000089e+00,-7.396584980432351131e+00,1.746898449246995710e+01,1.111312915488389166e+02,3.481283603277900340e+01
2.109999999999999876e+00,-7.547231857419735235e+00,1.476193695431861030e+01,1.129603075947305797e+02,2.929691856673399997e+01
2.120000000000000107e+00,-7.697205236796181183e+00,1.202053831161687292e+01,1.141608092254265330e+02,2.361482079069892492e+01
2.129999999999999893e+00,-7.846538451035183215e+00,9.240191013383961760e+00,1.147148825473677647e+02,1.786032204110723853e+01
2.140000000000000124e+00,-7.995414338491598549e+00,6.416434637081762205e+00,1.146206280797589017e+02,1.212863268204589851e+01
2.149999999999999911e+00,-8.144164758710125795e+00,3.545254839324776697e+00,1.138920914913821889e+02,6.513897465513359464e+00
2.160000000000000142e+00,-8.293256558789190436e+00,6.234009703749869846e-01,1.125591205563312371e+02,1.106665201784654773e+00
2.169999999999999929e+00,-8.443263640621614385e+00,-2.351315596627788107e+00,1.106669981190997305e+02,-4.008915134983609185e+00
2.180000000000000160e+00,-8.594826170689858102e+00,-5.379770093698047262e+00,1.082755223456062907e+02,-8.758237946900267801e+00
2.189999999999999947e+00,-8.748599223747339337e+00,-8.461344288348831455e+00,1.054571765688098139e+02,-1.307952794416768150e+01
2.200000000000000178e+00,-8.905194109347476683e+00,-1.159383651473972421e+01,1.022941795611740474e+02,-1.692683505591095283e+01
2.209999999999999964e+00,-9.065116231791879642e+00,-1.477347393921299101e+01,9.887448470927404287e+01,-2.027219318558789496e+01
2.220000000000000195e+00,-9.228703605378761665e+00,-1.799503244295959448e+01,9.528709743996409998e+01,-2.310647451540069142e+01
2.229999999999999982e+00,-9.396070179578892123e+00,-2.125206334038571754e+01,9.161728869069371228e+01,-2.543870735612533451e+01
2.240000000000000213e+00,-9.567058038523953201e+00,-2.453722072721242853e+01,8.794232539773193480e+01,-2.729393354672329153e+01
2.250000000000000000e+00,-9.741202417468883823e+00,-2.784267820594698506e+01,8.432821548627346431e+01,-2.870995245501822524e+01
2.259999999999999787e+00,-9.917713351247932962e+00,-3.116061835401883684e+01,8.082773553016579626e+01,-2.973345330635353534e+01
2.270000000000000018e+00,-1.009547756894114912e+01,-3.448377180297916311e+01,7.747976051672409881e+01,-3.041605275718985624e+01
2.279999999999999805e+00,-1.027308381035638263e+01,-3.780597471801084453e+01,7.430971918427376011e+01,-3.081065916174605235e+01
2.290000000000000036e+00,-1.044887382679487509e+01,-4.112270405865037048e+01,7.133089047015521089e+01,-3.096843432311441191e+01
2.299999999999999822e+00,-1.062101969486269049e+01,-4.443154059031298431e+01,6.854623458406028647e+01,-3.093647189637490769e+01
2.310000000000000053e+00,-1.078762556446026721e+01,-4.773250274101846458e+01,6.595049041886916541e+01,-3.075619460257060211e+01
2.319999999999999840e+00,-1.094684864627829590e+01,-5.102819353184588635e+01,6.353233694870519344e+01,-3.046240294628298884e+01
2.330000000000000071e+00,-1.109703051405849905e+01,-5.432371149556940537e+01,6.127648272824582421e+01,-3.008288150336685618e+01
2.339999999999999858e+00,-1.123682639892827062e+01,-5.762629693218485727e+01,5.916559803780233295e+01,-2.963847083897793766e+01
2.350000000000000089e+00,-1.136531805931880967e+01,-6.094471632046486320e+01,5.718203304167143841e+01,-2.914352719833783567e+01
2.359999999999999876e+00,-1.148209592405453705e+01,-6.428842564575377594e+01,5.530927567868787520e+01,-2.860670436797698812e+01
2.370000000000000107e+00,-1.158729898342171438e+01,-6.766658988129800889e+01,5.353310349261796830e+01,-2.803199406466969634e+01
2.379999999999999893e+00,-1.168160605682648878e+01,-7.108706177464834752e+01,5.184238477883266683e+01,-2.741995106055975029e+01
2.390000000000000124e+00,-1.176617854378664774e+01,-7.455543143439641085e+01,5.022949516746292886e+01,-2.676901152344479939e+01
2.399999999999999911e+00,-1.184256106299093680e+01,-7.807424688980633221e+01,4.869034022727975497e+01,-2.607679660493104734e+01
2.410000000000000142e+00,-1.191255107682027514e+01,-8.164247852682932205e+01,4.722401059349407859e+01,-2.534128783320143441e+01
2.419999999999999929e+00,-1.197805083765334544e+01,-8.525526510521228829e+01,4.583213551071830238e+01,-2.456177284015940643e+01
2.430000000000000160e+00,-1.204091473848219529e+01,-8.890394511864300853e+01,4.451803293690564090e+01,-2.373948974437016091e+01
2.439999999999999947e+00,-1.210280306983579734e+01,-9.257635176433541346e+01,4.328577057110833692e+01,-2.287794004666595882e+01
2.450000000000000178e+00,-1.216505031283066351e+01,-9.625733606119852936e+01,4.213924867448038469e+01,-2.198288312369643194e+01
2.459999999999999964e+00,-1.222855345873946220e+01,-9.992947996480083361e+01,4.108139501897233714e+01,-2.106206033409970146e+01
2.470000000000000195e+00,-1.229368417703098970e+01,-1.035739659308781597e+02,4.011353211316902190e+01,-2.012471706110033054e+01
2.479999999999999982e+00,-1.236022828356752967e+01,-1.071715759919286342e+02,3.923494587938370159e+01,-1.918099569848945762e+01
2.490000000000000213e+00,-1.242735679061077469e+01,-1.107037965032369442e+02,3.844266030717742666e+01,-1.824126530693403225e+01
2.500000000000000000e+00,-1.249363435659115140e+01,-1.141539995042149087e+02,3.773140774905829886e+01,-1.731544060572901245e+01
2.509999999999999787e+00,-1.255707234029973662e+01,-1.175086550273547488e+02,3.709377899051844452e+01,-1.641233035571544363e+01
2.520000000000000018e+00,-1.261523374509450512e+01,-1.207585004568395988e+02,3.652053758148461071e+01,-1.553904742639200443e+01
2.529999999999999805e+00,-1.266539483160291901e+01,-1.238995574099132284e+02,3.600108427583359116e+01,-1.470051148302727206e+01
2.540000000000000036e+00,-1.270476206267605868e+01,-1.269338535293488093e+02,3.552405507240383997e+01,-1.389907882765890257e+01
2.549999999999999822e+00,-1.273073319132777925e+01,-1.298696913598287210e+02,3.507802720269965846e+01,-1.313433850992428376e+01
2.560000000000000053e+00,-1.274117914605616164e+01,-1.327213261620063918e+02,3.465229120744653812e+01,-1.240311399325045372e+01
2.569999999999999840e+00,-1.273471218092089430e+01,-1.355079802176823307e+02,3.423762719105621954e+01,-1.169970029851330473e+01
2.580000000000000071e+00,-1.271089997202500754e+01,-1.382522289437267204e+02,3.382700576822563221e+01,-1.101634490857839843e+01
2.589999999999999858e+00,-1.267038875682514210e+01,-1.409779199166609089e+02,3.341612688065900016e+01,-1.034394830789839226e+01
2.600000000000000089e+00,-1.261491217550431188e+01,-1.437078907576947699e+02,3.300371886674695077e+01,-9.672923244069174586e+00
2.609999999999999876e+00,-1.254718304744906732e+01,-1.464617979095176850e+02,3.259154765467789616e+01,-8.994120489901263227e+00
2.620000000000000107e+00,-1.247068659096037280e+01,-1.492543379184449179e+02,3.218412716173553889e+01,-8.299712949619580726e+00
2.629999999999999893e+00,-1.238940891511470532e+01,-1.520940479497313902e+02,3.178816696932972619e+01,-7.583935216504330334e+00
2.640000000000000124e+00,-1.230754002546440873e+01,-1.549827482545832424e+02,3.141183030057182535e+01,-6.843601186793697444e+00
2.649999999999999911e+00,-1.222918623708407182e+01,-1.579155768552185464e+02,3.106389517633971664e+01,-6.078360528707379196e+00
2.660000000000000142e+00,-1.215811619256881215e+01,-1.608814942561179748e+02,3.075291134217505729e+01,-5.290694694409149079e+00
2.669999999999999929e+00,-1.209755219196806841e+01,-1.638641119961434072e+02,3.048642869571953540e+01,-4.485684623294211804e+00
2.680000000000000160e+00,-1.205000799369825515e+01,-1.668427150254605351e+02,3.027034744121630183e+01,-3.670599493630457566e+00
2.689999999999999947e+00,-1.201716765587670110e+01,-1.697933878280851729e+02,3.010841491251204971e+01,-2.854358481561940941e+00
2.700000000000000178e+00,-1.199979777277168225e+01,-1.726902013747062483e+02,3.000187569769696694e+01,-2.046909568152855741e+00
2.709999999999999964e+00,-1.199768706166553045e+01,-1.755064597437443865e+02,2.994927345308607158e+01,-1.258557324007271827e+00
2.720000000000000195e+00,-1.200961173088654910e+01,-1.782160331464041008e+02,2.994640392731670531e+01,-4.992616319141112702e-01
2.729999999999999982e+00,-1.203333137362350058e+01,1.792051877810836231e+02,2.998642559145284636e+01,2.220738040039281491e-01
2.740000000000000213e+00,-1.206562708606196033e+01,1.767776981936112577e+02,3.006014146017106015e+01,8.982984349159799375e-01
2.750000000000000000e+00,-1.210239944268811385e+01,1.745166729786990345e+02,3.015646723309135879e+01,1.524658688967992504e+00
2.759999999999999787e+00,-1.213884646293124980e+01,1.724302502154890817e+02,3.026309172777670753e+01,2.099332262299758334e+00
2.770000000000000018e+00,-1.216973769575478137e+01,1.705180007701538614e+02,3.036731327161188077e+01,2.623782002771828381e+00
2.779999999999999805e+00,-1.218978721826140443e+01,1.687698714389270265e+02,3.045700216707310659e+01,3.102855709238043325e+00
2.790000000000000036e+00,-1.219410510820526028e+01,1.671659345710944535e+02,3.052160174499966772e+01,3.544574233396186713e+00
2.799999999999999822e+00,-1.217867786221095017e+01,1.656772296038906518e+02,3.055305046187504558e+01,3.959587575534498693e+00
2.810000000000000053e+00,-1.214080299928705919e+01,1.642678128207937789e+02,3.054649752745139324e+01,4.360332039879729393e+00
2.819999999999999840e+00,-1.207939444022498066e+01,1.628978624783790394e+02,3.050070296721199981e+01,4.759978187468250965e+00
2.830000000000000071e+00,-1.199509226883673740e+01,1.615274008003438553e+02,3.041805922749918167e+01,5.171302661113743149e+00
2.839999999999999858e+00,-1.189015147867895550e+01,1.601200082227247776e+02,3.030423467031774010e+01,5.605632959399860837e+00
2.850000000000000089e+00,-1.176813526142358057e+01,1.586459039444934831e+02,3.016750223275651521e+01,6.071997655328820187e+00
2.859999999999999876e+00,-1.163347972834061395e+01,1.570839511315440689e+02,3.001786210484840112e+01,6.576571204386000957e+00
2.870000000000000107e+00,-1.149101448065111342e+01,1.554224309710252214e+02,2.986608544020488765e+01,7.122446425634318956e+00
2.879999999999999893e+00,-1.134551525992812238e+01,1.536587012948658071e+02,2.972279675816167810e+01,7.709715041805790925e+00
2.890000000000000124e+00,-1.120133995602660804e+01,1.517980284632294854e+02,2.959768402284461430e+01,8.335799261778909397e+00
2.899999999999999911e+00,-1.106217022094574531e+01,1.498519333061699115e+02,2.949888919835423806e+01,8.995959856155863577e+00
2.910000000000000142e+00,-1.093085755717764584e+01,1.478363514313679445e+02,2.943259890543941282e+01,9.683906166275559002e+00
2.919999999999999929e+00,-1.080935905820815002e+01,1.457698229288608331e+02,2.940283090764738816e+01,1.039244455871712702e+01
2.930000000000000160e+00,-1.069874330233168180e+01,1.436718377407941034e+02,2.941139898711737288e+01,1.111411677395543585e+01
2.939999999999999947e+00,-1.059924825987960517e+01,1.415613945607935307e+02,2.945803415744359199e+01,1.184179284876672789e+01
2.950000000000000178e+00,-1.051037720826431965e+01,1.394557905700069966e+02,2.954064014810240835e+01,1.256919198227666712e+01
2.959999999999999964e+00,-1.043102304155613425e+01,1.373696436508217857e+02,2.965566165758768946e+01,1.329130874795691319e+01
2.970000000000000195e+00,-1.035961447239421318e+01,1.353141501487315566e+02,2.979854214075918151e+01,1.400472334315035994e+01
2.979999999999999982e+00,-1.029427876808785491e+01,1.332965906476370606e+02,2.996424283016508028e+01,1.470777605787220743e+01
2.990000000000000213e+00,-1.023301482830189357e+01,1.313201049004589720e+02,3.014778723177518316e+01,1.540059070163261623e+01
3.000000000000000000e+00,-1.017386813603029339e+01,1.293837578544978726e+02,3.034478803001085723e+01,1.608494109945258543e+01
3.009999999999999787e+00,-1.011509637389866256e+01,1.274829071116309365e+02,3.055190946949134911e+01,1.676396884629768991e+01
3.020000000000000018e+00,-1.005531252580253110e+01,1.256098575332354557e+02,3.076722067615770939e+01,1.744177715205923107e+01
3.029999999999999805e+00,-9.993592244677758529e+00,1.237547550620715668e+02,3.099040524929809592e+01,1.812294120839826661e+01
3.040000000000000036e+00,-9.929534851266883067e+00,1.219066373195027353e+02,3.122280875389349575e+01,1.881198617903671533e+01
3.049999999999999822e+00,-9.863272418700706368e+00,1.200545330697197954e+02,3.146732537292075804e+01,1.951288688371466762e+01
3.060000000000000053e+00,-9.795428007409524795e+00,1.181884944083864468e+02,3.172814381204450385e+01,2.022863785214751786e+01
3.069999999999999840e+00,-9.727030693159472108e+00,1.163004577448364358e+02,3.201038682917390332e+01,2.096093029015447584e+01
3.080000000000000071e+00,-9.659400023630379195e+00,1.143848592577080296e+02,3.231968629049693220e+01,2.170995683179276270e+01
3.089999999999999858e+00,-9.594014943574675769e+00,1.124389695560403482e+02,3.266173627964242598e+01,2.247434933538675850e+01
3.100000000000000089e+00,-9.532381881249577305e+00,1.104629511326443918e+02,3.304186209128567242e+01,2.325124222704704380e+01
3.109999999999999876e+00,-9.475914183270166546e+00,1.084596729560776964e+02,3.346463540129649772e+01,2.403644535857642595e+01
3.120000000000000107e+00,-9.425831426898287901e+00,1.064343351485132700e+02,3.393355793421233102e+01,2.482470587976747467e+01
3.129999999999999893e+00,-9.383083340410481199e+00,1.043939631296853747e+02,3.445082917845349613e+01,2.561003701829048751e+01
3.140000000000000124e+00,-9.348299853622565436e+00,1.023468277167954739e+02,3.501720868014675148e+01,2.638609130777071243e+01
3.149999999999999911e+00,-9.321766524176741342e+00,1.003018394502229853e+02,3.563197973238188609e+01,2.714655534049920149e+01
3.160000000000000142e+00,-9.303423241903502117e+00,9.826795556671677900e+01,3.629301779032515185e+01,2.788554186588944361e+01
3.169999999999999929e+00,-9.292883486412852889e+00,9.625362915150375898e+01,3.699696247078073696e+01,2.859795320317448386e+01
3.180000000000000160e+00,-9.289471198592250900e+00,9.426632330871726140e+01,3.773948569566575628e+01,2.927978847313596233e+01
3.189999999999999947e+00,-9.292272238062468048e+00,9.231210875264753213e+01,3.851564034342180776e+01,2.992836753145038031e+01
3.200000000000000178e+00,-9.300197230668681314e+00,9.039536026296951832e+01,3.932026457192283431e+01,3.054244811693287431e+01
3.209999999999999964e+00,-9.312052271296016315e+00,8.851856475726991391e+01,4.014840850798616145e+01,3.112222041311547116e+01
3.220000000000000195e+00,-9.326613466256960194e+00,8.668225007594739395e+01,4.099574440759776195e+01,3.166917470113594391e+01
3.229999999999999982e+00,-9.342700808590688411e+00,8.488503804938048347e+01,4.185892056576894760e+01,3.218585158771727350e+01
3.240000000000000213e+00,-9.359246576731171885e+00,8.312381776530709487e+01,4.273582414700656074e+01,3.267549801964673151e+01
3.250000000000000000e+00,-9.375353537640075174e+00,8.139402571744622605e+01,4.362572830322869777e+01,3.314166325056157802e+01
3.259999999999999787e+00,-9.390338865280185132e+00,7.969000999128834906e+01,4.452931268708355361e+01,3.358777492510892415e+01
3.270000000000000018e+00,-9.403760881432699392e+00,7.800544759053437360e+01,4.544856113710012124e+01,3.401673547689865984e+01
3.279999999999999805e+00,-9.415427369458756246e+00,7.633377916843355138e+01,4.638655319689922152e+01,3.443057351188995341e+01
3.290000000000000036e+00,-9.425386055765178739e+00,7.466862498933126346e+01,4.734717518113823331e+01,3.483017538242069122e+01
3.299999999999999822e+00,-9.433899585651040809e+00,7.300415015043566314e+01,4.833478078335654970e+01,3.521511099304306214e+01
3.310000000000000053e+00,-9.441408646893977519e+00,7.133535514694712276e+01,4.935383097938399999e+01,3.558355721655734527e+01
3.319999999999999840e+00,-9.448487620903762263e+00,6.965827816744393886e+01,5.040853934308255191e+01,3.593231375806428929e+01
3.330000000000000071e+00,-9.455797213864347128e+00,6.797010612721828693e+01,5.150254340422429067e+01,3.625690067464702082e+01
3.339999999999999858e+00,-9.464038023756609519e+00,6.626920063021175622e+01,5.263861684670379759e+01,3.655172401884684064e+01
3.350000000000000089e+00,-9.473908115377568606e+00,6.455505160466339021e+01,5.381843231392617355e+01,3.681029561080642765e+01
3.359999999999999876e+00,-9.486066624254144486e+00,6.282817481778237578e+01,5.504238099350468616e+01,3.702549382907428566e+01
3.370000000000000107e+00,-9.501104394247994023e+00,6.108997004058289804e+01,5.630945311799659692e+01,3.718985356276478882e+01
3.379999999999999893e+00,-9.519521821335617418e+00,5.934255496960922471e+01,5.761718273149885050e+01,3.729587425011177970e+01
3.390000000000000124e+00,-9.541713508182414927e+00,5.758858700024853050e+01,5.896165990648852073e+01,3.733633467680522955e+01
3.399999999999999911e+00,-9.567959047461894073e+00,5.583108147476730920e+01,6.033761323847691926e+01,3.730460171744491760e+01
3.410000000000000142e+00,-9.598419213689169283e+00,5.407323184710171660e+01,6.173856404364629924e+01,3.719491768250593822e+01
3.419999999999999929e+00,-9.633136988825567570e+00,5.231823485574050636e+01,6.315705050987789093e+01,3.700264801681243654e+01
3.430000000000000160e+00,-9.672043094711661126e+00,5.056912258613078137e+01,6.458491469996091894e+01,3.672446880156909543e+01
3.439999999999999947e+00,-9.714965969599075990e+00,4.882860332498135136e+01,6.601363789154839878e+01,3.635847310131784837e+01
3.450000000000000178e+00,-9.761646325139377467e+00,4.709891424962457762e+01,6.743470103758299672e+01,3.590417792116900131e+01
3.459999999999999964e+00,-9.811756484324737571e+00,4.538169096447751372e+01,6.883993859609563515e+01,3.536242029604778736e+01
3.470000000000000195e+00,-9.864924579296683760e+00,4.367786124387711766e+01,7.022184756259828475e+01,3.473514200514249239e+01
3.479999999999999982e+00,-9.920763357097863278e+00,4.198757249244063416e+01,7.157381131703721167e+01,3.402507679825799158e+01
3.490000000000000213e+00,-9.978902813331053778e+00,4.031016375083651582e+01,7.289020155744954366e+01,3.323537002914950023e+01
3.500000000000000000e+00,-1.003902520206681181e+01,3.864419294184228448e+01,7.416633193653618150e+01,3.236917563953373644e+01
3.509999999999999787e+00,-1.010090025122487134e+01,3.698752800274373698e+01,7.539825365251374478e+01,3.142928667419871758e+01
3.520000000000000018e+00,-1.016441777523493428e+01,3.533750640471254201e+01,7.658240457394262535e+01,3.041786038535048320e+01
3.529999999999999805e+00,-1.022961446268902108e+01,3.369116153412368675e+01,7.771514697938931704e+01,2.933629573813794877e+01
3.540000000000000036e+00,-1.029669154946799381e+01,3.204550715671747696e+01,7.879225165674702680e+01,2.818530900395667871e+01
3.549999999999999822e+00,-1.036602043951991625e+01,3.039786371468794002e+01,7.980840481218898219e+01,2.696523235214116454e+01
3.560000000000000053e+00,-1.043813410132062813e+01,2.874620369279832133e+01,8.075682592876140120e+01,2.567653201036167587e+01
3.569999999999999840e+00,-1.051370316009602135e+01,2.708948878908105939e+01,8.162908639891826112e+01,2.432050860848836038e+01
3.580000000000000071e+00,-1.059349687145228991e+01,2.542796980242572147e+01,8.241520756080174692e+01,2.290010585171346591e+01
3.589999999999999858e+00,-1.067833042385571218e+01,2.376342110132577545e+01,8.310409038517043712e+01,2.142071943494398667e+01
3.600000000000000089e+00,-1.076900112311907343e+01,2.209928479769851251e+01,8.368428683037862470e+01,1.989087280734056762e+01
3.609999999999999876e+00,-1.086621687673547498e+01,2.044070446875682734e+01,8.414506741591395667e+01,1.832261815064967436e+01
3.620000000000000107e+00,-1.097052102260501982e+01,1.879443353340503009e+01,8.447767821607301642e+01,1.673153744781281915e+01
3.629999999999999893e+00,-1.108221801827046349e+01,1.716860856327892648e+01,8.467662555957029724e+01,1.513626390422928480e+01
3.640000000000000124e+00,-1.120130495015034811e+01,1.557238282068984603e+01,8.474079338861200483e+01,1.355751532376792312e+01
3.649999999999999911e+00,-1.132741435248292206e+01,1.401542079812679731e+01,8.467419983212860757e+01,1.201671650982940776e+01
3.660000000000000142e+00,-1.145977447911701752e+01,1.250726177114855986e+01,8.448624188178736460e+01,1.053436819120554446e+01
3.669999999999999929e+00,-1.159719383838768536e+01,1.105657102233676348e+01,8.419135426151932222e+01,9.128374347106458231e+00
3.680000000000000160e+00,-1.173807717435206044e+01,9.670312910387817595e+00,8.380810335635950992e+01,7.812552890735212863e+00
3.689999999999999947e+00,-1.188047963914217142e+01,8.352900753630029484e+00,8.335782604782589544e+01,6.595523220358740168e+00
3.700000000000000178e+00,-1.202220399341912582e+01,7.105402850341910437e+00,8.286298543734687883e+01,5.480098358169323447e+00
3.709999999999999964e+00,-1.216094169111934065e+01,5.924907058219014644e+00,8.234543940303942122e+01,4.463228691533730697e+00
3.720000000000000195e+00,-1.229445243188139258e+01,4.804160114043721563e+00,8.182480510087727055e+01,3.536469624433809411e+00
3.729999999999999982e+00,-1.242076875879710229e+01,3.731592361977582595e+00,8.131706454270047857e+01,2.686891745480684435e+00
3.740000000000000213e+00,-1.253840413383633567e+01,2.691805562302998389e+00,8.083350925072880955e+01,1.898324590038617643e+00
3.750000000000000000e+00,-1.264653710663638009e+01,1.666539478048032707e+00,8.038007967001921372e+01,1.152819502994064438e+00
3.759999999999999787e+00,-1.274514329239200272e+01,6.360512899846203494e-01,7.995712519109937944e+01,4.322235398310774190e-01
3.770000000000000018e+00,-1.283505241065786073e+01,-4.192394312353585617e-01,7.955959340474346675e+01,-2.802361639591971487e-01
3.779999999999999805e+00,-1.291791902286486859e+01,-1.517043931193077233e+00,7.917764644189304590e+01,-9.984573289254883299e-01
3.790000000000000036e+00,-1.299610998918194582e+01,-2.671652251336934292e+00,7.879768854137807921e+01,-1.732164314350429946e+00
3.799999999999999822e+00,-1.307252494374831642e+01,-3.892717847519604479e+00,7.840376350776656977e+01,-2.485925671371054690e+00
3.810000000000000053e+00,-1.315037464268363721e+01,-5.184491208922782590e+00,7.797923924768841175e+01,-3.258610708513040688e+00
3.819999999999999840e+00,-1.323294419575462300e+01,-6.545533937771218724e+00,7.750864280083865765e+01,-4.043392496430748828e+00
3.830000000000000071e+00,-1.332336462279272205e+01,-7.968875865995258323e+00,7.697945599539426098e+01,-4.828358725926894301e+00
3.839999999999999858e+00,-1.342440920353424438e+01,-9.442535680405926612e+00,7.638364840001847256e+01,-5.597714624607785794e+00
3.850000000000000089e+00,-1.353832348172899103e+01,-1.095031328396111725e+01,7.571872981155767945e+01,-6.333465751739943528e+00
3.859999999999999876e+00,-1.366669173996872111e+01,-1.247277345984894481e+01,7.498815915836391355e+01,-7.017376718750035991e+00
3.870000000000000107e+00,-1.381033945715927302e+01,-1.398836442086314769e+01,7.420104431399416001e+01,-7.632942660518594380e+00
3.879999999999999893e+00,-1.396927089645784648e+01,-1.547464016829629330e+01,7.337118522742234461e+01,-8.167104234531651130e+00
3.890000000000000124e+00,-1.414264304472824740e+01,-1.690957274197596050e+01,7.251561944139507432e+01,-8.611487795153351499e+00
3.899999999999999911e+00,-1.432878067003252198e+01,-1.827294240421202076e+01,7.165289662169951157e+01,-8.963044881629819827e+00
3.910000000000000142e+00,-1.452524095260890924e+01,-1.954777621216349459e+01,7.080132377671694144e+01,-9.224071606778489141e+00
3.919999999999999929e+00,-1.472893828926232018e+01,-2.072176742304877450e+01,6.997739009286155465e+01,-9.401680615155310505e+00
3.930000000000000160e+00,-1.493633851372776711e+01,-2.178855439708325648e+01,6.919451786658137848e+01,-9.506857410920751761e+00
3.939999999999999947e+00,-1.514372510366818503e+01,-2.274868095317453509e+01,6.846221620226700111e+01,-9.553254614668302835e+00
3.950000000000000178e+00,-1.534752718350462608e+01,-2.361002261487877618e+01,6.778565483869105890e+01,-9.555869678612980422e+00
3.959999999999999964e+00,-1.554468174388943780e+01,-2.438747243562056610e+01,6.716563546896652781e+01,-9.529727346774038210e+00
3.970000000000000195e+00,-1.573298498821169034e+01,-2.510175804111974429e+01,6.659891693367838172e+01,-9.488660951574459546e+00
3.979999999999999982e+00,-1.591137697714622767e+01,-2.577740851300751146e+01,6.607884229153496847e+01,-9.444265190641264240e+00
3.990000000000000213e+00,-1.608010633264915867e+01,-2.644007315014251347e+01,6.559621150251936683e+01,-9.405079914066480029e+00
4.000000000000000000e+00,-1.624074002428533703e+01,-2.711355377526628985e+01,6.514033626521926124e+01,-9.376056798903160683e+00
4.009999999999999787e+00,-1.639601279337009743e+01,-2.781698614756560062e+01,6.470020033930431680e+01,-9.358352346196543436e+00
4.019999999999999574e+00,-1.654954165620760875e+01,-2.856256391254193971e+01,6.426563135768559221e+01,-9.349474655225193942e+00
4.030000000000000249e+00,-1.670545254982466687e+01,-2.935405973297946147e+01,6.382837503693264836e+01,-9.343783703311265398e+00
4.040000000000000036e+00,-1.686797254086540221e+01,-3.018622066331091958e+01,6.338295838907976076e+01,-9.333306143400124100e+00
4.049999999999999822e+00,-1.704103301409796245e+01,-3.104496310858539232e+01,6.292724230053435264e+01,-9.308782432401093487e+00
4.059999999999999609e+00,-1.722791298797062964e+01,-3.190820860354650179e+01,6.246259807151260901e+01,-9.260827099412326291e+00
4.070000000000000284e+00,-1.743093469450687039e+01,-3.274719299771918912e+01,6.199369267639197290e+01,-9.181063248969355328e+00
4.080000000000000071e+00,-1.765121163899882362e+01,-3.352812987900731656e+01,6.152792296790545379e+01,-9.063096979599540859e+00
4.089999999999999858e+00,-1.788844550682055257e+01,-3.421418386702214320e+01,6.107458667337937896e+01,-8.903226095636087578e+00
4.099999999999999645e+00,-1.814077306140786305e+01,-3.476777942207159811e+01,6.064390705761037736e+01,-8.700822828232418260e+00
4.110000000000000320e+00,-1.840467645468019597e+01,-3.515330692372874211e+01,6.024603391896818749e+01,-8.458380492742815449e+00
4.120000000000000107e+00,-1.867498743382851245e+01,-3.534026180510061721e+01,5.989012859186956206e+01,-8.181257529645669990e+00
4.129999999999999893e+00,-1.894503255433393107e+01,-3.530673859983383522e+01,5.958361243945592634e+01,-7.877181650068253660e+00
4.139999999999999680e+00,-1.920697370754042055e+01,-3.504298819817825006e+01,5.933162614869726070e+01,-7.555589885447054677e+00
4.150000000000000355e+00,-1.945238361218151368e+01,-3.455446251987522288e+01,5.913671851533629109e+01,-7.226880091874123835e+00
4.160000000000000142e+00,-1.967304834036282202e+01,-3.386351724841129851e+01,5.899876229950271522e+01,-6.901641310931806217e+00
4.169999999999999929e+00,-1.986190938756297442e+01,-3.300889492077331511e+01,5.891508139019329349e+01,-6.589919838873222524e+00
4.179999999999999716e+00,-2.001397061274641942e+01,-3.204244199997307163e+01,5.888076553668664559e+01,-6.300568658377425635e+00
4.190000000000000391e+00,-2.012694720236687118e+01,-3.102324814784541118e+01,5.888914285925437042e+01,-6.040721257578863579e+00
4.200000000000000178e+00,-2.020146860217209195e+01,-3.001028570343700963e+01,5.893237335707889457e+01,-5.815425640792462936e+00
4.209999999999999964e+00,-2.024076864187161107e+01,-2.905522726871154049e+01,5.900211749934636885e+01,-5.627467860698458502e+00
4.219999999999999751e+00,-2.024995186596802554e+01,-2.819708038113768467e+01,5.909022373415589158e+01,-5.477403788811431973e+00
4.230000000000000426e+00,-2.023503920423923219e+01,-2.745962260313003966e+01,5.918937035958247606e+01,-5.363801356471651793e+00
4.240000000000000213e+00,-2.020202194879377444e+01,-2.685172135803814797e+01,5.929359461933412945e+01,-5.283673619856546821e+00
4.250000000000000000e+00,-2.015609975821120869e+01,-2.636991168078920111e+01,5.939864851197884121e+01,-5.233058751937481823e+00
4.259999999999999787e+00,-2.010119151424740380e+01,-2.600229507538420393e+01,5.950213796017047940e+01,-5.207681357403543210e+00
4.269999999999999574e+00,-2.003973106366540335e+01,-2.573286398102715467e+01,5.960342801844738858e+01,-5.203615625315467064e+00
4.280000000000000249e+00,-1.997271302966744244e+01,-2.554557092049692457e+01,5.970332727968079922e+01,-5.217868577284122900e+00
4.290000000000000036e+00,-1.989993429157439664e+01,-2.542769125498190874e+01,5.980359370450967305e+01,-5.248811973222976768e+00
4.299999999999999822e+00,-1.982037187583347304e+01,-2.537220132688157292e+01,5.990632633571283350e+01,-5.296412100498018916e+00
4.309999999999999609e+00,-1.973263674793631850e+01,-2.537901357088727750e+01,6.001331944338153335e+01,-5.362233282521271072e+00
4.320000000000000284e+00,-1.963544085735573219e+01,-2.545501622395769203e+01,6.012545699842169000e+01,-5.449218519036599595e+00
4.330000000000000071e+00,-1.952801392766607336e+01,-2.561299169289987177e+01,6.024221769676270810e+01,-5.561275233926488148e+00
4.339999999999999858e+00,-1.941041242626716823e+01,-2.586963737104689542e+01,6.036134682771093196e+01,-5.702713514281503748e+00
4.349999999999999645e+00,-1.928368009980214381e+01,-2.624305283207128880e+01,6.047873363640296418e+01,-5.877598042107542220e+00
4.360000000000000320e+00,-1.914984651829680828e+01,-2.675013723152151002e+01,6.058851298900012239e+01,-6.089083574252144082e+00
4.370000000000000107e+00,-1.901178058346364352e+01,-2.740432328957469466e+01,6.068338861134252937e+01,-6.338807557984401875e+00
4.379999999999999893e+00,-1.887294066606836651e+01,-2.821396045013489484e+01,6.075515213455990704e+01,-6.626411632556847842e+00
4.389999999999999680e+00,-1.873707494548897756e+01,-2.918149006212344077e+01,6.079534856697868861e+01,-6.949254840243240139e+00
4.400000000000000355e+00,-1.860792317532532181e+01,-3.030338723178384441e+01,6.079601707498447638e+01,-7.302363760140578641e+00
4.410000000000000142e+00,-1.848895837485282811e+01,-3.157072349624477781e+01,6.075042015795425243e+01,-7.678638129148943392e+00
4.419999999999999929e+00,-1.838319019586291247e+01,-3.297014982613700340e+01,6.065366919078935126e+01,-8.069296944439184216e+00
4.429999999999999716e+00,-1.829303654029539317e+01,-3.448510218240927827e+01,6.050316357134972378e+01,-8.464514589555678370e+00
4.440000000000000391e+00,-1.822025948971215925e+01,-3.609706929187079538e+01,6.029878508760851474e+01,-8.854166323499098823e+00
4.450000000000000178e+00,-1.816595626695075438e+01,-3.778681095130745859e+01,6.004282528968661836e+01,-9.228584705077386374e+00
4.459999999999999964e+00,-1.813059465572414553e+01,-3.953545842282244394e+01,5.973966463646487313e+01,-9.579227937264370496e+00
4.469999999999999751e+00,-1.811408333963779782e+01,-4.132545845885545788e+01,5.939525929833764195e+01,-9.899178177102839982e+00
4.480000000000000426e+00,-1.811586940234267118e+01,-4.314133827981349611e+01,5.901651706722909552e+01,-1.018341849042480263e+01
4.490000000000000213e+00,-1.813505662687819608e+01,-4.497027375416146810e+01,5.861065350316007283e+01,-1.042887414718683559e+01
4.500000000000000000e+00,-1.817053864513333039e+01,-4.680244236933748425e+01,5.818461313018394065e+01,-1.063423946957214206e+01
4.509999999999999787e+00,-1.822114030885506963e+01,-4.863114191758366189e+01,5.774462166283889530e+01,-1.079963918676324042e+01
4.519999999999999574e+00,-1.828575919082461709e+01,-5.045265987806540409e+01,5.729590926074612156e+01,-1.092618984534526128e+01
4.530000000000000249e+00,-1.836349750309175022e+01,-5.226589011750386504e+01,5.684261708541081504e+01,-1.101553183624914034e+01
4.540000000000000036e+00,-1.845377371783082765e+01,-5.407171293989554783e+01,5.638787418474833402e+01,-1.106939765916943230e+01
4.549999999999999822e+00,-1.855640350120976123e+01,-5.587217887570952968e+01,5.593401157781622146e+01,-1.108926971917387405e+01
4.559999999999999609e+00,-1.867164160016033847e+01,-5.766956065706887102e+01,5.548286663889161474e+01,-1.107616387637515842e+01
4.570000000000000284e+00,-1.880017992404852478e+01,-5.946535544576946819e+01,5.503612393925760671e+01,-1.103055549352390585e+01
4.580000000000000071e+00,-1.894310158363596486e+01,-6.125932571002983451e+01,5.459563859806953445e+01,-1.095244493908819372e+01
4.589999999999999858e+00,-1.910179510950113624e+01,-6.304866048138653412e+01,5.416369455312074876e+01,-1.084154141675788274e+01
4.599999999999999645e+00,-1.927783650797004000e+01,-6.482732123603646812e+01,5.374316209761505547e+01,-1.069752958563505452e+01
4.610000000000000320e+00,-1.947284861356631325e+01,-6.658561358439962419e+01,5.333753494521546656e+01,-1.052037444545619138e+01
4.620000000000000107e+00,-1.968834729486182411e+01,-6.831000373243689694e+01,5.295084470200876581e+01,-1.031061748149777912e+01
4.629999999999999893e+00,-1.992558292511515461e+01,-6.998318272648236871e+01,5.258746730153475823e+01,-1.006962116138780949e+01
4.639999999999999680e+00,-2.018538395097871785e+01,-7.158437468557340821e+01,5.225184926321814061e+01,-9.799728456525295783e+00
4.650000000000000355e+00,-2.046800830484372469e+01,-7.308988723062354609e+01,5.194818991591445467e+01,-9.504317100670117924e+00
4.660000000000000142e+00,-2.077300862713468277e+01,-7.447390966080408248e+01,5.168011847431156269e+01,-9.187742383377450750e+00
4.669999999999999929e+00,-2.109911932986733873e+01,-7.570957082699297302e+01,5.145040267125760636e+01,-8.855175238117579894e+00
4.679999999999999716e+00,-2.144417751002594130e+01,-7.677026543967377847e+01,5.126071988998756268e+01,-8.512352790706890104e+00
4.690000000000000391e+00,-2.180509494647261093e+01,-7.763123444195878164e+01,5.111151397236718452e+01,-8.165265860957132915e+00
4.700000000000000178e+00,-2.217790313666574420e+01,-7.827133232390460194e+01,5.100195237850348917e+01,-7.819812391178972533e+00
4.709999999999999964e+00,-2.255789443165794239e+01,-7.867482746476068201e+01,5.092998984203610746e+01,-7.481448012028646843e+00
4.719999999999999751e+00,-2.293987554842648535e+01,-7.883296983227512555e+01,5.089253623593760523e+01,-7.154865485816618964e+00
4.730000000000000426e+00,-2.331853103251729564e+01,-7.874495510237034068e+01,5.088571784813330368e+01,-6.843733737728109112e+00
4.740000000000000213e+00,-2.368886262678644883e+01,-7.841787172927521965e+01,5.090521254402622020e+01,-6.550524260682056621e+00
4.750000000000000000e+00,-2.404663151922733988e+01,-7.786530382714632026e+01,5.094663067885216634e+01,-6.276447209450362941e+00
4.759999999999999787e+00,-2.438869757331336530e+01,-7.710451720184508417e+01,5.100590606457351583e+01,-6.021510903370786316e+00
4.769999999999999574e+00,-2.471314037019682530e+01,-7.615254789266982982e+01,5.107965629048320721e+01,-5.784706691250290689e+00
4.780000000000000249e+00,-2.501907329149100434e+01,-7.502192913611075653e+01,5.116547090027948030e+01,-5.564307054209371550e+00
4.790000000000000036e+00,-2.530612165159803340e+01,-7.371708530553517846e+01,5.126209056435445888e+01,-5.358250260214607152e+00
4.799999999999999822e+00,-2.557361258348289823e+01,-7.223249168527891584e+01,5.136945066551291461e+01,-5.164572311542893424e+00
4.809999999999999609e+00,-2.581959906381158376e+01,-7.055355008508050219e+01,5.148857753435152063e+01,-4.981838802857701864e+00
4.820000000000000284e+00,-2.603990558879038986e+01,-6.866082446234773329e+01,5.162134265908913733e+01,-4.809527314983914614e+00
4.830000000000000071e+00,-2.622744362268041840e+01,-6.653782256897595460e+01,5.177009672368640025e+01,-4.648315462706384515e+00
4.839999999999999858e+00,-2.637209939182538321e+01,-6.418176092936752752e+01,5.193721873260037825e+01,-4.500239634680987422e+00
4.849999999999999645e+00,-2.646150473449938900e+01,-6.161551560474077860e+01,5.212462417349372146e+01,-4.368702759653021239e+00
4.860000000000000320e+00,-2.648287096074994196e+01,-5.889733787197955195e+01,5.233327984885413997e+01,-4.258323814083214032e+00
4.870000000000000107e+00,-2.642570723394733889e+01,-5.612376128385943730e+01,5.256277245391115827e+01,-4.174635471479079207e+00
4.879999999999999893e+00,-2.628472127664336000e+01,-5.342200576293535619e+01,5.281097445861727380e+01,-4.123648463226857075e+00
4.889999999999999680e+00,-2.606183471007854635e+01,-5.093201799109960604e+01,5.307384540151912944e+01,-4.111312000649295584e+00
4.900000000000000355e+00,-2.576643914385608980e+01,-4.878348118596964866e+01,5.334539958121538206e+01,-4.142909619164889534e+00
4.910000000000000142e+00,-2.541379589696568431e+01,-4.707592217832146986e+01,5.361786166461716618e+01,-4.222439453634152073e+00
4.919999999999999929e+00,-2.502231960023940971e+01,-4.586807589739468227e+01,5.388201865366554699e+01,-4.352036727574993158e+00
4.929999999999999716e+00,-2.461079972796062521e+01,-4.517765371572594546e+01,5.412775887637290850e+01,-4.531502303469216564e+00
4.940000000000000391e+00,-2.419632383921791074e+01,-4.498843885843671586e+01,5.434476629160206329e+01,-4.758001487992864043e+00
4.950000000000000178e+00,-2.379314309708944819e+01,-4.526032813910506292e+01,5.452331357199731343e+01,-5.025988569318232457e+00
4.959999999999999964e+00,-2.341233200301300243e+01,-4.593895887598620931e+01,5.465507463031804747e+01,-5.327392524945669727e+00
4.969999999999999751e+00,-2.306195062483045533e+01,-4.696327706714172479e+01,5.473386254747680368e+01,-5.652068375280371981e+00
4.980000000000000426e+00,-2.274744349038815727e+01,-4.827073378421741268e+01,5.475619811709883322e+01,-5.988480817126523803e+00
4.990000000000000213e+00,-2.247209682224648475e+01,-4.980047917739121033e+01,5.472163076727582620e+01,-6.324549443654304604e+00
5.000000000000000000e+00,-2.223745920546475574e+01,-5.149512494801516027e+01,5.463276631612954759e+01,-6.648556904739817419e+00
5.009999999999999787e+00,-2.204368827786727536e+01,-5.330160342988509825e+01,5.449499883006572531e+01,-6.950010191038871632e+00
5.019999999999999574e+00,-2.188981875663933963e+01,-5.517152705266822466e+01,5.431598740177786055e+01,-7.220354032042679115e+00
5.030000000000000249e+00,-2.177396296570910295e+01,-5.706132506563130846e+01,5.410495324426855746e+01,-7.453461893738846378e+00
5.040000000000000036e+00,-2.169346131184660820e+01,-5.893233137083210949e+01,5.387189125761464226e+01,-7.645867329866785411e+00
5.049999999999999822e+00,-2.164500167427075894e+01,-6.075091970056067225e+01,5.362679110165967700e+01,-7.796737495791567163e+00
5.059999999999999609e+00,-2.162472593837756918e+01,-6.248872333539938495e+01,5.337894848856838337e+01,-7.907623434116375805e+00
5.070000000000000284e+00,-2.162833985437031714e+01,-6.412292881242474607e+01,5.313642364576995192e+01,-7.982043361901571821e+00
5.080000000000000071e+00,-2.165123904230256358e+01,-6.563659235719300966e+01,5.290567715480958100e+01,-8.024964465930462865e+00
5.089999999999999858e+00,-2.168865891935849533e+01,-6.701889427279648714e+01,5.269138885828883900e+01,-8.042247485663573059e+00
5.099999999999999645e+00,-2.173584934500317090e+01,-6.826522500053326326e+01,5.249644624368750101e+01,-8.040110004752888173e+00
5.110000000000000320e+00,-2.178826623863663414e+01,-6.937699496020120193e+01,5.232207549354278342e+01,-8.024652337130454782e+00
5.120000000000000107e+00,-2.184176366878514841e+01,-7.036108626178561565e+01,5.216808060531452895e+01,-8.001476790760692737e+00
5.129999999999999893e+00,-2.189276323024861171e+01,-7.122892035688244050e+01,5.203315241364246191e+01,-7.975418389203283276e+00
5.139999999999999680e+00,-2.193837552905499422e+01,-7.199519413508728860e+01,5.191520888711452386e+01,-7.950393365971222259e+00
5.150000000000000355e+00,-2.197645310029319532e+01,-7.267641925424892690e+01,5.181173007626701121e+01,-7.929360985683703511e+00
5.160000000000000142e+00,-2.200556497796857158e+01,-7.328946064287318052e+01,5.172005537065124514e+01,-7.914384546265886833e+00
5.169999999999999929e+00,-2.202489796074548423e+01,-7.385028840341101386e+01,5.163761729897792918e+01,-7.906769117845750650e+00
5.179999999999999716e+00,-2.203410430071949833e+01,-7.437312404062177507e+01,5.156209486942732667e+01,-7.907247346242518127e+00
5.190000000000000391e+00,-2.203312598863643146e+01,-7.487008532325918964e+01,5.149147990008207643e+01,-7.916181315567633270e+00
5.200000000000000178e+00,-2.202202945553925417e+01,-7.535133538068498638e+01,5.142406096298498142e+01,-7.933748703583221484e+00
5.209999999999999964e+00,-2.200088100420769877e+01,-7.582564573495825755e+01,5.135834014088663224e+01,-7.960085520912236312e+00
5.219999999999999751e+00,-2.196968408994189303e+01,-7.630120981802065216e+01,5.129290637448543322e+01,-7.995365257414840165e+00
5.230000000000000426e+00,-2.192838702544398899e+01,-7.678650429126500399e+01,5.122629458449073780e+01,-8.039804358050304245e+00
5.240000000000000213e+00,-2.187695618612219306e+01,-7.729099354334364591e+01,5.115686126082226082e+01,-8.093595321361876316e+00
5.250000000000000000e+00,-2.181549748712726000e+01,-7.782550638054721048e+01,5.108270463022172692e+01,-8.156779916772395111e+00
5.259999999999999787e+00,-2.174439972986752068e+01,-7.840217770191931379e+01,5.100165114879652606e+01,-8.229084680031728993e+00
5.269999999999999574e+00,-2.166446908481148981e+01,-7.903393195949666961e+01,5.091132061757707561e+01,-8.309747793239813163e+00
5.280000000000000249e+00,-2.157702560812607118e+01,-7.973357412067038297e+01,5.080927069345731439e+01,-8.397369762089446965e+00
5.290000000000000036e+00,-2.148394019954949741e+01,-8.051262853720588453e+01,5.069320923662077405e+01,-8.489819335429944047e+00
5.299999999999999822e+00,-2.138760211511008436e+01,-8.138010885236977288e+01,5.056125131496958858e+01,-8.584220617417853916e+00
5.309999999999999609e+00,-2.129082003975918980e+01,-8.234140334730544453e+01,5.041218846230273698e+01,-8.677037577549109315e+00
5.320000000000000284e+00,-2.119667045634871272e+01,-8.339742306423916318e+01,5.024573261381489431e+01,-8.764259136781145543e+00
5.330000000000000071e+00,-2.110831318278812674e+01,-8.454409927341002629e+01,5.006269729549585179e+01,-8.841673413650214641e+00
5.339999999999999858e+00,-2.102879477772140149e+01,-8.577225228001653079e+01,4.986508461080008203e+01,-8.905205851250624249e+00
5.349999999999999645e+00,-2.096085704766383984e+01,-8.706780262205479914e+01,4.965605773675707724e+01,-8.951285272107890378e+00
5.360000000000000320e+00,-2.090676217113655611e+01,-8.841226802268212737e+01,4.943979326429343502e+01,-8.977196441100009139e+00
5.370000000000000107e+00,-2.086814017603079208e+01,-8.978348582124694133e+01,4.922122323756298101e+01,-8.981378460683707488e+00
5.379999999999999893e+00,-2.084586034414538958e+01,-9.115651525502467223e+01,4.900569042914489160e+01,-8.963634955112986802e+00
5.389999999999999680e+00,-2.083992650185118833e+01,-9.250469796611191953e+01,4.879855003545011272e+01,-8.925232968125047961e+00
5.400000000000000355e+00,-2.084939734059997818e+01,-9.380087891969790803e+01,4.860475547082484837e+01,-8.868880503233981472e+00
5.410000000000000142e+00,-2.087233662895233621e+01,-9.501880444820268679e+01,4.842846540475626682e+01,-8.798585320280425393e+00
5.419999999999999929e+00,-2.090580369614630030e+01,-9.613471079801472285e+01,4.827270475306978170e+01,-8.719408178891903560e+00
5.429999999999999716e+00,-2.094590055162062470e+01,-9.712908754161932734e+01,4.813910561685364087e+01,-8.637131327616808463e+00
5.440000000000000391e+00,-2.098789627141861658e+01,-9.798854040575749025e+01,4.802774668771554190e+01,-8.557867742591412252e+00
5.450000000000000178e+00,-2.102644870866308580e+01,-9.870758963878590464e+01,4.793710240458975846e+01,-8.487639118250745796e+00
5.459999999999999964e+00,-2.105593464333383480e+01,-9.929013925781862326e+01,4.786410645286832732e+01,-8.431951782616662783e+00
5.469999999999999751e+00,-2.107087984980736195e+01,-9.975027488270467302e+01,4.780432773497108911e+01,-8.395400172322197818e+00
5.480000000000000426e+00,-2.106645168827101600e+01,-1.001120442608372940e+02,4.775225011627481564e+01,-8.381327329288749795e+00
5.490000000000000213e+00,-2.103894619765808827e+01,-1.004079911524962512e+02,4.770163959499159034e+01,-8.391570526581487499e+00
5.500000000000000000e+00,-2.098618215757369754e+01,-1.006764574357488300e+02,4.764597412083647754e+01,-8.426316617770782003e+00
5.509999999999999787e+00,-2.090771910074931128e+01,-1.009579812969658406e+02,4.757890292994524373e+01,-8.484085024299977462e+00
5.519999999999999574e+00,-2.080484933412977355e+01,-1.012913848338825460e+02,4.749469555746056670e+01,-8.561845909472436844e+00
5.530000000000000249e+00,-2.068036637125083388e+01,-1.017102443277412931e+02,4.738863762403161672e+01,-8.655267472010597984e+00
5.540000000000000036e+00,-2.053816388183952313e+01,-1.022403228367161176e+02,4.725733284580223170e+01,-8.759071035585197507e+00
5.549999999999999822e+00,-2.038275079449822869e+01,-1.028982711849118630e+02,4.709887934961481193e+01,-8.867458305885911329e+00
5.559999999999999609e+00,-2.021877108648633126e+01,-1.036915896178550156e+02,4.691290270710693022e+01,-8.974564777064765408e+00
5.570000000000000284e+00,-2.005059629058472481e+01,-1.046196020826647839e+02,4.670044602985840498e+01,-9.074889261950328745e+00
5.580000000000000071e+00,-1.988202790434470657e+01,-1.056750825230454751e+02,4.646373581705629618e+01,-9.163653064050180319e+00
5.589999999999999858e+00,-1.971611823885259440e+01,-1.068461768640115679e+02,4.620585762532160601e+01,-9.237052865226527132e+00
5.599999999999999645e+00,-1.955509873698973422e+01,-1.081183384604467506e+02,4.593038536701910601e+01,-9.292386882612746035e+00
5.610000000000000320e+00,-1.940039542073972356e+01,-1.094760891870343755e+02,4.564101084937054509e+01,-9.328051263836739437e+00
5.620000000000000107e+00,-1.925270930169921257e+01,-1.109045002900495831e+02,4.534121629376857499e+01,-9.343420013770808552e+00
5.629999999999999893e+00,-1.911214174568022273e+01,-1.123903437152043807e+02,4.503402348706222824e+01,-9.338634643779686328e+00
5.639999999999999680e+00,-1.897834801407924132e+01,-1.139228972002798344e+02,4.472184098318372492e+01,-9.314337932161908640e+00
5.650000000000000355e+00,-1.885070483178237311e+01,-1.154944031535718523e+02,4.440641745922097527e+01,-9.271389436816013685e+00
5.660000000000000142e+00,-1.872847933088654671e+01,-1.171001916010569346e+02,4.408889659716479059e+01,-9.210599183915437749e+00
5.669999999999999929e+00,-1.861098739477314723e+01,-1.187384884808836745e+02,4.376995785209108192e+01,-9.132511087273115891e+00
5.679999999999999716e+00,-1.849773001533520045e+01,-1.204099457404348641e+02,4.345001889696787600e+01,-9.037260011707523688e+00
5.690000000000000391e+00,-1.838849756619782028e+01,-1.221169484481613239e+02,4.312946987532887277e+01,-8.924516818133714224e+00
5.700000000000000178e+00,-1.828343439695449746e+01,-1.238627726414642467e+02,4.280890719616709816e+01,-8.793525062266640546e+00
5.709999999999999964e+00,-1.818305988619712465e+01,-1.256506805989590134e+02,4.248933569682552047e+01,-8.643222215169553024e+00
5.719999999999999751e+00,-1.808824655264698933e+01,-1.274830431257925198e+02,4.217231256009592499e+01,-8.472428438626286251e+00
5.730000000000000426e+00,-1.800016016835357746e+01,-1.293605694323039472e+02,4.186001397678458602e+01,-8.280078255609135240e+00
5.740000000000000213e+00,-1.792017016934719464e+01,-1.312817059170879759e+02,4.155521527775545820e+01,-8.065465930515257398e+00
5.750000000000000000e+00,-1.784974042406864569e+01,-1.332422401580610085e+02,4.126118578060171416e+01,-7.828474617736444152e+00
5.759999999999999787e+00,-1.779031046984911413e+01,-1.352351213942664856e+02,4.098150938574984536e+01,-7.569762322225246365e+00
5.769999999999999574e+00,-1.774317599006126045e+01,-1.372504887661393980e+02,4.071984965846549898e+01,-7.290883743179334076e+00
5.780000000000000249e+00,-1.770937520131700538e+01,-1.392758865369286241e+02,4.047968287542949639e+01,-6.994334937674275388e+00
5.790000000000000036e+00,-1.768958565049211984e+01,-1.412966419272608221e+02,4.026402408917710574e+01,-6.683516055078750462e+00
5.799999999999999822e+00,-1.768403428054449478e+01,-1.432963844290555357e+02,4.007517009897010496e+01,-6.362614938874298076e+00
5.809999999999999609e+00,-1.769242290229244929e+01,-1.452576925212271419e+02,3.991448016519444053e+01,-6.036420401784429401e+00
5.820000000000000284e+00,-1.771387156278763797e+01,-1.471628609203394262e+02,3.978221133259373943e+01,-5.710078241049551195e+00
5.830000000000000071e+00,-1.774688365425264891e+01,-1.489947850184615845e+02,3.967742111580194830e+01,-5.388805844777535548e+00
5.839999999999999858e+00,-1.778933864589107827e+01,-1.507379552939244149e+02,3.959794644240734840e+01,-5.077583092860885827e+00
5.849999999999999645e+00,-1.783852045410491627e+01,-1.523795401288934670e+02,3.954046409643261484e+01,-4.780838726619659695e+00
5.860000000000000320e+00,-1.789119078946918506e+01,-1.539105090141060828e+02,3.950063406189923398e+01,-4.502152754015175340e+00
5.870000000000000107e+00,-1.794371614132924364e+01,-1.553267109615049719e+02,3.947332259546733013e+01,-4.243996664969981403e+00
5.879999999999999893e+00,-1.799225312439165592e+01,-1.566297814072810581e+02,3.945289615689045348e+01,-4.007533701597422393e+00
5.889999999999999680e+00,-1.803298888778332199e+01,-1.578277175166878408e+02,3.943357050030189015e+01,-3.792500283919276072e+00
5.900000000000000355e+00,-1.806242152348378838e+01,-1.589349542114511280e+02,3.940979187613579882e+01,-3.597186001859288496e+00
5.910000000000000142e+00,-1.807765211602450606e+01,-1.599718087671501507e+02,3.937662062436805144e+01,-3.418522735436946292e+00
5.919999999999999929e+00,-1.807664935692167418e+01,-1.609632481552793593e+02,3.933008307346204901e+01,-3.252283531533611605e+00
5.929999999999999716e+00,-1.805844436018379184e+01,-1.619370590012802040e+02,3.926745719605674623e+01,-3.093379837386586839e+00
5.940000000000000391e+00,-1.802322079825888679e+01,-1.629216321135295402e+02,3.918746195077869743e+01,-2.936233425543830489e+00
5.950000000000000178e+00,-1.797228328340523262e+01,-1.639436675772567753e+02,3.909032966421992228e+01,-2.775189187697912896e+00
5.959999999999999964e+00,-1.790791017979266186e+01,-1.650261267257831435e+02,3.897775395337581728e+01,-2.604929126521322136e+00
5.969999999999999751e+00,-1.783311833274629876e+01,-1.661866957550216455e+02,3.885272031187415820e+01,-2.420847716883732570e+00
5.980000000000000426e+00,-1.775138005255718809e+01,-1.674369062360460418e+02,3.871923989726095527e+01,-2.219354447452879686e+00
5.990000000000000213e+00,-1.766633440383604281e+01,-1.687819232360687352e+02,3.858201688178656497e+01,-1.998079577220950753e+00
6.000000000000000000e+00,-1.758152712934790429e+01,-1.702209028460028151e+02,3.844608452613220351e+01,-1.755971799373721609e+00
6.009999999999999787e+00,-1.750020080854938342e+01,-1.717477600445025132e+02,3.831644469836881939e+01,-1.493289163539972764e+00
6.019999999999999574e+00,-1.742514381009347346e+01,-1.733521757902319109e+02,3.819774079807764622e+01,-1.211495210802290501e+00
6.030000000000000249e+00,-1.735859643739077285e+01,-1.750206951671726756e+02,3.809398655202453909e+01,-9.130795870883423593e-01
6.040000000000000036e+00,-1.730220658080068574e+01,-1.767378079881691235e+02,3.800836466254139623e+01,-6.013261177245112776e-01
6.049999999999999822e+00,-1.725702482890574885e+01,-1.784869442512207058e+02,3.794310124645439686e+01,-2.800519072952295518e-01
6.059999999999999609e+00,-1.722352924006110442e+01,1.797486498681500962e+02,3.789941528373546475e+01,4.666064357547176911e-02
6.070000000000000284e+00,-1.720167160061136613e+01,1.779851675755335236e+02,3.787753721018246011e+01,3.747199861692058764e-01
6.080000000000000071e+00,-1.719093899860376595e+01,1.762376289497148889e+02,3.787678721374245328e+01,7.002543283777555860e-01
6.089999999999999858e+00,-1.719042626356243986e+01,1.745193970410450959e+02,3.789570138847255265e+01,1.019801484705585404e+00
6.099999999999999645e+00,-1.719891592069715003e+01,1.728418203382966567e+02,3.793219231313531736e+01,1.330451396269815012e+00
6.110000000000000320e+00,-1.721496268588130363e+01,1.712140021318742811e+02,3.798372963936387947e+01,1.629936578624617605e+00
6.120000000000000107e+00,-1.723697927654428952e+01,1.696426990675735738e+02,3.804752587921575468e+01,1.916669403289184448e+00
6.129999999999999893e+00,-1.726331966569856036e+01,1.681323499638326098e+02,3.812071292390672284e+01,2.189728923497229029e+00
6.139999999999999680e+00,-1.729235519386437048e+01,1.666852306893631521e+02,3.820049612905108916e+01,2.448803790036135908e+00
6.150000000000000355e+00,-1.732253855240398366e+01,1.653017216418336375e+02,3.828427524026244555e+01,2.694101354232020906e+00
6.160000000000000142e+00,-1.735245090238922572e+01,1.639806624451139498e+02,3.836972501313687189e+01,2.926235871262196309e+00
6.169999999999999929e+00,-1.738082851038429411e+01,1.627197562785647165e+02,3.845483287531605754e+01,3.146110321067754789e+00
6.179999999999999716e+00,-1.740656727956511318e+01,1.615159767308139465e+02,3.853789592526302243e+01,3.354806384941124708e+00
6.190000000000000391e+00,-1.742870621465093706e+01,1.603659260305176417e+02,3.861748434339580172e+01,3.553495399442067271e+00
6.200000000000000178e+00,-1.744639377365959731e+01,1.592660968173320839e+02,3.869238224817674165e+01,3.743379776212258481e+00
6.209999999999999964e+00,-1.745884372375328297e+01,1.582130007118688582e+02,3.876151959467411956e+01,3.925669810689790040e+00
6.219999999999999751e+00,-1.746528904861884968e+01,1.572031447463968163e+02,3.882390950999885604e+01,4.101595583505731391e+00
6.230000000000000426e+00,-1.746494328294533815e+01,1.562328589629501323e+02,3.887860435802056713e+01,4.272448459181490854e+00
6.240000000000000213e+00,-1.745697816878818998e+01,1.552980022263662931e+02,3.892468094298929771e+01,4.439642175813143687e+00
6.250000000000000000e+00,-1.744052469391500182e+01,1.543935953428247103e+02,3.896126093485960951e+01,4.604780278612848221e+00
6.259999999999999787e+00,-1.741470148760716796e+01,1.535134477036646672e+02,3.898756733844495415e+01,4.769715118183600389e+00
6.269999999999999574e+00,-1.737867047553956112e+01,1.526498527613974545e+02,3.900301226941544286e+01,4.936584065456696813e+00
6.280000000000000249e+00,-1.733171508589240872e+01,1.517934259044863268e+02,3.900730615034527204e+01,5.107811023332576639e+00
6.290000000000000036e+00,-1.727333183148039808e+01,1.509331439300063664e+02,3.900057441145654735e+01,5.286065522778229386e+00
6.299999999999999822e+00,-1.720332263096418046e+01,1.500566185183494952e+02,3.898346549696691454e+01,5.474177196026796643e+00
6.309999999999999609e+00,-1.712187366260463151e+01,1.491506000572577761e+02,3.895723386187576409e+01,5.675009501037697746e+00
6.320000000000000284e+00,-1.702960749574328503e+01,1.482016691869607143e+02,3.892378380989215714e+01,5.891302356968751930e+00
6.330000000000000071e+00,-1.692759879255548583e+01,1.471970399350895775e+02,3.888566421184524557e+01,6.125497960928637298e+00
6.339999999999999858e+00,-1.681734938053432771e+01,1.461253782924974018e+02,3.884600973722056949e+01,6.379566782845234485e+00
6.349999999999999645e+00,-1.670072473594654383e+01,1.449775383600393468e+02,3.880843036084625197e+01,6.654851197625946568e+00
6.360000000000000320e+00,-1.657985944829820824e+01,1.437471345245750740e+02,3.877685663551336859e+01,6.951942445900655798e+00
6.370000000000000107e+00,-1.645704288508539292e+01,1.424308973132302185e+02,3.875535274961315224e+01,7.270603044162750273e+00
6.379999999999999893e+00,-1.633459750728581383e+01,1.410287945593279062e+02,3.874791221765569560e+01,7.609742089591944314e+00
6.389999999999999680e+00,-1.621476127965708613e+01,1.395439302759453142e+02,3.875825205550658836e+01,7.967445905351904223e+00
6.400000000000000355e+00,-1.609958308497486712e+01,1.379822556426040592e+02,3.878962068541149222e+01,8.341061825534318075e+00
6.410000000000000142e+00,-1.599083689490663218e+01,1.363521377577236535e+02,3.884463303118691613e+01,8.727329065201782754e+00
6.419999999999999929e+00,-1.588995747007326820e+01,1.346638334110708399e+02,3.892514379302220817e+01,9.122547718886307777e+00
6.429999999999999716e+00,-1.579799806747399060e+01,1.329289100893832654e+02,3.903216713847466224e+01,9.522774901777692591e+00
6.440000000000000391e+00,-1.571560921101691477e+01,1.311596482703495496e+02,3.916584823657586867e+01,9.924035682368803180e+00
6.450000000000000178e+00,-1.564303695693186391e+01,1.293684508308629688e+02,3.932548922345412734e+01,1.032253554349074420e+01
6.459999999999999964e+00,-1.558013902820927399e+01,1.275672791566155269e+02,3.950962920451009808e+01,1.071486055287529915e+01
6.469999999999999751e+00,-1.552641740402768100e+01,1.257671322620349770e+02,3.971617461469793398e+01,1.109815130387329418e+01
6.480000000000000426e+00,-1.548106613886934113e+01,1.239775848987612363e+02,3.994257260555563960e+01,1.147023725432175389e+01
6.490000000000000213e+00,-1.544303311009050894e+01,1.222064024290926625e+02,4.018601623063864281e+01,1.182971969779135080e+01
6.500000000000000000e+00,-1.541109389615674985e+01,1.204592527399704522e+02,4.044366643518142013e+01,1.217599456400029112e+01
6.509999999999999787e+00,-1.538393503072527757e+01,1.187395368667842916e+02,4.071287281958003490e+01,1.250921069254732920e+01
6.519999999999999574e+00,-1.536024256113457653e+01,1.170483584238494927e+02,4.099137354413473133e+01,1.283016496592135880e+01
6.530000000000000249e+00,-1.533879041172431101e+01,1.153846459306553527e+02,4.127745519844934563e+01,1.314014216226540377e+01
6.540000000000000036e+00,-1.531852187864574510e+01,1.137454311180284492e+02,4.157005631294489945e+01,1.344071372319076652e+01
6.549999999999999822e+00,-1.529861707008365102e+01,1.121262710701623178e+02,4.186880334739888809e+01,1.373351481704139410e+01
6.559999999999999609e+00,-1.527853958414130808e+01,1.105217848341561648e+02,4.217397488698691888e+01,1.402002220643216290e+01
6.570000000000000284e+00,-1.525805731544487109e+01,1.089262592167123103e+02,4.248639747754382512e+01,1.430135592663526900e+01
6.580000000000000071e+00,-1.523723485043684533e+01,1.073342674190268440e+02,4.280728395331252756e+01,1.457812554606962330e+01
6.589999999999999858e+00,-1.521639803128246982e+01,1.057412405997114746e+02,4.313803126549655786e+01,1.485033718008828529e+01
6.599999999999999645e+00,-1.519607436297612146e+01,1.041439373097628049e+02,4.347999902116645643e+01,1.511737117007342945e+01
6.610000000000000320e+00,-1.517691544791754232e+01,1.025407678736947474e+02,4.383429188801355991e+01,1.537803325669448284e+01
6.620000000000000107e+00,-1.515960917954044085e+01,1.009319474546623212e+02,4.420156875280740394e+01,1.563067493430088994e+01
6.629999999999999893e+00,-1.514478990691179661e+01,9.931946936948685334e+01,4.458189929118891115e+01,1.587337204769146481e+01
6.639999999999999680e+00,-1.513295434993399802e+01,9.770690629366690416e+01,4.497468471821083114e+01,1.610414495736502971e+01
6.650000000000000355e+00,-1.512439001402780470e+01,9.609905960766398891e+01,4.537865419450876914e+01,1.632119901231351733e+01
6.660000000000000142e+00,-1.511912156337952950e+01,9.450148600177631408e+01,4.579194184852344307e+01,1.652316089379428377e+01
6.669999999999999929e+00,-1.511687931034795795e+01,9.291993642642134432e+01,4.621224184705994276e+01,1.670928499047374771e+01
6.679999999999999716e+00,-1.511709275434638577e+01,9.135974690925154107e+01,4.663703077410841757e+01,1.687960479529919056e+01
6.690000000000000391e+00,-1.511891088185270782e+01,8.982522482811246789e+01,4.706383842380692784e+01,1.703500782121761503e+01
6.700000000000000178e+00,-1.512124953239725578e+01,8.831907829998128534e+01,4.749054096987668316e+01,1.717721893274205769e+01
6.709999999999999964e+00,-1.512286433493071947e+01,8.684193963647720693e+01,4.791564554781643182e+01,1.730868603934331418e+01
6.719999999999999751e+00,-1.512244541205253512e+01,8.539203439090535142e+01,4.833853373026377653e+01,1.743237294077487931e+01
6.730000000000000426e+00,-1.511872733212046960e+01,8.396504275168028641e+01,4.875963393345060126e+01,1.755147532098032670e+01
6.740000000000000213e+00,-1.511060503472273986e+01,8.255418752627663537e+01,4.918049948429569440e+01,1.766908569663547013e+01
6.750000000000000000e+00,-1.509724429025901316e+01,8.115056176365361296e+01,4.960377906993198849e+01,1.778783987361295971e+01
6.759999999999999787e+00,-1.507817441069145836e+01,7.974368077486182926e+01,5.003307803101041884e+01,1.790958003176905677e+01
6.769999999999999574e+00,-1.505335198561156496e+01,7.832221242460353494e+01,5.047272055371831101e+01,1.803506768728721710e+01
6.780000000000000249e+00,-1.502318752913809874e+01,7.687481264606789466e+01,5.092743252781720287e+01,1.816377412035897621e+01
6.790000000000000036e+00,-1.498853165643565966e+01,7.539097683653240267e+01,5.140197152642525680e+01,1.829376771851583072e+01
6.799999999999999822e+00,-1.495062280939855626e+01,7.386181646558073055e+01,5.190073369523569369e+01,1.842170862239771978e+01
6.809999999999999609e+00,-1.491100343509093484e+01,7.228068417746048624e+01,5.242736773204718759e+01,1.854295239978577214e+01
6.820000000000000284e+00,-1.487141487353929392e+01,7.064359601178493619e+01,5.298442446989818677e+01,1.865175699789255503e+01
6.830000000000000071e+00,-1.483368251168351648e+01,6.894942953253918461e+01,5.357306778984417406e+01,1.874158107014142161e+01
6.839999999999999858e+00,-1.479960208604610017e+01,6.719990476447162564e+01,5.419286932241678301e+01,1.880545656548618183e+01
6.849999999999999645e+00,-1.477083592142542656e+01,6.539937583009108835e+01,5.484170576758273796e+01,1.883641361644142620e+01
6.860000000000000320e+00,-1.474882514281369694e+01,6.355447289446254899e+01,5.551577324723970719e+01,1.882793083369832132e+01
6.870000000000000107e+00,-1.473472120586077949e+01,6.167363705119808515e+01,5.620972712485176004e+01,1.877437916410295671e+01
6.879999999999999893e+00,-1.472933794493124182e+01,5.976658753355324905e+01,5.691694741329259699e+01,1.867142322375268293e+01
6.889999999999999680e+00,-1.473312394583353679e+01,5.784375418778988376e+01,5.762991892821749218e+01,1.851634184821980256e+01
6.900000000000000355e+00,-1.474615438047320026e+01,5.591570131962691903e+01,5.834070227693791821e+01,1.830823121302725198e+01
6.910000000000000142e+00,-1.476814129979124957e+01,5.399256384299449962e+01,5.904145822071333072e+01,1.804806076466793741e+01
6.919999999999999929e+00,-1.479846149759827867e+01,5.208351416964917036e+01,5.972497646464089627e+01,1.773856498895676381e+01
6.929999999999999716e+00,-1.483620114744981855e+01,5.019627857148847028e+01,6.038515345307234838e+01,1.738397193221229031e+01
6.940000000000000391e+00,-1.488021623180596720e+01,4.833672408009911692e+01,6.101736474365283414e+01,1.698958999086941191e+01
6.950000000000000178e+00,-1.492920716133226300e+01,4.650853993651119822e+01,6.161868708638874637e+01,1.656129418976398426e+01
6.959999999999999964e+00,-1.498180487467123712e+01,4.471303928954277040e+01,6.218794257830115413e+01,1.610496805060816428e+01
6.969999999999999751e+00,-1.503666421849601420e+01,4.294910527668765354e+01,6.272555941722290385e+01,1.562596409214017790e+01
6.980000000000000426e+00,-1.509255879968737091e+01,4.121329921050038791e+01,6.323326684917907414e+01,1.512864362904154980e+01
6.990000000000000213e+00,-1.514847017421721631e+01,3.950013671753330868e+01,6.371366181595003297e+01,1.461604557949130268e+01
7.000000000000000000e+00,-1.520366363660285991e+01,3.780252119206834749e+01,6.416969850175220813e+01,1.408971693887627552e+01
7.009999999999999787e+00,-1.525774336102424478e+01,3.611230530856579435e+01,6.460415806779531067e+01,1.354971779662087883e+01
7.019999999999999574e+00,-1.531068135666799179e+01,3.442093426531087630e+01,6.501915467620653999e+01,1.299479449290840272e+01
7.030000000000000249e+00,-1.536281745702554780e+01,3.272011281941833261e+01,6.541572696240214668e+01,1.242269805978914299e+01
7.040000000000000036e+00,-1.541483088575442473e+01,3.100243492712317206e+01,6.579355337708895490e+01,1.183061261239826756e+01
7.049999999999999822e+00,-1.546768717689365147e+01,2.926192082076640588e+01,6.615081701105702905e+01,1.121565000852165994e+01
7.059999999999999609e+00,-1.552256674596765151e+01,2.749442020585374635e+01,6.648423177450551691e+01,1.057536253084721167e+01
7.070000000000000284e+00,-1.558078279372593400e+01,2.569785870856004095e+01,6.678922770326019531e+01,9.908224226353555153e+00
7.080000000000000071e+00,-1.564369637100665855e+01,2.387232380116074282e+01,6.706027904128531247e+01,9.214033854241021615e+00
7.089999999999999858e+00,-1.571263553261230506e+01,2.202000272940800230e+01,6.729134512483749120e+01,8.494198487384029050e+00
7.099999999999999645e+00,-1.578882393956664743e+01,2.014499633478373397e+01,6.747638200636194483e+01,7.751867077829156294e+00
7.110000000000000320e+00,-1.587332245887848892e+01,1.825303854395896153e+01,6.760987381204998314e+01,6.991897709975413377e+00
7.120000000000000107e+00,-1.596698561256104831e+01,1.635115241274916187e+01,6.768732890320293905e+01,6.220659928608085920e+00
7.129999999999999893e+00,-1.607043336213765627e+01,1.444727142055084634e+01,6.770568857145110542e+01,5.445692470359458248e+00
7.139999999999999680e+00,-1.618403775647245268e+01,1.254985083368163501e+01,6.766360581951695963e+01,4.675254105030790974e+00
7.150000000000000355e+00,-1.630792338107699990e+01,1.066748975290051327e+01,6.756156787888350834e+01,3.917818017815415388e+00
7.160000000000000142e+00,-1.644198021989175729e+01,8.808580814135780201e+00,6.740185610849975717e+01,3.181565748322246812e+00
7.169999999999999929e+00,-1.658588734700866851e+01,6.981001780160874581e+00,6.718835739702289800e+01,2.473934032516981851e+00
7.179999999999999716e+00,-1.673914568973453854e+01,5.191861346137198296e+00,6.692625858200617017e+01,1.801257602854533291e+00
7.190000000000000391e+00,-1.690111786657353576e+01,3.447309956417859311e+00,6.662166689047224111e+01,1.168535301852657859e+00
7.200000000000000178e+00,-1.707107277556615799e+01,1.752424693644882625e+00,6.628120360407714884e+01,5.793289019842816634e-01
7.209999999999999964e+00,-1.724823221635852377e+01,1.111747483411224952e-01,6.591161527042872592e+01,3.578702498706357038e-02
7.219999999999999751e+00,-1.743181644941029163e+01,-1.473529836928063608e+00,6.551943834500112018e+01,-4.612269376266515675e-01
7.230000000000000426e+00,-1.762108533774646446e+01,-2.999708668563921155e+00,6.511074140464329219e+01,-9.119325493675467520e-01
7.240000000000000213e+00,-1.781537169876552440e+01,-4.466109621388624440e+00,6.469095635858781179e+01,-1.317388674235330459e+00
7.250000000000000000e+00,-1.801410381062267874e+01,-5.871951281330801464e+00,6.426479833052343338e+01,-1.679240159160977797e+00
7.259999999999999787e+00,-1.821681471101150507e+01,-7.216631269713145613e+00,6.383626438873093889e+01,-1.999481877969618404e+00
7.269999999999999574e+00,-1.842313696499111231e+01,-8.499427339551022698e+00,6.340869469745388187e+01,-2.280260349996407587e+00
7.280000000000000249e+00,-1.863278286026683617e+01,-9.719220566792520444e+00,6.298487606011237006e+01,-2.523725430249339929e+00
7.290000000000000036e+00,-1.884551136021185158e+01,-1.087426949917090369e+01,6.256716697817633843e+01,-2.731936936798963877e+00
7.299999999999999822e+00,-1.906108444035223926e+01,-1.196206077049963135e+01,6.215762481168228248e+01,-2.906824272264539655e+00
7.309999999999999609e+00,-1.927921651157391736e+01,-1.297925588302785549e+01,6.175811885262885426e+01,-3.050191617687065815e+00
7.320000000000000284e+00,-1.949952140357564190e+01,-1.392174631719854183e+01,6.137041752274426187e+01,-3.163757439114641912e+00
7.330000000000000071e+00,-1.972146181340338345e+01,-1.478482058938586974e+01,6.099624288508451286e+01,-3.249214983157703518e+00
7.339999999999999858e+00,-1.994430622533882058e+01,-1.556343791617758754e+01,6.063729063891207716e+01,-3.308300112349387145e+00
7.349999999999999645e+00,-2.016709809810113541e+01,-1.625259407898965591e+01,6.029521823478270903e+01,-3.342854049381820403e+00
7.360000000000000320e+00,-2.038864158756877742e+01,-1.684775606303001538e+01,5.997160729374479615e+01,-3.354871029350440015e+00
7.370000000000000107e+00,-2.060750717986365643e+01,-1.734533326782024076e+01,5.966790887912762287e+01,-3.346524075405359788e+00
7.379999999999999893e+00,-2.082205926860789091e+01,-1.774314509727155453e+01,5.938538125582380900e+01,-3.320165655519540238e+00
7.389999999999999680e+00,-2.103050584787890642e+01,-1.804083867583056033e+01,5.912502964385167559e+01,-3.278303414622509404e+00
7.400000000000000355e+00,-2.123096811554793106e+01,-1.824020808869291699e+01,5.888755632088066960e+01,-3.223554155618486572e+00
7.410000000000000142e+00,-2.142156505832815583e+01,-1.834537004617300227e+01,5.867332752174325350e+01,-3.158581523916478062e+00
7.419999999999999929e+00,-2.160050540281986287e+01,-1.836276202278210690e+01,5.848236121949958743e+01,-3.086024308249524228e+00
7.429999999999999716e+00,-2.176617724450404268e+01,-1.830094820945534906e+01,5.831433733734178304e+01,-3.008422882353136707e+00
7.440000000000000391e+00,-2.191722485969956580e+01,-1.817024433246976045e+01,5.816862948055044313e+01,-2.928151130080718367e+00
7.450000000000000178e+00,-2.205260317169270934e+01,-1.798220032042243943e+01,5.804435509266870241e+01,-2.847360323222818401e+00
7.459999999999999964e+00,-2.217160321055670735e+01,-1.774900391411069833e+01,5.794043918426920925e+01,-2.767939989566368553e+00
7.469999999999999751e+00,-2.227384628290068136e+01,-1.748288245882089598e+01,5.785568557008965485e+01,-2.691498971423131881e+00
7.480000000000000426e+00,-2.235924957950113878e+01,-1.719558012036935679e+01,5.778884895719311032e+01,-2.619367801099580451e+00
7.490000000000000213e+00,-2.242797048415013350e+01,-1.689797302896954179e+01,5.773870128893720022e+01,-2.552621393041668352e+00
7.500000000000000000e+00,-2.248033990396877613e+01,-1.659985866831401680e+01,5.770408645464919317e+01,-2.492119064842859721e+00
7.509999999999999787e+00,-2.251679592715175815e+01,-1.630992424503033078e+01,5.768395875488145208e+01,-2.438557239284413480e+00
7.519999999999999574e+00,-2.253782797659532378e+01,-1.603586863854867772e+01,5.767740224031981455e+01,-2.392529012186860982e+00
7.530000000000000249e+00,-2.254393879187439254e+01,-1.578462955793592748e+01,5.768363004053169618e+01,-2.354584215632653965e+00
7.540000000000000036e+00,-2.253562774793399370e+01,-1.556265514753132173e+01,5.770196485458065183e+01,-2.325283717647638415e+00
7.549999999999999822e+00,-2.251339498859267962e+01,-1.537615839866072065e+01,5.773180366923880058e+01,-2.305242456717154997e+00
7.559999999999999609e+00,-2.247776230968937483e+01,-1.523130215891954009e+01,5.777257130373903493e+01,-2.295157017870028682e+00
7.570000000000000284e+00,-2.242930418819411997e+01,-1.513427966138382352e+01,5.782366840146107734e+01,-2.295815262302311588e+00
7.580000000000000071e+00,-2.236868112738559233e+01,-1.509127686391232892e+01,5.788441991099213624e+01,-2.308087433976859781e+00
7.589999999999999858e+00,-2.229666765893848890e+01,-1.510832470488712609e+01,5.795402990265252896e+01,-2.332900083384183976e+00
7.599999999999999645e+00,-2.221416877087666819e+01,-1.519106803213159118e+01,5.803154779590833101e+01,-2.371195882977119584e+00
7.610000000000000320e+00,-2.212222087294510331e+01,-1.534449056172413250e+01,5.811584982266872856e+01,-2.423883803291872585e+00
7.620000000000000107e+00,-2.202197618187306105e+01,-1.557264014658216844e+01,5.820563795125241313e+01,-2.491785055766754020e+00
7.629999999999999893e+00,-2.191467207926700667e+01,-1.587839582922577542e+01,5.829945669736476788e+01,-2.575580613183024781e+00
7.639999999999999680e+00,-2.180158911038763847e+01,-1.626330907688177874e+01,5.839572641402859432e+01,-2.675765960143329902e+00
7.650000000000000355e+00,-2.168400256992978470e+01,-1.672753874706003074e+01,5.849278994657345265e+01,-2.792618015762028616e+00
7.660000000000000142e+00,-2.156313299130150440e+01,-1.726988552411667754e+01,5.858896812005128396e+01,-2.926177964114153429e+00
7.669999999999999929e+00,-2.144010043944458488e+01,-1.788791922803910595e+01,5.868261853715648613e+01,-3.076252124801861054e+00
7.679999999999999716e+00,-2.131588654481533140e+01,-1.857818309224319009e+01,5.877219171759962535e+01,-3.242431138963185688e+00
7.690000000000000391e+00,-2.119130698257743717e+01,-1.933645341735768497e+01,5.885627877250158235e+01,-3.424125813879775659e+00
7.700000000000000178e+00,-2.106699583369309892e+01,-2.015803069486219101e+01,5.893364558762827699e+01,-3.620616162270758220e+00
7.709999999999999964e+00,-2.094340212369217724e+01,-2.103803863299045673e+01,5.900324982635348903e+01,-3.831108690393870919e+00
7.719999999999999751e+00,-2.082079789749824883e+01,-2.197170963991351300e+01,5.906423882806151937e+01,-4.054796005716751139e+00
7.730000000000000426e+00,-2.069929646637045551e+01,-2.295463847256785428e+01,5.911592848513960519e+01,-4.290912451671757388e+00
7.740000000000000213e+00,-2.057887893038365590e+01,-2.398298943260994065e+01,5.915776521325062021e+01,-4.538779784333708989e+00
7.750000000000000000e+00,-2.045942670230928684e+01,-2.505364642491571203e+01,5.918927496248010556e+01,-4.797837855417187214e+00
7.759999999999999787e+00,-2.034075751226160023e+01,-2.616429930929093572e+01,5.921000465374494581e+01,-5.067656755745477248e+00
7.769999999999999574e+00,-2.022266225247341254e+01,-2.731346426262839344e+01,5.921946231705505426e+01,-5.347928744025336023e+00
7.780000000000000249e+00,-2.010494004110753608e+01,-2.850044027884625919e+01,5.921706247022781611e+01,-5.638440344038590624e+00
7.790000000000000036e+00,-1.998742906381226447e+01,-2.972520830899175692e+01,5.920208288868970214e+01,-5.939027036141354188e+00
7.799999999999999822e+00,-1.987003110620039337e+01,-3.098828359442500613e+01,5.917363791929968642e+01,-6.249514803816897945e+00
7.809999999999999609e+00,-1.975272821448862004e+01,-3.229053508906240921e+01,5.913067197336748393e+01,-6.569654255218400074e+00
7.820000000000000284e+00,-1.963559058272921121e+01,-3.363298810837305552e+01,5.907197492427192032e+01,-6.899053987957457501e+00
7.830000000000000071e+00,-1.951877550395214200e+01,-3.501662717990900120e+01,5.899621899098403333e+01,-7.237120204452231143e+00
7.839999999999999858e+00,-1.940251796165160769e+01,-3.644221537693327662e+01,5.890201449143273749e+01,-7.583009257417810289e+00
7.849999999999999645e+00,-1.928711409684050082e+01,-3.791014428871232411e+01,5.878797979763286463e+01,-7.935598800381918672e+00
7.860000000000000320e+00,-1.917289929703700935e+01,-3.942032552008398483e+01,5.865281912487522220e+01,-8.293481582572375999e+00
7.870000000000000107e+00,-1.906022297555094980e+01,-4.097213065994877468e+01,5.849540063990152561e+01,-8.654983772595494784e+00
7.879999999999999893e+00,-1.894942223205818266e+01,-4.256438249600743973e+01,5.831482694730406280e+01,-9.018207201761397229e+00
7.889999999999999680e+00,-1.884079652698464713e+01,-4.419539630927380358e+01,5.811049042001810960e+01,-9.381092329396871321e+00
7.900000000000000355e+00,-1.873458530037750336e+01,-4.586306666068951898e+01,5.788210710286076477e+01,-9.741496335162207032e+00
7.910000000000000142e+00,-1.863095016582307650e+01,-4.756499233692362338e+01,5.762972495636673642e+01,-1.009727883136199900e+01
7.919999999999999929e+00,-1.852996295273680971e+01,-4.929863007155275056e+01,5.735370483242407147e+01,-1.044638652022356595e+01
7.929999999999999716e+00,-1.843160048551852270e+01,-5.106146623088586267e+01,5.705467550388783593e+01,-1.078692787702983580e+01
7.940000000000000391e+00,-1.833574659074163904e+01,-5.285119475164725600e+01,5.673346697420848983e+01,-1.111722968831170633e+01
7.950000000000000178e+00,-1.824220141661087169e+01,-5.466588916869339698e+01,5.639102883144473566e+01,-1.143586895846416240e+01
7.959999999999999964e+00,-1.815069772903182610e+01,-5.650415656854972468e+01,5.602834228858544918e+01,-1.174167614557311268e+01
7.969999999999999751e+00,-1.806092341424607994e+01,-5.836526181928255141e+01,5.564633555571407442e+01,-1.203370863787649192e+01
7.980000000000000426e+00,-1.797254897735498247e+01,-6.024921158750950667e+01,5.524581220898826928e+01,-1.231119652827037569e+01
7.990000000000000213e+00,-1.788525840289474189e+01,-6.215678959905014977e+01,5.482740125107045515e+01,-1.257346577021991862e+01
8.000000000000000000e+00,-1.779878137845836505e+01,-6.408953741663962944e+01,5.439153568356739044e+01,-1.281984641325554719e+01
8.009999999999999787e+00,-1.771292462813360657e+01,-6.604967866012795241e+01,5.393846379245999145e+01,-1.304957557254085465e+01
8.019999999999999574e+00,-1.762760001447155034e+01,-6.803998887357394665e+01,5.346829419529039740e+01,-1.326170588960407848e+01
8.029999999999999361e+00,-1.754284718916386510e+01,-7.006361775920110802e+01,5.298107227041533207e+01,-1.345503035119104673e+01
8.039999999999999147e+00,-1.745884892049596004e+01,-7.212387471991083032e+01,5.247688217847314718e+01,-1.362803337428387529e+01
8.050000000000000711e+00,-1.737593778016768553e+01,-7.422399200320914758e+01,5.195596562105379235e+01,-1.377887603936681415e+01
8.060000000000000497e+00,-1.729459357494384975e+01,-7.636688172154356380e+01,5.141884610467412386e+01,-1.390542036236257495e+01
8.070000000000000284e+00,-1.721543167156134047e+01,-7.855490333710808670e+01,5.086644611680703321e+01,-1.400529376045963659e+01
8.080000000000000071e+00,-1.713918308543360780e+01,-8.078965681962856138e+01,5.030018453522828281e+01,-1.407599073890863650e+01
8.089999999999999858e+00,-1.706666779256777033e+01,-8.307181387562742714e+01,4.972204291463423687e+01,-1.411500476466511955e+01
8.099999999999999645e+00,-1.699876311484983660e+01,-8.540099589247110146e+01,4.913459197489094521e+01,-1.411997981426475590e+01
8.109999999999999432e+00,-1.693636919529264162e+01,-8.777570313451991524e+01,4.854097339284758306e+01,-1.408886867558117828e+01
8.119999999999999218e+00,-1.688037353562724974e+01,-9.019329584619462992e+01,4.794483642080029995e+01,-1.402008410957544449e+01
8.130000000000000782e+00,-1.683161635902860453e+01,-9.265002470393802980e+01,4.735023333941528279e+01,-1.391262959400096832e+01
8.140000000000000568e+00,-1.679085824897505574e+01,-9.514110577158892568e+01,4.676148169954240075e+01,-1.376619847952733977e+01
8.150000000000000355e+00,-1.675875116745242721e+01,-9.766083380642295708e+01,4.618300420935723594e+01,-1.358123365442463459e+01
8.160000000000000142e+00,-1.673581362895456692e+01,-1.002027273214092276e+02,4.561915866607635905e+01,-1.335894373210744490e+01
8.169999999999999929e+00,-1.672241054126595117e+01,-1.027596990043001028e+02,4.507407044233693938e+01,-1.310127577954734512e+01
8.179999999999999716e+00,-1.671873804050440526e+01,-1.053242456434919632e+02,4.455147887665576434e+01,-1.281084817897806261e+01
8.189999999999999503e+00,-1.672481354827029065e+01,-1.078886523301159457e+02,4.405460681856833816e+01,-1.249084998861983031e+01
8.199999999999999289e+00,-1.674047124910507733e+01,-1.104452061489744779e+02,4.358605995779104347e+01,-1.214491495835686941e+01
8.210000000000000853e+00,-1.676536320082873388e+01,-1.129864146540420791e+02,4.314775982750123973e+01,-1.177697916872652861e+01
8.220000000000000639e+00,-1.679896631438800370e+01,-1.155052240440129054e+02,4.274091183447120557e+01,-1.139113124600015148e+01
8.230000000000000426e+00,-1.684059543469068743e+01,-1.179952310994137434e+02,4.236600752940989878e+01,-1.099146349199627437e+01
8.240000000000000213e+00,-1.688942268022172755e+01,-1.204508817090353858e+02,4.202285865822248923e+01,-1.058193129649438902e+01
8.250000000000000000e+00,-1.694450302267042119e+01,-1.228676474052758465e+02,4.171065929567167530e+01,-1.016622707348351184e+01
8.259999999999999787e+00,-1.700480578580346958e+01,-1.252421700596796796e+02,4.142807146361093373e+01,-9.747673808239957438e+00
8.269999999999999574e+00,-1.706925131274349638e+01,-1.275723641624313274e+02,4.117332896877282167e+01,-9.329142169065027801e+00
8.279999999999999361e+00,-1.713675151769241722e+01,-1.298574663588753992e+02,4.094435367740627640e+01,-8.912994008554154135e+00
8.289999999999999147e+00,-1.720625245949342030e+01,-1.320980235292330747e+02,4.073887804392903433e+01,-8.501053900666585506e+00
8.300000000000000711e+00,-1.727677653870214769e+01,-1.342958139029299218e+02,4.055456745493251702e+01,-8.094609075934302567e+00
8.310000000000000497e+00,-1.734746153558343096e+01,-1.364537004549548840e+02,4.038913591376479673e+01,-7.694436703770107577e+00
8.320000000000000284e+00,-1.741759358172140182e+01,-1.385754217524769558e+02,4.024044887358621025e+01,-7.300855959160965192e+00
8.330000000000000071e+00,-1.748663137309241833e+01,-1.406653317758642743e+02,4.010660771698692173e+01,-6.913800795790105980e+00
8.339999999999999858e+00,-1.755421951365776678e+01,-1.427281060585733314e+02,3.998601152184677687e+01,-6.532907976986682463e+00
8.349999999999999645e+00,-1.762018978125102464e+01,-1.447684357595207132e+02,3.987739331922640673e+01,-6.157613864605062659e+00
8.359999999999999432e+00,-1.768455021792053117e+01,-1.467907331813458995e+02,3.977982993249573695e+01,-5.787252897779534777e+00
8.369999999999999218e+00,-1.774746310329228294e+01,-1.487988713706692181e+02,3.969272651048046896e+01,-5.421150722673957922e+00
8.380000000000000782e+00,-1.780921389880005279e+01,-1.507959768938433172e+02,3.961577881260683398e+01,-5.058705596147115457e+00
8.390000000000000568e+00,-1.787017400785717669e+01,-1.527842892715320318e+02,3.954891795039477387e+01,-4.699452925061730291e+00
8.400000000000000355e+00,-1.793076059580116066e+01,-1.547650937973765792e+02,3.949224345495599664e+01,-4.343109480632905139e+00
8.410000000000000142e+00,-1.799139673784742399e+01,-1.567387275687058832e+02,3.944595111089692807e+01,-3.989595748732944092e+00
8.419999999999999929e+00,-1.805247486021372438e+01,-1.587046523949486243e+02,3.941026194269177552e+01,-3.639036826010543013e+00
8.429999999999999716e+00,-1.811432589656730130e+01,-1.606615834139979313e+02,3.938535810907988122e+01,-3.291744045606046054e+00
8.439999999999999503e+00,-1.817719590013554409e+01,-1.626076590026115980e+02,3.937133036499724881e+01,-2.948180954077756599e+00
8.449999999999999289e+00,-1.824123112280422987e+01,-1.645406358979009553e+02,3.936814033641312705e+01,-2.608918257830405096e+00
8.460000000000000853e+00,-1.830647186466914178e+01,-1.664580931577987428e+02,3.937559928050374225e+01,-2.274582865761404005e+00
8.470000000000000639e+00,-1.837285475292704717e+01,-1.683576294162146212e+02,3.939336342352249432e+01,-1.945806178547487830e+00
8.480000000000000426e+00,-1.844022254889491919e+01,-1.702370395896209345e+02,3.942094451366956065e+01,-1.623176356481873306e+00
8.490000000000000213e+00,-1.850834011628221987e+01,-1.720944595842734657e+02,3.945773300384212234e+01,-1.307198507117467656e+00
8.500000000000000000e+00,-1.857691482096875646e+01,-1.739284705153594643e+02,3.950303037141565454e+01,-9.982656602642543398e-01
8.509999999999999787e+00,-1.864561938561054788e+01,-1.757381573831763717e+02,3.955608654559734561e+01,-6.966421438475481898e-01
8.519999999999999574e+00,-1.871411511050366272e+01,-1.775231209318989727e+02,3.961613827682894851e+01,-4.024596523557052996e-01
8.529999999999999361e+00,-1.878207341618998782e+01,-1.792834453471214999e+02,3.968244454663828691e+01,-1.157250280029327866e-01
8.539999999999999147e+00,-1.884919387792879064e+01,1.789803717583913567e+02,3.975431574629759979e+01,1.636623305464151024e-01
8.550000000000000711e+00,-1.891521730665269274e+01,1.772675173270431799e+02,3.983113427999337119e+01,4.358863519550417731e-01
8.560000000000000497e+00,-1.897993296227965487e+01,1.755769766515618073e+02,3.991236537251148064e+01,7.011868732899992906e-01
8.570000000000000284e+00,-1.904317961592482433e+01,1.739076496293794492e+02,3.999755805902437089e+01,9.598324138113764059e-01
8.580000000000000071e+00,-1.910484084050885301e+01,1.722584563389179095e+02,4.008633747211742104e+01,1.212096333196736264e+00
8.589999999999999858e+00,-1.916483552762926834e+01,1.706284204499135058e+02,4.017839049234543580e+01,1.458238913413870019e+00
8.599999999999999645e+00,-1.922310512876124733e+01,1.690167218838322469e+02,4.027344749037628446e+01,1.698496988174361455e+00
8.609999999999999432e+00,-1.927959944287642458e+01,1.674227139513428426e+02,4.037126319463956747e+01,1.933081681193887791e+00
8.619999999999999218e+00,-1.933426288642373692e+01,1.658459044564964415e+02,4.047159964581116753e+01,2.162183733720399292e+00
8.630000000000000782e+00,-1.938702307829824534e+01,1.642859044826632555e+02,4.057421377094878778e+01,2.385984929973937074e+00
8.640000000000000568e+00,-1.943778326976624271e+01,1.627423523076666925e+02,4.067885138844277293e+01,2.604673375981007233e+00
8.650000000000000355e+00,-1.948641968465607732e+01,1.612148227588078555e+02,4.078524853410079487e+01,2.818459933608019607e+00
8.660000000000000142e+00,-1.953278425911299010e+01,1.597027340399841080e+02,4.089313999197630523e+01,3.027593001781117010e+00
8.669999999999999929e+00,-1.957671264155007407e+01,1.582052644808989328e+02,4.100227394090738642e+01,3.232369075523664481e+00
8.679999999999999716e+00,-1.961803669496345748e+01,1.567212907234085435e+02,4.111243080284240392e+01,3.433137065811337152e+00
8.689999999999999503e+00,-1.965660019927389612e+01,1.552493566409376626e+02,4.122344379729702979e+01,3.630295159371113467e+00
8.699999999999999289e+00,-1.969227604137279641e+01,1.537876789786012637e+02,4.133521843428393083e+01,3.824279939759224423e+00
8.710000000000000853e+00,-1.972498295644259159e+01,1.523341916304559049e+02,4.144774824550539449e+01,4.015548464747796586e+00
8.720000000000000639e+00,-1.975469988015552758e+01,1.508866260822219942e+02,4.156112444913703285e+01,4.204554882131668059e+00
8.730000000000000426e+00,-1.978147619652159506e+01,1.494426213696177683e+02,4.167553791539106811e+01,4.391723859655487061e+00
8.740000000000000213e+00,-1.980543659850486904e+01,1.479998534720887449e+02,4.179127266233248150e+01,4.577423523204481981e+00
8.750000000000000000e+00,-1.982677986481418841e+01,1.465561718386602763e+02,4.190869105551777096e+01,4.761940695205515439e+00
8.759999999999999787e+00,-1.984577151855387456e+01,1.451097300196491915e+02,4.202821179460379852e+01,4.945460998745449643e+00
8.769999999999999574e+00,-1.986273098194306286e+01,1.436590982203914280e+02,4.215028253717142803e+01,5.128055879885383028e+00
8.779999999999999361e+00,-1.987801439071123255e+01,1.422033478257616252e+02,4.227534954932600897e+01,5.309677873083959554e+00
8.789999999999999147e+00,-1.989199461628452781e+01,1.407421011911626181e+02,4.240382703165484912e+01,5.490164587376440863e+00
8.800000000000000711e+00,-1.990504022749765412e+01,1.392755437613557774e+02,4.253606873262938848e+01,5.669251027598968484e+00
8.810000000000000497e+00,-1.991749510299531067e+01,1.378043993461328114e+02,4.267234415049335894e+01,5.846589084066788899e+00
8.820000000000000284e+00,-1.992966020591492082e+01,1.363298727015369138e+02,4.281282109039725725e+01,6.021772407741042166e+00
8.830000000000000071e+00,-1.994177869858372887e+01,1.348535661130081849e+02,4.295755565894000938e+01,6.194364493566343555e+00
8.839999999999999858e+00,-1.995402516044400087e+01,1.333773782754371950e+02,4.310649002785329031e+01,6.363927651262203611e+00
8.849999999999999645e+00,-1.996649923053596254e+01,1.319033943742574309e+02,4.325945756853390378e+01,6.530050650066359097e+00
8.859999999999999432e+00,-1.997922357333332499e+01,1.304337759574002007e+02,4.341619432856858651e+01,6.692373154271500368e+00
8.869999999999999218e+00,-1.999214570080761888e+01,1.289706580878354316e+02,4.357635535471230526e+01,6.850605569354286217e+00
8.880000000000000782e+00,-2.000514290171497933e+01,1.275160595603232565e+02,4.373953410771334660e+01,7.004543526384225061e+00
8.890000000000000568e+00,-2.001802934968142011e+01,1.260718098572595807e+02,4.390528318172049893e+01,7.154076867545969165e+00
8.900000000000000355e+00,-2.003056439491771812e+01,1.246394942242298356e+02,4.407313472644388241e+01,7.299193578774213265e+00
8.910000000000000142e+00,-2.004246109238473394e+01,1.232204159919050710e+02,4.424261933881123099e+01,7.439979574920435823e+00
8.919999999999999929e+00,-2.005339417514534972e+01,1.218155732844692807e+02,4.441328268452488715e+01,7.576615523182296030e+00
8.929999999999999716e+00,-2.006300692880829573e+01,1.204256457515890162e+02,4.458469965423977754e+01,7.709371960319352013e+00
8.939999999999999503e+00,-2.007091673443798996e+01,1.190509861249128534e+02,4.475648637258947105e+01,7.838603815937715602e+00
8.949999999999999289e+00,-2.007671938669906808e+01,1.176916113580469130e+02,4.492831078348473994e+01,7.964745125517824320e+00
8.960000000000000853e+00,-2.007999261816144809e+01,1.163471889059445061e+02,4.509990276947793575e+01,8.088304257756089299e+00
8.970000000000000639e+00,-2.008029952398723594e+01,1.150170152798426102e+02,4.527106478844338255e+01,8.209859466262155792e+00
8.980000000000000426e+00,-2.007719274115807906e+01,1.136999862129158458e+02,4.544168381998743911e+01,8.330054090672721401e+00
8.990000000000000213e+00,-2.007022025972324286e+01,1.123945603228837342e+02,4.561174503228379962e+01,8.449590359570624543e+00
9.000000000000000000e+00,-2.005893361210337389e+01,1.110987207130079497e+02,4.578134706301096202e+01,8.569220555481045665e+00
9.009999999999999787e+00,-2.004289890203548552e+01,1.098099411191937946e+02,4.595071823436488501e+01,8.689734333711882641e+00
9.019999999999999574e+00,-2.002171072197496926e+01,1.085251645991239116e+02,4.612023248254153174e+01,8.811941252334776209e+00
9.029999999999999361e+00,-1.999500851458488881e+01,1.072408030436072153e+02,4.629042336646080713e+01,8.936648045014013775e+00
9.039999999999999147e+00,-1.996249442812107588e+01,1.059527647716140564e+02,4.646199430401873798e+01,9.064630793273943610e+00
9.050000000000000711e+00,-1.992395127698446800e+01,1.046565151344573081e+02,4.663582321526624952e+01,9.196602846042917889e+00
9.060000000000000497e+00,-1.987925892741650813e+01,1.033471716084655014e+02,4.681296004395223065e+01,9.333179994053322659e+00
9.070000000000000284e+00,-1.982840734914638503e+01,1.020196307273075291e+02,4.699461615695788907e+01,9.474844937862187066e+00
9.080000000000000071e+00,-1.977150474149332027e+01,1.006687199939264588e+02,4.718214532517708903e+01,9.621913409429879493e+00
9.089999999999999858e+00,-1.970877955064487352e+01,9.928936428866975916e+01,4.737701678276597050e+01,9.774504364905318710e+00
9.099999999999999645e+00,-1.964057579340589044e+01,9.787675386660212951e+01,4.758078164417566569e+01,9.932516442824951497e+00
9.109999999999999432e+00,-1.956734180519341137e+01,9.642650023557104078e+01,4.779503463080777692e+01,1.009561239727472248e+01
9.119999999999999218e+00,-1.948961323050038175e+01,9.493476716767355583e+01,4.802137353699998101e+01,1.026321252320573230e+01
9.130000000000000782e+00,-1.940799166880198001e+01,9.339836665226667378e+01,4.826135908895332705e+01,1.043449726944455591e+01
9.140000000000000568e+00,-1.932312079717393161e+01,9.181481331977498428e+01,4.851647779162482266e+01,1.060841837604584903e+01
9.150000000000000355e+00,-1.923566196869639811e+01,9.018233516793667093e+01,4.878811002086263926e+01,1.078371707062331275e+01
9.160000000000000142e+00,-1.914627122961003991e+01,8.849984269412341575e+01,4.907750503350528959e+01,1.095894719938791795e+01
9.169999999999999929e+00,-1.905557943970331181e+01,8.676686225467122426e+01,4.938576379280323181e+01,1.113250072365813104e+01
9.179999999999999716e+00,-1.896417677401347746e+01,8.498344227092407266e+01,4.971382961375027776e+01,1.130263283222559423e+01
9.189999999999999503e+00,-1.887260239314944954e+01,8.315004260165898131e+01,5.006248570720822499e+01,1.146748403182447440e+01
9.199999999999999289e+00,-1.878133955519399478e+01,8.126741798633484848e+01,5.043235783267891037e+01,1.162509698527288116e+01
9.210000000000000853e+00,-1.869081595479756430e+01,7.933650603635030052e+01,5.082391954612828755e+01,1.177342654771457831e+01
9.220000000000000639e+00,-1.860140865224599338e+01,7.735832898566258109e+01,5.123749703342593165e+01,1.191034235882425207e+01
9.230000000000000426e+00,-1.851345262199359709e+01,7.533391651134836309e+01,5.167327032019332478e+01,1.203362441219624301e+01
9.240000000000000213e+00,-1.842725172121290811e+01,7.326425460830802194e+01,5.213126779308439751e+01,1.214095315133398145e+01
9.250000000000000000e+00,-1.834309076119535220e+01,7.115026295501158415e+01,5.261135147675676649e+01,1.222989672890469670e+01
9.259999999999999787e+00,-1.826124735825129619e+01,6.899280063675411157e+01,5.311319137445335770e+01,1.229789899969397915e+01
9.269999999999999574e+00,-1.818200234005894345e+01,6.679269768900886106e+01,5.363622835408101253e+01,1.234227248827571444e+01
9.279999999999999361e+00,-1.810564767542438602e+01,6.455080786162200468e+01,5.417962646956740258e+01,1.236020088266046635e+01
9.289999999999999147e+00,-1.803249116045262923e+01,6.226807643418531057e+01,5.474221714444993836e+01,1.234875547921162564e+01
9.300000000000000711e+00,-1.796285740638309392e+01,5.994561594067048560e+01,5.532243918405723093e+01,1.230492939413568010e+01
9.310000000000000497e+00,-1.789708500405695446e+01,5.758478233630221865e+01,5.591827998114380449e+01,1.222569224830565204e+01
9.320000000000000284e+00,-1.783552005680683550e+01,5.518724444384759664e+01,5.652722438456121523e+01,1.210806644819621702e+01
9.330000000000000071e+00,-1.777850655046710671e+01,5.275504036751890169e+01,5.714621835561649021e+01,1.194922419219481569e+01
9.339999999999999858e+00,-1.772637424600482703e+01,5.029061582684379772e+01,5.777165459250441160e+01,1.174660204356949578e+01
9.349999999999999645e+00,-1.767942492588596792e+01,4.779684087800671222e+01,5.839938663040996403e+01,1.149802749975681060e+01
9.359999999999999432e+00,-1.763791789824630385e+01,4.527700309242109711e+01,5.902477643644814975e+01,1.120184968235999889e+01
9.369999999999999218e+00,-1.760205567006655514e+01,4.273477681021469010e+01,5.964277819851493945e+01,1.085706435688251936e+01
9.380000000000000782e+00,-1.757197065433329186e+01,4.017416947826582430e+01,6.024805794265761705e+01,1.046342228212544612e+01
9.390000000000000568e+00,-1.754771369141219495e+01,3.759944726347627864e+01,6.083514502233067134e+01,1.002150969500364930e+01
9.400000000000000355e+00,-1.752924505548743639e+01,3.501504309062014642e+01,6.139860776219155980e+01,9.532790798987463177e+00
9.410000000000000142e+00,-1.751642849352775144e+01,3.242545101111638672e+01,6.193324208520026986e+01,8.999604548834241768e+00
9.419999999999999929e+00,-1.750902871274566053e+01,2.983511140074170598e+01,6.243425934193949445e+01,8.425111717224320174e+00
9.429999999999999716e+00,-1.750671259411519287e+01,2.724829194545137767e+01,6.289745830054953757e+01,7.813192864030725993e+00
9.439999999999999503e+00,-1.750905426173680723e+01,2.466896972265595522e+01,6.331936670697264447e+01,7.168302861473273779e+00
9.449999999999999289e+00,-1.751554397657567108e+01,2.210071991076499387e+01,6.369734010661387913e+01,6.495292367154296365e+00
9.460000000000000853e+00,-1.752560064515045113e+01,1.954661672178011500e+01,6.402960954434313123e+01,5.799210365607021522e+00
9.470000000000000639e+00,-1.753858753950164129e+01,1.700915198310320875e+01,6.431527484624183444e+01,5.085104020118575541e+00
9.480000000000000426e+00,-1.755383062047116027e+01,1.449017631533523698e+01,6.455424572988562204e+01,4.357832240681899449e+00
9.490000000000000213e+00,-1.757063865536458636e+01,1.199086698946773666e+01,6.474713820023153232e+01,3.621907555986763505e+00
9.500000000000000000e+00,-1.758832414372982456e+01,9.511725258393598281e+00,6.489513784340316249e+01,2.881377379507727099e+00
9.509999999999999787e+00,-1.760622393631095406e+01,7.052604258914788815e+00,6.499984421091716058e+01,2.139751140252798667e+00
9.519999999999999574e+00,-1.762371837800927921e+01,4.612766559818224366e+00,6.506311125446902111e+01,1.399974700724051724e+00
9.529999999999999361e+00,-1.764024784708182381e+01,2.190968254888633115e+00,6.508689778319390484e+01,6.644486998008958256e-01
9.539999999999999147e+00,-1.765532571079264557e+01,-2.144356038659292751e-01,6.507313947433769385e+01,-6.491648934158703033e-02
9.550000000000000711e+00,-1.766854696865661012e+01,-2.605371207432166436e+00,6.502365053682422058e+01,-7.866192231444784078e-01
9.560000000000000497e+00,-1.767959218822056400e+01,-4.983919990052207538e+00,6.494005922971099665e+01,-1.499469847642981968e+00
9.570000000000000284e+00,-1.768822672027379639e+01,-7.352195019311353441e+00,6.482377757587988754e+01,-2.202490104245642399e+00
9.580000000000000071e+00,-1.769429556617991395e+01,-9.712227947659197724e+00,6.467600220567408087e+01,-2.894818826384750299e+00
9.589999999999999858e+00,-1.769771461337976604e+01,-1.206587347234802365e+01,6.449774062192909696e+01,-3.575631971355072825e+00
9.599999999999999645e+00,-1.769845921579379677e+01,-1.441473637642331518e+01,6.428985547922066246e+01,-4.244082372551661209e+00
9.609999999999999432e+00,-1.769655124631784560e+01,-1.676012394159392471e+01,6.405311877787303843e+01,-4.899261730451435426e+00
9.619999999999999218e+00,-1.769204577777805554e+01,-1.910302411870451778e+01,6.378826813949963537e+01,-5.540184616550599905e+00
9.630000000000000782e+00,-1.768501846221827023e+01,-2.144410759144983558e+01,6.349605841380674320e+01,-6.165791926409674772e+00
9.640000000000000568e+00,-1.767555449581088567e+01,-2.378375000553880270e+01,6.317730355053399194e+01,-6.774969499236743964e+00
9.650000000000000355e+00,-1.766373980685711231e+01,-2.612206931812576016e+01,6.283290569211727927e+01,-7.366576647562345315e+00
9.660000000000000142e+00,-1.764965482015833587e+01,-2.845897252857303528e+01,6.246387052154097574e+01,-7.939479139170722455e+00
9.669999999999999929e+00,-1.763337086477879723e+01,-3.079420598215485683e+01,6.207130977304879593e+01,-8.492581675287919296e+00
9.679999999999999716e+00,-1.761494903213375807e+01,-3.312740393055757693e+01,6.165643326841281180e+01,-9.024855961579831387e+00
9.689999999999999503e+00,-1.759444107957624936e+01,-3.545813097828056470e+01,6.122053374181588481e+01,-9.535361861482201107e+00
9.699999999999999289e+00,-1.757189182631041291e+01,-3.778591530492701622e+01,6.076496801515992985e+01,-1.002326062018958019e+01
9.710000000000000853e+00,-1.754734241136011619e+01,-4.011027097865439828e+01,6.029113782473896066e+01,-1.048782052884656757e+01
9.720000000000000639e+00,-1.752083377825447030e+01,-4.243070911388812050e+01,5.980047289616212680e+01,-1.092841648125044784e+01
9.730000000000000426e+00,-1.749240981232188830e+01,-4.474673893557169890e+01,5.929441788354965581e+01,-1.134452554339698160e+01
9.740000000000000213e+00,-1.746211967253406527e+01,-4.705786087275973983e+01,5.877442371791371301e+01,-1.173572086785910784e+01
9.750000000000000000e+00,-1.743001901466826453e+01,-4.936355452710243696e+01,5.824194292542304652e+01,-1.210166607111430181e+01
9.759999999999999787e+00,-1.739616997710826496e+01,-5.166326469570233826e+01,5.769842772185523927e+01,-1.244211164317053253e+01
9.769999999999999574e+00,-1.736063997479095633e+01,-5.395638856458644739e+01,5.714532925644282813e+01,-1.275689420573897159e+01
9.779999999999999361e+00,-1.732349950158830154e+01,-5.624226676249315204e+01,5.658409629875074387e+01,-1.304593862475969956e+01
9.789999999999999147e+00,-1.728481926085391862e+01,-5.852018024609619573e+01,5.601617191048497801e+01,-1.330926225533548468e+01
9.800000000000000711e+00,-1.724466701670738189e+01,-6.078935407622930853e+01,5.544298714625127644e+01,-1.354698006502656327e+01
9.810000000000000497e+00,-1.720310457932540871e+01,-6.304896815485792416e+01,5.486595147662899308e+01,-1.375930911653317423e+01
9.820000000000000284e+00,-1.716018530644826967e+01,-6.529817404148829496e+01,5.428644030333627768e+01,-1.394657091616348055e+01
9.830000000000000071e+00,-1.711595242643022630e+01,-6.753611616221839142e+01,5.370578052549048209e+01,-1.410919042563400083e+01
9.839999999999999858e+00,-1.707043837599268343e+01,-6.976195515126261171e+01,5.312523552650628034e+01,-1.424769102742469329e+01
9.849999999999999645e+00,-1.702366521221411233e+01,-7.197489078223432557e+01,5.254599112624932644e+01,-1.436268533724953045e+01
9.859999999999999432e+00,-1.697564601888743141e+01,-7.417418198156259734e+01,5.196914396618670651e+01,-1.445486236969809291e+01
9.869999999999999218e+00,-1.692638709821314436e+01,-7.635916176231980046e+01,5.139569348938515958e+01,-1.452497208854614819e+01
9.880000000000000782e+00,-1.687589063472871231e+01,-7.852924553409442865e+01,5.082653819808759721e+01,-1.457380873438897240e+01
9.890000000000000568e+00,-1.682415745170163035e+01,-8.068393206499513326e+01,5.026247629729076039e+01,-1.460219447038603136e+01
9.900000000000000355e+00,-1.677118945940362593e+01,-8.282279730388555095e+01,4.970421025103092916e+01,-1.461096480651055352e+01
9.910000000000000142e+00,-1.671699142337094202e+01,-8.494548220858018794e+01,4.915235427373661992e+01,-1.460095697132827119e+01
9.919999999999999929e+00,-1.666157175716575267e+01,-8.705167655908580571e+01,4.860744342270480445e+01,-1.457300194418974293e+01
9.929999999999999716e+00,-1.660494216103930398e+01,-8.914110136243405691e+01,4.806994279748533216e+01,-1.452792030707993831e+01
9.939999999999999503e+00,-1.654711607318002820e+01,-9.121349279557762202e+01,4.754025540787188930e+01,-1.446652150281903459e+01
9.949999999999999289e+00,-1.648810605820699493e+01,-9.326859063367737690e+01,4.701872753506115288e+01,-1.438960557426465314e+01
9.960000000000000853e+00,-1.642792041066429931e+01,-9.530613375798452580e+01,4.650565084386936832e+01,-1.429796607762555105e+01
9.970000000000000639e+00,-1.636655938197031190e+01,-9.732586465415079147e+01,4.600126104936682481e+01,-1.419239266391502596e+01
9.980000000000000426e+00,-1.630401153204227427e+01,-9.932754385813527165e+01,4.550573352668516236e+01,-1.407367183368665664e+01
9.990000000000000213e+00,-1.624025074968326976e+01,-1.013109741724891819e+02,4.501917680143431966e+01,-1.394258459216595192e+01
1.000000000000000000e+01,-1.617523447152094462e+01,-1.032760332711044242e+02,4.454162529869294218e+01,-1.379990013891269918e+01
1.000999999999999979e+01,-1.610890355589748424e+01,-1.052227121565014443e+02,4.407303300325754947e+01,-1.364636526987764320e+01
1.001999999999999957e+01,-1.604118413925598929e+01,-1.071511559519861549e+02,4.361326975527553884e+01,-1.348268978569137033e+01
1.002999999999999936e+01,-1.597199162730946576e+01,-1.090617028138598101e+02,4.316212175988976441e+01,-1.330952881557657719e+01
1.003999999999999915e+01,-1.590123676573919553e+01,-1.109549164297787911e+02,4.271929753802633201e+01,-1.312746350877941026e+01
1.005000000000000071e+01,-1.582883351384351478e+01,-1.128316076934180501e+02,4.228444002164764726e+01,-1.293698194989963213e+01
1.006000000000000050e+01,-1.575470823119535346e+01,-1.146928417396364210e+02,4.185714485334209201e+01,-1.273846237007461113e+01
1.007000000000000028e+01,-1.567880950526678774e+01,-1.165399275685711444e+02,4.143698425344305036e+01,-1.253216072068359210e+01
1.008000000000000007e+01,-1.560111781959647459e+01,-1.183743889093339590e+02,4.102353514196914119e+01,-1.231820444040076268e+01
1.008999999999999986e+01,-1.552165420609616220e+01,-1.201979166501502618e+02,4.061640962225325069e+01,-1.209659379424560299e+01
1.009999999999999964e+01,-1.544048705333421978e+01,-1.220123049243059796e+02,4.021528551621638314e+01,-1.186721153269142803e+01
1.010999999999999943e+01,-1.535773635743811916e+01,-1.238193745968931694e+02,3.981993444170005603e+01,-1.162984086920097049e+01
1.011999999999999922e+01,-1.527357489506489863e+01,-1.256208892527614296e+02,3.943024497274326023e+01,-1.138419098154224152e+01
1.013000000000000078e+01,-1.518822604961459710e+01,-1.274184696770006013e+02,3.904623873014800495e+01,-1.112992849066452195e+01
1.014000000000000057e+01,-1.510195830524010319e+01,-1.292135131373210015e+02,3.866807778863122991e+01,-1.086671274481424554e+01
1.015000000000000036e+01,-1.501507670679098538e+01,-1.310071234881278031e+02,3.829606250643382737e+01,-1.059423230851144559e+01
1.016000000000000014e+01,-1.492791183685476497e+01,-1.328000572626459643e+02,3.793061970852406972e+01,-1.031223987690667343e+01
1.016999999999999993e+01,-1.484080705805403966e+01,-1.345926896141712064e+02,3.757228199681763670e+01,-1.002058292766681191e+01
1.017999999999999972e+01,-1.475410489294387872e+01,-1.363850023691095146e+02,3.722165972956262436e+01,-9.719227774150034804e+00
1.018999999999999950e+01,-1.466813345861807605e+01,-1.381765947401293886e+02,3.687940782702836628e+01,-9.408275253786579029e+00
1.019999999999999929e+01,-1.458319384153928411e+01,-1.399667155856831755e+02,3.654618996259203101e+01,-9.087967008728158547e+00
1.021000000000000085e+01,-1.449954920077222198e+01,-1.417543146303389676e+02,3.622264285545757900e+01,-8.758682112382741636e+00
1.022000000000000064e+01,-1.441741623993910437e+01,-1.435381088749585672e+02,3.590934329121885327e+01,-8.420924583235754213e+00
1.023000000000000043e+01,-1.433695950664220931e+01,-1.453166595795664477e+02,3.560678018358588304e+01,-8.075303032178878127e+00
1.024000000000000021e+01,-1.425828877882435819e+01,-1.470884547106807361e+02,3.531533349945907929e+01,-7.722504253073233293e+00
1.025000000000000000e+01,-1.418145959437910619e+01,-1.488519915983293060e+02,3.503526125707588790e+01,-7.363262950276697083e+00
1.025999999999999979e+01,-1.410647678448047060e+01,-1.506058547201402575e+02,3.476669513427003011e+01,-6.998329983966515400e+00
1.026999999999999957e+01,-1.403330069154644022e+01,-1.523487839879686021e+02,3.450964454963934003e+01,-6.628441505624139474e+00
1.027999999999999936e+01,-1.396185559696348832e+01,-1.540797296211207197e+02,3.426400845524302952e+01,-6.254291168357427821e+00
1.028999999999999915e+01,-1.389203975841174810e+01,-1.557978906111448225e+02,3.402959354749884824e+01,-5.876507257122349337e+00
1.030000000000000071e+01,-1.382373636817680662e+01,-1.575027348721485509e+02,3.380613719499336156e+01,-5.495636127017807127e+00
1.031000000000000050e+01,-1.375682469795557594e+01,-1.591940003731776585e+02,3.359333311928104138e+01,-5.112132802848108781e+00
1.032000000000000028e+01,-1.369119069676042955e+01,-1.608716777974231604e+02,3.339085775845529014e+01,-4.726359021733023802e+00
1.033000000000000007e+01,-1.362673635854183729e+01,-1.625359764861944996e+02,3.319839529401315303e+01,-4.338588434932718840e+00
1.033999999999999986e+01,-1.356338727343338313e+01,-1.641872765146856921e+02,3.301565951955035416e+01,-3.949018166144258490e+00
1.034999999999999964e+01,-1.350109791503454204e+01,-1.658260706236713133e+02,3.284241105499683755e+01,-3.557785488339545221e+00
1.035999999999999943e+01,-1.343985438537242061e+01,-1.674529003211543170e+02,3.267846883280740400e+01,-3.164988060096376454e+00
1.036999999999999922e+01,-1.337967452489607467e+01,-1.690682907202124170e+02,3.252371526551630154e+01,-2.770705976037743490e+00
1.038000000000000078e+01,-1.332060548070718120e+01,-1.706726885772766025e+02,3.237809500563998455e+01,-2.375023843202268559e+00
1.039000000000000057e+01,-1.326271899586253156e+01,-1.722664075600631861e+02,3.224160768697235113e+01,-1.978051191571981171e+00
1.040000000000000036e+01,-1.320610482186306456e+01,-1.738495840629570353e+02,3.211429545283959897e+01,-1.579939745576979249e+00
1.041000000000000014e+01,-1.315086275530923032e+01,-1.754221459831380514e+02,3.199622640198722223e+01,-1.180896396727412645e+00
1.041999999999999993e+01,-1.309709385327975895e+01,-1.769837958705629717e+02,3.188747529765514344e+01,-7.811910912760093861e-01
1.042999999999999972e+01,-1.304489139079406357e+01,-1.785340088663272411e+02,3.178810298364369658e+01,-3.811592442456755436e-01
1.043999999999999950e+01,-1.299433209295355240e+01,1.799279550687014080e+02,3.169813593824401110e+01,1.880132246829224058e-02
1.044999999999999929e+01,-1.294546811259672481e+01,1.784030258973973559e+02,3.161754728806330661e+01,4.182385739079929610e-01
1.046000000000000085e+01,-1.289832014183543052e+01,1.768922870646297554e+02,3.154624042091948866e+01,8.166589583081983461e-01
1.047000000000000064e+01,-1.285287195304603181e+01,1.753969300991467719e+02,3.148403610504618300e+01,1.213543763323400526e+00
1.048000000000000043e+01,-1.280906657091085421e+01,1.739182026929099152e+02,3.143066376541888118e+01,1.608368151972089155e+00
1.049000000000000021e+01,-1.276680418895832148e+01,1.724573527434652647e+02,3.138575730859994906e+01,2.000621831000202189e+00
1.050000000000000000e+01,-1.272594186621074996e+01,1.710155707803125154e+02,3.134885564179872475e+01,2.389830298465273284e+00
1.050999999999999979e+01,-1.268629497397972372e+01,1.695939330537182173e+02,3.131940781100976778e+01,2.775575660259732569e+00
1.051999999999999957e+01,-1.264764030934300187e+01,1.681933473784983448e+02,3.129678249292672376e+01,3.157516084203904949e+00
1.052999999999999936e+01,-1.260972074857290792e+01,1.668145036225378135e+02,3.128028141713525301e+01,3.535403063650609301e+00
1.053999999999999915e+01,-1.257225127800419173e+01,1.654578305263843561e+02,3.126915616699174905e+01,3.909095781104535039e+00
1.055000000000000071e+01,-1.253492620851435646e+01,1.641234603413999480e+02,3.126262770598979657e+01,4.278571989973911194e+00
1.056000000000000050e+01,-1.249742735033216867e+01,1.628112025747233531e+02,3.125990789740824738e+01,4.643934965987601693e+00
1.057000000000000028e+01,-1.245943289564392664e+01,1.615205279167839478e+02,3.126022222562570718e+01,5.005416218178084797e+00
1.058000000000000007e+01,-1.242062672716469685e+01,1.602505631838027966e+02,3.126283288642224889e+01,5.363373793288669589e+00
1.058999999999999986e+01,-1.238070784280944991e+01,1.590000978156286635e+02,3.126706139175417931e+01,5.718286158048724310e+00
1.059999999999999964e+01,-1.233939956272685556e+01,1.577676021147241272e+02,3.127230983480885129e+01,6.070741801191524623e+00
1.060999999999999943e+01,-1.229645816937355640e+01,1.565512569901305824e+02,3.127807998800511413e+01,6.421424859782654870e+00
1.061999999999999922e+01,-1.225168062878626074e+01,1.553489944882245197e+02,3.128398946485399179e+01,6.771097238223194203e+00
1.063000000000000078e+01,-1.220491105634037332e+01,1.541585478716348518e+02,3.128978427028532394e+01,7.120577846240964348e+00
1.064000000000000057e+01,-1.215604562653113341e+01,1.529775094841331793e+02,3.129534719510909113e+01,7.470719724838476239e+00
1.065000000000000036e+01,-1.210503568512136319e+01,1.518033941584656361e+02,3.130070167736517206e+01,7.822385945458957934e+00
1.066000000000000014e+01,-1.205188890214095920e+01,1.506337055365000310e+02,3.130601095105895837e+01,8.176425246239281464e+00
1.066999999999999993e+01,-1.199666840154619862e+01,1.494660024245988552e+02,3.131157252166078209e+01,8.533648400172969772e+00
1.067999999999999972e+01,-1.193948991102094404e+01,1.482979622391563339e+02,3.131780823461873098e+01,8.894806286330705802e+00
1.068999999999999950e+01,-1.188051708467516399e+01,1.471274387279350435e+02,3.132525042242780700e+01,9.260570554323278358e+00
1.069999999999999929e+01,-1.181995525270473202e+01,1.459525114810779769e+02,3.133452481114877486e+01,9.631517636404502980e+00
1.071000000000000085e+01,-1.175804393635976908e+01,1.447715252482774133e+02,3.134633102342083077e+01,1.000811667868416954e+01
1.072000000000000064e+01,-1.169504852647531479e+01,1.435831177132716618e+02,3.136142161955982388e+01,1.039072174512684654e+01
1.073000000000000043e+01,-1.163125155463878180e+01,1.423862350879208520e+02,3.138058066316576955e+01,1.077956841100991525e+01
1.074000000000000021e+01,-1.156694398619902842e+01,1.411801356140929329e+02,3.140460277978143466e+01,1.117477462368408858e+01
1.075000000000000000e+01,-1.150241693524773190e+01,1.399643817427981958e+02,3.143427359887405714e+01,1.157634548519300388e+01
1.075999999999999979e+01,-1.143795414754991135e+01,1.387388223452856835e+02,3.147035233798283826e+01,1.198418141925471048e+01
1.076999999999999957e+01,-1.137382552419563098e+01,1.375035667620429081e+02,3.151355711452553265e+01,1.239808903697809050e+01
1.077999999999999936e+01,-1.131028187356611703e+01,1.362589527899706923e+02,3.156455336954992319e+01,1.281779392026743380e+01
1.078999999999999915e+01,-1.124755098936057252e+01,1.350055108378514319e+02,3.162394557422586061e+01,1.324295450357331561e+01
1.080000000000000071e+01,-1.118583506477172307e+01,1.337439264516325466e+02,3.169227217991181078e+01,1.367317625346850996e+01
1.081000000000000050e+01,-1.112530937336283721e+01,1.324750032410420886e+02,3.177000358110722900e+01,1.410802541727403536e+01
1.082000000000000028e+01,-1.106612208050396795e+01,1.311996279527734828e+02,3.185754270052325055e+01,1.454704172875422685e+01
1.083000000000000007e+01,-1.100839499874649796e+01,1.299187390633152859e+02,3.195522768717318840e+01,1.498974960981618132e+01
1.083999999999999986e+01,-1.095222506825796849e+01,1.286332998397171821e+02,3.206333614873737758e+01,1.543566757900631892e+01
1.084999999999999964e+01,-1.089768633006628029e+01,1.273442763731101337e+02,3.218209032158996763e+01,1.588431575588826306e+01
1.085999999999999943e+01,-1.084483216476840184e+01,1.260526206605662480e+02,3.231166261476518997e+01,1.633522152027431673e+01
1.086999999999999922e+01,-1.079369759074542756e+01,1.247592584259306392e+02,3.245218104261874004e+01,1.678792353278709371e+01
1.088000000000000078e+01,-1.074430145094395073e+01,1.234650810552442408e+02,3.260373417598475498e+01,1.724197443632810334e+01
1.089000000000000057e+01,-1.069664836219915927e+01,1.221709407968238139e+02,3.276637538100325742e+01,1.769694262782956429e+01
1.090000000000000036e+01,-1.065073035152687098e+01,1.208776482521021336e+02,3.294012626402733446e+01,1.815241351126168112e+01
1.091000000000000014e+01,-1.060652815512323599e+01,1.195859711645542234e+02,3.312497938470539083e+01,1.860799061599550086e+01
1.091999999999999993e+01,-1.056401220336071312e+01,1.182966335951368109e+02,3.332090042259344642e+01,1.906329689383514037e+01
1.092999999999999972e+01,-1.052314335468898321e+01,1.170103147398139640e+02,3.352783007265447424e+01,1.951797640238434184e+01
1.093999999999999950e+01,-1.048387346969020406e+01,1.157276468765760171e+02,3.374568599236604882e+01,1.997169645471201704e+01
1.094999999999999929e+01,-1.044614593138949665e+01,1.144492121991010833e+02,3.397436512303739420e+01,2.042415018080717104e+01
1.096000000000000085e+01,-1.040989621841550594e+01,1.131755385719251308e+02,3.421374666071879034e+01,2.087505932131531239e+01
1.097000000000000064e+01,-1.037505262431086095e+01,1.119070944976615181e+02,3.446369586350551373e+01,2.132417697393181300e+01
1.098000000000000043e+01,-1.034153719115198911e+01,1.106442837930189853e+02,3.472406876277236165e+01,2.177128995047960203e+01
1.099000000000000021e+01,-1.030926689179991307e+01,1.093874406051996999e+02,3.499471771051238278e+01,2.221622038683240419e+01
1.100000000000000000e+01,-1.027815505660474571e+01,1.081368254493401224e+02,3.527549756050422047e+01,2.265882628187721792e+01
1.100999999999999979e+01,-1.024811300176875051e+01,1.068926229059030959e+02,3.556627216500789501e+01,2.309900072301783780e+01
1.101999999999999957e+01,-1.021905178241313905e+01,1.056549414890581744e+02,3.586692078703864439e+01,2.353666967571214386e+01
1.102999999999999936e+01,-1.019088396783203265e+01,1.044238159975707845e+02,3.617734399329572170e+01,2.397178835930811047e+01
1.103999999999999915e+01,-1.016352532268818720e+01,1.031992124113284177e+02,3.649746861147421839e+01,2.440433638329109556e+01
1.105000000000000071e+01,-1.013689627794757442e+01,1.019810351283494754e+02,3.682725140832138067e+01,2.483431195746194931e+01
1.106000000000000050e+01,-1.011092308954369656e+01,1.007691360809722028e+02,3.716668126481227574e+01,2.526172559763204006e+01
1.107000000000000028e+01,-1.008553860981425743e+01,9.956332505739942462e+01,3.751577977909256134e+01,2.568659380935377001e+01
1.108000000000000007e+01,-1.006068263379536099e+01,9.836338041310982305e+01,3.787460039810368784e+01,2.610893323550530809e+01
1.108999999999999986e+01,-1.003630182533491677e+01,9.716905930533525293e+01,3.824322634376535746e+01,2.652875569566922209e+01
1.109999999999999964e+01,-1.001234927170805200e+01,9.598010663200315662e+01,3.862176773750460512e+01,2.694606443039173627e+01
1.110999999999999943e+01,-9.988783754753482569e+00,9.479626200171568939e+01,3.901035841837322238e+01,2.736085170333801742e+01
1.111999999999999922e+01,-9.965568856646184415e+00,9.361726428912237452e+01,3.940915298049917226e+01,2.777309772730276549e+01
1.113000000000000078e+01,-9.942672035402937425e+00,9.244285361591117578e+01,3.981832451762626590e+01,2.818277068864615487e+01
1.114000000000000057e+01,-9.920063806659488392e+00,9.127277090942310167e+01,4.023806345674540097e+01,2.858982747354762566e+01
1.115000000000000036e+01,-9.897717153505938725e+00,9.010675549261085848e+01,4.066857769861237415e+01,2.899421457193710339e+01
1.116000000000000014e+01,-9.875607256436859771e+00,8.894454141487356935e+01,4.111009407753187617e+01,2.939586857051972046e+01
1.116999999999999993e+01,-9.853711593747167541e+00,8.778585341175330825e+01,4.156286092966762169e+01,2.979471565775566688e+01
1.117999999999999972e+01,-9.832010413437039631e+00,8.663040345904943251e+01,4.202715134563015198e+01,3.019066965519578716e+01
1.118999999999999950e+01,-9.810487526330231134e+00,8.547788885087589961e+01,4.250326650720178634e+01,3.058362825575618515e+01
1.119999999999999929e+01,-9.789131322534782242e+00,8.432799258140470045e+01,4.299153839509035180e+01,3.097346737524084404e+01
1.121000000000000085e+01,-9.767935875231007259e+00,8.318038655923321301e+01,4.349233112392923317e+01,3.136003378520753770e+01
1.122000000000000064e+01,-9.746901971838445533e+00,8.203473785628034420e+01,4.400604022296904816e+01,3.174313646353408203e+01
1.123000000000000043e+01,-9.726037906221483453e+00,8.089071782416283440e+01,4.453308933611999976e+01,3.212253734139328287e+01
1.124000000000000021e+01,-9.705359878191696765e+00,7.974801354049191104e+01,4.507392405209867547e+01,3.249794231032382896e+01
1.125000000000000000e+01,-9.684891877483147837e+00,7.860634071735664463e+01,4.562900287286655043e+01,3.286899345398716576e+01
1.125999999999999979e+01,-9.664664975838169525e+00,7.746545695295445455e+01,4.619878565640831170e+01,3.323526346748106874e+01
1.126999999999999957e+01,-9.644716008237946170e+00,7.632517406556016226e+01,4.678372019293686890e+01,3.359625311480122178e+01
1.127999999999999936e+01,-9.625085686710683319e+00,7.518536823574488892e+01,4.738422785505756707e+01,3.395139235624631624e+01
1.128999999999999915e+01,-9.605816250971265902e+00,7.404598680302349578e+01,4.800068946787424551e+01,3.430004546825487921e+01
1.130000000000000071e+01,-9.586948812915981222e+00,7.290705080739799371e+01,4.863343264626246309e+01,3.464152010513313940e+01
1.131000000000000050e+01,-9.568520591075396098e+00,7.176865271179724459e+01,4.928272182466815821e+01,3.497507985062106428e+01
1.132000000000000028e+01,-9.550562252304438005e+00,7.063094915478242797e+01,4.994875205267226193e+01,3.529995941784813596e+01
1.133000000000000007e+01,-9.533095578895609989e+00,6.949414902390086013e+01,5.063164735322759213e+01,3.561538132111183330e+01
1.133999999999999986e+01,-9.516131659588021208e+00,6.835849756602175376e+01,5.133146405946030200e+01,3.592057260171365130e+01
1.134999999999999964e+01,-9.499669764265414429e+00,6.722425762080644063e+01,5.204819909247718357e+01,3.621478007563101187e+01
1.135999999999999943e+01,-9.483697007923927558e+00,6.609168934159846742e+01,5.278180265940778781e+01,3.649728260499547616e+01
1.136999999999999922e+01,-9.468188844620172517e+00,6.496102992733587200e+01,5.353219438755386506e+01,3.676739908568283965e+01
1.138000000000000078e+01,-9.453110362459156590e+00,6.383247491323253797e+01,5.429928151863230568e+01,3.702449118045934284e+01
1.139000000000000057e+01,-9.438418282629326583e+00,6.270616245271273215e+01,5.508297751445908830e+01,3.726796028419287410e+01
1.140000000000000036e+01,-9.424063505387689332e+00,6.158216177685767434e+01,5.588321930976425023e+01,3.749723874164946835e+01
1.141000000000000014e+01,-9.409993999504100870e+00,6.046046666127517000e+01,5.669998151108482887e+01,3.771177589405925801e+01
1.141999999999999993e+01,-9.396157803619397342e+00,5.934099429564908235e+01,5.753328608484151374e+01,3.791102004633341238e+01
1.142999999999999972e+01,-9.382505901254843295e+00,5.822358947872766066e+01,5.838320648291065140e+01,3.809439786205469147e+01
1.143999999999999950e+01,-9.368994746801362794e+00,5.710803359663281498e+01,5.924986567977661878e+01,3.826129295677809949e+01
1.144999999999999929e+01,-9.355588256442807449e+00,5.599405743127336876e+01,6.013342818462898975e+01,3.841102553667524688e+01
1.146000000000000085e+01,-9.342259132127120225e+00,5.488135653009300796e+01,6.103408667764168882e+01,3.854283480559011110e+01
1.147000000000000064e+01,-9.328989452947990202e+00,5.376960768095488419e+01,6.195204443353443224e+01,3.865586554961182486e+01
1.148000000000000043e+01,-9.315770539798620575e+00,5.265848499597081656e+01,6.288749507563697705e+01,3.874915983809809461e+01
1.149000000000000021e+01,-9.302602168431885588e+00,5.154767421891246215e+01,6.384060140297366814e+01,3.882165420716252413e+01
1.150000000000000000e+01,-9.289491265851498980e+00,5.043688411940920702e+01,6.481147502479738876e+01,3.887218208304221179e+01
1.150999999999999979e+01,-9.276450269079854039e+00,4.932585419525759818e+01,6.580015831908481516e+01,3.889948063156908376e+01
1.151999999999999957e+01,-9.263495349390908018e+00,4.821435833189412534e+01,6.680660982631918898e+01,3.890220075693060409e+01
1.152999999999999936e+01,-9.250644706904633807e+00,4.710220451854809909e+01,6.783069364310979665e+01,3.887891867830440162e+01
1.153999999999999915e+01,-9.237917120301936791e+00,4.598923114520148658e+01,6.887217275653706849e+01,3.882814742927142504e+01
1.155000000000000071e+01,-9.225330896978121586e+00,4.487530075852783540e+01,6.993070563662719508e+01,3.874834677101987523e+01
1.156000000000000050e+01,-9.212903314845350522e+00,4.376029240209494731e+01,7.100584486243083404e+01,3.863793037790561868e+01
1.157000000000000028e+01,-9.200650584320227310e+00,4.264409378206007517e+01,7.209703617291671662e+01,3.849526970641093016e+01
1.158000000000000007e+01,-9.188588294676740986e+00,4.152659447425784833e+01,7.320361616865554311e+01,3.831869463361826433e+01
1.158999999999999986e+01,-9.176732249871349723e+00,4.040768122695477871e+01,7.432480698166931177e+01,3.810649166651354847e+01
1.159999999999999964e+01,-9.165099551478606443e+00,3.928723613479492371e+01,7.545970658619924620e+01,3.785690118499347534e+01
1.160999999999999943e+01,-9.153709755562740469e+00,3.816513809500604282e+01,7.660727401610971299e+01,3.756811569538050577e+01
1.161999999999999922e+01,-9.142585919402346661e+00,3.704126754715306902e+01,7.776630952586327794e+01,3.723828135546537510e+01
1.163000000000000078e+01,-9.131755364090928140e+00,3.591551408768118137e+01,7.893543059439855369e+01,3.686550502781722827e+01
1.164000000000000057e+01,-9.121250008990495317e+00,3.478778618525077349e+01,8.011304551897154624e+01,3.644786879911720234e+01
1.165000000000000036e+01,-9.111106180498049767e+00,3.365802194249129542e+01,8.129732706658292329e+01,3.598345328159778944e+01
1.166000000000000014e+01,-9.101363855481803711e+00,3.252619968496902203e+01,8.248618913833676913e+01,3.547037013987492315e+01
1.166999999999999993e+01,-9.092065362717860921e+00,3.139234712679979111e+01,8.367726957169981006e+01,3.490680325044036181e+01
1.167999999999999972e+01,-9.083253626870739339e+00,3.025654796763777554e+01,8.486792200456737589e+01,3.429105681825378582e+01
1.168999999999999950e+01,-9.074970092434249125e+00,2.911894500617482251e+01,8.605521914281995066e+01,3.362160777860436411e+01
1.169999999999999929e+01,-9.067252503987415224e+00,2.797973918596843035e+01,8.723596884706861943e+01,3.289715903805390695e+01
1.171000000000000085e+01,-9.060132740080176106e+00,2.683918438541454066e+01,8.840674327042296454e+01,3.211668967619215209e+01
1.172000000000000064e+01,-9.053634898935104758e+00,2.569757818383520487e+01,8.956391996642449271e+01,3.127949822775216759e+01
1.173000000000000043e+01,-9.047773814894533473e+00,2.455524923708721374e+01,9.070373260490462997e+01,3.038523563112588732e+01
1.174000000000000021e+01,-9.042554147124244324e+00,2.341254223847379379e+01,9.182232785604627168e+01,2.943392534242225622e+01
1.175000000000000000e+01,-9.037970130217734877e+00,2.226980169000193754e+01,9.291582429070389537e+01,2.842596938637572279e+01
1.175999999999999979e+01,-9.034006015100684905e+00,2.112735584041891457e+01,9.398036892219276695e+01,2.736214059867164394e+01
1.176999999999999957e+01,-9.030637163959374547e+00,1.998550214648834356e+01,9.501218734459433790e+01,2.624356281610436170e+01
1.177999999999999936e+01,-9.027831701096546979e+00,1.884449548163437171e+01,9.600762429089327554e+01,2.507168208026249090e+01
1.178999999999999915e+01,-9.025552568723703928e+00,1.770454006292718319e+01,9.696317274414946041e+01,2.384823283942435168e+01
1.180000000000000071e+01,-9.023759798028589074e+00,1.656578571673784595e+01,9.787549131579308437e+01,2.257520351100914269e+01
1.181000000000000050e+01,-9.022412785426791260e+00,1.542832868850759986e+01,9.874141123504860218e+01,2.125480552665316836e+01
1.182000000000000028e+01,-9.021472364013856549e+00,1.429221676325562207e+01,9.955793573199555624e+01,1.988944913831302230e+01
1.183000000000000007e+01,-9.020902481165506970e+00,1.315745804436604871e+01,1.003222356224261347e+02,1.848172792458172609e+01
1.183999999999999986e+01,-9.020671333150071192e+00,1.202403238141599928e+01,1.010316453489142958e+02,1.703441228933713703e+01
1.184999999999999964e+01,-9.020751862678730859e+00,1.089190418034717744e+01,1.016836635153813688e+02,1.555045053099154551e+01
1.185999999999999943e+01,-9.021121590039848925e+00,9.761035198286906578e+00,1.022759610859382065e+02,1.403297453879005730e+01
1.186999999999999922e+01,-9.021761816276956836e+00,8.631395935001073383e+00,1.028063990154402632e+02,1.248530608076704063e+01
1.188000000000000078e+01,-9.022656300846879418e+00,7.502974382728210045e+00,1.032730553360279941e+02,1.091095916666334276e+01
1.189000000000000057e+01,-9.023789569804932853e+00,6.375781170701214862e+00,1.036742598955069496e+02,9.313634192725059435e+00
1.190000000000000036e+01,-9.025145048388816704e+00,5.249850511821509969e+00,1.040086333056011085e+02,7.697200495101530038e+00
1.191000000000000014e+01,-9.026703230173362513e+00,4.125236788700719970e+00,1.042751254671494081e+02,6.065665439991996699e+00
1.191999999999999993e+01,-9.028440092037271825e+00,3.002007061230294926e+00,1.044730484919518290e+02,4.423130055267976424e+00
1.192999999999999972e+01,-9.030325940474867252e+00,1.880230193588333876e+00,1.046020990417889607e+02,2.773733189875582816e+00
1.193999999999999950e+01,-9.032324832797408831e+00,7.599636443553561271e-01,1.046623660471416457e+02,1.121587980583557353e+00
1.194999999999999929e+01,-9.034394660756383644e+00,-3.587607942315854670e-01,1.046543213306950690e+02,-5.292842601621843279e-01
1.196000000000000085e+01,-9.036487919642723909e+00,-1.475950905939132252e+00,1.045787926268282320e+02,-2.175016950834836482e+00
1.197000000000000064e+01,-9.038553119307939809e+00,-2.591666228337733635e+00,1.044369205783677756e+02,-3.811952255081566765e+00
1.198000000000000043e+01,-9.040536731327142306e+00,-3.706027273670645439e+00,1.042301032087325439e+02,-5.436681371690484710e+00
1.199000000000000021e+01,-9.042385514772437460e+00,-4.819220842283193029e+00,1.039599328436378869e+02,-7.046067756741126509e+00
1.200000000000000000e+01,-9.044049026871659791e+00,-5.931500844211754497e+00,1.036281312948266304e+02,-8.637251843006252372e+00
1.200999999999999979e+01,-9.045482107758125778e+00,-7.043184465499568780e+00,1.032364892197585675e+02,-1.020763788338646094e+01
1.201999999999999957e+01,-9.046647132222057408e+00,-8.154643949175362394e+00,1.027868149443756209e+02,-1.175486548213263305e+01
1.202999999999999936e+01,-9.047515845366648435e+00,-9.266294662577896801e+00,1.022808967893960528e+02,-1.327676994213778450e+01
1.203999999999999915e+01,-9.048070640728747449e+00,-1.037858045191645573e+01,1.017204812604019395e+02,-1.477133656394831718e+01
1.205000000000000071e+01,-9.048305194234250948e+00,-1.149195750850520525e+01,1.011072675815098023e+02,-1.623665438155424567e+01
1.206000000000000050e+01,-9.048224429404633895e+00,-1.260687806737321814e+01,1.004429172176059950e+02,-1.767087450175957741e+01
1.207000000000000028e+01,-9.047843851867050091e+00,-1.372377522050498833e+01,9.972907546687137881e+01,-1.907217730457977467e+01
1.208000000000000007e+01,-9.047188347843466261e+00,-1.484304996126885356e+01,9.896740109205724423e+01,-2.043875140910805754e+01
1.208999999999999986e+01,-9.046290586110872667e+00,-1.596506130492497988e+01,9.815959940693379338e+01,-2.176878570828460013e+01
1.209999999999999964e+01,-9.045189191609036783e+00,-1.709011998487084227e+01,9.730745427676120585e+01,-2.306047414370427973e+01
1.210999999999999943e+01,-9.043926869010794789e+00,-1.821848584473627852e+01,9.641285508320616771e+01,-2.431203143682956380e+01
1.211999999999999922e+01,-9.042548645862641621e+00,-1.935036867413127837e+01,9.547781572996186128e+01,-2.552171688985212583e+01
1.213000000000000078e+01,-9.041100379098033102e+00,-2.048593190975601175e+01,9.450448405924228723e+01,-2.668786273527011588e+01
1.214000000000000057e+01,-9.039627629320843738e+00,-2.162529837596948212e+01,9.349514141875074813e+01,-2.780890339470039407e+01
1.215000000000000036e+01,-9.038174959035636391e+00,-2.276855709230481750e+01,9.245219337289685768e+01,-2.888340237721415349e+01
1.216000000000000014e+01,-9.036785659455158992e+00,-2.391577014058300676e+01,9.137815352939944091e+01,-2.991007431167189878e+01
1.216999999999999993e+01,-9.035501861238483201e+00,-2.506697865987543494e+01,9.027562304237120827e+01,-3.088780062317481523e+01
1.217999999999999972e+01,-9.034364942619466987e+00,-2.622220721071767713e+01,8.914726850919498702e+01,-3.181563846279056662e+01
1.218999999999999950e+01,-9.033416118010533680e+00,-2.738146599823493688e+01,8.799580072114697771e+01,-3.269282351576110557e+01
1.219999999999999929e+01,-9.032697074082028266e+00,-2.854475073770803917e+01,8.682395613568660053e+01,-3.351876810621524072e+01
1.221000000000000085e+01,-9.032250519694619229e+00,-2.971204025246922242e+01,8.563448213263649222e+01,-3.429305649073057793e+01
1.222000000000000064e+01,-9.032120530402593772e+00,-3.088329217956010098e+01,8.443012623897087110e+01,-3.501543934890444376e+01
1.223000000000000043e+01,-9.032352595486155877e+00,-3.205843739336486209e+01,8.321362869751557412e+01,-3.568582925279758200e+01
1.224000000000000021e+01,-9.032993312243434048e+00,-3.323737391795644669e+01,8.198771713115664284e+01,-3.630429839425558214e+01
1.225000000000000000e+01,-9.034089714316017705e+00,-3.441996117035557745e+01,8.075510169627618495e+01,-3.687107917043041283e+01
1.225999999999999979e+01,-9.035688263456695068e+00,-3.560601535459642264e+01,7.951846906120840686e+01,-3.738656749172206162e+01
1.226999999999999957e+01,-9.037833572816436956e+00,-3.679530671585669666e+01,7.828047377460359257e+01,-3.785132800002834585e+01
1.227999999999999936e+01,-9.040566960564042631e+00,-3.798755917957239348e+01,7.704372605053319489e+01,-3.826609986780384531e+01
1.228999999999999915e+01,-9.043924952497345515e+00,-3.918245266425853401e+01,7.581077560777316648e+01,-3.863180155811270566e+01
1.230000000000000071e+01,-9.047937859566209440e+00,-4.037962809500758965e+01,7.458409186058925400e+01,-3.894953289234982918e+01
1.231000000000000050e+01,-9.052628550593102119e+00,-4.157869488520370993e+01,7.336604136862216308e+01,-3.922057298586705087e+01
1.232000000000000028e+01,-9.058011522975853325e+00,-4.277924042322895559e+01,7.215886393013927602e+01,-3.944637302796114398e+01
1.233000000000000007e+01,-9.064092346982150161e+00,-4.398084092116774002e+01,7.096464898764669726e+01,-3.962854343205512464e+01
1.233999999999999986e+01,-9.070867525470955428e+00,-4.518307286991691996e+01,6.978531408097782673e+01,-3.976883548220883569e+01
1.234999999999999964e+01,-9.078324774111440121e+00,-4.638552430847308727e+01,6.862258693607461169e+01,-3.986911817135449354e+01
1.235999999999999943e+01,-9.086443691183024640e+00,-4.758780515536301436e+01,6.747799245138381252e+01,-3.993135139460772365e+01
1.236999999999999922e+01,-9.095196754378163106e+00,-4.878955596033694775e+01,6.635284539206307386e+01,-3.995755697749591207e+01
1.238000000000000078e+01,-9.104550557691268864e+00,-4.999045460097960358e+01,6.524824908955312708e+01,-3.994978915828124144e+01
1.239000000000000057e+01,-9.114467186621300954e+00,-5.119022065290060652e+01,6.416509993597540529e+01,-3.991010610497180977e+01
1.240000000000000036e+01,-9.124905625675420850e+00,-5.238861738154413672e+01,6.310409701697732743e+01,-3.984054385218080796e+01
1.241000000000000014e+01,-9.135823098539365361e+00,-5.358545151532030815e+01,6.206575588692081169e+01,-3.974309372825413078e+01
1.241999999999999993e+01,-9.147176257170062996e+00,-5.478057114201890698e+01,6.105042528312861094e+01,-3.961968395630969297e+01
1.242999999999999972e+01,-9.158922159375501693e+00,-5.597386220543682356e+01,6.005830550926029332e+01,-3.947216570421234394e+01
1.243999999999999950e+01,-9.171019002341941118e+00,-5.716524415441185170e+01,5.908946728293029338e+01,-3.930230347490218890e+01
1.244999999999999929e+01,-9.183426608785161704e+00,-5.835466530662573348e+01,5.814387001654636578e+01,-3.911176940852355699e+01
1.246000000000000085e+01,-9.196106689623674058e+00,-5.954209843651022993e+01,5.722137875066317036e+01,-3.890214083844227133e+01
1.247000000000000064e+01,-9.209022929300576976e+00,-6.072753698947973788e+01,5.632177924852358331e+01,-3.867490031812383222e+01
1.248000000000000043e+01,-9.222140954779309396e+00,-6.191099217845030722e+01,5.544479105146161402e+01,-3.843143731522939532e+01
1.249000000000000021e+01,-9.235428255387219565e+00,-6.309249105231466359e+01,5.459007855402310128e+01,-3.817305084142446958e+01
1.250000000000000000e+01,-9.248854117727665525e+00,-6.427207546058609466e+01,5.375726035910410872e+01,-3.790095243011820259e+01
1.250999999999999979e+01,-9.262389628556030985e+00,-6.544980169401750913e+01,5.294591730084476211e+01,-3.761626906246731750e+01
1.251999999999999957e+01,-9.276007780532802727e+00,-6.662574047481236050e+01,5.215559957082438558e+01,-3.732004584497516930e+01
1.252999999999999936e+01,-9.289683693596201053e+00,-6.779997691424658512e+01,5.138583335591498269e+01,-3.701324843179334323e+01
1.253999999999999915e+01,-9.303394941263684714e+00,-6.897261005592108063e+01,5.063612730736598877e+01,-3.669676533786719119e+01
1.255000000000000071e+01,-9.317121949502755740e+00,-7.014375167835919456e+01,4.990597903005122049e+01,-3.637141038881298272e+01
1.256000000000000050e+01,-9.330848418670223410e+00,-7.131352413338851193e+01,4.919488163148942306e+01,-3.603792559170833698e+01
1.257000000000000028e+01,-9.344561708583915660e+00,-7.248205713317300081e+01,4.850233022572214026e+01,-3.569698468828172366e+01
1.258000000000000007e+01,-9.358253124389962707e+00,-7.364948355130123048e+01,4.782782816829993777e+01,-3.534919757669169371e+01
1.258999999999999986e+01,-9.371918046856569262e+00,-7.481593445254708286e+01,4.717089272142938938e+01,-3.499511567482795726e+01
1.259999999999999964e+01,-9.385555864353774425e+00,-7.598153369283959080e+01,4.653105982211827296e+01,-3.463523816553938417e+01
1.260999999999999943e+01,-9.399169683425249389e+00,-7.714639251949810728e+01,4.590788765293287099e+01,-3.427001893248656472e+01
1.261999999999999922e+01,-9.412765818136616502e+00,-7.831060464050977998e+01,4.530095878962944056e+01,-3.389987388338049357e+01
1.263000000000000078e+01,-9.426353082474218326e+00,-7.947424221533472632e+01,4.470988081118278501e+01,-3.352518828062143541e+01
1.264000000000000057e+01,-9.439941932053539375e+00,-8.063735314991617997e+01,4.413428538998202555e+01,-3.314632366793163953e+01
1.265000000000000036e+01,-9.453543518628904962e+00,-8.179995996319641449e+01,4.357382601541053901e+01,-3.276362399929057290e+01
1.266000000000000014e+01,-9.467168731307420870e+00,-8.296206034498206350e+01,4.302817462503989532e+01,-3.237742064058340929e+01
1.266999999999999993e+01,-9.480827300721001549e+00,-8.412362936263085089e+01,4.249701750911629006e+01,-3.198803601622288895e+01
1.267999999999999972e+01,-9.494527036423596300e+00,-8.528462311567821530e+01,4.198005090500517156e+01,-3.159578579939494247e+01
1.268999999999999950e+01,-9.508273254164160804e+00,-8.644498350150198007e+01,4.147697670339593401e+01,-3.120097967964332852e+01
1.269999999999999929e+01,-9.522068430045610654e+00,-8.760464365703721512e+01,4.098749864790713104e+01,-3.080392086881169789e+01
1.271000000000000085e+01,-9.535912095212683681e+00,-8.876353359251767472e+01,4.051131933041088473e+01,-3.040490461102815090e+01
1.272000000000000064e+01,-9.549800960350603773e+00,-8.992158553854129366e+01,4.004813817668834730e+01,-3.000421603288164718e+01
1.273000000000000043e+01,-9.563729236760496022e+00,-9.107873858641804077e+01,3.959765049475156928e+01,-2.960212769926397058e+01
1.274000000000000021e+01,-9.577689102732042770e+00,-9.223494230644173797e+01,3.915954753641316444e+01,-2.919889722686753331e+01
1.275000000000000000e+01,-9.591671252468708886e+00,-9.339015916675076312e+01,3.873351741589083019e+01,-2.879476525459838143e+01
1.275999999999999979e+01,-9.605665461272582917e+00,-9.454436573002986677e+01,3.831924664951486648e+01,-2.838995398640436107e+01
1.276999999999999957e+01,-9.619661105475195484e+00,-9.569755275765679414e+01,3.791642203634332731e+01,-2.798466641887686635e+01
1.277999999999999936e+01,-9.633647588124294003e+00,-9.684972448222382013e+01,3.752473259449524079e+01,-2.757908625708818562e+01
1.278999999999999915e+01,-9.647614640180448120e+00,-9.800089740315810616e+01,3.714387130119265379e+01,-2.717337842138031334e+01
1.280000000000000071e+01,-9.661552489641284325e+00,-9.915109900420891620e+01,3.677353645011049821e+01,-2.676768996773083842e+01
1.281000000000000050e+01,-9.675451914773050888e+00,-1.003003667793731069e+02,3.641343252809841147e+01,-2.636215119457541434e+01
1.282000000000000028e+01,-9.689304219467301138e+00,-1.014487478856342051e+02,3.606327061243038656e+01,-2.595687669529067065e+01
1.283000000000000007e+01,-9.703101185790430350e+00,-1.025962996236895464e+02,3.572276838612523164e+01,-2.555196613911316206e+01
1.283999999999999986e+01,-9.716835068676116904e+00,-1.037430907947521490e+02,3.539164994969402755e+01,-2.514750462064493419e+01
1.284999999999999964e+01,-9.730498698838262683e+00,-1.048892038104195308e+02,3.506964566206501388e+01,-2.474356250163373261e+01
1.285999999999999943e+01,-9.744085751739843815e+00,-1.060347372641221853e+02,3.475649226383372792e+01,-2.434019476759476674e+01
1.286999999999999922e+01,-9.757591223317428231e+00,-1.071798085279860686e+02,3.445193351895910894e+01,-2.393744002327832732e+01
1.288000000000000078e+01,-9.771012128657357465e+00,-1.083245558372775719e+02,3.415572155768351337e+01,-2.353531934183347474e+01
1.289000000000000057e+01,-9.784348410396738416e+00,-1.094691392811617447e+02,3.386761901927032170e+01,-2.313383525068989144e+01
1.290000000000000036e+01,-9.797604012399629525e+00,-1.106137401424497426e+02,3.358740198738288285e+01,-2.273297117314538696e+01
1.291000000000000014e+01,-9.810788044709756406e+00,-1.117585581224159057e+02,3.331486359552573617e+01,-2.233269164243069582e+01
1.291999999999999993e+01,-9.823915941354218972e+00,-1.129038061440020471e+02,3.304981806827355229e+01,-2.193294356295849568e+01
1.292999999999999972e+01,-9.837010496312592167e+00,-1.140497026348494529e+02,3.279210486927279788e+01,-2.153365871439234169e+01
1.293999999999999950e+01,-9.850102657159228059e+00,-1.151964614315650266e+02,3.254159256088377816e+01,-2.113475758516552716e+01
1.294999999999999929e+01,-9.863231961780410728e+00,-1.163442796951155316e+02,3.229818195162769712e+01,-2.073615449374715070e+01
1.296000000000000085e+01,-9.876446521207025597e+00,-1.174933244592285178e+02,3.206180812121231583e+01,-2.033776382127117799e+01
1.297000000000000064e+01,-9.889802479789873146e+00,-1.186437186251185238e+02,3.183244096923128907e+01,-1.993950705208490604e+01
1.298000000000000043e+01,-9.903362920362212662e+00,-1.197955273463582841e+02,3.161008402851192756e+01,-1.954132021276326725e+01
1.299000000000000021e+01,-9.917196223487385609e+00,-1.209487458028844031e+02,3.139477140918778275e+01,-1.914316122654911467e+01
1.300000000000000000e+01,-9.931373932666927473e+00,-1.221032893359781895e+02,3.118656288335698434e+01,-1.874501666711478620e+01
1.300999999999999979e+01,-9.945968217658773369e+00,-1.232589868077920414e+02,3.098553726913668527e+01,-1.834690740690340149e+01
1.301999999999999957e+01,-9.961049062301066570e+00,-1.244155778684414173e+02,3.079178441311878700e+01,-1.794889271048684520e+01
1.302999999999999936e+01,-9.976681328568279383e+00,-1.255727145762901102e+02,3.060539618879470325e+01,-1.755107241737494306e+01
1.303999999999999915e+01,-9.992921863031121177e+00,-1.267299675427322967e+02,3.042645701504743627e+01,-1.715358698287134231e+01
1.305000000000000071e+01,-1.000981681450017646e+01,-1.278868364838098159e+02,3.025503444629320526e+01,-1.675661528864616301e+01
1.306000000000000050e+01,-1.002739932250077182e+01,-1.290427647797262978e+02,3.009117039124150494e+01,-1.636037028415658767e+01
1.307000000000000028e+01,-1.004568771637614688e+01,-1.301971573900590613e+02,2.993487348145681182e+01,-1.596509266347609746e+01
1.308000000000000007e+01,-1.006468433602967139e+01,-1.313494012641211555e+02,2.978611303843863567e+01,-1.557104290835233229e+01
1.308999999999999986e+01,-1.008437504989256084e+01,-1.324988872348616269e+02,2.964481498606900800e+01,-1.517849212854368801e+01
1.309999999999999964e+01,-1.010472950624191313e+01,-1.336450322984363197e+02,2.951085993314253741e+01,-1.478771219863495823e+01
1.310999999999999943e+01,-1.012570211316278801e+01,-1.347873011628099391e+02,2.938408351822890197e+01,-1.439896572361131177e+01
1.311999999999999922e+01,-1.014723370281668835e+01,-1.359252259956541877e+02,2.926427897616334661e+01,-1.401249636341304061e+01
1.313000000000000078e+01,-1.016925379956132502e+01,-1.370584234087542654e+02,2.915120176094149329e+01,-1.362852001199586738e+01
1.314000000000000057e+01,-1.019168338082485903e+01,-1.381866078742744719e+02,2.904457595119818336e+01,-1.324721726362290930e+01
1.315000000000000036e+01,-1.021443799599783731e+01,-1.393096009663221650e+02,2.894410207743562680e+01,-1.286872751419300620e+01
1.316000000000000014e+01,-1.023743109301942233e+01,-1.404273360463715505e+02,2.884946594845481016e+01,-1.249314494517876639e+01
1.316999999999999993e+01,-1.026057739533371560e+01,-1.415398582494655955e+02,2.876034801978282474e+01,-1.212051652931352486e+01
1.317999999999999972e+01,-1.028379617349837893e+01,-1.426473198658023875e+02,2.867643283921664832e+01,-1.175084208743635017e+01
1.318999999999999950e+01,-1.030701426546383637e+01,-1.437499714361394183e+02,2.859741812226108593e+01,-1.138407632118210877e+01
1.319999999999999929e+01,-1.033016871647130408e+01,-1.448481490777072622e+02,2.852302305023240336e+01,-1.102013265188502267e+01
1.321000000000000085e+01,-1.035320893233665274e+01,-1.459422587204188630e+02,2.845299544217430565e+01,-1.065888861641698959e+01
1.322000000000000064e+01,-1.037609826701221039e+01,-1.470327580542772523e+02,2.838711752387337839e+01,-1.030019250869094627e+01
1.323000000000000043e+01,-1.039881499502678608e+01,-1.481201370641363724e+02,2.832521009829603642e+01,-9.943870912929563488e+00
1.324000000000000021e+01,-1.042135264995967603e+01,-1.492048980565519969e+02,2.826713500688141423e+01,-9.589736751986160712e+00
1.325000000000000000e+01,-1.044371973988324420e+01,-1.502875360674148340e+02,2.821279585583854654e+01,-9.237597470356634588e+00
1.325999999999999979e+01,-1.046593887831405389e+01,-1.513685204826420829e+02,2.816213706204115041e+01,-8.887262985529476467e+00
1.326999999999999957e+01,-1.048804539352938647e+01,-1.524482786134555283e+02,2.811514134610054683e+01,-8.538553070803075684e+00
1.327999999999999936e+01,-1.051008549933751723e+01,-1.535271818495482705e+02,2.807182586331467533e+01,-8.191303875130831358e+00
1.328999999999999915e+01,-1.053211412604543362e+01,-1.546055348749089831e+02,2.803223721473876395e+01,-7.845373338231612870e+00
1.330000000000000071e+01,-1.055419252120167428e+01,-1.556835682790969884e+02,2.799644561949466137e+01,-7.500645319458682181e+00
1.331000000000000050e+01,-1.057638573566442020e+01,-1.567614347375772184e+02,2.796453855502501895e+01,-7.157032324202528883e+00
1.332000000000000028e+01,-1.059876011172492838e+01,-1.578392087739331942e+02,2.793661418400593277e+01,-6.814476779490977520e+00
1.333000000000000007e+01,-1.062138088654473123e+01,-1.589168899593067295e+02,2.791277488501081550e+01,-6.472950878647808715e+00
1.333999999999999986e+01,-1.064431001621870010e+01,-1.599944092549600612e+02,2.789312118891477610e+01,-6.132455081075931957e+00
1.334999999999999964e+01,-1.066760431355390537e+01,-1.610716380670167212e+02,2.787774639479267336e+01,-5.793015415107951149e+00
1.335999999999999943e+01,-1.069131397642523496e+01,-1.621483994630700352e+02,2.786673209837493204e+01,-5.454679786950517695e+00
1.336999999999999922e+01,-1.071548156370061555e+01,-1.632244809036418189e+02,2.786014481408307475e+01,-5.117513544477122700e+00
1.338000000000000078e+01,-1.074014145277071108e+01,-1.642996477728536320e+02,2.785803380998266832e+01,-4.781594578412602381e+00
1.339000000000000057e+01,-1.076531978744682583e+01,-1.653736569574853661e+02,2.786043020607701592e+01,-4.447008262870063788e+00
1.340000000000000036e+01,-1.079103489846123765e+01,-1.664462697265508950e+02,2.786734731341972804e+01,-4.113842540214711185e+00
1.341000000000000014e+01,-1.081729815234890246e+01,-1.675172632079826940e+02,2.787878211847904097e+01,-3.782183440495071824e+00
1.341999999999999993e+01,-1.084411515969243922e+01,-1.685864398461959865e+02,2.789471774857701902e+01,-3.452111292857845015e+00
1.342999999999999972e+01,-1.087148725230427893e+01,-1.696536343524969368e+02,2.791512669487679688e+01,-3.123697836371544856e+00
1.343999999999999950e+01,-1.089941312265193574e+01,-1.707187178243999881e+02,2.793997452404502013e+01,-2.797004372873368894e+00
1.344999999999999929e+01,-1.092789050929405370e+01,-1.717815989010326803e+02,2.796922378255415254e+01,-2.472081028672344249e+00
1.346000000000000085e+01,-1.095691781051141334e+01,-1.728422220276938219e+02,2.800283779170357690e+01,-2.148967110332658859e+00
1.347000000000000064e+01,-1.098649551536230184e+01,-1.739005631081090542e+02,2.804078404838872274e+01,-1.827692458527848451e+00
1.348000000000000043e+01,-1.101662735702977614e+01,-1.749566230113855170e+02,2.808303698607818433e+01,-1.508279629765411967e+00
1.349000000000000021e+01,-1.104732111672166006e+01,-1.760104195553418265e+02,2.812957990992871515e+01,-1.190746675218870232e+00
1.350000000000000000e+01,-1.107858903589607635e+01,-1.770619786939494134e+02,2.818040599498983312e+01,-8.751102446962365500e-01
1.350999999999999979e+01,-1.111044782787120333e+01,-1.781113256827157159e+02,2.823551832077626855e+01,-5.613887261792328554e-01
1.351999999999999957e+01,-1.114291831408375089e+01,-1.791584769757994877e+02,2.829492900163874936e+01,-2.496051395599395706e-01
1.352999999999999936e+01,-1.117602474229810561e+01,1.797965664775522612e+02,2.835865755235551333e+01,6.021046307987607676e-02
1.353999999999999915e+01,-1.120979387092195800e+01,1.787538240156068525e+02,2.842672869450031214e+01,3.680192818418490108e-01
1.355000000000000071e+01,-1.124425392264956791e+01,1.777133377971965444e+02,2.849916985487031340e+01,6.737728552231063706e-01
1.356000000000000050e+01,-1.127943352001727462e+01,1.766751729792501919e+02,2.857600862790746632e+01,9.774129808614063775e-01
1.357000000000000028e+01,-1.131536071411326105e+01,1.756394156640294284e+02,2.865727046737896444e+01,1.278872416872047557e+00
1.358000000000000007e+01,-1.135206220568078628e+01,1.746061689588932211e+02,2.874297683913253465e+01,1.578076229756728566e+00
1.358999999999999986e+01,-1.138956283627138077e+01,1.735755476741857990e+02,2.883314400977560510e+01,1.874943589537166888e+00
1.359999999999999964e+01,-1.142788539801077796e+01,1.725476723146521465e+02,2.892778257145084453e+01,2.169389768994939516e+00
1.360999999999999943e+01,-1.146705077675495232e+01,1.715226630835149706e+02,2.902689771819398956e+01,2.461328086331616927e+00
1.361999999999999922e+01,-1.150707840828573225e+01,1.705006346092476122e+02,2.913049020357392038e+01,2.750671541167347911e+00
1.363000000000000078e+01,-1.154798699424795139e+01,1.694816920235835767e+02,2.923855783156673027e+01,3.037333931573857893e+00
1.364000000000000057e+01,-1.158979539713338447e+01,1.684659288731735671e+02,2.935109727133876945e+01,3.321230300867031637e+00
1.365000000000000036e+01,-1.163252361463346318e+01,1.674534271510550525e+02,2.946810594858726162e+01,3.602276640652120498e+00
1.366000000000000014e+01,-1.167619372515902931e+01,1.664442595077000249e+02,2.958958375565075016e+01,3.880388862675909767e+00
1.366999999999999993e+01,-1.172083069925745491e+01,1.654384934683803294e+02,2.971553434112350445e+01,4.155481136889877192e+00
1.367999999999999972e+01,-1.176646298584058492e+01,1.644361972686417346e+02,2.984596578532682543e+01,4.427463767237658665e+00
1.368999999999999950e+01,-1.181312280616032950e+01,1.634374467460361871e+02,2.998089053576690333e+01,4.696240831583677000e+00
1.369999999999999929e+01,-1.186084611982525239e+01,1.624423326131485226e+02,3.012032455909412576e+01,4.961707841472840386e+00
1.371000000000000085e+01,-1.190967226248244870e+01,1.614509673972454777e+02,3.026428575371888741e+01,5.223749677489565535e+00
1.372000000000000064e+01,-1.195964329026073258e+01,1.604634913706182999e+02,3.041279175005876212e+01,5.482239026604603715e+00
1.373000000000000043e+01,-1.201080309775606736e+01,1.594800769092690302e+02,3.056585729368293869e+01,5.737035492241128409e+00
1.374000000000000021e+01,-1.206319640070409349e+01,1.585009308941024244e+02,3.072349145226673883e+01,5.987985472131033937e+00
1.375000000000000000e+01,-1.211686768875098252e+01,1.575262949891328503e+02,3.088569490466814216e+01,6.234922812110893275e+00
1.375999999999999979e+01,-1.217186025621217027e+01,1.565564438713166453e+02,3.105245755721512424e+01,6.477670156009502023e+00
1.376999999999999957e+01,-1.222821540900738135e+01,1.555916817198726676e+02,3.122375668967924156e+01,6.716040833205439320e+00
1.377999999999999936e+01,-1.228597192499994151e+01,1.546323374732153582e+02,3.139955576610062238e+01,6.949841065866403156e+00
1.378999999999999915e+01,-1.234516581495085674e+01,1.536787595060136766e+02,3.157980396140834500e+01,7.178872244832334104e+00
1.380000000000000071e+01,-1.240583039542384469e+01,1.527313104502862302e+02,3.176443636358105493e+01,7.402933021097880761e+00
1.381000000000000050e+01,-1.246799664717600997e+01,1.517903628733612607e+02,3.195337472399276280e+01,7.621820989805571323e+00
1.382000000000000028e+01,-1.253169379705917841e+01,1.508562964314167232e+02,3.214652855646308183e+01,7.835333802643194900e+00
1.383000000000000007e+01,-1.259695003231965771e+01,1.499294969486326750e+02,3.234379633779401786e+01,8.043269626024224905e+00
1.383999999999999986e+01,-1.266379323691755054e+01,1.490103576458407417e+02,3.254506654597729920e+01,8.245426956884141845e+00
1.384999999999999964e+01,-1.273225163261017379e+01,1.480992824829037886e+02,3.275021828998644935e+01,8.441603903893341254e+00
1.385999999999999943e+01,-1.280235421426848319e+01,1.471966913145829210e+02,3.295912133617295581e+01,8.631597127254579505e+00
1.386999999999999922e+01,-1.287413088896115454e+01,1.463030263205727124e+02,3.317163541566586105e+01,8.815200693731815917e+00
1.388000000000000078e+01,-1.294761225995228315e+01,1.454187589853518716e+02,3.338760879595191255e+01,8.992205136082676020e+00
1.389000000000000057e+01,-1.302282903675097359e+01,1.445443967961148246e+02,3.360687620632192818e+01,9.162397002033234372e+00
1.390000000000000036e+01,-1.309981109646735931e+01,1.436804888131195810e+02,3.382925630791186933e+01,9.325559136042846475e+00
1.391000000000000014e+01,-1.317858626508003717e+01,1.428276293522295077e+02,3.405454898150916421e+01,9.481471860703607035e+00
1.391999999999999993e+01,-1.325917892478500626e+01,1.419864591991526481e+02,3.428253275865967709e+01,9.629915121545614909e+00
1.392999999999999972e+01,-1.334160858079701839e+01,1.411576640331755357e+02,3.451296273557616701e+01,9.770671540803006039e+00
1.393999999999999950e+01,-1.342588853416893002e+01,1.403419700498351119e+02,3.474556928092339803e+01,9.903530206394293600e+00
1.394999999999999929e+01,-1.351202480411246576e+01,1.395401371048691317e+02,3.498005777877804690e+01,1.002829091691920027e+01
1.396000000000000085e+01,-1.360001542331623270e+01,1.387529500199190693e+02,3.521610954315021047e+01,1.014476852596894574e+01
1.397000000000000064e+01,-1.368985019401822889e+01,1.379812089574849665e+02,3.545338391134998091e+01,1.025279699095854902e+01
1.398000000000000043e+01,-1.378151094399547461e+01,1.372257199556113676e+02,3.569152138479658731e+01,1.035223274030292906e+01
1.399000000000000021e+01,-1.387497226461264788e+01,1.364872867855706318e+02,3.593014755431606488e+01,1.044295703004019593e+01
1.400000000000000000e+01,-1.397020265325348909e+01,1.357667052421694507e+02,3.616887743947987133e+01,1.052487706298924763e+01
1.400999999999999979e+01,-1.406716592617161155e+01,1.350647607922347220e+02,3.640731980312813931e+01,1.059792578041782996e+01
1.401999999999999957e+01,-1.416582272148610144e+01,1.343822302019008248e+02,3.664508098404694181e+01,1.066206039319207477e+01
1.402999999999999936e+01,-1.426613188159081602e+01,1.337198873609103202e+02,3.688176782840331214e+01,1.071725987818077641e+01
1.403999999999999915e+01,-1.436805149430081840e+01,1.330785130580987641e+02,3.711698939295123978e+01,1.076352180657602275e+01
1.405000000000000071e+01,-1.447153938539431373e+01,1.324589079820512723e+02,3.735035723220675408e+01,1.080085897506120496e+01
1.406000000000000050e+01,-1.457655289228313933e+01,1.318619077755356273e+02,3.758148425343649279e+01,1.082929636309904531e+01
1.407000000000000028e+01,-1.468304780721374492e+01,1.312883986127238245e+02,3.780998230815952610e+01,1.084886893031251631e+01
1.408000000000000007e+01,-1.479097645399957628e+01,1.307393315396649029e+02,3.803545886494173800e+01,1.085962069436684985e+01
1.408999999999999986e+01,-1.490028494798888659e+01,1.302157337549001568e+02,3.825751325346458032e+01,1.086160539711200990e+01
1.409999999999999964e+01,-1.501090977642336632e+01,1.297187151268356331e+02,3.847573306465036325e+01,1.085488888771229554e+01
1.410999999999999943e+01,-1.512277391654282255e+01,1.292494685472329650e+02,3.868969132169075920e+01,1.083955314509104895e+01
1.411999999999999922e+01,-1.523578277298549821e+01,1.288092631867415889e+02,3.889894499487662927e+01,1.081570165152973395e+01
1.413000000000000078e+01,-1.534982025666749195e+01,1.283994303117551397e+02,3.910303532023637985e+01,1.078346563959786941e+01
1.414000000000000057e+01,-1.546474533876498114e+01,1.280213419905207672e+02,3.930149020772360302e+01,1.074301058939980003e+01
1.415000000000000036e+01,-1.558038939257727407e+01,1.276763836985960126e+02,3.949382880641859117e+01,1.069454227188802875e+01
1.416000000000000014e+01,-1.569655458270317538e+01,1.273659224624659316e+02,3.967956805533804499e+01,1.063831162954197751e+01
1.416999999999999993e+01,-1.581301347797375811e+01,1.270912726886869848e+02,3.985823081596016948e+01,1.057461786235196755e+01
1.417999999999999972e+01,-1.592950995788034163e+01,1.268536621533212809e+02,4.002935498396552561e+01,1.050380923963500557e+01
1.418999999999999950e+01,-1.604576136058728153e+01,1.266542007233119023e+02,4.019250283761844145e+01,1.042628137231496765e+01
1.419999999999999929e+01,-1.616146169528904153e+01,1.264938542158887458e+02,4.034726981741605556e+01,1.034247293348436791e+01
1.421000000000000085e+01,-1.627628562563409176e+01,1.263734253654092043e+02,4.049329195625499977e+01,1.025285907932732776e+01
1.422000000000000064e+01,-1.638989283788067652e+01,1.262935431785658551e+02,4.063025129139870728e+01,1.015794306748259501e+01
1.423000000000000043e+01,-1.650193235031063921e+01,1.262546610689381055e+02,4.075787877836398820e+01,1.005824676672503237e+01
1.424000000000000021e+01,-1.661204630970074447e+01,1.262570631509951085e+02,4.087595447232076395e+01,9.954300876661363873e+00
1.425000000000000000e+01,-1.671987286264293004e+01,1.263008770478196539e+02,4.098430501733926690e+01,9.846635713443641080e+00
1.425999999999999979e+01,-1.682504778478783791e+01,1.263860906472760917e+02,4.108279875659830083e+01,9.735773362184863444e+00
1.426999999999999957e+01,-1.692720469359884561e+01,1.265125695504396361e+02,4.117133901636209714e+01,9.622221854807502694e+00
1.427999999999999936e+01,-1.702597384724120388e+01,1.266800716004656522e+02,4.124985629607673587e+01,9.506471819806014523e+00
1.428999999999999915e+01,-1.712097972545166868e+01,1.268882549344316288e+02,4.131830019663727427e+01,9.388995792372019977e+00
1.430000000000000071e+01,-1.721183777565364537e+01,1.271366764946277499e+02,4.137663192876227924e+01,9.270250099043108705e+00
1.431000000000000050e+01,-1.729815086622883769e+01,1.274247788466332452e+02,4.142481816421562968e+01,9.150678971281486440e+00
1.432000000000000028e+01,-1.737950609766546961e+01,1.277518644044057368e+02,4.146282683534262503e+01,9.030720325433275519e+00
1.433000000000000007e+01,-1.745547266481639781e+01,1.281170576370553533e+02,4.149062527268728218e+01,8.910812494844321918e+00
1.433999999999999986e+01,-1.752560142999127990e+01,1.285192573745706284e+02,4.150818082194247438e+01,8.791401127740003929e+00
1.434999999999999964e+01,-1.758942675546528989e+01,1.289570827701939209e+02,4.151546382851273620e+01,8.672945476440334645e+00
1.435999999999999943e+01,-1.764647096225589706e+01,1.294288176461112130e+02,4.151245264820568082e+01,8.555923394463091469e+00
1.436999999999999922e+01,-1.769625154517342125e+01,1.299323586968132815e+02,4.149914015978767168e+01,8.440834514168546576e+00
1.438000000000000078e+01,-1.773829100499937894e+01,1.304651732382641001e+02,4.147554113657458430e+01,8.328201278193148482e+00
1.439000000000000057e+01,-1.777212888550089787e+01,1.310242718118963694e+02,4.144169978883210348e+01,8.218567718292009161e+00
1.440000000000000036e+01,-1.779733535677451428e+01,1.316061999877904043e+02,4.139769681643732469e+01,8.112496089791955356e+00
1.441000000000000014e+01,-1.781352549705524879e+01,1.322070522417711231e+02,4.134365540332122890e+01,8.010561655305734163e+00
1.441999999999999993e+01,-1.782037331725219786e+01,1.328225089575551863e+02,4.127974572585808488e+01,7.913346049415055816e+00
1.442999999999999972e+01,-1.781762456124501171e+01,1.334478956342598508e+02,4.120618771604004138e+01,7.821429735532280603e+00
1.443999999999999950e+01,-1.780510740286926108e+01,1.340782614969225506e+02,4.112325199459385772e+01,7.735384084100616953e+00
1.444999999999999929e+01,-1.778274033605084625e+01,1.347084731408733944e+02,4.103125904804193880e+01,7.655763562747633699e+00
1.446000000000000085e+01,-1.775053679360899039e+01,1.353333177713568034e+02,4.093057684995909540e+01,7.583098445850885660e+00
1.447000000000000064e+01,-1.770860630006872682e+01,1.359476101308078739e+02,4.082161720929269677e+01,7.517888339829303490e+00
1.448000000000000043e+01,-1.765715222894705505e+01,1.365462973456678810e+02,4.070483116374258969e+01,7.460596699933993214e+00
1.449000000000000021e+01,-1.759646646363719924e+01,1.371245565884177608e+02,4.058070372707818763e+01,7.411646402196876871e+00
1.450000000000000000e+01,-1.752692143069398156e+01,1.376778814845280010e+02,4.044974825527548035e+01,7.371416344975172841e+00
1.450999999999999979e+01,-1.744896007479601607e+01,1.382021544105424482e+02,4.031250063094971381e+01,7.340238997414740396e+00
1.451999999999999957e+01,-1.736308437823772266e+01,1.386937030457551998e+02,4.016951339403318144e+01,7.318398790221850803e+00
1.452999999999999936e+01,-1.726984300675938044e+01,1.391493406121223302e+02,4.002134988346207223e+01,7.306131254263223518e+00
1.453999999999999915e+01,-1.716981860590553666e+01,1.395663900794891958e+02,3.986857841134448677e+01,7.303622846425265713e+00
1.455000000000000071e+01,-1.706361519692082140e+01,1.399426932025862982e+02,3.971176647455417452e+01,7.311011448081119468e+00
1.456000000000000050e+01,-1.695184604446297172e+01,1.402766056210524539e+02,3.955147502037653595e+01,7.328387566296972189e+00
1.457000000000000028e+01,-1.683512230062471815e+01,1.405669794549392009e+02,3.938825281876985684e+01,7.355796299297284513e+00
1.458000000000000007e+01,-1.671404267512290431e+01,1.408131349372079626e+02,3.922263104550371082e+01,7.393240136303112386e+00
1.458999999999999986e+01,-1.658918433879699705e+01,1.410148227046816203e+02,3.905511823641256797e+01,7.440682642520977552e+00
1.459999999999999964e+01,-1.646109523182145651e+01,1.411721784610446946e+02,3.888619582070338510e+01,7.498053032791922590e+00
1.460999999999999943e+01,-1.633028791286885806e+01,1.412856718448336437e+02,3.871631446907706930e+01,7.565251567167652347e+00
1.461999999999999922e+01,-1.619723504495135202e+01,1.413560514717754870e+02,3.854589149154798378e+01,7.642155617732791839e+00
1.463000000000000078e+01,-1.606236656393424056e+01,1.413842882458006045e+02,3.837530948564344158e+01,7.728626170463720690e+00
1.464000000000000057e+01,-1.592606851570225857e+01,1.413715191086748746e+02,3.820491636845571293e+01,7.824514452019498911e+00
1.465000000000000036e+01,-1.578868347958638552e+01,1.413189933861664258e+02,3.803502683116692396e+01,7.929668321549314669e+00
1.466000000000000014e+01,-1.565051242346161686e+01,1.412280237589277476e+02,3.786592514194808956e+01,8.043938051637177011e+00
1.466999999999999993e+01,-1.551181776625598197e+01,1.410999436223931696e+02,3.769786910553244041e+01,8.167181146132918457e+00
1.467999999999999972e+01,-1.537282736368110569e+01,1.409360722031409807e+02,3.753109487978705516e+01,8.299265906510937540e+00
1.468999999999999950e+01,-1.523373908982548741e+01,1.407376882886432554e+02,3.736582226542989815e+01,8.440073557934981707e+00
1.469999999999999929e+01,-1.509472566661819926e+01,1.405060128391789931e+02,3.720226003653675662e+01,8.589498871870024033e+00
1.471000000000000085e+01,-1.495593939881253931e+01,1.402422001342182227e+02,3.704061087465875346e+01,8.747449360410485042e+00
1.472000000000000064e+01,-1.481751650501419881e+01,1.399473365172506760e+02,3.688107551106831039e+01,8.913843252866518796e+00
1.473000000000000043e+01,-1.467958079339041433e+01,1.396224453004497263e+02,3.672385576708423116e+01,9.088606581481942115e+00
1.474000000000000021e+01,-1.454224650903226035e+01,1.392684960245696573e+02,3.656915630321986299e+01,9.271669786178360795e+00
1.475000000000000000e+01,-1.440562027108110854e+01,1.388864160779498604e+02,3.641718503110033822e+01,9.462964287163041277e+00
1.475999999999999979e+01,-1.426980211256181263e+01,1.384771026807470378e+02,3.626815229156719056e+01,9.662419463453053581e+00
1.476999999999999957e+01,-1.413488572476621741e+01,1.380414334346631904e+02,3.612226904086144685e+01,9.869960415039164658e+00
1.477999999999999936e+01,-1.400095808196408775e+01,1.375802740012386778e+02,3.597974439788779222e+01,1.008550678272865042e+01
1.478999999999999915e+01,-1.386809867388450002e+01,1.370944819614253447e+02,3.584078297597772433e+01,1.030897276414843056e+01
1.480000000000000071e+01,-1.373637859804071937e+01,1.365849064705422506e+02,3.570558244355279953e+01,1.054026831241512063e+01
1.481000000000000050e+01,-1.360585975988624519e+01,1.360523838940817996e+02,3.557433172669067289e+01,1.077930135315843607e+01
1.482000000000000028e+01,-1.347659439743557463e+01,1.354977301299242356e+02,3.544721018596124651e+01,1.102598072358810910e+01
1.483000000000000007e+01,-1.334862509272084452e+01,1.349217307375147925e+02,3.532438797899308014e+01,1.128021943972255237e+01
1.483999999999999986e+01,-1.322198536193866047e+01,1.343251302634593003e+02,3.520602767279206091e+01,1.154193784651906185e+01
1.484999999999999964e+01,-1.309670083755753822e+01,1.337086222515479790e+02,3.509228701284480678e+01,1.181106620696250609e+01
1.485999999999999943e+01,-1.297279097779623669e+01,1.330728413478924210e+02,3.498332260774334657e+01,1.208754634064884215e+01
1.486999999999999922e+01,-1.285027117027176047e+01,1.324183586718465904e+02,3.487929416596515608e+01,1.237133202431733814e+01
1.488000000000000078e+01,-1.272915504457486691e+01,1.317456812509162773e+02,3.478036884013977215e+01,1.266238800486003591e+01
1.489000000000000057e+01,-1.260945677851827185e+01,1.310552558567802350e+02,3.468672520375108093e+01,1.296068763390953116e+01
1.490000000000000036e+01,-1.249119317777766369e+01,1.303474770827178020e+02,3.459855641000794435e+01,1.326620929393819281e+01
1.491000000000000014e+01,-1.237438532881829900e+01,1.296226990262722722e+02,3.451607216046702575e+01,1.357893193014374056e+01
1.491999999999999993e+01,-1.225905966777561140e+01,1.288812495380765881e+02,3.443949923357144627e+01,1.389883011322002204e+01
1.492999999999999972e+01,-1.214524836822918452e+01,1.281234457128313409e+02,3.436908047689723134e+01,1.422586912212663179e+01
1.493999999999999950e+01,-1.203298902158692840e+01,1.273496091619509372e+02,3.430507233420656377e+01,1.456000054520391274e+01
1.494999999999999929e+01,-1.192232365696449747e+01,1.265600796325231698e+02,3.424774114024484817e+01,1.490115885082701475e+01
1.496000000000000085e+01,-1.181329721481758632e+01,1.257552257185516709e+02,3.419735855405701130e+01,1.524925928009746912e+01
1.497000000000000064e+01,-1.170595564276953127e+01,1.249354517250099690e+02,3.415419659952218723e+01,1.560419727465869144e+01
1.498000000000000043e+01,-1.160034381739035503e+01,1.241012001556390771e+02,3.411852282848690976e+01,1.596584948804985160e+01
1.499000000000000021e+01,-1.149650350868536108e+01,1.232529497547911461e+02,3.409059611170076920e+01,1.633407625741173774e+01
1.500000000000000000e+01,-1.139447159387673381e+01,1.223912094911238455e+02,3.407066349651056925e+01,1.670872525295370181e+01
1.500999999999999979e+01,-1.129427869536482731e+01,1.215165092777635465e+02,3.405895845489804685e+01,1.708963589317321663e+01
1.501999999999999957e+01,-1.119594836843833541e+01,1.206293885377820487e+02,3.405570069337133532e+01,1.747664402895621194e+01
1.502999999999999936e+01,-1.109949690297433378e+01,1.197303839147667617e+02,3.406109752389475176e+01,1.786958636912359921e+01
1.503999999999999915e+01,-1.100493373671438846e+01,1.188200174788559451e+02,3.407534662125647884e+01,1.826830414764298283e+01
1.505000000000000071e+01,-1.091226241276393694e+01,1.178987866866185357e+02,3.409863983616669003e+01,1.867264561622620178e+01
1.506000000000000050e+01,-1.082148195744114183e+01,1.169671571309418425e+02,3.413116761239081853e+01,1.908246707690551247e+01
1.507000000000000028e+01,-1.073258851222002974e+01,1.160255587899789163e+02,3.417312348423590151e+01,1.949763233365682424e+01
1.508000000000000007e+01,-1.064557702946122930e+01,1.150743860878773290e+02,3.422470811645224842e+01,1.991801062254165444e+01
1.508999999999999986e+01,-1.056044283816218154e+01,1.141140016567310340e+02,3.428613239464913676e+01,2.034347325646966809e+01
1.509999999999999964e+01,-1.047718290320234757e+01,1.131447432838257328e+02,3.435761917658610543e+01,2.077388937383796019e+01
1.510999999999999943e+01,-1.039579663745165305e+01,1.121669331832257797e+02,3.443940346287552501e+01,2.120912129259386703e+01
1.511999999999999922e+01,-1.031628617663092484e+01,1.111808884820171670e+02,3.453173092408823663e+01,2.164902002949438042e+01
1.513000000000000078e+01,-1.023865608644346104e+01,1.101869316843325208e+02,3.463485491085071999e+01,2.209342154105736000e+01
1.514000000000000057e+01,-1.016291253376519421e+01,1.091853998826723711e+02,3.474903225353197911e+01,2.254214417718278085e+01
1.515000000000000036e+01,-1.008906201195005004e+01,1.081766516235535818e+02,3.487451830864399227e+01,2.299498771668408637e+01
1.516000000000000014e+01,-1.001710975845121965e+01,1.071610705866592355e+02,3.501156181314083682e+01,2.345173418827493705e+01
1.516999999999999993e+01,-9.947058036070991704e+00,1.061390655750241052e+02,3.516040015326539248e+01,2.391215048803445598e+01
1.517999999999999972e+01,-9.878904463998871677e+00,1.051110667015491771e+02,3.532125563536672530e+01,2.437599260526679501e+01
1.518999999999999950e+01,-9.812640580165197690e+00,1.040775180530031463e+02,3.549433326301315361e+01,2.484301108422276272e+01
1.519999999999999929e+01,-9.748250793125290414e+00,1.030388674757772236e+02,3.567982038520948862e+01,2.531295719938919220e+01
1.521000000000000085e+01,-9.685711842410608341e+00,1.019955544212289453e+02,3.587788839828990461e+01,2.578558922377105844e+01
1.522000000000000064e+01,-9.624992835281471315e+00,1.009479969838457833e+02,3.608869647749873621e+01,2.626067813447823696e+01
1.523000000000000043e+01,-9.566055870429485353e+00,9.989657934416437968e+01,3.631239710496879525e+01,2.673801213333669935e+01
1.524000000000000021e+01,-9.508857201289016459e+00,9.884164078405814280e+01,3.654914297117488786e+01,2.721739946026831447e+01
1.525000000000000000e+01,-9.453348839073104415e+00,9.778346728032313706e+01,3.679909467805442347e+01,2.769866913477150661e+01
1.525999999999999979e+01,-9.399480453747957043e+00,9.672228642100641594e+01,3.706242858115898287e+01,2.818166946018120100e+01
1.526999999999999957e+01,-9.347201404080413667e+00,9.565826605497626645e+01,3.733934408689606244e+01,2.866626434562749992e+01
1.527999999999999936e+01,-9.296462718331898856e+00,9.459151671360976366e+01,3.763006977322906721e+01,2.915232771773199971e+01
1.528999999999999915e+01,-9.247218856026982792e+00,9.352209747299527010e+01,3.793486782396429646e+01,2.963973648357073287e+01
1.530000000000000071e+01,-9.199429107452557375e+00,9.245002459448741661e+01,3.825403644570377537e+01,3.012836264621253335e+01
1.531000000000000050e+01,-9.153058528259760962e+00,9.137528202566215896e+01,3.858791015339163266e+01,3.061806524710441124e+01
1.532000000000000028e+01,-9.108078357272187731e+00,9.029783268946478358e+01,3.893685804087928659e+01,3.110868280595391155e+01
1.533000000000000007e+01,-9.064465920779845476e+00,8.921762945238602072e+01,3.930128037055585111e+01,3.160002684740467416e+01
1.533999999999999986e+01,-9.022204080155095340e+00,8.813462474563037574e+01,3.968160399507670633e+01,3.209187695262927775e+01
1.534999999999999964e+01,-8.981280325706169521e+00,8.704877800581995473e+01,4.007827724267153968e+01,3.258397756925088373e+01
1.535999999999999943e+01,-8.941685653310702975e+00,8.596006038098390434e+01,4.049176494001629578e+01,3.307603657769066530e+01
1.536999999999999922e+01,-8.903413378003657286e+00,8.486845648130149300e+01,4.092254420610049692e+01,3.356772537321673155e+01
1.538000000000000078e+01,-8.866458038620132598e+00,8.377396330421143489e+01,4.137110152934461382e+01,3.405868000903630133e+01
1.539000000000000057e+01,-8.830814530095580039e+00,8.267658679098846619e+01,4.183793145011856041e+01,3.454850278306354028e+01
1.540000000000000036e+01,-8.796477567310740042e+00,8.157633674039337279e+01,4.232353693201880418e+01,3.503676356097409439e+01
1.541000000000000014e+01,-8.763441540275055175e+00,8.047322098539723356e+01,4.282843124433507853e+01,3.552300012469191870e+01
1.541999999999999993e+01,-8.731700770045829785e+00,7.936723981198034039e+01,4.335314092552966514e+01,3.600671692290526238e+01
1.542999999999999972e+01,-8.701250123752666710e+00,7.825838155733042356e+01,4.389820918404953431e+01,3.648738177263679461e+01
1.543999999999999950e+01,-8.672085901196032509e+00,7.714662017367841429e+01,4.446419894627832292e+01,3.696442030191411732e+01
1.544999999999999929e+01,-8.644206869852201436e+00,7.603191530078223082e+01,4.505169470324222658e+01,3.743720820797306459e+01
1.546000000000000085e+01,-8.617615303789291303e+00,7.491421508203900714e+01,4.566130234993350712e+01,3.790506170132873365e+01
1.547000000000000064e+01,-8.592317877431449702e+00,7.379346162107201224e+01,4.629364635453000432e+01,3.836722677852822017e+01
1.548000000000000043e+01,-8.568326277918849598e+00,7.266959864554533510e+01,4.694936382815237152e+01,3.882286818130606321e+01
1.549000000000000021e+01,-8.545657428658840260e+00,7.154258066042501696e+01,4.762909536649613074e+01,3.927105902804424176e+01
1.550000000000000000e+01,-8.524333258418980819e+00,7.041238266658383793e+01,4.833347287084480115e+01,3.971077212428387782e+01
1.550999999999999979e+01,-8.504380000339816448e+00,6.927900941652821132e+01,4.906310488967526595e+01,4.014087386358574605e+01
1.551999999999999957e+01,-8.485827057991993883e+00,6.814250318972786147e+01,4.981856031345709823e+01,4.056012142230169104e+01
1.552999999999999936e+01,-8.468705525169777815e+00,6.700294919518957215e+01,5.060035146695071973e+01,4.096716364933989496e+01
1.553999999999999915e+01,-8.453046486975324569e+00,6.586047793555130170e+01,5.140891774469172049e+01,4.136054568437355528e+01
1.555000000000000071e+01,-8.438879257342636109e+00,6.471526417072577431e+01,5.224461090649531769e+01,4.173871694452753900e+01
1.556000000000000050e+01,-8.426229719394612516e+00,6.356752246742473744e+01,5.310768298435385049e+01,4.210004174569253621e+01
1.557000000000000028e+01,-8.415118928598717574e+00,6.241749967649074193e+01,5.399827745906834053e+01,4.244281151721379075e+01
1.558000000000000007e+01,-8.405562115165039927e+00,6.126546500497494918e+01,5.491642396932496695e+01,4.276525737110414838e+01
1.558999999999999986e+01,-8.397568183859211999e+00,6.011169860983002167e+01,5.586203635730328898e+01,4.306556173370697849e+01
1.559999999999999964e+01,-8.391139760262731784e+00,5.895647980716711345e+01,5.683491338473992727e+01,4.334186785947768072e+01
1.560999999999999943e+01,-8.386273777491357606e+00,5.780007604686631595e+01,5.783474103019630519e+01,4.359228632584595431e+01
1.561999999999999922e+01,-8.382962542101967784e+00,5.664273373978128490e+01,5.886109496130739416e+01,4.381489803677946782e+01
1.563000000000000078e+01,-8.381195168087892000e+00,5.548467184851248390e+01,5.991344161760082443e+01,4.400775380145124416e+01
1.564000000000000057e+01,-8.380959228736701405e+00,5.432607887911459699e+01,6.099113637821432121e+01,4.416887114530250358e+01
1.565000000000000036e+01,-8.382242451952299334e+00,5.316711356672343669e+01,6.209341754148007198e+01,4.429622958246445563e+01
1.566000000000000014e+01,-8.385034278251371376e+00,5.200790916753702930e+01,6.321939530076237190e+01,4.438776605396215302e+01
1.566999999999999993e+01,-8.389327113042913453e+00,5.084858089202442955e+01,6.436803552623374003e+01,4.444137254268853354e+01
1.567999999999999972e+01,-8.395117135059024349e+00,4.968923567962489329e+01,6.553813889254006142e+01,4.445489795527186772e+01
1.568999999999999950e+01,-8.402404568051039746e+00,4.852998325975015348e+01,6.672831664441228838e+01,4.442615617777721582e+01
1.569999999999999929e+01,-8.411193378532157539e+00,4.737094729623920131e+01,6.793696497153453606e+01,4.435294176240450525e+01
1.571000000000000085e+01,-8.421490422672521348e+00,4.621227538996875239e+01,6.916224047549937382e+01,4.423305401581467322e+01
1.572000000000000064e+01,-8.433304124043075944e+00,4.505414682114038527e+01,7.040203947272104301e+01,4.406432940036324908e+01
1.573000000000000043e+01,-8.446642814511331920e+00,4.389677713902087675e+01,7.165398382903035213e+01,4.384468122027828940e+01
1.574000000000000021e+01,-8.461512907746245205e+00,4.274041902977730700e+01,7.291541564021989075e+01,4.357214465917740398e+01
1.575000000000000000e+01,-8.477917094439638035e+00,4.158535927914485342e+01,7.418340237596396491e+01,4.324492448439270476e+01
1.575999999999999979e+01,-8.495852748292309187e+00,4.043191205601817728e+01,7.545475315481604639e+01,4.286144225062675162e+01
1.576999999999999957e+01,-8.515310711857869919e+00,3.928040913284141311e+01,7.672604572028625114e+01,4.242037970921955292e+01
1.577999999999999936e+01,-8.536274593388045062e+00,3.813118798819144217e+01,7.799366257949972692e+01,4.192071540724899847e+01
1.578999999999999915e+01,-8.558720653604432016e+00,3.698457897113092230e+01,7.925383380061825278e+01,4.136175213659549144e+01
1.580000000000000071e+01,-8.582618300050846472e+00,3.584089282010490507e+01,8.050268329178641125e+01,4.074313390044780903e+01
1.581000000000000050e+01,-8.607931142585217188e+00,3.470040980749322301e+01,8.173627512196836165e+01,4.006485227921581327e+01
1.582000000000000028e+01,-8.634618503275365953e+00,3.356337162390825313e+01,8.295065665893419293e+01,3.932724333075196910e+01
1.583000000000000007e+01,-8.662637223912932782e+00,3.242997683724484403e+01,8.414189598779860546e+01,3.853097726063290196e+01
1.583999999999999986e+01,-8.691943580121066049e+00,3.130038038676639189e+01,8.530611215360788435e+01,3.767704386503843494e+01
1.584999999999999964e+01,-8.722495096736068376e+00,3.017469713948887033e+01,8.643949809118525707e+01,3.676673703959177431e+01
1.585999999999999943e+01,-8.754252066923003284e+00,2.905300908995259590e+01,8.753833746105777891e+01,3.580164138910857474e+01
1.586999999999999922e+01,-8.787178607200228697e+00,2.793537537348488442e+01,8.859901777734845041e+01,3.478362317851081542e+01
1.588000000000000078e+01,-8.821243129568625108e+00,2.682184393358552654e+01,8.961804298403333746e+01,3.371482663854704498e+01
1.589000000000000057e+01,-8.856418175453093511e+00,2.571246347523899090e+01,9.059204885425805287e+01,3.259767516503261930e+01
1.590000000000000036e+01,-8.892679627496137940e+00,2.460729427450771567e+01,9.151782418084729898e+01,3.143487546503241248e+01
1.591000000000000014e+01,-8.930005386659129130e+00,2.350641651180361436e+01,9.239233972218615065e+01,3.022942146321747714e+01
1.591999999999999993e+01,-8.968373665620500645e+00,2.240993504518765889e+01,9.321278539635595450e+01,2.898459401785558143e+01
1.592999999999999972e+01,-9.007761097834592334e+00,2.131797991723217223e+01,9.397661449525465116e+01,2.770395237541668720e+01
1.593999999999999950e+01,-9.048140889059725467e+00,2.023070235581449339e+01,9.468159199408204074e+01,2.639131388542840639e+01
1.594999999999999929e+01,-9.089481241140049406e+00,1.914826653665249623e+01,9.532584264853387879e+01,2.505071975712810683e+01
1.596000000000000085e+01,-9.131744255311897263e+00,1.807083786862408559e+01,9.590789375754626178e+01,2.368638640526007677e+01
1.597000000000000064e+01,-9.174885476069254864e+00,1.699856898795616900e+01,9.642670739758277421e+01,2.230264394743384671e+01
1.598000000000000043e+01,-9.218854170958994843e+00,1.593158495550582998e+01,9.688169766497709645e+01,2.090386536643874038e+01
1.599000000000000021e+01,-9.263594363078597738e+00,1.486996930540164641e+01,9.727272992320783374e+01,1.949439142020334614e+01
1.600000000000000000e+01,-9.309046549637148615e+00,1.381375257079107399e+01,9.760010104520456764e+01,1.807845730226591030e+01
