f_GHz,S11_dB,S11_deg,ReZin_ohm,ImZin_ohm
1.000000000000000000e+00,-3.521447350678686972e-01,-1.303588485245220454e+02,1.230083655587310920e+00,-2.311350550946332305e+01
1.010000000000000009e+00,-3.529482171372652077e-01,-1.319249002267186768e+02,1.217684095652132648e+00,-2.228967691941335971e+01
1.020000000000000018e+00,-3.553360067745220952e-01,-1.334999337096146803e+02,1.211260006940720002e+00,-2.147108639276256170e+01
1.030000000000000027e+00,-3.592154890686224955e-01,-1.350817518528637891e+02,1.210319508746864781e+00,-2.065855512671162586e+01
1.040000000000000036e+00,-3.643900803110242670e-01,-1.366685441871412081e+02,1.214049701947564452e+00,-1.985266550442017675e+01
1.050000000000000044e+00,-3.705821708207521215e-01,-1.382590785074712585e+02,1.221408326307558578e+00,-1.905367964096784661e+01
1.060000000000000053e+00,-3.774637378251337605e-01,-1.398528385402246101e+02,1.231233435716996061e+00,-1.826148875014844464e+01
1.070000000000000062e+00,-3.846919003920201141e-01,-1.414500947128825885e+02,1.242361614404978942e+00,-1.747559683517283702e+01
1.080000000000000071e+00,-3.919461717221045527e-01,-1.430519007381269319e+02,1.253744608019454088e+00,-1.669513956787346842e+01
1.090000000000000080e+00,-3.989639068461481308e-01,-1.446600154554093649e+02,1.264554249375472672e+00,-1.591893636455220040e+01
1.100000000000000089e+00,-4.055705160115851693e-01,-1.462767566421117351e+02,1.274266383548648518e+00,-1.514557074702983819e+01
1.110000000000000098e+00,-4.117014552701609986e-01,-1.479048005267420081e+02,1.282716250286937365e+00,-1.437349137836621438e+01
1.120000000000000107e+00,-4.174138023849305323e-01,-1.495469465773645368e+02,1.290120431615351171e+00,-1.360112405622000509e+01
1.129999999999999893e+00,-4.228863004889880095e-01,-1.512058709162209880e+02,1.297063795258674546e+00,-1.282698380218894307e+01
1.139999999999999902e+00,-4.284079692926342497e-01,-1.528838928092863512e+02,1.304453456437396852e+00,-1.204977625692465892e+01
1.149999999999999911e+00,-4.343565775866728984e-01,-1.545827769158888714e+02,1.313445136385240186e+00,-1.126847892628616066e+01
1.159999999999999920e+00,-4.411692790965824340e-01,-1.563035896683053068e+02,1.325349929531262960e+00,-1.048239523195080736e+01
1.169999999999999929e+00,-4.493084134630306314e-01,-1.580466220055292013e+02,1.341531056986692727e+00,-9.691177410783417656e+00
1.179999999999999938e+00,-4.592258042256474604e-01,-1.598113836556183571e+02,1.363300554420518340e+00,-8.894817592680835716e+00
1.189999999999999947e+00,-4.713288510052144886e-01,-1.615966671942016433e+02,1.391825118047549825e+00,-8.093609403285642045e+00
1.199999999999999956e+00,-4.859513706966928637e-01,-1.634006739617345261e+02,1.428048784796138504e+00,-7.288084850152523053e+00
1.209999999999999964e+00,-5.033315776036771938e-01,-1.652211890685763933e+02,1.472638097961759929e+00,-6.478932901236482245e+00
1.219999999999999973e+00,-5.235988931822870285e-01,-1.670557893350830909e+02,1.525953229770075747e+00,-5.666907064357706858e+00
1.229999999999999982e+00,-5.467705151192920887e-01,-1.689020660723249421e+02,1.588046425614077828e+00,-4.852729549697745171e+00
1.239999999999999991e+00,-5.727579027479471341e-01,-1.707578439778773713e+02,1.658687212412146561e+00,-4.036999405283609121e+00
1.250000000000000000e+00,-6.013825818066225182e-01,-1.726213779747381238e+02,1.737412090371797335e+00,-3.220111487815502382e+00
1.260000000000000009e+00,-6.323999580626427086e-01,-1.744915114971184096e+02,1.823594872518755849e+00,-2.402192328341564487e+00
1.270000000000000018e+00,-6.655291822417263026e-01,-1.763677825241973096e+02,1.916532431872927322e+00,-1.583057863376116314e+00
1.280000000000000027e+00,-7.004865674885767390e-01,-1.782504675878367664e+02,2.015539403220936165e+00,-7.621965781701887099e-01
1.290000000000000036e+00,-7.370196801910411377e-01,1.798594410442828746e+02,2.120044481528543745e+00,6.122018313723239652e-02
1.300000000000000044e+00,-7.749390681832629690e-01,1.779603240305604857e+02,2.229680534029750749e+00,8.883011079926332876e-01
1.310000000000000053e+00,-8.141447115770178433e-01,1.760500823691330936e+02,2.344360973168442275e+00,1.720373682706262564e+00
1.320000000000000062e+00,-8.546447070429258330e-01,1.741263306843965211e+02,2.464335833545013621e+00,2.558903759687067403e+00
1.330000000000000071e+00,-8.965644076404731821e-01,1.721866188089066156e+02,2.590222744353052775e+00,3.405402723821239430e+00
1.340000000000000080e+00,-9.401451672216831756e-01,1.702286611657758613e+02,2.723010324750988254e+00,4.261330266395370714e+00
1.350000000000000089e+00,-9.857328674927934298e-01,1.682505527790217741e+02,2.864034157140148640e+00,5.128001116368873902e+00
1.360000000000000098e+00,-1.033757401548057953e+00,1.662509524011710482e+02,3.014928049127279408e+00,6.006503505660736764e+00
1.370000000000000107e+00,-1.084705121523988014e+00,1.642292169591127049e+02,3.177555436477846662e+00,6.897635779624345709e+00
1.379999999999999893e+00,-1.139086835245013640e+00,1.621854766758072515e+02,3.353927266369205906e+00,7.801865661204726798e+00
1.389999999999999902e+00,-1.197404213054202193e+00,1.601206460593510883e+02,3.546113442476565236e+00,8.719314552294788356e+00
1.399999999999999911e+00,-1.260117449469114748e+00,1.580363717097178551e+02,3.756154970560409367e+00,9.649767198962502235e+00
1.409999999999999920e+00,-1.327616763548674861e+00,1.559349229871781404e+02,3.985983481307271870e+00,1.059270525751225911e+01
1.419999999999999929e+00,-1.400199886555709483e+00,1.538190356643289647e+02,4.237354029949311318e+00,1.154736185284296646e+01
1.429999999999999938e+00,-1.478057145789497095e+00,1.516917216323085427e+02,4.511796151586676018e+00,1.251279308535159807e+01
1.439999999999999947e+00,-1.561265164772806857e+00,1.495560596092791741e+02,4.810587177902563738e+00,1.348796151690888401e+01
1.449999999999999956e+00,-1.649789596478810516e+00,1.474149827391272538e+02,5.134750787763328717e+00,1.447182584342720979e+01
1.459999999999999964e+00,-1.743496703230527078e+00,1.452710790866939590e+02,5.485082583736879513e+00,1.546343018735579378e+01
1.469999999999999973e+00,-1.842172999710338210e+00,1.431264203700494022e+02,5.862203038499350427e+00,1.646198575717920320e+01
1.479999999999999982e+00,-1.945551591925419377e+00,1.409824327645866049e+02,6.266636349097335135e+00,1.746693716398871743e+01
1.489999999999999991e+00,-2.053343296226591619e+00,1.388398211550731105e+02,6.698911574524254675e+00,1.847800567380506820e+01
1.500000000000000000e+00,-2.165270149543014444e+00,1.366985547060935176e+02,7.159680047261951508e+00,1.949520233972383920e+01
1.510000000000000009e+00,-2.281098584017414943e+00,1.345579170876073078e+02,7.649840712212897742e+00,2.051880546658276216e+01
1.520000000000000018e+00,-2.400669403206591390e+00,1.324166193445817612e+02,8.170663118500055333e+00,2.154929923929133651e+01
1.530000000000000027e+00,-2.523921820472613931e+00,1.302729676827877938e+02,8.723896639978548251e+00,2.258727343783345987e+01
1.540000000000000036e+00,-2.650909231468551397e+00,1.281250729987171439e+02,9.311854403738442088e+00,2.363328763885203188e+01
1.550000000000000044e+00,-2.781805075366221125e+00,1.259710845409256450e+02,9.937461459315095169e+00,2.468770673493698453e+01
1.560000000000000053e+00,-2.916898027700589147e+00,1.238094273140746111e+02,1.060425881278319160e+01,2.575051756500242917e+01
1.570000000000000062e+00,-3.056576754813542518e+00,1.216390221553342172e+02,1.131635779734495983e+01,2.682113863815936838e+01
1.580000000000000071e+00,-3.201305420121032697e+00,1.194594689135904417e+02,1.207834250262521714e+01,2.789823623344006620e+01
1.590000000000000080e+00,-3.351591948489641037e+00,1.172711765721047925e+02,1.289512133925531678e+01,2.897956063781920477e+01
1.600000000000000089e+00,-3.507951642836309780e+00,1.150754289210398440e+02,1.377173212786973444e+01,3.006181611905896034e+01
1.610000000000000098e+00,-3.670869070058935257e+00,1.128743798238225082e+02,1.471310841360147315e+01,3.114057756438507951e+01
1.620000000000000107e+00,-3.840761202232344296e+00,1.106709775871158428e+02,1.572381818921192576e+01,3.221026553256926661e+01
1.629999999999999893e+00,-4.017944658421735760e+00,1.084688229698263342e+02,1.680779001879627543e+01,3.326418949407610626e+01
1.639999999999999902e+00,-4.202609600621605601e+00,1.062719697217649042e+02,1.796804563490259099e+01,3.429466575500419623e+01
1.649999999999999911e+00,-4.394802444599664959e+00,1.040846802155427611e+02,1.920646197413176282e+01,3.529321135099981177e+01
1.659999999999999920e+00,-4.594419080032177582e+00,1.019111518454427170e+02,2.052358833725716991e+01,3.625080759355838467e+01
1.669999999999999929e+00,-4.801209752721631752e+00,9.975523253967482162e+01,2.191854445509665084e+01,3.715821701239003971e+01
1.679999999999999938e+00,-5.014796120169966898e+00,9.762014597182422904e+01,2.338902107174984479e+01,3.800632610181117599e+01
1.689999999999999947e+00,-5.234700218300538666e+00,9.550824865359602711e+01,2.493139493710594934e+01,3.878647555587738083e+01
1.699999999999999956e+00,-5.460384155351728275e+00,9.342084159379065511e+01,2.654095459062194706e+01,3.949073249723583245e+01
1.709999999999999964e+00,-5.691298303129802783e+00,9.135805799114270087e+01,2.821221343516702262e+01,4.011205881384322680e+01
1.719999999999999973e+00,-5.926934669609974726e+00,8.931884485120420436e+01,2.993926563086511905e+01,4.064433866920219174e+01
1.729999999999999982e+00,-6.166881157468411701e+00,8.730105006704305026e+01,3.171612299680710478e+01,4.108224729630077832e+01
1.739999999999999991e+00,-6.410871732663565581e+00,8.530161745235734827e+01,3.353696240612492829e+01,4.142097052122185374e+01
1.750000000000000000e+00,-6.658827340287847285e+00,8.331688120137657450e+01,3.539621693687232096e+01,4.165581576694712140e+01
1.760000000000000009e+00,-6.910882850419925560e+00,8.134293967771178302e+01,3.728846172422334604e+01,4.178178463810490229e+01
1.770000000000000018e+00,-7.167396422194876493e+00,7.937607814162298325e+01,3.920807559431382572e+01,4.179319852725397055e+01
1.780000000000000027e+00,-7.428939326633411611e+00,7.741320284125038143e+01,4.114869826903770900e+01,4.168347719525205264e+01
1.790000000000000036e+00,-7.696266227991275244e+00,7.545224612662673280e+01,4.310254493832643874e+01,4.144516309049535607e+01
1.800000000000000044e+00,-7.970267881118491715e+00,7.349250429094989556e+01,4.505967955351146514e+01,4.107026028630220793e+01
1.810000000000000053e+00,-8.251909865986291948e+00,7.153487607554662020e+01,4.700737938234450297e+01,4.055091680535468868e+01
1.820000000000000062e+00,-8.542162152601662228e+00,6.958197877457098457e+01,4.892973979460175826e+01,3.988042471965701452e+01
1.830000000000000071e+00,-8.841924912394560465e+00,6.763812891047591336e+01,5.080766286072051230e+01,3.905444814308263801e+01
1.840000000000000080e+00,-9.151956144500033474e+00,6.570918402283912485e+01,5.261933937583900445e+01,3.807232351801131642e+01
1.850000000000000089e+00,-9.472806534722344907e+00,6.380225038167242957e+01,5.434126772710347097e+01,3.693822309436745854e+01
1.860000000000000098e+00,-9.804766695614359762e+00,6.192526840382193143e+01,5.594975839454998123e+01,3.566194890185755639e+01
1.870000000000000107e+00,-1.014783167461426672e+01,6.008649397031454242e+01,5.742276474533507979e+01,3.425914770712000745e+01
1.879999999999999893e+00,-1.050168737426144183e+01,5.829390089259309349e+01,5.874178514090362313e+01,3.275081554385182869e+01
1.889999999999999902e+00,-1.086572316936759997e+01,5.655453856889732123e+01,5.989352898721958951e+01,3.116208505182407151e+01
1.899999999999999911e+00,-1.123907425899498769e+01,5.487388986437874649e+01,6.087105401025214491e+01,2.952043290204925086e+01
1.909999999999999920e+00,-1.162069580526712897e+01,5.325528664879874441e+01,6.167416844731761216e+01,2.785356876743351506e+01
1.919999999999999929e+00,-1.200946837162289782e+01,5.169945177465795894e+01,6.230903034615317893e+01,2.618733472393077122e+01
1.929999999999999938e+00,-1.240433046946442808e+01,5.020424246727267814e+01,6.278702865505299258e+01,2.454393543308479408e+01
1.939999999999999947e+00,-1.280442942970171316e+01,4.876466613619932389e+01,6.312315573599379093e+01,2.294074117826518489e+01
1.949999999999999956e+00,-1.320927710856900106e+01,4.737322130106828411e+01,6.333414948664730559e+01,2.138978528374479282e+01
1.959999999999999964e+00,-1.361889332147779008e+01,4.602058250359672087e+01,6.343668804208256518e+01,1.989795030748480187e+01
1.969999999999999973e+00,-1.403391869456789465e+01,4.469660259044574246e+01,6.344587328520233882e+01,1.846773328970535388e+01
1.979999999999999982e+00,-1.445568074465920461e+01,4.339155773758034940e+01,6.337416354986502398e+01,1.709841448839889821e+01
1.989999999999999991e+00,-1.488620244145409899e+01,4.209752226777729334e+01,6.323083287251017026e+01,1.578742711957104383e+01
2.000000000000000000e+00,-1.532815014538631004e+01,4.080974264156594700e+01,6.302195859010594603e+01,1.453172938140212800e+01
2.009999999999999787e+00,-1.578472569017402094e+01,3.952788806660345955e+01,6.275087718810497250e+01,1.332900421321113527e+01
2.020000000000000018e+00,-1.625951339744910484e+01,3.825708578858840525e+01,6.241900072058229654e+01,1.217854928081481525e+01
2.029999999999999805e+00,-1.675629552155725932e+01,3.700869198060198073e+01,6.202685218138227441e+01,1.108176590429658148e+01
2.040000000000000036e+00,-1.727884868787433703e+01,3.580079076466500965e+01,6.157515892320823525e+01,1.004220937728895358e+01
2.049999999999999822e+00,-1.783073006868814048e+01,3.465844225045153593e+01,6.106584179284490688e+01,9.065221652642225791e+00
2.060000000000000053e+00,-1.841505681987170462e+01,3.361370801670689445e+01,6.050275741590619560e+01,8.157224708320294226e+00
2.069999999999999840e+00,-1.903427743742624045e+01,3.270546682657538184e+01,5.989209231346428197e+01,7.324799893817312224e+00
2.080000000000000071e+00,-1.968993096032587431e+01,3.197899656963669557e+01,5.924236510110767284e+01,6.573705451821511225e+00
2.089999999999999858e+00,-2.038239114371949512e+01,3.148524633868300171e+01,5.856405634557025763e+01,5.907984827916144432e+00
2.100000000000000089e+00,-2.111059979828393907e+01,3.127966657329733735e+01,5.786894164892673587e+01,5.329292423229172293e+00
2.109999999999999876e+00,-2.187180836340393597e+01,3.142042718942039770e+01,5.716924100648052587e+01,4.836518217051350987e+00
2.120000000000000107e+00,-2.266137024207604611e+01,3.196587323345885423e+01,5.647671091194116144e+01,4.425739828627422767e+00
2.129999999999999893e+00,-2.347265520085012014e+01,3.297120641419365228e+01,5.580179649159499888e+01,4.090482077284497642e+00
2.140000000000000124e+00,-2.429717886575834740e+01,3.448470851904979639e+01,5.515293598919868856e+01,3.822228403525769647e+00
2.149999999999999911e+00,-2.512502866419580272e+01,3.654436192718330290e+01,5.453607817789183798e+01,3.611108701923238851e+00
2.160000000000000142e+00,-2.594558475863794200e+01,3.917634031017625063e+01,5.395444251722409490e+01,3.446682342774776142e+00
2.169999999999999929e+00,-2.674835310622854934e+01,4.239713724304566256e+01,5.340852659844146899e+01,3.318738753716492518e+00
2.180000000000000160e+00,-2.752347323929899403e+01,4.622043208123162827e+01,5.289634649781455522e+01,3.218045912195408587e+00
2.189999999999999947e+00,-2.826125086192563884e+01,5.066760718949848297e+01,5.241388135453856734e+01,3.136986094053586083e+00
2.200000000000000178e+00,-2.895008555083899893e+01,5.577714959730348454e+01,5.195568118350186637e+01,3.070027315851620919e+00
2.209999999999999964e+00,-2.957262747631267175e+01,6.160385223020676904e+01,5.151558480036568000e+01,3.013989362240556691e+00
2.220000000000000195e+00,-3.010112124036339054e+01,6.819571238158849269e+01,5.108748289314292634e+01,2.968077412708384877e+00
2.229999999999999982e+00,-3.049482373171586858e+01,7.553931630642030370e+01,5.066605202473906644e+01,2.933675860263647461e+00
2.240000000000000213e+00,-3.070438752222573697e+01,8.348244415976101607e+01,5.024738242438096592e+01,2.913919765966870301e+00
2.250000000000000000e+00,-3.068693007013649421e+01,9.167956951892921325e+01,4.982942940091130168e+01,2.913088638205286962e+00
2.259999999999999787e+00,-3.042711601288471712e+01,9.962931320722934458e+01,4.941223668701967853e+01,2.935891711076961563e+00
2.270000000000000018e+00,-2.994927910721097319e+01,1.068192902159937177e+02,4.899790835226127683e+01,2.986729777092791860e+00
2.279999999999999805e+00,-2.930954588779405157e+01,1.128872455024119148e+02,4.859033919680520341e+01,3.069021537251623410e+00
2.290000000000000036e+00,-2.857493373301715067e+01,1.176894838920793092e+02,4.819474500094089819e+01,3.184671261749609794e+00
2.299999999999999822e+00,-2.780509982088949528e+01,1.212650003688047633e+02,4.781705732447341717e+01,3.333731995521837188e+00
2.310000000000000053e+00,-2.704428233994629593e+01,1.237580540762426295e+02,4.746325891808115927e+01,3.514290074983495771e+00
2.319999999999999840e+00,-2.632124829967934687e+01,1.253522105974377610e+02,4.713873493932403136e+01,3.722568587984679045e+00
2.330000000000000071e+00,-2.565256752439302090e+01,1.262313467114038446e+02,4.684770484604157303e+01,3.953224520998324554e+00
2.339999999999999858e+00,-2.504621905701266726e+01,1.265621308418298696e+02,4.659278441598790010e+01,4.199799009430945418e+00
2.350000000000000089e+00,-2.450442440807386291e+01,1.264886927780031840e+02,4.637471093076648287e+01,4.455271974688935543e+00
2.359999999999999876e+00,-2.402558061149040824e+01,1.261327710647677804e+02,4.619224972908864402e+01,4.712669365199879223e+00
2.370000000000000107e+00,-2.360549089672056766e+01,1.255956333292562164e+02,4.604228762592278912e+01,4.965670685168908527e+00
2.379999999999999893e+00,-2.323813353019493633e+01,1.249600319530609482e+02,4.592010702800533295e+01,5.209164809613427316e+00
2.390000000000000124e+00,-2.291616932208730617e+01,1.242915267094786316e+02,4.581982222003667715e+01,5.439703148060138993e+00
2.399999999999999911e+00,-2.263133873099761573e+01,1.236390636230892142e+02,4.573494506250045077e+01,5.655802549967955173e+00
2.410000000000000142e+00,-2.237485653392151974e+01,1.230350177997860612e+02,4.565903160270598704e+01,5.858058392376451984e+00
2.419999999999999929e+00,-2.213787173385681228e+01,1.224951191127330503e+02,4.558634623449430023e+01,6.049043211267027154e+00
2.430000000000000160e+00,-2.191201542030323779e+01,1.220188094469221767e+02,4.551247003789045920e+01,6.232988516383144884e+00
2.439999999999999947e+00,-2.169000755663481783e+01,1.215905882915639467e+02,4.543477910718265633e+01,6.415274905624131385e+00
2.450000000000000178e+00,-2.146624312708451043e+01,1.211827333930695687e+02,4.535272988788622683e+01,6.601783469453639697e+00
2.459999999999999964e+00,-2.123724621858222505e+01,1.207594272718045971e+02,4.526791160318467178e+01,6.798183525369333680e+00
2.470000000000000195e+00,-2.100188568870090222e+01,1.202818702466158527e+02,4.518385700091145196e+01,7.009242402224821866e+00
2.479999999999999982e+00,-2.076129328722047163e+01,1.197135940982091142e+02,4.510563550670865851e+01,7.238239537224572473e+00
2.490000000000000213e+00,-2.051849821193613721e+01,1.190250792018324830e+02,4.503928053152829847e+01,7.486550657935927333e+00
2.500000000000000000e+00,-2.027785992790709457e+01,1.181969741342557114e+02,4.499112009721149263e+01,7.753442796829400407e+00
2.509999999999999787e+00,-2.004441609676587177e+01,1.172216160257632680e+02,4.496708540609481730e+01,8.036093422075900605e+00
2.520000000000000018e+00,-1.982325638088710207e+01,1.161029640317417204e+02,4.497206718703270667e+01,8.329822519069780995e+00
2.529999999999999805e+00,-1.961899774227211424e+01,1.148553326341925782e+02,4.500937844922759723e+01,8.628508162921278313e+00
2.540000000000000036e+00,-1.943539348072688355e+01,1.135013943684391791e+02,4.508036881459752010e+01,8.925144307474882410e+00
2.549999999999999822e+00,-1.927507357276309108e+01,1.120698536279524262e+02,4.518422270555060294e+01,9.212492352790013328e+00
2.560000000000000053e+00,-1.913939521784359599e+01,1.105930534712534978e+02,4.531796201696063520e+01,9.483772939602639340e+00
2.569999999999999840e+00,-1.902837905685318987e+01,1.091046359580026746e+02,4.547666216960042362e+01,9.733339487595763728e+00
2.580000000000000071e+00,-1.894071353174053485e+01,1.076372755686664249e+02,4.565387625352948220e+01,9.957270222766364753e+00
2.589999999999999858e+00,-1.887382189878137950e+01,1.062204617724865869e+02,4.584224336743783823e+01,1.015381301709494011e+01
2.600000000000000089e+00,-1.882399873461647033e+01,1.048783229050106343e+02,4.603423421153546258e+01,1.032362110774170993e+01
2.609999999999999876e+00,-1.878663114849329929e+01,1.036275527452707053e+02,4.622296237940890506e+01,1.046973161090227222e+01
2.620000000000000107e+00,-1.875652024306959120e+01,1.024756076704913994e+02,4.640296931336266795e+01,1.059726470033830559e+01
2.629999999999999893e+00,-1.872830715191222950e+01,1.014194549930054450e+02,4.657088153240143669e+01,1.071285762812494369e+01
2.640000000000000124e+00,-1.869698418123501327e+01,1.004452226322038371e+02,4.672584615965270416e+01,1.082388831816361474e+01
2.649999999999999911e+00,-1.865843935789675712e+01,9.952906827869372819e+01,4.686967650967114452e+01,1.093757892250027020e+01
2.660000000000000142e+00,-1.860995293867379630e+01,9.863941358964150652e+01,4.700667952949820005e+01,1.106009136734205889e+01
2.669999999999999929e+00,-1.855055221543620547e+01,9.774039345763732456e+01,4.714318250469626292e+01,1.119572892760590044e+01
2.680000000000000160e+00,-1.848114777692909172e+01,9.679604441537544801e+01,4.728681725713390449e+01,1.134634043521190527e+01
2.689999999999999947e+00,-1.840441943353478749e+01,9.577453553017349464e+01,4.744564783880113623e+01,1.151099259939798181e+01
2.700000000000000178e+00,-1.832447753517062949e+01,9.465173387358856871e+01,4.762723913492374805e+01,1.168593985804464985e+01
2.709999999999999964e+00,-1.824637248007563528e+01,9.341360020834454758e+01,4.783776087220590512e+01,1.186488837574388278e+01
2.720000000000000195e+00,-1.817554489675667995e+01,9.205723177800612689e+01,4.808120990677812046e+01,1.203952598906116833e+01
2.729999999999999982e+00,-1.811729897730511496e+01,9.059067129509469396e+01,4.835881957102422035e+01,1.220027329639919067e+01
2.740000000000000213e+00,-1.807635244955840292e+01,8.903178505468386561e+01,4.866871234410670155e+01,1.233719933582740858e+01
2.750000000000000000e+00,-1.805648388329770171e+01,8.740655315111571610e+01,4.900584146885952919e+01,1.244103370110247830e+01
2.759999999999999787e+00,-1.806027309057237318e+01,8.574704561509402367e+01,4.936225490553240292e+01,1.250419220167019674e+01
2.770000000000000018e+00,-1.808891836539488551e+01,8.408923761293095822e+01,4.972769554650243151e+01,1.252171562642677571e+01
2.779999999999999805e+00,-1.814211497238459714e+01,8.247069623708672736e+01,5.009051989440431640e+01,1.249200594452377544e+01
2.790000000000000036e+00,-1.821798981423811625e+01,8.092808629720323665e+01,5.043887239423097668e+01,1.241724049844034816e+01
2.799999999999999822e+00,-1.831310398590018451e+01,7.949441617671179472e+01,5.076199997457879221e+01,1.230336251167525141e+01
2.810000000000000053e+00,-1.842255368851796149e+01,7.819599537458147154e+01,5.105154389138278503e+01,1.215959174392793152e+01
2.819999999999999840e+00,-1.854021463037603823e+01,7.704921585107354076e+01,5.130262042624769947e+01,1.199746978233858208e+01
2.830000000000000071e+00,-1.865917659332008682e+01,7.605749464407865901e+01,5.151451251893738714e+01,1.182953675850350450e+01
2.839999999999999858e+00,-1.877239261242672796e+01,7.520897701478546082e+01,5.169084523498464279e+01,1.166780883605860808e+01
2.850000000000000089e+00,-1.887351456370533853e+01,7.447578474651731995e+01,5.183919940536299720e+01,1.152226725148535280e+01
2.859999999999999876e+00,-1.895781111439680444e+01,7.381554318326480768e+01,5.197020869615139560e+01,1.139956793761045972e+01
2.870000000000000107e+00,-1.902299328194849792e+01,7.317551303256777828e+01,5.209626159587708116e+01,1.130213855348818086e+01
2.879999999999999893e+00,-1.906974947488838978e+01,7.249893908012849408e+01,5.222997418372425216e+01,1.122776308556396430e+01
2.890000000000000124e+00,-1.910184561131150360e+01,7.173248861301853196e+01,5.238260823807044630e+01,1.116968461403284074e+01
2.899999999999999911e+00,-1.912576513018370150e+01,7.083327246938532085e+01,5.256259142423729713e+01,1.111720193698951142e+01
2.910000000000000142e+00,-1.914999383862181404e+01,6.977414381628690876e+01,5.277426811424865605e+01,1.105670262950033411e+01
2.919999999999999929e+00,-1.918413295123785645e+01,6.854663879603997145e+01,5.301698593728398379e+01,1.097305927655621538e+01
2.930000000000000160e+00,-1.923802190651484523e+01,6.716169746807064200e+01,5.328461193788420047e+01,1.085130452641974230e+01
2.939999999999999947e+00,-1.932098811748362976e+01,6.564883918467771196e+01,5.356556995880348637e+01,1.067847998466559822e+01
2.950000000000000178e+00,-1.944125453996365493e+01,6.405462715533217022e+01,5.384348411095677989e+01,1.044551475434008658e+01
2.959999999999999964e+00,-1.960546178222687530e+01,6.244110550224129952e+01,5.409848264305642118e+01,1.014893398482356801e+01
2.970000000000000195e+00,-1.981821293609462131e+01,6.088456323079801535e+01,5.430914514774246271e+01,9.792143511861164384e+00
2.979999999999999982e+00,-2.008152443740668147e+01,5.947456254463972414e+01,5.445495999135567189e+01,9.386014178364391114e+00
2.990000000000000213e+00,-2.039406122597473470e+01,5.831266166261269035e+01,5.451901734828204127e+01,8.948532516663423309e+00
3.000000000000000000e+00,-2.075005835537726284e+01,5.750959126982756686e+01,5.449054035295105791e+01,8.503412239885694390e+00
3.009999999999999787e+00,-2.113792096679117094e+01,5.717875497207546687e+01,5.436680872242073548e+01,8.077759380620227248e+00
3.020000000000000018e+00,-2.153872528508356865e+01,5.742301348952778284e+01,5.415409702112776813e+01,7.699099753322104611e+00
3.029999999999999805e+00,-2.192530209762723103e+01,5.831169060160652862e+01,5.386743234765948785e+01,7.392235115277055790e+00
3.040000000000000036e+00,-2.226322507762708014e+01,5.984770997262796044e+01,5.352922100821648854e+01,7.176431471793100592e+00
3.049999999999999822e+00,-2.251534932196761218e+01,6.193314213850745631e+01,5.316701727313641612e+01,7.063344072070501412e+00
3.060000000000000053e+00,-2.265045238403244099e+01,6.435323788944262446e+01,5.281083562802222531e+01,7.055889966242642863e+00
3.069999999999999840e+00,-2.265341977164237619e+01,6.680192288041801874e+01,5.249041113641804657e+01,7.148066155966382063e+00
3.080000000000000071e+00,-2.253145504664534826e+01,6.895104146080589658e+01,5.223271291667004590e+01,7.325551346494380667e+00
3.089999999999999858e+00,-2.231212528128059702e+01,7.053158005322369206e+01,5.205986877678181202e+01,7.566860835231289606e+00
3.100000000000000089e+00,-2.203468806656692536e+01,7.138451644484091219e+01,5.198752397768946309e+01,7.844845544664723391e+00
3.109999999999999876e+00,-2.174023199803567152e+01,7.146509898176162778e+01,5.202357523151582797e+01,8.128407595991605561e+00
3.120000000000000107e+00,-2.146505522458003767e+01,7.081584248372554669e+01,5.216720917585253403e+01,8.384405414797207357e+00
3.129999999999999893e+00,-2.123818163771734646e+01,6.953224201490276357e+01,5.240822902602845801e+01,8.579802337841899273e+00
3.140000000000000124e+00,-2.108169776858857603e+01,6.773601470552257808e+01,5.272675577091833787e+01,8.684141733955417664e+00
3.149999999999999911e+00,-2.101231414455252278e+01,6.555977831500129582e+01,5.309351044417838494e+01,8.672384002432298900e+00
3.160000000000000142e+00,-2.104311893261778721e+01,6.314159516082919055e+01,5.347097627919721674e+01,8.528003745955221149e+00
3.169999999999999929e+00,-2.118504293620620516e+01,6.062682888218408550e+01,5.381574442586116191e+01,8.246030737450297465e+00
3.180000000000000160e+00,-2.144783558017694602e+01,5.817574855761344566e+01,5.408220458853855916e+01,7.835479757593713401e+00
3.189999999999999947e+00,-2.184036908101204943e+01,5.597677217022275187e+01,5.422742655302147341e+01,7.320455308742845446e+00
3.200000000000000178e+00,-2.236984593918536035e+01,5.426655652076349412e+01,5.421664331909943257e+01,6.739265908022304963e+00
3.209999999999999964e+00,-2.303885600595728533e+01,5.335857586654464768e+01,5.402834603105840472e+01,6.141223976933343209e+00
3.220000000000000195e+00,-2.383791001026479250e+01,5.367852670206517729e+01,5.365784701261797096e+01,5.581397449674427413e+00
3.229999999999999982e+00,-2.472890978993808631e+01,5.578779484765347263e+01,5.311841167644142558e+01,5.114212914951700384e+00
3.240000000000000213e+00,-2.561447665735386892e+01,6.031994127151827456e+01,5.243967072660507966e+01,4.787201263839729215e+00
3.250000000000000000e+00,-2.630311984704163919e+01,6.764746963340908792e+01,5.166376357888209014e+01,4.636126329258588363e+00
3.259999999999999787e+00,-2.653526301449467084e+01,7.716827476952475706e+01,5.084021582389846827e+01,4.682266599699603127e+00
3.270000000000000018e+00,-2.615188033229944509e+01,8.693647081345461913e+01,5.002071041586238209e+01,4.931958610849695113e+00
3.279999999999999805e+00,-2.525280309947669721e+01,9.478881914259197572e+01,4.925468043278080899e+01,5.377944065339253399e+00
3.290000000000000036e+00,-2.409225760148177642e+01,9.977132604292447127e+01,4.858620589029218451e+01,6.001772789383604589e+00
3.299999999999999822e+00,-2.288497871307750131e+01,1.020825503382027506e+02,4.805225006366845264e+01,6.776516920841489267e+00
3.310000000000000053e+00,-2.174825656600724244e+01,1.023282779550716555e+02,4.768196118877112610e+01,7.669248436950552694e+00
3.319999999999999840e+00,-2.073064203017986884e+01,1.010872328458491580e+02,4.749662943763829759e+01,8.642995119935221737e+00
3.330000000000000071e+00,-1.984601121861998863e+01,9.880086913960096240e+01,4.750989208423050059e+01,9.658127851860138335e+00
3.339999999999999858e+00,-1.909340061343508665e+01,9.578490756897461722e+01,4.772786508723730492e+01,1.067330555684082860e+01
3.350000000000000089e+00,-1.846640321294464826e+01,9.226381782672919485e+01,4.814900166157599415e+01,1.164621161538450345e+01
3.359999999999999876e+00,-1.795723188540369364e+01,8.840050627210577261e+01,4.876361510866885141e+01,1.253436962664215137e+01
3.370000000000000107e+00,-1.755834693815731740e+01,8.431740645867324702e+01,4.955314917247972772e+01,1.329633468856938983e+01
3.379999999999999893e+00,-1.726301441483282417e+01,8.011072489555473908e+01,5.048943397798851862e+01,1.389351239050387221e+01
3.390000000000000124e+00,-1.706540089870725296e+01,7.586005621591017700e+01,5.153431734182452573e+01,1.429274161405036025e+01
3.399999999999999911e+00,-1.696046435171256306e+01,7.163502750763706217e+01,5.264017274557382819e+01,1.446956839559162766e+01
3.410000000000000142e+00,-1.694374523161766888e+01,6.750006383959386369e+01,5.375179015388485482e+01,1.441183996419622737e+01
3.419999999999999929e+00,-1.701109065755391114e+01,6.351794945596762432e+01,5.480997700645168180e+01,1.412291851184283864e+01
3.430000000000000160e+00,-1.715830912152644672e+01,5.975256206288609206e+01,5.575679466222236869e+01,1.362358052978329681e+01
3.439999999999999947e+00,-1.738073396721822661e+01,5.627092107839007440e+01,5.654179242920930903e+01,1.295169492601112182e+01
3.450000000000000178e+00,-1.767266372369121186e+01,5.314445692908272889e+01,5.712807195644430180e+01,1.215917324585559989e+01
3.459999999999999964e+00,-1.802664825977218044e+01,5.044912697015134739e+01,5.749678752311795193e+01,1.130640422725963568e+01
3.470000000000000195e+00,-1.843261251506082488e+01,4.826364313257557370e+01,5.764895077612909802e+01,1.045516544276026494e+01
3.479999999999999982e+00,-1.887687624076049531e+01,4.666466869688374430e+01,5.760411725982923770e+01,9.661496174581955643e+00
3.490000000000000213e+00,-1.934126906328784301e+01,4.571758312424941550e+01,5.739639571588482880e+01,8.969984457267685229e+00
3.500000000000000000e+00,-1.980277079046328481e+01,4.546181658340568532e+01,5.706886740726289986e+01,8.410403344100359391e+00
3.509999999999999787e+00,-2.023436189043433586e+01,4.589167414350620078e+01,5.666770102287898681e+01,7.996898276038304942e+00
3.520000000000000018e+00,-2.060780549792267990e+01,4.693760616618711623e+01,5.623701741448536495e+01,7.729301082173180681e+00
3.529999999999999805e+00,-2.089850082873422821e+01,4.845770455918388819e+01,5.581509817999835121e+01,7.595820145973569026e+00
3.540000000000000036e+00,-2.109120853237954307e+01,5.025008346433092044e+01,5.543207333953851901e+01,7.576340046412093798e+00
3.549999999999999822e+00,-2.118414302300120156e+01,5.208859440837900223e+01,5.510891091455540902e+01,7.645744907140232804e+00
3.560000000000000053e+00,-2.118914643605323533e+01,5.376978183180535353e+01,5.485739828537331420e+01,7.776920343371121369e+00
3.569999999999999840e+00,-2.112778739761026614e+01,5.515072594029182085e+01,5.468080989091077271e+01,7.943291567673330889e+00
3.580000000000000071e+00,-2.102549457545423550e+01,5.616409486762146486e+01,5.457503118265170627e+01,8.120878167863121888e+00
3.589999999999999858e+00,-2.090629929925601260e+01,5.681125125314685675e+01,5.452999609576368556e+01,8.289890377198721794e+00
3.600000000000000089e+00,-2.078955987654732951e+01,5.714352748126272274e+01,5.453135700200933655e+01,8.435881204533925981e+00
3.609999999999999876e+00,-2.068864808550586432e+01,5.724171153574344117e+01,5.456232592027708961e+01,8.550435112681059380e+00
3.620000000000000107e+00,-2.061091485107562349e+01,5.719906530445347670e+01,5.460560538181410095e+01,8.631347108216546715e+00
3.629999999999999893e+00,-2.055825622640055172e+01,5.710891012624581009e+01,5.464528257036837999e+01,8.682248671628606473e+00
3.640000000000000124e+00,-2.052787360781316650e+01,5.705568675363868181e+01,5.466851613775646257e+01,8.711678639036142258e+00
3.649999999999999911e+00,-2.051309369528876658e+01,5.710800325477307382e+01,5.466682786041140929e+01,8.731671278938264891e+00
3.660000000000000142e+00,-2.050429174016622724e+01,5.731271498239647855e+01,5.463683897790185284e+01,8.756018390050750000e+00
3.669999999999999929e+00,-2.049003314341518234e+01,5.768999688746352916e+01,5.458036459800975848e+01,8.798427644068615550e+00
3.680000000000000160e+00,-2.045851240620992684e+01,5.823031973724515353e+01,5.450388108640394336e+01,8.870820743879233916e+00
3.689999999999999947e+00,-2.039923031601059833e+01,5.889483621101064159e+01,5.441748124499541461e+01,8.981983348249091392e+00
3.700000000000000178e+00,-2.030465512793743699e+01,5.962046039257158014e+01,5.433350186476434374e+01,9.136704825348274994e+00
3.709999999999999964e+00,-2.017146789226594095e+01,6.032966715982917805e+01,5.426503242394810655e+01,9.335454168965121369e+00
3.720000000000000195e+00,-2.000101942058879345e+01,6.094319444113259721e+01,5.422449425124288069e+01,9.574555401514311725e+00
3.729999999999999982e+00,-1.979886054710210885e+01,6.139247981553507572e+01,5.422243175736882392e+01,9.846769579085899338e+00
3.740000000000000213e+00,-1.957353015947979813e+01,6.162874148401782293e+01,5.426660127195799532e+01,1.014216603976747599e+01
3.750000000000000000e+00,-1.933500656902950254e+01,6.162707692212023147e+01,5.436139467502444234e+01,1.044916646167123098e+01
3.759999999999999787e+00,-1.909324121193493085e+01,6.138582244028344803e+01,5.450760214666783554e+01,1.075565967343518992e+01
3.770000000000000018e+00,-1.885704440527007719e+01,6.092266723778797655e+01,5.470250035720940218e+01,1.105010136948585853e+01
3.779999999999999805e+00,-1.863340382629432668e+01,6.026929239831078888e+01,5.494024307409119956e+01,1.132252365231200741e+01
3.790000000000000036e+00,-1.842718210362104259e+01,5.946589586032487063e+01,5.521252246551991760e+01,1.156538325183243821e+01
3.799999999999999822e+00,-1.824108583700130382e+01,5.855634376608742286e+01,5.550945504348138115e+01,1.177417824868008367e+01
3.810000000000000053e+00,-1.807580320510168903e+01,5.758418038555517882e+01,5.582062418823930727e+01,1.194776824140802240e+01
3.819999999999999840e+00,-1.793023883966963083e+01,5.658944113402793619e+01,5.613618490985407306e+01,1.208834934128982752e+01
3.830000000000000071e+00,-1.780180917372164728e+01,5.560612179981151115e+01,5.644791397816676692e+01,1.220106706197075042e+01
3.839999999999999858e+00,-1.768678686944089407e+01,5.466019460033670896e+01,5.675007977160331052e+01,1.229329512017967296e+01
3.850000000000000089e+00,-1.758069473607753963e+01,5.376816221393523421e+01,5.704001894701881525e+01,1.237365800344189637e+01
3.859999999999999876e+00,-1.747874729889645096e+01,5.293624908074370694e+01,5.731834301107934948e+01,1.245091744023303093e+01
3.870000000000000107e+00,-1.737632411909418906e+01,5.216039671856876225e+01,5.758875097898354056e+01,1.253286568760537989e+01
3.879999999999999893e+00,-1.726943843085248176e+01,5.142721690075231322e+01,5.785748235316710719e+01,1.262536525492481232e+01
3.890000000000000124e+00,-1.715514624788583475e+01,5.071594487626586556e+01,5.813249390427378671e+01,1.273164677106498566e+01
3.899999999999999911e+00,-1.703183466602537877e+01,5.000124415842422110e+01,5.842247404877213768e+01,1.285193279093139296e+01
3.910000000000000142e+00,-1.689934036715967025e+01,4.925650752153394762e+01,5.873581668961869440e+01,1.298340733678504222e+01
3.919999999999999929e+00,-1.675887931070634806e+01,4.845716000150601843e+01,5.907966575249894703e+01,1.312050937329238565e+01
3.930000000000000160e+00,-1.661280661099345579e+01,4.758346213775542566e+01,5.945911993444421739e+01,1.325549898735709320e+01
3.939999999999999947e+00,-1.646425778030703668e+01,4.662244102122895129e+01,5.987666232662159871e+01,1.337922807928915958e+01
3.950000000000000178e+00,-1.631673815811657491e+01,4.556878817828336281e+01,6.033185682678753636e+01,1.348203925737317022e+01
3.959999999999999964e+00,-1.617372397431967457e+01,4.442477521046622968e+01,6.082133391500146047e+01,1.355471256270100078e+01
3.970000000000000195e+00,-1.603832156517580643e+01,4.319938542248176105e+01,6.133907033947639320e+01,1.358937627588073127e+01
3.979999999999999982e+00,-1.591300972838872063e+01,4.190691889089202249e+01,6.187694694004301255e+01,1.358029510888521330e+01
3.990000000000000213e+00,-1.579947169294287335e+01,4.056531438669465928e+01,6.242554351204024243e+01,1.352444964133489158e+01
4.000000000000000000e+00,-1.569851150140589624e+01,3.919437791635267843e+01,6.297509962124307492e+01,1.342183009666065807e+01
4.009999999999999787e+00,-1.561004487907229610e+01,3.781404740492322247e+01,6.351654009183211258e+01,1.327539030331010395e+01
4.019999999999999574e+00,-1.553315478477485811e+01,3.644277801210158430e+01,6.404244145365896657e+01,1.309064555812866715e+01
4.030000000000000249e+00,-1.546620396501595351e+01,3.509611136821579436e+01,6.454780982907040254e+01,1.287494736695467346e+01
4.040000000000000036e+00,-1.540699838828002477e+01,3.378549251819411126e+01,6.503055765545816769e+01,1.263651949583637268e+01
4.049999999999999822e+00,-1.535299461607626981e+01,3.251741100613721613e+01,6.549160631319827530e+01,1.238338126530497085e+01
4.059999999999999609e+00,-1.530154024211886465e+01,3.129295336069484534e+01,6.593459708848530454e+01,1.212230473307437606e+01
4.070000000000000284e+00,-1.525013007424527345e+01,3.010784829832929077e+01,6.636525180179370409e+01,1.185794704082161033e+01
4.080000000000000071e+00,-1.519665367565054126e+01,2.895305195880482430e+01,6.679047399373223470e+01,1.159226994380071574e+01
4.089999999999999858e+00,-1.513960512978512973e+01,2.781585626671763478e+01,6.721731269707653667e+01,1.132431381533253756e+01
4.099999999999999645e+00,-1.507822634663399342e+01,2.668141985818848028e+01,6.765192079326824626e+01,1.105034412715773762e+01
4.110000000000000320e+00,-1.501256241843989514e+01,2.553454039818473831e+01,6.809863191460812004e+01,1.076434375348392258e+01
4.120000000000000107e+00,-1.494342056812553565e+01,2.436143584401565221e+01,6.855926009804488785e+01,1.045878927312394424e+01
4.129999999999999893e+00,-1.487223981411127482e+01,2.315129872928809363e+01,6.903270088392440584e+01,1.012562404087445600e+01
4.139999999999999680e+00,-1.480089219525893185e+01,2.189743338331531319e+01,6.951488445278842221e+01,9.757322817005764648e+00
4.150000000000000355e+00,-1.473144468070134749e+01,2.059786509896597906e+01,6.999910054806416326e+01,9.347930014724671111e+00
4.160000000000000142e+00,-1.466591242500976655e+01,1.925539708373072401e+01,7.047667928275112104e+01,8.893946526587125589e+00
4.169999999999999929e+00,-1.460602998157786558e+01,1.787716229182221994e+01,7.093797019701439410e+01,8.394942370555387612e+00
4.179999999999999716e+00,-1.455306013031196066e+01,1.647376050888419385e+01,7.137351639252497648e+01,7.853789932325157430e+00
4.190000000000000391e+00,-1.450765291726906625e+01,1.505808674983950013e+01,7.177527849431214690e+01,7.276450282836051997e+00
4.200000000000000178e+00,-1.446976222612995500e+01,1.364395474389525909e+01,7.213773584386053983e+01,6.671303040077979141e+00
4.209999999999999964e+00,-1.443862424203568651e+01,1.224461194636472072e+01,7.245869120564516663e+01,6.048081207277487437e+00
4.219999999999999751e+00,-1.441280084310075082e+01,1.087124111223937284e+01,7.273963684599708301e+01,5.416542033531555944e+00
4.230000000000000426e+00,-1.439028977441061130e+01,9.531553496126846881e+00,7.298560134573467906e+01,4.785056068080890235e+00
4.240000000000000213e+00,-1.436870067392985817e+01,8.228598353237334351e+00,7.320447536997647831e+01,4.159315760294801656e+00
4.250000000000000000e+00,-1.434549025931469934e+01,6.959933005563402553e+00,7.340589255146812775e+01,3.541348059279417093e+00
4.259999999999999787e+00,-1.431824097390525630e+01,5.717301685393634259e+00,7.359980163093548811e+01,2.928969325159890946e+00
4.269999999999999574e+00,-1.428495656185067730e+01,4.486942937260888442e+00,7.379489867991590302e+01,2.315759929916565873e+00
4.280000000000000249e+00,-1.424433863778732956e+01,3.250574805707149739e+00,7.399709447723988376e+01,1.691575693583806883e+00
4.290000000000000036e+00,-1.419600452747346608e+01,1.987000190134003086e+00,7.420818077932590029e+01,1.043563908381145433e+00
4.299999999999999822e+00,-1.414061178218647363e+01,6.741565186639355556e-01,7.442484160703789087e+01,3.576146291130101185e-01
4.309999999999999609e+00,-1.407986917300421759e+01,-7.086583580383269965e-01,7.463813934520314319e+01,-3.798531195897694723e-01
4.320000000000000284e+00,-1.401643416769822181e+01,-2.178684729374880114e+00,7.483359002498613677e+01,-1.179905164547671248e+00
4.330000000000000071e+00,-1.395371671475813002e+01,-3.747984790674512734e+00,7.499191841469986741e+01,-2.049085820694546367e+00
4.339999999999999858e+00,-1.389562253609696718e+01,-5.422275052654768501e+00,7.509053662051925926e+01,-2.987623756479534265e+00
4.349999999999999645e+00,-1.384627281084190287e+01,-7.200351313819500554e+00,7.510570650222064160e+01,-3.988127487560610973e+00
4.360000000000000320e+00,-1.380973171247062581e+01,-9.074046220512817840e+00,7.501522454777652626e+01,-5.035058187261059359e+00
4.370000000000000107e+00,-1.378976218375843033e+01,-1.102859617073701415e+01,7.480132661629056656e+01,-6.105213270488923705e+00
4.379999999999999893e+00,-1.378961786496566155e+01,-1.304327806127030343e+01,7.445339023465250250e+01,-7.169318724819779831e+00
4.389999999999999680e+00,-1.381186860342252842e+01,-1.509219890421130650e+01,7.396996645844487261e+01,-8.194624522717571580e+00
4.400000000000000355e+00,-1.385825025983765713e+01,-1.714516816798240484e+01,7.335974210519675864e+01,-9.148175097411849421e+00
4.410000000000000142e+00,-1.392952705725971896e+01,-1.916864019659593410e+01,7.264121887850618009e+01,-1.000025840660505061e+01
4.419999999999999929e+00,-1.402535633755133304e+01,-2.112677253863364868e+01,7.184115183736912513e+01,-1.072748696559939141e+01
4.429999999999999716e+00,-1.414415117961124224e+01,-2.298269884057731005e+01,7.099203520653234989e+01,-1.131505530688644789e+01
4.440000000000000391e+00,-1.428294614024486719e+01,-2.470015495283201545e+01,7.012908024629845727e+01,-1.175791813014799914e+01
4.450000000000000178e+00,-1.443728582732090970e+01,-2.624561146727853256e+01,6.928715742805979971e+01,-1.206086976454793103e+01
4.459999999999999964e+00,-1.460117482258685584e+01,-2.759103275730542748e+01,6.849808526394625119e+01,-1.223770175717522157e+01
4.469999999999999751e+00,-1.476714791156596362e+01,-2.871726972383500964e+01,6.778849144739774601e+01,-1.230972264161353813e+01
4.480000000000000426e+00,-1.492653417627770907e+01,-2.961787016633729408e+01,6.717830963501005215e+01,-1.230393419445941916e+01
4.490000000000000213e+00,-1.506998370657393593e+01,-3.030275725993313785e+01,6.667985382168247099e+01,-1.225109626130021212e+01
4.500000000000000000e+00,-1.518828489172800111e+01,-3.080086048162892354e+01,6.629735290089899991e+01,-1.218381609203600213e+01
4.509999999999999787e+00,-1.527341495542378524e+01,-3.116057130729559432e+01,6.602682890395922755e+01,-1.213470423311600577e+01
4.519999999999999574e+00,-1.531965345466949202e+01,-3.144708792996331681e+01,6.585624805573290530e+01,-1.213457288549332169e+01
4.530000000000000249e+00,-1.532449913888417292e+01,-3.173645114237471532e+01,6.576594317040616033e+01,-1.221062829171924236e+01
4.540000000000000036e+00,-1.528913021534459205e+01,-3.210717770365290136e+01,6.572937675112164868e+01,-1.238463112489710483e+01
4.549999999999999822e+00,-1.521826604780771852e+01,-3.263134143362646711e+01,6.571436363771729816e+01,-1.267106530998917435e+01
4.559999999999999609e+00,-1.511947922349482987e+01,-3.336717918357033597e+01,6.568487723030118275e+01,-1.307545430735500247e+01
4.570000000000000284e+00,-1.500217220427709108e+01,-3.435466437511419002e+01,6.560350477997354801e+01,-1.359307008672781159e+01
4.580000000000000071e+00,-1.487649300248588879e+01,-3.561438745776982984e+01,6.543448792221113308e+01,-1.420835534202351447e+01
4.589999999999999858e+00,-1.475241273733424840e+01,-3.714910960831502962e+01,6.514710185678833909e+01,-1.489537802052034365e+01
4.599999999999999645e+00,-1.463907855395037672e+01,-3.894688682038027139e+01,6.471893968946613995e+01,-1.561952330484898432e+01
4.610000000000000320e+00,-1.454445145173433218e+01,-4.098469602200764683e+01,6.413855138311586757e+01,-1.634040113757985324e+01
4.620000000000000107e+00,-1.447517457941095920e+01,-4.323180979014249914e+01,6.340690993463663006e+01,-1.701565896414424017e+01
4.629999999999999893e+00,-1.443659562565388121e+01,-4.565252974455280821e+01,6.253736790536098056e+01,-1.760513584829514144e+01
4.639999999999999680e+00,-1.443287252364839901e+01,-4.820816946726939278e+01,6.155408201159664827e+01,-1.807467705806435276e+01
4.650000000000000355e+00,-1.446710878260047650e+01,-5.085834369250773790e+01,6.048921815371784305e+01,-1.839900190100343025e+01
4.660000000000000142e+00,-1.454148274792150985e+01,-5.356169342545740619e+01,5.937948699130814134e+01,-1.856325698135821156e+01
4.669999999999999929e+00,-1.465734918258375252e+01,-5.627619291937193680e+01,5.826262829136115329e+01,-1.856320018054106669e+01
4.679999999999999716e+00,-1.481530075362229226e+01,-5.895917507510677069e+01,5.717436274906905425e+01,-1.840423732488568120e+01
4.690000000000000391e+00,-1.501518209240943946e+01,-6.156719751453879752e+01,5.614612654988574292e+01,-1.809969717656623089e+01
4.700000000000000178e+00,-1.525605146800012690e+01,-6.405586444518056055e+01,5.520368128443775646e+01,-1.766876269531169186e+01
4.709999999999999964e+00,-1.553608630639732091e+01,-6.637972621476535551e+01,5.436651604859016373e+01,-1.713440786525572079e+01
4.719999999999999751e+00,-1.585243049930526027e+01,-6.849240263066961631e+01,5.364785888100857392e+01,-1.652157118657970969e+01
4.730000000000000426e+00,-1.620098577471811652e+01,-7.034711791804585346e+01,5.305508729599048934e+01,-1.585567574675731706e+01
4.740000000000000213e+00,-1.657615912064263952e+01,-7.189788862976875805e+01,5.259035071270488970e+01,-1.516151017321258188e+01
4.750000000000000000e+00,-1.697059672921885465e+01,-7.310165190582897310e+01,5.225126586856019628e+01,-1.446242468623893629e+01
4.759999999999999787e+00,-1.737496501043401764e+01,-7.392161784242435374e+01,5.203159996274474963e+01,-1.377976927262868401e+01
4.769999999999999574e+00,-1.777788001021602682e+01,-7.433200182384724997e+01,5.192190327099591940e+01,-1.313249837215275129e+01
4.780000000000000249e+00,-1.816612727714936781e+01,-7.432394271397483010e+01,5.191008789612364183e+01,-1.253687931891884588e+01
4.790000000000000036e+00,-1.852532717040274335e+01,-7.391177642579761198e+01,5.198197095929003808e+01,-1.200626255486513827e+01
4.799999999999999822e+00,-1.884114203091890971e+01,-7.313800731325709137e+01,5.212180976140473376e+01,-1.155089476771153834e+01
4.809999999999999609e+00,-1.910095573514336920e+01,-7.207470082892831442e+01,5.231285495427128751e+01,-1.117777756853773674e+01
4.820000000000000284e+00,-1.929570697052280082e+01,-7.081926944289203618e+01,5.253793768290031352e+01,-1.089059101988447864e+01
4.830000000000000071e+00,-1.942134972532836912e+01,-6.948420228210707705e+01,5.278009063839511583e+01,-1.068971079806880553e+01
4.839999999999999858e+00,-1.947942332112046415e+01,-6.818276878488345005e+01,5.302318435696471255e+01,-1.057234835113348304e+01
4.849999999999999645e+00,-1.947651001126837045e+01,-6.701467609624535271e+01,5.325254293477681955e+01,-1.053283468698271186e+01
4.860000000000000320e+00,-1.942279178103152404e+01,-6.605569057874565431e+01,5.345549175505183115e+01,-1.056305175924969575e+01
4.870000000000000107e+00,-1.933022061034596106e+01,-6.535332205332024103e+01,5.362178718666846322e+01,-1.065299410985588580e+01
4.879999999999999893e+00,-1.921083328134096746e+01,-6.492818028479905479e+01,5.374388599036191039e+01,-1.079142222998307865e+01
4.889999999999999680e+00,-1.907553764785708950e+01,-6.477899669432775909e+01,5.381702928207015191e+01,-1.096655309026047753e+01
4.900000000000000355e+00,-1.893344695501417618e+01,-6.488902081218206774e+01,5.383913880319986589e+01,-1.116672641357019380e+01
4.910000000000000142e+00,-1.879166963800560097e+01,-6.523210432531051595e+01,5.381054685962858741e+01,-1.138098913424290259e+01
4.919999999999999929e+00,-1.865540062973737179e+01,-6.577761342943416878e+01,5.373360051449134289e+01,-1.159955393814112590e+01
4.929999999999999716e+00,-1.852817167027396295e+01,-6.649395432011030493e+01,5.361219179503207499e+01,-1.181410735352469388e+01
4.940000000000000391e+00,-1.841215847293134544e+01,-6.735085437311553846e+01,5.345126746158645403e+01,-1.201796401687151139e+01
4.950000000000000178e+00,-1.830848369066902137e+01,-6.832067449339928089e+01,5.325636529933820640e+01,-1.220608222006529964e+01
4.959999999999999964e+00,-1.821748531518344905e+01,-6.937903362116941253e+01,5.303321160692876646e+01,-1.237496875124738871e+01
4.969999999999999751e+00,-1.813893935890412834e+01,-7.050497906596521602e+01,5.278739988721689258e+01,-1.252250724536389193e+01
4.980000000000000426e+00,-1.807223616772516550e+01,-7.168087816269432722e+01,5.252415671057133295e+01,-1.264774424358848215e+01
4.990000000000000213e+00,-1.801651470640499753e+01,-7.289215572418613931e+01,5.224818944211168059e+01,-1.275066246671790537e+01
5.000000000000000000e+00,-1.797076111576390289e+01,-7.412696263272654562e+01,5.196360304492041848e+01,-1.283196340344437658e+01
5.009999999999999787e+00,-1.793387831457826564e+01,-7.537583256317404334e+01,5.167386958616587833e+01,-1.289287307020152262e+01
5.019999999999999574e+00,-1.790473325001636340e+01,-7.663136341346060476e+01,5.138183381727451859e+01,-1.293497717505306710e+01
5.030000000000000249e+00,-1.788218796882168959e+01,-7.788794480532042996e+01,5.108974036141476915e+01,-1.296008584959059107e+01
5.040000000000000036e+00,-1.786512010992403177e+01,-7.914154105524704619e+01,5.079927162089168746e+01,-1.297012403668219171e+01
5.049999999999999822e+00,-1.785243771114389233e+01,-8.038952920809865077e+01,5.051158959666563675e+01,-1.296704157324032280e+01
5.059999999999999609e+00,-1.784309234785444076e+01,-8.163058368663793374e+01,5.022737865455371775e+01,-1.295273673874419629e+01
5.070000000000000284e+00,-1.783609356452783601e+01,-8.286459293710051099e+01,4.994688935756028769e+01,-1.292898813481816056e+01
5.080000000000000071e+00,-1.783052634497153832e+01,-8.409258949678979889e+01,4.966998550900022735e+01,-1.289739172452978622e+01
5.089999999999999858e+00,-1.782557206534409744e+01,-8.531667357247862071e+01,4.939619741128171881e+01,-1.285930219239617145e+01
5.099999999999999645e+00,-1.782053210141594946e+01,-8.653991175183708151e+01,4.912478409984527161e+01,-1.281578003323815196e+01
5.110000000000000320e+00,-1.781485216364396251e+01,-8.776619682523342192e+01,4.885480614883171313e+01,-1.276754756625018850e+01
5.120000000000000107e+00,-1.780814466166939880e+01,-8.900006141156821116e+01,4.858520884491473879e+01,-1.271495812883937582e+01
5.129999999999999893e+00,-1.780020607846916292e+01,-9.024644626195113517e+01,4.831491342589672655e+01,-1.265798287803772837e+01
5.139999999999999680e+00,-1.779102652800740003e+01,-9.151043251349597085e+01,4.804291204083869360e+01,-1.259621888448513083e+01
5.150000000000000355e+00,-1.778078935788306580e+01,-9.279695439656572375e+01,4.776836045375407735e+01,-1.252892063912369558e+01
5.160000000000000142e+00,-1.776985972748242659e+01,-9.411051372527468573e+01,4.749066157403497357e+01,-1.245505491731536196e+01
5.169999999999999929e+00,-1.775876235648559742e+01,-9.545491912235944199e+01,4.720953285019744783e+01,-1.237337646695436177e+01
5.179999999999999716e+00,-1.774814987893429929e+01,-9.683307117302767608e+01,4.692505147684916267e+01,-1.228251957286988727e+01
5.190000000000000391e+00,-1.773876425204608509e+01,-9.824681004731820622e+01,4.663767315757285559e+01,-1.218109857151388198e+01
5.200000000000000178e+00,-1.773139431513924791e+01,-9.969683555563952382e+01,4.634822261467639493e+01,-1.206780916379063484e+01
5.209999999999999964e+00,-1.772683281622371254e+01,-1.011827023131203021e+02,4.605785680542999216e+01,-1.194152210300386940e+01
5.219999999999999751e+00,-1.772583604995577389e+01,-1.027028858216399243e+02,4.576800450428202538e+01,-1.180136157077038739e+01
5.230000000000000426e+00,-1.772908877040539366e+01,-1.042549096741645798e+02,4.548028816799801888e+01,-1.164676218755259640e+01
5.240000000000000213e+00,-1.773717637375446543e+01,-1.058355201845022293e+02,4.519643552370487072e+01,-1.147750089131164941e+01
5.250000000000000000e+00,-1.775056560478930834e+01,-1.074408926077742734e+02,4.491818894448973509e+01,-1.129370252775084893e+01
5.259999999999999787e+00,-1.776959431690645630e+01,-1.090668525320979114e+02,4.464722038439087726e+01,-1.109582057772312069e+01
5.269999999999999574e+00,-1.779447016435305073e+01,-1.107090966478149880e+02,4.438505854636384385e+01,-1.088459669017557374e+01
5.280000000000000249e+00,-1.782527755227222244e+01,-1.123633985880208996e+02,4.413303325960447410e+01,-1.066100436429451648e+01
5.290000000000000036e+00,-1.786199171810376995e+01,-1.140257876081418686e+02,4.389224000032312745e+01,-1.042618310745639043e+01
5.299999999999999822e+00,-1.790449846116285926e+01,-1.156926903603486352e+02,4.366352535913205912e+01,-1.018136966217415385e+01
5.309999999999999609e+00,-1.795261777138510695e+01,-1.173610288338463477e+02,4.344749226409391696e+01,-9.927832503817548115e+00
5.320000000000000284e+00,-1.800612943659614018e+01,-1.190282706275512083e+02,4.324452208679718268e+01,-9.666814876731288919e+00
5.330000000000000071e+00,-1.806479864217352116e+01,-1.206924310349945131e+02,4.305480950942835960e+01,-9.399490306916922222e+00
5.339999999999999858e+00,-1.812839963411797228e+01,-1.223520298289519701e+02,4.287840528026733011e+01,-9.126932964935567938e+00
5.349999999999999645e+00,-1.819673570998395107e+01,-1.240060089289424354e+02,4.271526175247858959e+01,-8.850103613006703895e+00
5.360000000000000320e+00,-1.826965413425795504e+01,-1.256536200400683612e+02,4.256527636390753599e+01,-8.569850306152314801e+00
5.370000000000000107e+00,-1.834705503032345320e+01,-1.272942935581267818e+02,4.242832891400568229e+01,-8.286921663150559780e+00
5.379999999999999893e+00,-1.842889384480658066e+01,-1.289275012669822615e+02,4.230430953523243431e+01,-8.001989489752991958e+00
5.389999999999999680e+00,-1.851517755959480738e+01,-1.305526254297900834e+02,4.219313552062236994e+01,-7.715676902754693423e+00
5.400000000000000355e+00,-1.860595538083195777e+01,-1.321688457595488728e+02,4.209475651945044206e+01,-7.428587907837806981e+00
5.410000000000000142e+00,-1.870130510289608594e+01,-1.337750535695164729e+02,4.200914890741513830e+01,-7.141334620454575344e+00
5.419999999999999929e+00,-1.880131668075940254e+01,-1.353697994115003951e+02,4.193630124574756479e+01,-6.854558936260486846e+00
5.429999999999999716e+00,-1.890607471724230493e+01,-1.369512770599059479e+02,4.187619356029985340e+01,-6.568946365879090976e+00
5.440000000000000391e+00,-1.901564157512522613e+01,-1.385173431677360156e+02,4.182877362970747015e+01,-6.285230831191991108e+00
5.450000000000000178e+00,-1.913004266995371694e+01,-1.400655686520781842e+02,4.179393354757149126e+01,-6.004190348262723909e+00
5.459999999999999964e+00,-1.924925521390306926e+01,-1.415933151351680408e+02,4.177148953710453583e+01,-5.726634570937479296e+00
5.469999999999999751e+00,-1.937320129830488113e+01,-1.430978277619109349e+02,4.176116740512622272e+01,-5.453386032584106147e+00
5.480000000000000426e+00,-1.950174575890567041e+01,-1.445763345452489546e+02,4.176259521067220959e+01,-5.185257522624008963e+00
5.490000000000000213e+00,-1.963469879949834862e+01,-1.460261421035650358e+02,4.177530379300563368e+01,-4.923028323929041328e+00
5.500000000000000000e+00,-1.977182289064465337e+01,-1.474447182494060371e+02,4.179873486062815147e+01,-4.667422005676284513e+00
5.509999999999999787e+00,-1.991284304436209496e+01,-1.488297533270809652e+02,4.183225548795989823e+01,-4.419088135354419578e+00
5.519999999999999574e+00,-2.005745922629601097e+01,-1.501791943952480892e+02,4.187517718700272695e+01,-4.178589693475919908e+00
5.530000000000000249e+00,-2.020535943663018941e+01,-1.514912491694754806e+02,4.192677728406715687e+01,-3.946397218585042665e+00
5.540000000000000036e+00,-2.035623189876724837e+01,-1.527643598678990600e+02,4.198632017661304161e+01,-3.722889868178376194e+00
5.549999999999999822e+00,-2.050977486111414194e+01,-1.539971504546960830e+02,4.205307618195306674e+01,-3.508362751002183977e+00
5.559999999999999609e+00,-2.066570274842247557e+01,-1.551883539054933010e+02,4.212633609520923272e+01,-3.303039163898809694e+00
5.570000000000000284e+00,-2.082374778234987289e+01,-1.563367286571262298e+02,4.220542019479414364e+01,-3.107085835571817611e+00
5.580000000000000071e+00,-2.098365669263186462e+01,-1.574409750127342704e+02,4.228968119041034868e+01,-2.920629001282207149e+00
5.589999999999999858e+00,-2.114518270817025325e+01,-1.584996627016188029e+02,4.237850140499645590e+01,-2.743769136676924791e+00
5.599999999999999645e+00,-2.130807358669607510e+01,-1.595111799274023099e+02,4.247128521718351379e+01,-2.576592460330825674e+00
5.610000000000000320e+00,-2.147205694425211675e+01,-1.604737121239670898e+02,4.256744837184098174e+01,-2.419177832539151307e+00
5.620000000000000107e+00,-2.163682451942012008e+01,-1.613852554790775855e+02,4.266640612077372197e+01,-2.271598361641991026e+00
5.629999999999999893e+00,-2.180201720377652208e+01,-1.622436664107491424e+02,4.276756224106438964e+01,-2.133917787078518202e+00
5.639999999999999680e+00,-2.196721266006596807e+01,-1.630467440070295595e+02,4.287030078763483942e+01,-2.006182440071994755e+00
5.650000000000000355e+00,-2.213191712437374647e+01,-1.637923384238898166e+02,4.297398199787346584e+01,-1.888410192171705138e+00
5.660000000000000142e+00,-2.229556256044471496e+01,-1.644784748424788745e+02,4.307794314010907044e+01,-1.780578209071103757e+00
5.669999999999999929e+00,-2.245750973647116311e+01,-1.651034802567016015e+02,4.318150436898515920e+01,-1.682611478802150007e+00
5.679999999999999716e+00,-2.261705708185947117e+01,-1.656660994806062206e+02,4.328397891774691431e+01,-1.594373959343699187e+00
5.690000000000000391e+00,-2.277345443037257056e+01,-1.661655876183436362e+02,4.338468631991208468e+01,-1.515663806761615273e+00
5.700000000000000178e+00,-2.292592006350030331e+01,-1.666017689500118308e+02,4.348296689931137848e+01,-1.446213551965975563e+00
5.709999999999999964e+00,-2.307365894395161376e+01,-1.669750566374755749e+02,4.357819556347335066e+01,-1.385695372082573096e+00
5.719999999999999751e+00,-2.321587978239655214e+01,-1.672864334234413946e+02,4.366979301344591846e+01,-1.333730851005179519e+00
5.730000000000000426e+00,-2.335180869651626878e+01,-1.675373998374639370e+02,4.375723283746810921e+01,-1.289903949371526082e+00
5.740000000000000213e+00,-2.348069773757144674e+01,-1.677299023181241751e+02,4.384004354117903546e+01,-1.253775405428501521e+00
5.750000000000000000e+00,-2.360182744468813709e+01,-1.678662579732785503e+02,4.391780530367018542e+01,-1.224896540980034310e+00
5.759999999999999787e+00,-2.371450373158595681e+01,-1.679490943893756310e+02,4.399014203309716464e+01,-1.202820492450148215e+00
5.769999999999999574e+00,-2.381805063571610148e+01,-1.679813212657861641e+02,4.405671001475178628e+01,-1.187109226188884481e+00
5.780000000000000249e+00,-2.391180154354582399e+01,-1.679661455328962347e+02,4.411718499230830304e+01,-1.177335287164518407e+00
5.790000000000000036e+00,-2.399509222126912888e+01,-1.679071335057169847e+02,4.417124981569678255e+01,-1.173077991652646146e+00
5.799999999999999822e+00,-2.406725913940196548e+01,-1.678083136575635308e+02,4.421858477783159458e+01,-1.173914601715742245e+00
5.809999999999999609e+00,-2.412764607266467465e+01,-1.676743034091884681e+02,4.425886244056424346e+01,-1.179407794727155068e+00
5.820000000000000284e+00,-2.417562078229755684e+01,-1.675104348400375045e+02,4.429174815485949068e+01,-1.189091351975621880e+00
5.830000000000000071e+00,-2.421060187253029028e+01,-1.673228493454188879e+02,4.431690668799101473e+01,-1.202456343612904099e+00
5.839999999999999858e+00,-2.423209391035292626e+01,-1.671185315107139786e+02,4.433401448834490566e+01,-1.218940123249213192e+00
5.849999999999999645e+00,-2.423972696665871140e+01,-1.669052585980995502e+02,4.434277626968336250e+01,-1.237920147270245907e+00
5.860000000000000320e+00,-2.423329528533932375e+01,-1.666914536607972650e+02,4.434294390535141162e+01,-1.258714031099035457e+00
5.870000000000000107e+00,-2.421278918542549974e+01,-1.664859457321873322e+02,4.433433519595435968e+01,-1.280586421848332712e+00
5.879999999999999893e+00,-2.417841477902166503e+01,-1.662976569543933465e+02,4.431684998544307064e+01,-1.302762315820229944e+00
5.889999999999999680e+00,-2.413059764521482009e+01,-1.661352504948895898e+02,4.429048137835238919e+01,-1.324445514825595804e+00
5.900000000000000355e+00,-2.406996897781410993e+01,-1.660067815038294157e+02,4.425532043026364448e+01,-1.344840136389977570e+00
5.910000000000000142e+00,-2.399733545194123252e+01,-1.659193942137354725e+02,4.421155356729263275e+01,-1.363172592229330071e+00
5.919999999999999929e+00,-2.391363657101278406e+01,-1.658791013626068889e+02,4.415945301822694091e+01,-1.378711313526903126e+00
5.929999999999999716e+00,-2.381989506462696582e+01,-1.658906690119711698e+02,4.409936156781229499e+01,-1.390781766250517748e+00
5.940000000000000391e+00,-2.371716670137128702e+01,-1.659576133797978059e+02,4.403167380920443463e+01,-1.398774942569043001e+00
5.950000000000000178e+00,-2.360649559503292139e+01,-1.660822997734857438e+02,4.395681665261721349e+01,-1.402148456470769577e+00
5.959999999999999964e+00,-2.348887987478876482e+01,-1.662661199302638408e+02,4.387523203795555560e+01,-1.400420487936010261e+00
5.969999999999999751e+00,-2.336525075793683826e+01,-1.665097149393964173e+02,4.378736455586663823e+01,-1.393157956314310164e+00
5.980000000000000426e+00,-2.323646595480171584e+01,-1.668132072259382710e+02,4.369365601731183091e+01,-1.379961297320764890e+00
5.990000000000000213e+00,-2.310331627281027522e+01,-1.671764066761886340e+02,4.359454799793113722e+01,-1.360448919775496535e+00
6.000000000000000000e+00,-2.296654253013412017e+01,-1.675989620875554635e+02,4.349049214214269199e+01,-1.334244711060233568e+00
6.009999999999999787e+00,-2.282685862360787610e+01,-1.680804385528448393e+02,4.338196670189575599e+01,-1.300971776191962137e+00
6.019999999999999574e+00,-2.268497593261094991e+01,-1.686203127590545989e+02,4.326949658347862027e+01,-1.260254925967245532e+00
6.030000000000000249e+00,-2.254162422095726370e+01,-1.692178900202750924e+02,4.315367325678376886e+01,-1.211733330587336566e+00
6.040000000000000036e+00,-2.239756479057632532e+01,-1.698721577172229047e+02,4.303517039278556666e+01,-1.155083343497776527e+00
6.049999999999999822e+00,-2.225359273873275612e+01,-1.705815983916293987e+02,4.291475113665153174e+01,-1.090049942644524483e+00
6.059999999999999609e+00,-2.211052660596654817e+01,-1.713439911019679869e+02,4.279326353097660984e+01,-1.016483729904416489e+00
6.070000000000000284e+00,-2.196918526769756852e+01,-1.721562313642302513e+02,4.267162173765164823e+01,-9.343791752668686446e-01
6.080000000000000071e+00,-2.183035341159984100e+01,-1.730141982431639747e+02,4.255077225830993370e+01,-8.439089675364982446e-01
6.089999999999999858e+00,-2.169473819030768169e+01,-1.739126926085298237e+02,4.243164615557560637e+01,-7.454490655588585923e-01
6.099999999999999645e+00,-2.156292055231236304e+01,-1.748454642162950847e+02,4.231510013028825767e+01,-6.395893943377243263e-01
6.110000000000000320e+00,-2.143530532235327613e+01,-1.758053381207863595e+02,4.220185100738007833e+01,-5.271260880902005619e-01
6.120000000000000107e+00,-2.131207438146955369e+01,-1.767844437150839099e+02,4.209240953874078173e+01,-4.090326712382290064e-01
6.129999999999999893e+00,-2.119314737165655060e+01,-1.777745427414890287e+02,4.198702029667540359e+01,-2.864094628882931648e-01
6.139999999999999680e+00,-2.107815429156028486e+01,-1.787674457603364147e+02,4.188561470370594009e+01,-1.604126338264308671e-01
6.150000000000000355e+00,-2.096642417211768361e+01,-1.797554993442544173e+02,4.178778386555764968e+01,-3.216656537994643655e-02
6.160000000000000142e+00,-2.085699365530103222e+01,1.792678818254221369e+02,4.169277682585781264e+01,9.733472235366115444e-02
6.169999999999999929e+00,-2.074863859074941885e+01,1.783076728934259734e+02,4.159952816153961663e+01,2.273294742224455933e-01
6.179999999999999716e+00,-2.063993050728589296e+01,1.773667312560845346e+02,4.150671654632653684e+01,3.573844851270520651e-01
6.190000000000000391e+00,-2.052931782280897366e+01,1.764453762261584018e+02,4.141285313940976920e+01,4.874761406824050791e-01
6.200000000000000178e+00,-2.041522886902914280e+01,1.755411130238538533e+02,4.131639559345462942e+01,6.180467759750327694e-01
6.209999999999999964e+00,-2.029619041572669502e+01,1.746485552618068766e+02,4.121588039214404375e+01,7.500281119578483535e-01
6.219999999999999751e+00,-2.017095189490146367e+01,1.737595870504845834e+02,4.111006347616724099e+01,8.848257910197891984e-01
6.230000000000000426e+00,-2.003860275392529289e+01,1.728637816962149429e+02,4.099805710100802258e+01,1.024262278144649541e+00
6.240000000000000213e+00,-1.989866922297259677e+01,1.719490608812116363e+02,4.087944997907489153e+01,1.170479366094383744e+00
6.250000000000000000e+00,-1.975117796982986462e+01,1.710025419593316087e+02,4.075439828132086717e+01,1.325805792483162326e+00
6.259999999999999787e+00,-1.959667778928048776e+01,1.700114897855465017e+02,4.062367711093454403e+01,1.492599487506484301e+00
6.269999999999999574e+00,-1.943621605378426409e+01,1.689642714367621181e+02,4.048868546939895907e+01,1.673077135942865779e+00
6.280000000000000249e+00,-1.927127292552685134e+01,1.678512122714035115e+02,4.035140211846874081e+01,1.869145558617940628e+00
6.290000000000000036e+00,-1.910366184497423703e+01,1.666652698607630612e+02,4.021429451687766488e+01,2.082249604784917718e+00
6.299999999999999822e+00,-1.893540838125902681e+01,1.654024731524681613e+02,4.008018752157923359e+01,2.313249782103810936e+00
6.309999999999999609e+00,-1.876862061536229831e+01,1.640621095449235156e+02,3.995210219994784495e+01,2.562339997789035984e+00
6.320000000000000284e+00,-1.860536302758780991e+01,1.626466741579651227e+02,3.983307749796264829e+01,2.829012014886493454e+00
6.330000000000000071e+00,-1.844754311963081861e+01,1.611616178495287954e+02,3.972598849871694426e+01,3.112069103999464126e+00
6.339999999999999858e+00,-1.829681666323341460e+01,1.596149414679456697e+02,3.963337468233932270e+01,3.409687416055518838e+00
6.349999999999999645e+00,-1.815451436012549635e+01,1.580166846898048334e+02,3.955729023996234162e+01,3.719520196690350833e+00
6.360000000000000320e+00,-1.802159034986184238e+01,1.563783517584161302e+02,3.949918645568359921e+01,4.038837297186375963e+00
6.370000000000000107e+00,-1.789859160763885271e+01,1.547123072279484006e+02,3.945983377947957393e+01,4.364690520711487665e+00
6.379999999999999893e+00,-1.778564676038708470e+01,1.530311656729315928e+02,3.943928869571732321e+01,4.694094066238944762e+00
6.389999999999999680e+00,-1.768247297872429158e+01,1.513471925052178051e+02,3.943690793871103040e+01,5.024208551216109875e+00
6.400000000000000355e+00,-1.758840006372999554e+01,1.496717297422562467e+02,3.945140999851545160e+01,5.352516709777278336e+00
6.410000000000000142e+00,-1.750241131986057752e+01,1.480146610122585571e+02,3.948098112371994262e+01,5.676978880375666670e+00
6.419999999999999929e+00,-1.742320099720101823e+01,1.463839336467197825e+02,3.952342011792170950e+01,5.996156935193003079e+00
6.429999999999999716e+00,-1.734924776738743901e+01,1.447851610470339665e+02,3.957631320251241647e+01,6.309296564813386965e+00
6.440000000000000391e+00,-1.727890273599325610e+01,1.432213336385113678e+02,3.963722729480917195e+01,6.616360021452254436e+00
6.450000000000000178e+00,-1.721048890239780249e+01,1.416926692420090035e+02,3.970390759714031503e+01,6.918004653407991533e+00
6.459999999999999964e+00,-1.714240695567306005e+01,1.401966312035027613e+02,3.977446387584156184e+01,7.215506753757448877e+00
6.469999999999999751e+00,-1.707324024052494593e+01,1.387281333932137954e+02,3.984752968188931277e+01,7.510635074735964700e+00
6.480000000000000426e+00,-1.700185018831413686e+01,1.372799349290097837e+02,3.992238032948174720e+01,7.805483271264227696e+00
6.490000000000000213e+00,-1.692745305185032834e+01,1.358432059378267809e+02,3.999899873758029401e+01,8.102274837046957501e+00
6.500000000000000000e+00,-1.684966980904941991e+01,1.344082226445099195e+02,4.007808295561689249e+01,8.403157098535338321e+00
6.509999999999999787e+00,-1.676854366343146197e+01,1.329651306352136544e+02,4.016099474372387590e+01,8.710002028217576964e+00
6.519999999999999574e+00,-1.668452329245728549e+01,1.315047041203764877e+02,4.024965418733388844e+01,9.024230832072374753e+00
6.530000000000000249e+00,-1.659841414427237183e+01,1.300190293741139556e+02,4.034639021951752369e+01,9.346676619756200566e+00
6.540000000000000036e+00,-1.651130378847541991e+01,1.285020522368384377e+02,4.045376049558597487e+01,9.677495454083224757e+00
6.549999999999999822e+00,-1.642446985728881259e+01,1.269499496637744045e+02,4.057435599492742284e+01,1.001613135280629230e+01
6.559999999999999609e+00,-1.633928009833806172e+01,1.253613089591766823e+02,4.071060601444616367e+01,1.036133605002723534e+01
6.570000000000000284e+00,-1.625709355420806546e+01,1.237371205353618251e+02,4.086459812624696752e+01,1.071124005526349698e+01
6.580000000000000071e+00,-1.617917028119083511e+01,1.220806070370398402e+02,4.103792560332814077e+01,1.106346809692389321e+01
6.589999999999999858e+00,-1.610659487254974565e+01,1.203969217741474012e+02,4.123157218819314096e+01,1.141528949831398165e+01
6.599999999999999645e+00,-1.604021688478602670e+01,1.186927528895579229e+02,4.144584121642481733e+01,1.176379233105218880e+01
6.610000000000000320e+00,-1.598060944975381936e+01,1.169758681844155745e+02,4.168033319288995386e+01,1.210606916638289121e+01
6.620000000000000107e+00,-1.592804606391663391e+01,1.152546312114023834e+02,4.193397299791181609e+01,1.243940175964972994e+01
6.629999999999999893e+00,-1.588249477458909986e+01,1.135375141647028130e+02,4.220508493783300707e+01,1.276143200491572749e+01
6.639999999999999680e+00,-1.584362860657342331e+01,1.118326287261140948e+02,4.249151081144971442e+01,1.307030704651170794e+01
6.650000000000000355e+00,-1.581085090763127354e+01,1.101472931296068936e+02,4.279076308376019000e+01,1.336478768174632314e+01
6.660000000000000142e+00,-1.578333414974620474e+01,1.084876523374596928e+02,4.310020231928722723e+01,1.364431130347761822e+01
6.669999999999999929e+00,-1.576007045389554406e+01,1.068583678516784801e+02,4.341722554936616518e+01,1.390900370846486567e+01
6.679999999999999716e+00,-1.573993162432816284e+01,1.052623933802541814e+02,4.373945064549840112e+01,1.415963807009143061e+01
6.690000000000000391e+00,-1.572173578561389817e+01,1.037008512233999369e+02,4.406488145436066617e+01,1.439754395782530416e+01
6.700000000000000178e+00,-1.570431690706880801e+01,1.021730208167403191e+02,4.439203970335641714e+01,1.462447398601821646e+01
6.709999999999999964e+00,-1.568659275261998154e+01,1.006764447382744265e+02,4.472005255760061004e+01,1.484243986226006840e+01
6.719999999999999751e+00,-1.566762633662291115e+01,9.920714869632682564e+01,4.504868895672218798e+01,1.505353264709177630e+01
6.730000000000000426e+00,-1.564667601606655900e+01,9.775996143214112521e+01,4.537834296747237062e+01,1.525974344269724625e+01
6.740000000000000213e+00,-1.562323004805673321e+01,9.632890971313621264e+01,4.570996766489663798e+01,1.546280027191399142e+01
6.750000000000000000e+00,-1.559702279297130012e+01,9.490765470216322797e+01,4.604496778009786340e+01,1.566403468069116300e+01
6.759999999999999787e+00,-1.556803159192564934e+01,9.348993089065889706e+01,4.638506292605720205e+01,1.586428797447859473e+01
6.769999999999999574e+00,-1.553645540134271918e+01,9.206994871996550955e+01,4.673213526430545528e+01,1.606386254872889552e+01
6.780000000000000249e+00,-1.550267817508484036e+01,9.064272714916052109e+01,4.708807590580065749e+01,1.626251912004482847e+01
6.790000000000000036e+00,-1.546722142661184840e+01,8.920433179300837878e+01,4.745464329389631786e+01,1.645951636614109148e+01
6.799999999999999822e+00,-1.543069117569159943e+01,8.775200605657116171e+01,4.783334460669733090e+01,1.665368595060037649e+01
6.809999999999999609e+00,-1.539372453682209319e+01,8.628419484299560338e+01,4.822534822398139909e+01,1.684353337772555292e+01
6.820000000000000284e+00,-1.535694063407627930e+01,8.480047106626064135e+01,4.863143190705131502e+01,1.702735367291313295e+01
6.830000000000000071e+00,-1.532089951797990857e+01,8.330138314405924405e+01,4.905196786130405684e+01,1.720335048433871350e+01
6.839999999999999858e+00,-1.528607153255785889e+01,8.178824640310074301e+01,4.948694254799512038e+01,1.736974776138365684e+01
6.849999999999999645e+00,-1.525281832825049300e+01,8.026290305711059148e+01,4.993600618782020462e+01,1.752488456701081887e+01
6.860000000000000320e+00,-1.522138557634553990e+01,7.872747466434012154e+01,5.039854452757903402e+01,1.766728569343300848e+01
6.870000000000000107e+00,-1.519190648838610436e+01,7.718412841777684719e+01,5.087376377873348332e+01,1.779570341825901991e+01
6.879999999999999893e+00,-1.516441450597751839e+01,7.563487489149169107e+01,5.136077882026894770e+01,1.790912876756031835e+01
6.889999999999999680e+00,-1.513886300021145814e+01,7.408141043557083094e+01,5.185869488520312842e+01,1.800677379763704522e+01
6.900000000000000355e+00,-1.511514949393812657e+01,7.252501260495964175e+01,5.236667404657951863e+01,1.808802937758386520e+01
6.910000000000000142e+00,-1.509314178553927022e+01,7.096649205647466374e+01,5.288397981118849600e+01,1.815240543975204446e+01
6.919999999999999929e+00,-1.507270340668408970e+01,6.940619946708007149e+01,5.340999583071436518e+01,1.819946237900736818e+01
6.929999999999999716e+00,-1.505371608690832730e+01,6.784408146746208956e+01,5.394421786110979866e+01,1.822874301233867911e+01
6.940000000000000391e+00,-1.503609731512867853e+01,6.627977565521749170e+01,5.448622128478568527e+01,1.823971416090946818e+01
6.950000000000000178e+00,-1.501981165652624917e+01,6.471273178534387682e+01,5.503560938354598164e+01,1.823172552576558303e+01
6.959999999999999964e+00,-1.500487515622674017e+01,6.314234452936041464e+01,5.559194977875259269e+01,1.820399126563111025e+01
6.969999999999999751e+00,-1.499135287426013008e+01,6.156808293529969234e+01,5.615470778866435353e+01,1.815559682329622859e+01
6.980000000000000426e+00,-1.497935027515735662e+01,5.998960292824540375e+01,5.672318575222317349e+01,1.808553042085956619e+01
6.990000000000000213e+00,-1.496899976879030270e+01,5.840683169685951270e+01,5.729647661342680465e+01,1.799273560673816874e+01
7.000000000000000000e+00,-1.496044411040627509e+01,5.682001628506203872e+01,5.787343834137065812e+01,1.787617862283747527e+01
7.009999999999999787e+00,-1.495381858477104764e+01,5.522973271894552028e+01,5.845269326352750028e+01,1.773492245504720799e+01
7.019999999999999574e+00,-1.494923391594036310e+01,5.363685609426330814e+01,5.903265337610139341e+01,1.756819845284177362e+01
7.030000000000000249e+00,-1.494676167775682885e+01,5.204249582527860696e+01,5.961156948604693184e+01,1.737546648781693648e+01
7.040000000000000036e+00,-1.494642366414471901e+01,5.044790340219338987e+01,6.018759899262988711e+01,1.715645579844865765e+01
7.049999999999999822e+00,-1.494818625385560296e+01,4.885436232173663029e+01,6.075888459920928852e+01,1.691118085384680114e+01
7.059999999999999609e+00,-1.495196031365045464e+01,4.726307124092896572e+01,6.132363459499348579e+01,1.663992955123868711e+01
7.070000000000000284e+00,-1.495760666632141955e+01,4.567503182575904219e+01,6.188019482029806539e+01,1.634322450877566268e+01
7.080000000000000071e+00,-1.496494664135787467e+01,4.409095223852263246e+01,6.242710315838922952e+01,1.602176170396177568e+01
7.089999999999999858e+00,-1.497377676035909744e+01,4.251117577686212456e+01,6.296311934873033067e+01,1.567633377645221948e+01
7.099999999999999645e+00,-1.498388622007979620e+01,4.093564192711042438e+01,6.348722587992062216e+01,1.530774753050039294e+01
7.110000000000000320e+00,-1.499507555665898906e+01,3.936388415987526201e+01,6.399859932921199857e+01,1.491674620821235386e+01
7.120000000000000107e+00,-1.500717473580112760e+01,3.779506538340041288e+01,6.449655529918707941e+01,1.450394679199375503e+01
7.129999999999999893e+00,-1.502005893828376770e+01,3.622804836623153335e+01,6.498047356114344097e+01,1.406980095461619840e+01
7.139999999999999680e+00,-1.503366050672660492e+01,3.466149499778153853e+01,6.544971269678569570e+01,1.361458551240486869e+01
7.150000000000000355e+00,-1.504797587683800231e+01,3.309398535406516828e+01,6.590352509439432538e+01,1.313842470010173358e+01
7.160000000000000142e+00,-1.506306680106212070e+01,3.152414552551819327e+01,6.634098341245748998e+01,1.264134271151009159e+01
7.169999999999999929e+00,-1.507905573189720627e+01,2.995077229735625224e+01,6.676092854411655253e+01,1.212334120098016044e+01
7.179999999999999716e+00,-1.509611580139990572e+01,2.837294315463130445e+01,6.716194682167446217e+01,1.158449325318624723e+01
7.190000000000000391e+00,-1.511445634661122384e+01,2.679010164686067341e+01,6.754238094141408055e+01,1.102504307167973785e+01
7.200000000000000178e+00,-1.513430533198322081e+01,2.520211066676239042e+01,6.790037521508153873e+01,1.044549958432587289e+01
7.209999999999999964e+00,-1.515589027217107088e+01,2.360926934080232442e+01,6.823395168826428403e+01,9.846712472549926431e+00
7.219999999999999751e+00,-1.517941934717728536e+01,2.201229261912114765e+01,6.854110987180888515e+01,9.229920820511281931e+00
7.230000000000000426e+00,-1.520506433345060238e+01,2.041225593407101968e+01,6.881993977645534244e+01,8.596767514492626105e+00
7.240000000000000213e+00,-1.523294677171097788e+01,1.881051018491160320e+01,6.906873603848035259e+01,7.949276404623164538e+00
7.250000000000000000e+00,-1.526312848623297214e+01,1.720857460752154822e+01,6.928610047773976532e+01,7.289793624603963629e+00
7.259999999999999787e+00,-1.529560719428693005e+01,1.560801669588503771e+01,6.947102156685922125e+01,6.620898798393104023e+00
7.269999999999999574e+00,-1.533031752912974177e+01,1.401032921603104420e+01,6.962292192106224320e+01,5.945295561101045401e+00
7.280000000000000249e+00,-1.536713737205704788e+01,1.241681449144899574e+01,6.974166872546253160e+01,5.265693361003915385e+00
7.290000000000000036e+00,-1.540589897225011384e+01,1.082848555820224234e+01,6.982754649453001150e+01,4.584693522287574652e+00
7.299999999999999822e+00,-1.544640395045744086e+01,9.245992515375785814e+00,6.988119609089669382e+01,3.904691891411093518e+00
7.309999999999999609e+00,-1.548844095831575274e+01,7.669580478161557302e+00,6.990352789698317792e+01,3.227808174036168598e+00
7.320000000000000284e+00,-1.553180452556655489e+01,6.099083060628620601e+00,6.989561991303035882e+01,2.555848633084924160e+00
7.330000000000000071e+00,-1.557631349860512771e+01,4.533952415654003865e+00,6.985861301023481928e+01,1.890304661179200707e+00
7.339999999999999858e+00,-1.562182747715882236e+01,2.973323754182383372e+00,6.979361547940499122e+01,1.232385430629377332e+00
7.349999999999999645e+00,-1.566825980248395567e+01,1.416109233645887810e+00,6.970162748045191847e+01,5.830789056056000508e-01
7.360000000000000320e+00,-1.571558593563277206e+01,-1.388865388822231872e-01,6.958349328704404968e+01,-5.676757866526169899e-02
7.370000000000000107e+00,-1.576384646480074636e+01,-1.692839095579456998e+00,6.943988572003587478e+01,-6.863578995434711505e-01
7.379999999999999893e+00,-1.581314445574219185e+01,-3.246775519830345846e+00,6.927132331284478539e+01,-1.304860262440709961e+00
7.389999999999999680e+00,-1.586363735587535473e+01,-4.801455388852536643e+00,6.907821699321620201e+01,-1.911333559744003319e+00
7.400000000000000355e+00,-1.591552412473450673e+01,-6.357270907741899180e+00,6.886093980134374704e+01,-2.504675862489734950e+00
7.410000000000000142e+00,-1.596902864102109909e+01,-7.914173989564630141e+00,6.861991072725309948e+01,-3.083601188824576678e+00
7.419999999999999929e+00,-1.602438069447200775e+01,-9.471635540863404756e+00,6.835568237944237069e+01,-3.646647353827658922e+00
7.429999999999999716e+00,-1.608179599329117337e+01,-1.102863944945094588e+01,6.806902201428425769e+01,-4.192214158145927350e+00
7.440000000000000391e+00,-1.614145660874299182e+01,-1.258371105587944960e+01,6.776097645088698584e+01,-4.718627825581937607e+00
7.450000000000000178e+00,-1.620349315729834672e+01,-1.413497747894253642e+01,6.743291341951889706e+01,-5.224224834973794529e+00
7.459999999999999964e+00,-1.626796981670885245e+01,-1.568025523032655322e+01,6.708653466752468830e+01,-5.707446417041958320e+00
7.469999999999999751e+00,-1.633487301775300438e+01,-1.721715917331853163e+01,6.672385930651948627e+01,-6.166934189377873743e+00
7.480000000000000426e+00,-1.640410437769947194e+01,-1.874322605552092824e+01,6.634717902058928019e+01,-6.601617719355257208e+00
7.490000000000000213e+00,-1.647547816821124300e+01,-2.025604552130789671e+01,6.595898948281705998e+01,-7.010786117971206544e+00
7.500000000000000000e+00,-1.654872335567450747e+01,-2.175339160422220885e+01,6.556190434544780032e+01,-7.394137829625891278e+00
7.509999999999999787e+00,-1.662349002545605714e+01,-2.323334812526678661e+01,6.515855930229623993e+01,-7.751805262999912571e+00
7.519999999999999574e+00,-1.669935980834324951e+01,-2.469442210154442918e+01,6.475151393853055026e+01,-8.084353453352813190e+00
7.530000000000000249e+00,-1.677585976970741299e+01,-2.613564013587385304e+01,6.434315848282078321e+01,-8.392754239912681768e+00
7.540000000000000036e+00,-1.685247910098567914e+01,-2.755662375776443440e+01,6.393563135871119840e+01,-8.678339248210232171e+00
7.549999999999999822e+00,-1.692868786980772455e+01,-2.895764077001237524e+01,6.353075184715160617e+01,-8.942736156453779728e+00
7.559999999999999609e+00,-1.700395703991881291e+01,-3.033963077205294567e+01,6.312997047686787511e+01,-9.187793274965461165e+00
7.570000000000000284e+00,-1.707777896408552110e+01,-3.170420412564014256e+01,6.273433817613768326e+01,-9.415497447050270807e+00
7.580000000000000071e+00,-1.714968757923130482e+01,-3.305361464313119768e+01,6.234449391122580408e+01,-9.627889820893157591e+00
7.589999999999999858e+00,-1.721927758703474254e+01,-3.439070716231568525e+01,6.196066959460352308e+01,-9.826983310255830162e+00
7.599999999999999645e+00,-1.728622197632065749e+01,-3.571884188931196746e+01,6.158271049125144003e+01,-1.001468472557842304e+01
7.610000000000000320e+00,-1.735028732548188657e+01,-3.704179793336128768e+01,6.121010914448545748e+01,-1.019272376555202619e+01
7.620000000000000107e+00,-1.741134640413451251e+01,-3.836365884523740277e+01,6.084205089912283881e+01,-1.036259042498142335e+01
7.629999999999999893e+00,-1.746938766634000473e+01,-3.968868325158555876e+01,6.047746930676152033e+01,-1.052548196423478188e+01
7.639999999999999680e+00,-1.752452129082710286e+01,-4.102116391214957503e+01,6.011510993293839533e+01,-1.068226041492198597e+01
7.650000000000000355e+00,-1.757698147982903336e+01,-4.236527877310774670e+01,5.975360123427667958e+01,-1.083342163264950919e+01
7.660000000000000142e+00,-1.762712478493205026e+01,-4.372493788318531216e+01,5.939153114508398801e+01,-1.097907707468014493e+01
7.669999999999999929e+00,-1.767542429522924152e+01,-4.510363038044334161e+01,5.902752775570655075e+01,-1.111894966994790224e+01
7.679999999999999716e+00,-1.772245960847055812e+01,-4.650427610971674142e+01,5.866034197738073175e+01,-1.125238523685283099e+01
7.690000000000000391e+00,-1.776890261407984539e+01,-4.792908672836120587e+01,5.828892942326034188e+01,-1.137838077024571604e+01
7.700000000000000178e+00,-1.781549924627227810e+01,-4.937944132638195072e+01,5.791252799790071748e+01,-1.149563046908903807e+01
7.709999999999999964e+00,-1.786304750861327761e+01,-5.085578156419546758e+01,5.753072702321563270e+01,-1.160258956472214820e+01
7.719999999999999751e+00,-1.791237221681859992e+01,-5.235753108730684602e+01,5.714352330214055797e+01,-1.169755485572875564e+01
7.730000000000000426e+00,-1.796429704229074531e+01,-5.388304352395475405e+01,5.675135948621065296e+01,-1.177875945054003282e+01
7.740000000000000213e+00,-1.801961455557603742e+01,-5.542958275986230632e+01,5.635514058233246715e+01,-1.184447772054762460e+01
7.750000000000000000e+00,-1.807905506314452282e+01,-5.699333848751040676e+01,5.595622544943234544e+01,-1.189313507726547492e+01
7.759999999999999787e+00,-1.814325510638662564e+01,-5.856947931923295414e+01,5.555639165224572196e+01,-1.192341612145057717e+01
7.769999999999999574e+00,-1.821272655889342929e+01,-6.015224507996757808e+01,5.515777392423144221e+01,-1.193436415680619689e+01
7.780000000000000249e+00,-1.828782733154801576e+01,-6.173507925169764121e+01,5.476277854176518645e+01,-1.192546513785066864e+01
7.790000000000000036e+00,-1.836873478938084148e+01,-6.331080185534247562e+01,5.437397788931310316e+01,-1.189670986259572771e+01
7.799999999999999822e+00,-1.845542310894951754e+01,-6.487182218360338481e+01,5.399399116924500674e+01,-1.184862956116821664e+01
7.809999999999999609e+00,-1.854764595833128737e+01,-6.641038953561110247e+01,5.362535839692904460e+01,-1.178230182437272155e+01
7.820000000000000284e+00,-1.864492604448366109e+01,-6.791887821485943277e+01,5.327041541423125892e+01,-1.169932586292755872e+01
7.830000000000000071e+00,-1.874655320316740514e+01,-6.939010031916075150e+01,5.293117763056888236e+01,-1.160176817794899939e+01
7.839999999999999858e+00,-1.885159273859446927e+01,-7.081763615473884954e+01,5.260923961398213322e+01,-1.149208167000773528e+01
7.849999999999999645e+00,-1.895890556559403706e+01,-7.219616752149046590e+01,5.230569660986128611e+01,-1.137300288147540073e+01
7.860000000000000320e+00,-1.906718126860557305e+01,-7.352179402241681316e+01,5.202109268603536663e+01,-1.124743337721485581e+01
7.870000000000000107e+00,-1.917498438464055255e+01,-7.479230771619445761e+01,5.175539860499447542e+01,-1.111831219472780319e+01
7.879999999999999893e+00,-1.928081300467527726e+01,-7.600739802621446017e+01,5.150802079562176061e+01,-1.098848683991798758e+01
7.889999999999999680e+00,-1.938316722109222923e+01,-7.716875828331041021e+01,5.127784099711202259e+01,-1.086059047815256307e+01
7.900000000000000355e+00,-1.948062320038869899e+01,-7.828006901921837368e+01,5.106328431806981882e+01,-1.073693276814788966e+01
7.910000000000000142e+00,-1.957190703052797431e+01,-7.934684204314474698e+01,5.086241163884906769e+01,-1.061941118205055190e+01
7.919999999999999929e+00,-1.965596136912737180e+01,-8.037612329495765096e+01,5.067303055648864074e+01,-1.050944860713325291e+01
7.929999999999999716e+00,-1.973199768674475862e+01,-8.137606995423504941e+01,5.049281754387062904e+01,-1.040796149696145889e+01
7.940000000000000391e+00,-1.979952781455936162e+01,-8.235543541792458200e+01,5.031944282784607481e+01,-1.031536083383927682e+01
7.950000000000000178e+00,-1.985837057946473294e+01,-8.332301087499780579e+01,5.015068887266445330e+01,-1.023158574932256393e+01
7.959999999999999964e+00,-1.990863225946504400e+01,-8.428708085006211093e+01,4.998455346469855698e+01,-1.015616698423711561e+01
7.969999999999999751e+00,-1.995066289231012391e+01,-8.525495010343684044e+01,4.981932935661591699e+01,-1.008831470176616385e+01
7.980000000000000426e+00,-1.998499349500468369e+01,-8.623259051975148282e+01,4.965365426712244812e+01,-1.002702280783267774e+01
7.990000000000000213e+00,-2.001226145842433368e+01,-8.722444097886871361e+01,4.948652763797952048e+01,-9.971180206919068922e+00
8.000000000000000000e+00,-2.003313245527145625e+01,-8.823337391872911439e+01,4.931729368064180363e+01,-9.919678604322530902e+00
8.009999999999999787e+00,-2.004822710789117579e+01,-8.926082289544970649e+01,4.914559355299346066e+01,-9.871506724791188958e+00
8.019999999999999574e+00,-2.005805960539561994e+01,-9.030704876170480588e+01,4.897129259566560222e+01,-9.825822171687901729e+00
8.029999999999999361e+00,-2.006299375863942203e+01,-9.137150974027456130e+01,4.879439105034789748e+01,-9.781994463504505077e+00
8.039999999999999147e+00,-2.006321995956304960e+01,-9.245329307422331055e+01,4.861492828522514742e+01,-9.739615788173809463e+00
8.050000000000000711e+00,-2.005875441137790816e+01,-9.355156269269164682e+01,4.843289109578665119e+01,-9.698479361724476888e+00
8.060000000000000497e+00,-2.004945995980117601e+01,-9.466597778351980708e+01,4.824813610091802474e+01,-9.658528595988791210e+00
8.070000000000000284e+00,-2.003508595330949404e+01,-9.579704081543634686e+01,4.806033470592391410e+01,-9.619783230187357148e+00
8.080000000000000071e+00,-2.001532284710534881e+01,-9.694634022904206461e+01,4.786894673979405468e+01,-9.582250887856673671e+00
8.089999999999999858e+00,-1.998986583308764153e+01,-9.811666272848600556e+01,4.767322593514032292e+01,-9.545833987145837085e+00
8.099999999999999645e+00,-1.995848077802786236e+01,-9.931196270860560560e+01,4.747225717737461537e+01,-9.510242440282393517e+00
8.109999999999999432e+00,-1.992106537416693257e+01,-1.005371911585414750e+02,4.726502219027089069e+01,-9.474922080139922542e+00
8.119999999999999218e+00,-1.987769881717178322e+01,-1.017980019382455197e+02,4.705048733928640559e+01,-9.439007271205552385e+00
8.130000000000000782e+00,-1.982867458943538352e+01,-1.031003674951860205e+02,4.682770481095590753e+01,-9.401303797459933165e+00
8.140000000000000568e+00,-1.977451293971454049e+01,-1.044501465019480264e+02,4.659591683617864533e+01,-9.360305056203598539e+00
8.150000000000000355e+00,-1.971595213235202948e+01,-1.058526506054789706e+02,4.635465208704217588e+01,-9.314241103969349567e+00
8.160000000000000142e+00,-1.965392008480600339e+01,-1.073122556008902677e+02,4.610380401857629806e+01,-9.261156562617639310e+00
8.169999999999999929e+00,-1.958949019333310915e+01,-1.088320943805086927e+02,4.584368274162698498e+01,-9.199010216759072378e+00
8.179999999999999716e+00,-1.952382662932748048e+01,-1.104138567223832723e+02,4.557503483266906130e+01,-9.125786728366547251e+00
8.189999999999999503e+00,-1.945812501361784186e+01,-1.120577068529534586e+02,4.529902898458601612e+01,-9.039609593742445881e+00
8.199999999999999289e+00,-1.939355417778316237e+01,-1.137623162372966021e+02,4.501720913512104971e+01,-8.938844459071669135e+00
8.210000000000000853e+00,-1.933120388771282805e+01,-1.155249981071950316e+02,4.473142018682703736e+01,-8.822183191534008984e+00
8.220000000000000639e+00,-1.927204219756143999e+01,-1.173419228021304406e+02,4.444371420476898038e+01,-8.688701477815978791e+00
8.230000000000000426e+00,-1.921688477885997415e+01,-1.192083891350506519e+02,4.415624671659335121e+01,-8.537885839738621030e+00
8.240000000000000213e+00,-1.916637732427358642e+01,-1.211191261175835763e+02,4.387117328459189025e+01,-8.369629380540159147e+00
8.250000000000000000e+00,-1.912099106697095863e+01,-1.230686006050254093e+02,4.359055589260385943e+01,-8.184198863485724118e+00
8.259999999999999787e+00,-1.908103061428510827e+01,-1.250513088855920358e+02,4.331628706750991853e+01,-7.982178502312639701e+00
8.269999999999999574e+00,-1.904665264379756451e+01,-1.270620333018621295e+02,4.305003731320048388e+01,-7.764397848890013165e+00
8.279999999999999361e+00,-1.901789350375219456e+01,-1.290960483177649110e+02,4.279322869473261193e+01,-7.531852263495187216e+00
8.289999999999999147e+00,-1.899470335496054219e+01,-1.311492639653699825e+02,4.254703458483128031e+01,-7.285624629627664994e+00
8.300000000000000711e+00,-1.897698416808327693e+01,-1.332182984238869778e+02,4.231240294644959476e+01,-7.026816300225075196e+00
8.310000000000000497e+00,-1.896462865799090025e+01,-1.353004757350674367e+02,4.209009829163973393e+01,-6.756493867628508454e+00
8.320000000000000284e+00,-1.895755713055299907e+01,-1.373937493884678531e+02,4.188075579045566599e+01,-6.475656404627049056e+00
8.330000000000000071e+00,-1.895574928282057670e+01,-1.394965575789186971e+02,4.168494001380200586e+01,-6.185225519991739418e+00
8.339999999999999858e+00,-1.895926827373889623e+01,-1.416076210019602399e+02,4.150320054043790208e+01,-5.886058115694840609e+00
8.349999999999999645e+00,-1.896827488168204212e+01,-1.437256986061696296e+02,4.133611714685568472e+01,-5.578979339577817775e+00
8.359999999999999432e+00,-1.898303026122121295e+01,-1.458493202121258605e+02,4.118432847662946727e+01,-5.264831109174182622e+00
8.369999999999999218e+00,-1.900388663902833741e+01,-1.479765168822691521e+02,4.104853983802852468e+01,-4.944529932125780292e+00
8.380000000000000782e+00,-1.903126615393162524e+01,-1.501045701613002166e+02,4.092950793295267431e+01,-4.619126715964200436e+00
8.390000000000000568e+00,-1.906562884830598037e+01,-1.522297998866601745e+02,4.082800266361294206e+01,-4.289860930809997086e+00
8.400000000000000355e+00,-1.910743147463336200e+01,-1.543474075721930490e+02,4.074474846913294357e+01,-3.958201871732341282e+00
8.410000000000000142e+00,-1.915707924844159393e+01,-1.564513889740342165e+02,4.068034970350571200e+01,-3.625870796173618071e+00
8.419999999999999929e+00,-1.921487296260790600e+01,-1.585345259801240729e+02,4.063520621593935545e+01,-3.294839259417828625e+00
8.429999999999999716e+00,-1.928095403118492257e+01,-1.605884649234216681e+02,4.060942643314528055e+01,-2.967300878846558021e+00
8.439999999999999503e+00,-1.935525013993082410e+01,-1.626038860349594302e+02,4.060274583071961985e+01,-2.645615865342241690e+00
8.449999999999999289e+00,-1.943742434322551915e+01,-1.645707668952046276e+02,4.061445872357123932e+01,-2.332229829876792948e+00
8.460000000000000853e+00,-1.952683074462382606e+01,-1.664787408871887351e+02,4.064337083066757117e+01,-2.029570499951580231e+00
8.470000000000000639e+00,-1.962248036668875173e+01,-1.683175489239127387e+02,4.068777910119091956e+01,-1.739927984900575098e+00
8.480000000000000426e+00,-1.972302141402865416e+01,-1.700775780000517443e+02,4.074548383400501450e+01,-1.465326036645472341e+00
8.490000000000000213e+00,-1.982673871505331675e+01,-1.717504722776829453e+02,4.081383617259223939e+01,-1.207393266247480224e+00
8.500000000000000000e+00,-1.993157742180163439e+01,-1.733297906931803709e+02,4.088982161518362091e+01,-9.672443548339441088e-01
8.509999999999999787e+00,-2.003519566571620558e+01,-1.748116695978158646e+02,4.097017729469306602e+01,-7.453817491665847283e-01
8.519999999999999574e+00,-2.013504936605682971e+01,-1.761954313678200492e+02,4.105153759638193378e+01,-5.416279386750271208e-01
8.529999999999999361e+00,-2.022850940027707622e+01,-1.774840639034468950e+02,4.113059945556164365e+01,-3.550969764232268511e-01
8.539999999999999147e+00,-2.031300679358209749e+01,-1.786844871143136118e+02,4.120429579773382756e+01,-1.842113294678520696e-01
8.550000000000000711e+00,-2.038619591031587319e+01,-1.798075274141773718e+02,4.126996351379823125e+01,-2.676649020559653328e-02
8.560000000000000497e+00,-2.044611993113381132e+01,1.791324548828187631e+02,4.132549156181907790e+01,1.199586672834215412e-01
8.570000000000000284e+00,-2.049135881241890900e+01,1.781182967697049264e+02,4.136943559314541830e+01,2.590525424626890505e-01
8.580000000000000071e+00,-2.052113915335354832e+01,1.771310765726190937e+02,4.140108802276478173e+01,3.937936107595436108e-01
8.589999999999999858e+00,-2.053538899681252872e+01,1.761513668985727179e+02,4.142049650950313833e+01,5.274598403130258406e-01
8.599999999999999645e+00,-2.053472832141757465e+01,1.751605498217783463e+02,4.142842889026989894e+01,6.631409084064133763e-01
8.609999999999999432e+00,-2.052039614271444989e+01,1.741420334353995258e+02,4.142628801748294620e+01,8.035691991597119221e-01
8.619999999999999218e+00,-2.049412509980967556e+01,1.730822279182129364e+02,4.141598490345503336e+01,9.509834640761267721e-01
8.630000000000000782e+00,-2.045798161179767405e+01,1.719711853453192418e+02,4.139978239881126143e+01,1.107035383229451497e+00
8.640000000000000568e+00,-2.041419265047612086e+01,1.708028665212868304e+02,4.138012387458147856e+01,1.272744666088752918e+00
8.650000000000000355e+00,-2.036497887336200563e+01,1.695750541922669754e+02,4.135946188995405493e+01,1.448503461259733172e+00
8.660000000000000142e+00,-2.031240949103286653e+01,1.682889732093295265e+02,4.134010074760313103e+01,1.634126336401628965e+00
8.669999999999999929e+00,-2.025828853102134275e+01,1.669486997224802565e+02,4.132406451295681649e+01,1.828938414508727517e+00
8.679999999999999716e+00,-2.020407666245822043e+01,1.655604450004792909e+02,4.131299894858942423e+01,2.031891671116300646e+00
8.689999999999999503e+00,-2.015084843221294975e+01,1.641317906046872963e+02,4.130811232985482917e+01,2.241697970177665589e+00
8.699999999999999289e+00,-2.009928195079683988e+01,1.626709368680663488e+02,4.131015662458241167e+01,2.456967060735427921e+00
8.710000000000000853e+00,-2.004967658133240604e+01,1.611860111416698089e+02,4.131944729362211177e+01,2.676338312952507792e+00
8.720000000000000639e+00,-2.000199360817654082e+01,1.596844690968653140e+02,4.133591716024042029e+01,2.898596265706552710e+00
8.730000000000000426e+00,-1.995591474092382711e+01,1.581726124360416179e+02,4.135919750275994033e+01,3.122761932516119554e+00
8.740000000000000213e+00,-1.991091329596502746e+01,1.566552390716870207e+02,4.138871781914049564e+01,3.348154135568867762e+00
8.750000000000000000e+00,-1.986633280907626542e+01,1.551354358004210781e+02,4.142381466606573071e+01,3.574417783212228361e+00
8.759999999999999787e+00,-1.982146765774704633e+01,1.536145172383886290e+02,4.146383966163828205e+01,3.801518829188142323e+00
8.769999999999999574e+00,-1.977564013723048930e+01,1.520921072549956534e+02,4.150825721589247763e+01,4.029708467560634055e+00
8.779999999999999361e+00,-1.972826854020518184e+01,1.505663501055925337e+02,4.155672382422312694e+01,4.259461699706820426e+00
8.789999999999999147e+00,-1.967892133260622245e+01,1.490342286089736206e+02,4.160914275334557288e+01,4.491397512053315388e+00
8.800000000000000711e+00,-1.962735361083476704e+01,1.474919575008293862e+02,4.166569049986644302e+01,4.726189296808255946e+00
8.810000000000000497e+00,-1.957352364275292089e+01,1.459354133296662326e+02,4.172681425241093933e+01,4.964474668878059660e+00
8.820000000000000284e+00,-1.951758926002985106e+01,1.443605595404968085e+02,4.179320242863561674e+01,5.206773420263084873e+00
8.830000000000000071e+00,-1.945988589355609477e+01,1.427638275587467547e+02,4.186573287190316961e+01,5.453421070565274142e+00
8.839999999999999858e+00,-1.940088980388370032e+01,1.411424215420458665e+02,4.194540521027288804e+01,5.704523494900994862e+00
8.849999999999999645e+00,-1.934117128761135973e+01,1.394945248143932588e+02,4.203326502429262490e+01,5.959935696087742762e+00
8.859999999999999432e+00,-1.928134319386796136e+01,1.378193980075802472e+02,4.213032777244801963e+01,6.219265228652750999e+00
8.869999999999999218e+00,-1.922200996411758922e+01,1.361173706721545500e+02,4.223750992426997897e+01,6.481898356894142843e+00
8.880000000000000782e+00,-1.916372173753912733e+01,1.343897380184011183e+02,4.235557357592774963e+01,6.747044966536353883e+00
8.890000000000000568e+00,-1.910693703603520888e+01,1.326385815925727343e+02,4.248508914837677963e+01,7.013796708240548128e+00
8.900000000000000355e+00,-1.905199635875046837e+01,1.308665368578198525e+02,4.262641879014710611e+01,7.281191918171589172e+00
8.910000000000000142e+00,-1.899910783951587590e+01,1.290765321327100708e+02,4.277972101769638869e+01,7.548280560826015950e+00
8.919999999999999929e+00,-1.894834505636995203e+01,1.272715227175434478e+02,4.294497510077788149e+01,7.814182749785967275e+00
8.929999999999999716e+00,-1.889965617739573744e+01,1.254542419189737785e+02,4.312202189237854100e+01,8.078135265281865429e+00
8.939999999999999503e+00,-1.885288288892384401e+01,1.236269875496585371e+02,4.331061634570585284e+01,8.339521817164113671e+00
8.949999999999999289e+00,-1.880778697134661925e+01,1.217914586303489699e+02,4.351048596612417185e+01,8.597884484514445091e+00
8.960000000000000853e+00,-1.876408195826723002e+01,1.199486526043224188e+02,4.372138899821909774e+01,8.852915657104361458e+00
8.970000000000000639e+00,-1.872146704483877855e+01,1.180988284740102046e+02,4.394316629363422777e+01,9.104431742189046162e+00
8.980000000000000426e+00,-1.867966032411478849e+01,1.162415360167142921e+02,4.417578153958324094e+01,9.352331699680824784e+00
8.990000000000000213e+00,-1.863842855466332438e+01,1.143757058845907864e+02,4.441934578655826726e+01,9.596544948274155828e+00
9.000000000000000000e+00,-1.859761101733975508e+01,1.124997903483035486e+02,4.467412387138501373e+01,9.836974188540475339e+00
9.009999999999999787e+00,-1.855713559730171625e+01,1.106119402175591802e+02,4.494052221281758364e+01,1.007343910950806176e+01
9.019999999999999574e+00,-1.851702598716179438e+01,1.087102005873745014e+02,4.521905935705536450e+01,1.030562674313316052e+01
9.029999999999999361e+00,-1.847739977168252068e+01,1.067927069196639280e+02,4.551032236516324758e+01,1.053305344070357918e+01
9.039999999999999147e+00,-1.843845802297689573e+01,1.048578637467346795e+02,4.581491348660545526e+01,1.075504216865242135e+01
9.050000000000000711e+00,-1.840046780274287030e+01,1.029044908576583168e+02,4.613339242621398029e+01,1.097071721060123828e+01
9.060000000000000497e+00,-1.836373954652539098e+01,1.009319258085953663e+02,4.646621982072060320e+01,1.117901659585855256e+01
9.070000000000000284e+00,-1.832860163987568569e+01,9.894007640627597766e+01,4.681370729199900182e+01,1.137872083203928852e+01
9.080000000000000071e+00,-1.829537457398374301e+01,9.692942181237944510e+01,4.717597868681222906e+01,1.156849496334413097e+01
9.089999999999999858e+00,-1.826434691297319546e+01,9.490096553272542224e+01,4.755294593629547961e+01,1.174693973930309809e+01
9.099999999999999645e+00,-1.823575496698596865e+01,9.285614737009453279e+01,4.794430148837570727e+01,1.191264686005359152e+01
9.109999999999999432e+00,-1.820976760639150882e+01,9.079672420286496504e+01,4.834952761518217557e+01,1.206425292727067955e+01
9.119999999999999218e+00,-1.818647713293163193e+01,8.872463114592005695e+01,4.876792121758970922e+01,1.220048690397215907e+01
9.130000000000000782e+00,-1.816589659251799915e+01,8.664183532013805689e+01,4.919863118795792900e+01,1.232020656510962731e+01
9.140000000000000568e+00,-1.814796340697360222e+01,8.455019422843322729e+01,4.964070409667791495e+01,1.242242055838548964e+01
9.150000000000000355e+00,-1.813254874140320183e+01,8.245132974660245395e+01,5.009313307441257734e+01,1.250629420219444832e+01
9.160000000000000142e+00,-1.811947162587601312e+01,8.034652710500459705e+01,5.055490438083955240e+01,1.257113889200007861e+01
9.169999999999999929e+00,-1.810851652828637626e+01,7.823666606079989094e+01,5.102503635050880604e+01,1.261638679646801364e+01
9.179999999999999716e+00,-1.809945284448019009e+01,7.612218883563922134e+01,5.150260619632485515e+01,1.264155420503961480e+01
9.189999999999999503e+00,-1.809205464866249358e+01,7.400310644074197342e+01,5.198676147102823819e+01,1.264619824286994465e+01
9.199999999999999289e+00,-1.808611904754603472e+01,7.187904189937046340e+01,5.247671470762946910e+01,1.262987252684510509e+01
9.210000000000000853e+00,-1.808148161564957590e+01,6.974930583255660110e+01,5.297172169506580985e+01,1.259208757987503979e+01
9.220000000000000639e+00,-1.807802765514230714e+01,6.761299716854679787e+01,5.347104577583132823e+01,1.253228140379362721e+01
9.230000000000000426e+00,-1.807569840463515121e+01,6.546911964928227690e+01,5.397391225416111382e+01,1.244980456768140265e+01
9.240000000000000213e+00,-1.807449178383975763e+01,6.331670357715344721e+01,5.447945827783659212e+01,1.234392260704341204e+01
9.250000000000000000e+00,-1.807445775833260626e+01,6.115492202049181714e+01,5.498668425433172047e+01,1.221383661852150304e+01
9.259999999999999787e+00,-1.807568888767257320e+01,5.898319150017846368e+01,5.549441289772855868e+01,1.205872088123256702e+01
9.269999999999999574e+00,-1.807830703012817963e+01,5.680124890215462585e+01,5.600126136196515603e+01,1.187777436060792269e+01
9.279999999999999361e+00,-1.808244747831199106e+01,5.460919877827139146e+01,5.650563065307483157e+01,1.167028126809490907e+01
9.289999999999999147e+00,-1.808824196854363109e+01,5.240752801787991899e+01,5.700571474588814169e+01,1.143567464929313005e+01
9.300000000000000711e+00,-1.809580203741312943e+01,5.019708778513613368e+01,5.749952973160601033e+01,1.117359640172693247e+01
9.310000000000000497e+00,-1.810520410252308565e+01,4.797904534450511704e+01,5.798496110752469690e+01,1.088394727298859621e+01
9.320000000000000284e+00,-1.811647744274000971e+01,4.575481072595350440e+01,5.845982523294983935e+01,1.056692128148377741e+01
9.330000000000000071e+00,-1.812959597395578015e+01,4.352594497451614330e+01,5.892193926639961887e+01,1.022302057431594946e+01
9.339999999999999858e+00,-1.814447438728985418e+01,4.129405791793498537e+01,5.936919279681627160e+01,9.853048841117104217e+00
9.349999999999999645e+00,-1.816096886314366543e+01,3.906070395282308283e+01,5.979961405811022956e+01,9.458083808174899687e+00
9.359999999999999432e+00,-1.817888221833050721e+01,3.682728430572354483e+01,6.021142415547682702e+01,9.039431752416287935e+00
9.369999999999999218e+00,-1.819797300382083094e+01,3.459496359585823910e+01,6.060307410387120086e+01,8.598569083483022624e+00
9.380000000000000782e+00,-1.821796776580914567e+01,3.236460734606307454e+01,6.097326153317309405e+01,8.137077550720276164e+00
9.390000000000000568e+00,-1.823857543179070362e+01,3.013674540759325282e+01,6.132092639345661667e+01,7.656580318660600071e+00
9.400000000000000355e+00,-1.825950260592577123e+01,2.791156416250407446e+01,6.164522756849839880e+01,7.158685909763872424e+00
9.410000000000000142e+00,-1.828046847318846346e+01,2.568892796716909999e+01,6.194550462639876542e+01,6.644945860496064505e+00
9.419999999999999929e+00,-1.830121803465933894e+01,2.346842777619707832e+01,6.222123068739948337e+01,6.116830031129666168e+00
9.429999999999999716e+00,-1.832153253372263890e+01,2.124945245738154753e+01,6.247196333754617115e+01,5.575721111776059224e+00
9.439999999999999503e+00,-1.834123617993147803e+01,1.903127621939336223e+01,6.269730054449033219e+01,5.022927302292167440e+00
9.449999999999999289e+00,-1.836019861516717455e+01,1.681315405898092052e+01,6.289684764714827736e+01,4.459709752728816312e+00
9.460000000000000853e+00,-1.837833296370731873e+01,1.459441637778871659e+01,6.307019982264776559e+01,3.887319443754415182e+00
9.470000000000000639e+00,-1.839558972292560313e+01,1.237455401993607751e+01,6.321694220822963217e+01,3.307037003727832936e+00
9.480000000000000426e+00,-1.841194714034677560e+01,1.015328593447031658e+01,6.333666736487420224e+01,2.720208645931426972e+00
9.490000000000000213e+00,-1.842739904500454529e+01,7.930603361077471547e+00,6.342900733567920213e+01,2.128272000990264701e+00
9.500000000000000000e+00,-1.844194132534053665e+01,5.706786678405229019e+00,6.349367548983031639e+01,1.532767037773353547e+00
9.509999999999999787e+00,-1.845555835420107016e+01,3.482393598091376496e+00,6.353051192181150952e+01,9.353293282828486488e-01
9.519999999999999574e+00,-1.846821064969361004e+01,1.258219979841875391e+00,6.353952558557993768e+01,3.376653501284842540e-01
9.529999999999999361e+00,-1.847982493668195758e+01,-9.647630479014790428e-01,6.352092666851383029e+01,-2.584879878674325449e-01
9.539999999999999147e+00,-1.849028755415413272e+01,-3.185489939283059790e+00,6.347514391146239632e+01,-8.514152001924405466e-01
9.550000000000000711e+00,-1.849944186028684356e+01,-5.402892303528392226e+00,6.340282349911733206e+01,-1.439479432265516001e+00
9.560000000000000497e+00,-1.850708994370819482e+01,-7.615993021202428714e+00,6.330480851772097139e+01,-2.021178165379589498e+00
9.570000000000000284e+00,-1.851299858101900142e+01,-9.823994456866630642e+00,6.318210047985628108e+01,-2.595190642675865966e+00
9.580000000000000071e+00,-1.851690901253429189e+01,-1.202635273135306981e+01,6.303580670990858437e+01,-3.160411204547445507e+00
9.589999999999999858e+00,-1.851854976701243416e+01,-1.422283110035885123e+01,6.286707916780272143e+01,-3.715964425322574538e+00
9.599999999999999645e+00,-1.851765147956636781e+01,-1.641352719522918591e+01,6.267705134318148907e+01,-4.261200142574286254e+00
9.609999999999999432e+00,-1.851396244270994274e+01,-1.859887111725013398e+01,6.246678006602223832e+01,-4.795668868111826910e+00
9.619999999999999218e+00,-1.850726353341547181e+01,-2.077959397635756744e+01,6.223719845709972986e+01,-5.319080358650605689e+00
9.630000000000000782e+00,-1.849738118688530619e+01,-2.295666920344077866e+01,6.198908489144034206e+01,-5.831250029888763287e+00
9.640000000000000568e+00,-1.848419724640425343e+01,-2.513123156839679950e+01,6.172305095925626262e+01,-6.332039209297624538e+00
9.650000000000000355e+00,-1.846765479865482718e+01,-2.730448101345276868e+01,6.143954922144112629e+01,-6.821295810930650738e+00
9.660000000000000142e+00,-1.844775947919071157e+01,-2.947757990066658706e+01,6.113889933010258915e+01,-7.298801838110543727e+00
9.669999999999999929e+00,-1.842457616303606471e+01,-3.165155288628177743e+01,6.082132907080624307e+01,-7.764233219830735777e+00
9.679999999999999716e+00,-1.839822139161229231e+01,-3.382719829647906096e+01,6.048702530310951886e+01,-8.217135982851832665e+00
9.689999999999999503e+00,-1.836885227949831645e+01,-3.600501863964419869e+01,6.013618879948940332e+01,-8.656920835109993106e+00
9.699999999999999289e+00,-1.833665295018536057e+01,-3.818517591753087004e+01,5.976908671210175328e+01,-9.082876113519509076e+00
9.710000000000000853e+00,-1.830181973975342657e+01,-4.036747494396210101e+01,5.938609685412954065e+01,-9.494196979263485048e+00
9.720000000000000639e+00,-1.826454646870589116e+01,-4.255137523595565341e+01,5.898773910428467104e+01,-9.890026970023216180e+00
9.730000000000000426e+00,-1.822501101880524743e+01,-4.473602949068389734e+01,5.857469088436097593e+01,-1.026950675004221125e+01
9.740000000000000213e+00,-1.818336428053671483e+01,-4.692034443930222665e+01,5.814778561004231960e+01,-1.063182428059238127e+01
9.750000000000000000e+00,-1.813972228304063705e+01,-4.910305814596268448e+01,5.770799502553256843e+01,-1.097626072533980413e+01
9.759999999999999787e+00,-1.809416201086859033e+01,-5.128282669765915358e+01,5.725639815056102577e+01,-1.130222717294119406e+01
9.769999999999999574e+00,-1.804672107950255722e+01,-5.345831274674954159e+01,5.679414097430980490e+01,-1.160928858010516862e+01
9.779999999999999361e+00,-1.799740111081522542e+01,-5.562826851396367545e+01,5.632239186878555870e+01,-1.189717302127048093e+01
9.789999999999999147e+00,-1.794617434423716773e+01,-5.779160659147931511e+01,5.584229789091395446e+01,-1.216576614744560558e+01
9.800000000000000711e+00,-1.789299276025782248e+01,-5.994745313180229118e+01,5.535494671262102173e+01,-1.241509247516189873e+01
9.810000000000000497e+00,-1.783779879831618942e+01,-6.209517967158598140e+01,5.486133795431261007e+01,-1.264528654440683653e+01
9.820000000000000284e+00,-1.778053663632207915e+01,-6.423441179542751911e+01,5.436236635128642547e+01,-1.285655795216300845e+01
9.830000000000000071e+00,-1.772116297475678692e+01,-6.636501493956721731e+01,5.385881764034114383e+01,-1.304915470233959240e+01
9.839999999999999858e+00,-1.765965633890816378e+01,-6.848705969133196447e+01,5.335137650892214367e+01,-1.322332919922237693e+01
9.849999999999999645e+00,-1.759602407429939319e+01,-7.060077076688479281e+01,5.284064458070346149e+01,-1.337931059958027014e+01
9.859999999999999432e+00,-1.753030644919140002e+01,-7.270646526544882704e+01,5.232716536612053204e+01,-1.351728623018172826e+01
9.869999999999999218e+00,-1.746257757131086308e+01,-7.480448665400236052e+01,5.181145248538619086e+01,-1.363739351223221341e+01
9.880000000000000782e+00,-1.739294314363038296e+01,-7.689514114114763288e+01,5.129401732347698584e+01,-1.373972247259611024e+01
9.890000000000000568e+00,-1.732153539260104225e+01,-7.897864263500602533e+01,5.077539259452458253e+01,-1.382432762731597720e+01
9.900000000000000355e+00,-1.724850576931796198e+01,-8.105507140838416547e+01,5.025614901703441006e+01,-1.389124694520026537e+01
9.910000000000000142e+00,-1.717401622287145102e+01,-8.312435004506380665e+01,4.973690332618282639e+01,-1.394052485657486251e+01
9.919999999999999929e+00,-1.709822995769219034e+01,-8.518623839233924855e+01,4.921831703779725586e+01,-1.397223593891464155e+01
9.929999999999999716e+00,-1.702130260564902997e+01,-8.724034729739419447e+01,4.870108657834403942e+01,-1.398650600870440464e+01
9.939999999999999503e+00,-1.694337467192833202e+01,-8.928616905463861997e+01,4.818592645892128701e+01,-1.398352784523000025e+01
9.949999999999999289e+00,-1.686456596289799137e+01,-9.132312090778266622e+01,4.767354797497472418e+01,-1.396356958670166293e+01
9.960000000000000853e+00,-1.678497249204095354e+01,-9.335059676526856265e+01,4.716463637183768753e+01,-1.392697485628005261e+01
9.970000000000000639e+00,-1.670466610816825082e+01,-9.536802158722676381e+01,4.665982949129099211e+01,-1.387415476075432252e+01
9.980000000000000426e+00,-1.662369682162276519e+01,-9.737490272894618215e+01,4.615970061718726924e+01,-1.380557292316906803e+01
9.990000000000000213e+00,-1.654209754226760509e+01,-9.937087288120561368e+01,4.566474762374567575e+01,-1.372172554448850512e+01
1.000000000000000000e+01,-1.645989070985650926e+01,-1.013557200948336288e+02,4.517538968694051960e+01,-1.362311904958842668e+01
1.000999999999999979e+01,-1.637709611297098533e+01,-1.033294016423317316e+02,4.469197185655241356e+01,-1.351024810760008421e+01
1.001999999999999957e+01,-1.629373907386898779e+01,-1.052920400455864467e+02,4.421477681978108620e+01,-1.338357671349360523e+01
1.002999999999999936e+01,-1.620985813531983766e+01,-1.072439013470206817e+02,4.374404232677024851e+01,-1.324352460204901227e+01
1.003999999999999915e+01,-1.612551142735054555e+01,-1.091853574601884986e+02,4.327998208727982643e+01,-1.309046059484956537e+01
1.005000000000000071e+01,-1.604078101447086269e+01,-1.111168360333222864e+02,4.282280755431720110e+01,-1.292470363857939297e+01
1.006000000000000050e+01,-1.595577471651559343e+01,-1.130387625327552570e+02,4.237274792217110075e+01,-1.274653137762140886e+01
1.007000000000000028e+01,-1.587062513989736345e+01,-1.149515000691198736e+02,4.193006588625419795e+01,-1.255619522020585421e+01
1.008000000000000007e+01,-1.578548592589603494e+01,-1.168552927627625735e+02,4.149506720964389217e+01,-1.235394010417283894e+01
1.008999999999999986e+01,-1.570052549076080872e+01,-1.187502181520061839e+02,4.106810285478093903e+01,-1.214002662845305025e+01
1.009999999999999964e+01,-1.561591877173347420e+01,-1.206361533287843741e+02,4.064956328349795456e+01,-1.191475294653491623e+01
1.010999999999999943e+01,-1.553183768072792681e+01,-1.225127582370103312e+02,4.023986540622471608e+01,-1.167847384305782299e+01
1.011999999999999922e+01,-1.544844108728012699e+01,-1.243794780262318369e+02,3.983943347254521683e+01,-1.143161472406481849e+01
1.013000000000000078e+01,-1.536586519655923588e+01,-1.262355646721724298e+02,3.944867585211650862e+01,-1.117467880274958780e+01
1.014000000000000057e+01,-1.528421515664121166e+01,-1.280801164111093158e+02,3.906796009059942065e+01,-1.090824648736518121e+01
1.015000000000000036e+01,-1.520355862839757322e+01,-1.299121320238967030e+02,3.869758880124273759e+01,-1.063296679210894169e+01
1.016000000000000014e+01,-1.512392189245272434e+01,-1.317305757586540551e+02,3.833777886123537115e+01,-1.034954140635312569e+01
1.016999999999999993e+01,-1.504528886474694360e+01,-1.335344477805152508e+02,3.798864604364627695e+01,-1.005870278950414232e+01
1.017999999999999972e+01,-1.496760316081789988e+01,-1.353228545369849769e+02,3.765019667488493837e+01,-9.761188239132355449e+00
1.018999999999999950e+01,-1.489077310518959152e+01,-1.370950733593867028e+02,3.732232722460870633e+01,-9.457712259317172965e+00
1.019999999999999929e+01,-1.481467934295556077e+01,-1.388506059939537636e+02,3.700483197929798251e+01,-9.148939706574497066e+00
1.021000000000000085e+01,-1.473918449293278421e+01,-1.405892165571262069e+02,3.669741819394571536e+01,-8.835462106037811125e+00
1.022000000000000064e+01,-1.466414410298291848e+01,-1.423109505986216163e+02,3.639972742683003304e+01,-8.517779224564380414e+00
1.023000000000000043e+01,-1.458941804482439331e+01,-1.440161334608505683e+02,3.611136120079024181e+01,-8.196287491742548781e+00
1.024000000000000021e+01,-1.451488143204811365e+01,-1.457053478366601666e+02,3.583190874995715802e+01,-7.871276221172235132e+00
1.025000000000000000e+01,-1.444043417057679868e+01,-1.473793922077694276e+02,3.556097443770882194e+01,-7.542931861777271152e+00
1.025999999999999979e+01,-1.436600835793467112e+01,-1.490392235279295221e+02,3.529820248581520303e+01,-7.211349769339525650e+00
1.026999999999999957e+01,-1.429157293011645535e+01,-1.506858889253778671e+02,3.504329693178125638e+01,-6.876552301999616645e+00
1.027999999999999936e+01,-1.421713519700482209e+01,-1.523204521829174496e+02,3.479603520510173809e+01,-6.538511476823242852e+00
1.028999999999999915e+01,-1.414273918555982945e+01,-1.539439211964852916e+02,3.455627433684349370e+01,-6.197174033828425799e+00
1.030000000000000071e+01,-1.406846099554460672e+01,-1.555571824609530154e+02,3.432394952748922634e+01,-5.852486577845977145e+00
1.031000000000000050e+01,-1.399440163528295145e+01,-1.571609479027945042e+02,3.409906552223856835e+01,-5.504418523289948517e+00
1.032000000000000028e+01,-1.392067801786958015e+01,-1.587557181593147959e+02,3.388168190652108080e+01,-5.152980843234879593e+00
1.033000000000000007e+01,-1.384741294111536014e+01,-1.603417648338615038e+02,3.367189397053387978e+01,-4.798239088817510378e+00
1.033999999999999986e+01,-1.377472493607253057e+01,-1.619191325079293904e+02,3.346981114901664967e+01,-4.440319744871663588e+00
1.034999999999999964e+01,-1.370271884760454029e+01,-1.634876595431045985e+02,3.327553519123401315e+01,-4.079409657136164213e+00
1.035999999999999943e+01,-1.363147791309520507e+01,-1.650470151212820724e+02,3.308914014978620344e+01,-3.715748935321279145e+00
1.036999999999999922e+01,-1.356105794552592236e+01,-1.665967486819675969e+02,3.291065601150628339e+01,-3.349618338603702394e+00
1.038000000000000078e+01,-1.349148402238738598e+01,-1.681363470129582254e+02,3.274005736437916170e+01,-2.981322630159727538e+00
1.039000000000000057e+01,-1.342274985169498080e+01,-1.696652937873195697e+02,3.257725794989012513e+01,-2.611171704790799630e+00
1.040000000000000036e+01,-1.335481975038004521e+01,-1.711831263308072835e+02,3.242211134708906428e+01,-2.239461425737926614e+00
1.041000000000000014e+01,-1.328763294725706601e+01,-1.726894848332009076e+02,3.227441743180831679e+01,-1.866456048636782716e+00
1.041999999999999993e+01,-1.322110972976992471e+01,-1.741841500400602456e+02,3.213393370808962146e+01,-1.492373874469618222e+00
1.042999999999999972e+01,-1.315515880581243735e+01,-1.756670666082266905e+02,3.200039016829813221e+01,-1.117377386736008393e+00
1.043999999999999950e+01,-1.308968516126202175e+01,-1.771383506850454523e+02,3.187350604258096354e+01,-7.415686309515042707e-01
1.044999999999999929e+01,-1.302459766876340019e+01,-1.785982817624051222e+02,3.175300667283718781e+01,-3.649900365392321211e-01
1.046000000000000085e+01,-1.295981574700955363e+01,1.799527196691452957e+02,3.163863880103024684e+01,1.236968264875580939e-02
1.047000000000000064e+01,-1.289527447943277139e+01,1.785141258214571849e+02,3.153018278915109107e+01,3.905654265327161423e-01
1.048000000000000043e+01,-1.283092776732167195e+01,1.770853427858423288e+02,3.142746066390478887e+01,7.696826948570183458e-01
1.049000000000000021e+01,-1.276674929906156208e+01,1.756657546646129617e+02,3.133033936330653901e+01,1.149823218520967139e+00
1.050000000000000000e+01,-1.270273134364866863e+01,1.742547659538853964e+02,3.123872910324941543e+01,1.531090891552504774e+00
1.050999999999999979e+01,-1.263888159940194278e+01,1.728518377726376798e+02,3.115257732193319384e+01,1.913579577890744954e+00
1.051999999999999957e+01,-1.257521852469356816e+01,1.714565142771451747e+02,3.107185914128359272e+01,2.297364117427759034e+00
1.052999999999999936e+01,-1.251176572649745644e+01,1.700684367069893881e+02,3.099656565643314821e+01,2.682495466281120677e+00
1.053999999999999915e+01,-1.244854607009121317e+01,1.686873438581250184e+02,3.092669158873168556e+01,3.069000420446791555e+00
1.055000000000000071e+01,-1.238557619178593860e+01,1.673130592275239792e+02,3.086222389276115408e+01,3.456885842702062561e+00
1.056000000000000050e+01,-1.232286204588737988e+01,1.659454664756744648e+02,3.080313278978682945e+01,3.846146796250313749e+00
1.057000000000000028e+01,-1.226039600377137972e+01,1.645844760716306894e+02,3.074936642317220503e+01,4.236777538991076675e+00
1.058000000000000007e+01,-1.219815585913726963e+01,1.632299869072449212e+02,3.070084992546103919e+01,4.628783995582760546e+00
1.058999999999999986e+01,-1.213610589540919449e+01,1.618818472100217036e+02,3.065748919436061826e+01,5.022196134961898650e+00
1.059999999999999964e+01,-1.207419995769179977e+01,1.605398192000795916e+02,3.061917914620621772e+01,5.417078658303484673e+00
1.060999999999999943e+01,-1.201238626258400721e+01,1.592035516150910439e+02,3.058581570465650401e+01,5.813538549925902466e+00
1.061999999999999922e+01,-1.195061349420442909e+01,1.578725634944404419e+02,3.055731034210425179e+01,6.211728348038938918e+00
1.063000000000000078e+01,-1.188883759199830870e+01,1.565462415336996855e+02,3.053360566816976629e+01,6.611844424363150452e+00
1.064000000000000057e+01,-1.182702855005570086e+01,1.552238519906521788e+02,3.051469038940413725e+01,7.014120078778113943e+00
1.065000000000000036e+01,-1.176517652868061958e+01,1.539045666709399711e+02,3.050061196773907568e+01,7.418813804625790098e+00
1.066000000000000014e+01,-1.170329663034489798e+01,1.525875010898344328e+02,3.049148548515961465e+01,7.826193604690421246e+00
1.066999999999999993e+01,-1.164143181010237171e+01,1.512717616456168059e+02,3.048749756241208431e+01,8.236518681157424027e+00
1.067999999999999972e+01,-1.157965356366901410e+01,1.499564976849157745e+02,3.048890464629603514e+01,8.650020136915623326e+00
1.068999999999999950e+01,-1.151806024679416751e+01,1.486409537948846378e+02,3.049602552496240904e+01,9.066882476070517782e+00
1.069999999999999929e+01,-1.145677310488590273e+01,1.473245175788108838e+02,3.050922849673412429e+01,9.487227662156284325e+00
1.071000000000000085e+01,-1.139593030818496189e+01,1.460067585636660112e+02,3.052891414659644198e+01,9.911103286757354525e+00
1.072000000000000064e+01,-1.133567947280550214e+01,1.446874546993298338e+02,3.055549512216204633e+01,1.033847604141335630e+01
1.073000000000000043e+01,-1.127616928383401529e+01,1.433666040437903177e+02,3.058937460517336504e+01,1.076923120961230396e+01
1.074000000000000021e+01,-1.121754091197874459e+01,1.420444205610101562e+02,3.063092531812648289e+01,1.120317835151946717e+01
1.075000000000000000e+01,-1.115991992573997216e+01,1.407213143513905607e+02,3.068047087782531435e+01,1.164006279453771597e+01
1.075999999999999979e+01,-1.110340934927563517e+01,1.393978579577576511e+02,3.073827111439788595e+01,1.207958201952875932e+01
1.076999999999999957e+01,-1.104808441013548759e+01,1.380747415304861647e+02,3.080451263562876463e+01,1.252140559172113221e+01
1.077999999999999936e+01,-1.099398937273374521e+01,1.367527205084073785e+02,3.087930546389550202e+01,1.296519696446193315e+01
1.078999999999999915e+01,-1.094113667688228375e+01,1.354325600214625922e+02,3.096268604630747134e+01,1.341063530974943419e+01
1.080000000000000071e+01,-1.088950841075592635e+01,1.341149804183802701e+02,3.105462638282975618e+01,1.385743551677127172e+01
1.081000000000000050e+01,-1.083905995902042108e+01,1.328006081647714609e+02,3.115504847958230528e+01,1.430536465070852081e+01
1.082000000000000028e+01,-1.078972549352969068e+01,1.314899358627912989e+02,3.126384286192694617e+01,1.475425346814908956e+01
1.083000000000000007e+01,-1.074142482888875350e+01,1.301832943523105257e+02,3.138088951738150101e+01,1.520400201887471070e+01
1.083999999999999986e+01,-1.069407105959423276e+01,1.288808388246552852e+02,3.150607941738962481e+01,1.565457889057280916e+01
1.084999999999999964e+01,-1.064757833841817281e+01,1.275825496919359097e+02,3.163933471376861917e+01,1.610601422685617479e+01
1.085999999999999943e+01,-1.060186915297842347e+01,1.262882477034142710e+02,3.178062582966400385e+01,1.655838721657886836e+01
1.086999999999999922e+01,-1.055688051056399956e+01,1.249976215926701002e+02,3.192998395818301560e+01,1.701180925859339510e+01
1.088000000000000078e+01,-1.051256854670025476e+01,1.237102654860358228e+02,3.208750791883349507e+01,1.746640439958689939e+01
1.089000000000000057e+01,-1.046891122170847765e+01,1.224257225055514482e+02,3.225336486071011421e+01,1.792228888251474217e+01
1.090000000000000036e+01,-1.042590894778327026e+01,1.211435305384356553e+02,3.242778488846190044e+01,1.837955170402079474e+01
1.091000000000000014e+01,-1.038358317942861930e+01,1.198632660662184009e+02,3.261105026311359723e+01,1.883823795467468187e+01
1.091999999999999993e+01,-1.034197318343353089e+01,1.185845822556630367e+02,3.280348033669751828e+01,1.929833641927755750e+01
1.092999999999999972e+01,-1.030113136270365715e+01,1.173072381733784226e+02,3.300541376718026498e+01,1.975977247727304231e+01
1.093999999999999950e+01,-1.026111762605324884e+01,1.160311169218849869e+02,3.321718979143138029e+01,2.022240681078670477e+01
1.094999999999999929e+01,-1.022199336320291962e+01,1.147562316050851337e+02,3.343913038868451082e+01,2.068603985377966126e+01
1.096000000000000085e+01,-1.018381559621467325e+01,1.134827192002444320e+02,3.367152504259426848e+01,2.115042135662079303e+01
1.097000000000000064e+01,-1.014663183677503611e+01,1.122108235270806631e+02,3.391461952110358169e+01,2.161526394950534069e+01
1.098000000000000043e+01,-1.011047608961342092e+01,1.109408694605496777e+02,3.416860966924050302e+01,2.208025921156754023e+01
1.099000000000000021e+01,-1.007536631638324565e+01,1.096732312522239710e+02,3.443364069173939868e+01,2.254509452526154334e+01
1.100000000000000000e+01,-1.004130352457447017e+01,1.084082982520132958e+02,3.470981183934500791e+01,2.300946893918927216e+01
1.100999999999999979e+01,-1.000827248673130754e+01,1.071464414316909739e+02,3.499718585850148855e+01,2.347310638345848943e+01
1.101999999999999957e+01,-9.976243940741614580e+00,1.058879839057426722e+02,3.529580207281776438e+01,2.393576487030732736e+01
1.102999999999999936e+01,-9.945177985661569409e+00,1.046331781503067759e+02,3.560569158592501537e+01,2.439724074356200489e+01
1.103999999999999915e+01,-9.915028281118855702e+00,1.033821918867970027e+02,3.592689286982250252e+01,2.485736757322813517e+01
1.105000000000000071e+01,-9.885746590969441527e+00,1.021351036919609356e+02,3.625946595763850411e+01,2.531600987391455249e+01
1.106000000000000050e+01,-9.857287189496828361e+00,1.008919084044495662e+02,3.660350360454427943e+01,2.577305239813501814e+01
1.107000000000000028e+01,-9.829610673071602633e+00,9.965253141241323931e+01,3.695913810520153930e+01,2.622838625660866541e+01
1.108000000000000007e+01,-9.802686789534227785e+00,9.841685002179336550e+01,3.732654293051169248e+01,2.668189349152007139e+01
1.108999999999999986e+01,-9.776496004920584681e+00,9.718471940776130680e+01,3.770592892302664723e+01,2.713343193136749676e+01
1.109999999999999964e+01,-9.751029661847997687e+00,9.595600021200768026e+01,3.809753540895744095e+01,2.758282216111107132e+01
1.110999999999999943e+01,-9.726288732270784720e+00,9.473058471051801632e+01,3.850161717900056146e+01,2.802983824343309749e+01
1.111999999999999922e+01,-9.702281314227748865e+00,9.350841865287360122e+01,3.891842879523450449e+01,2.847420344255504432e+01
1.113000000000000078e+01,-9.679019152664761094e+00,9.228951634467894394e+01,3.934820804052112919e+01,2.891559166788457347e+01
1.114000000000000057e+01,-9.656513565348740613e+00,9.107396725842799867e+01,3.979116049790028597e+01,2.935363472379135530e+01
1.115000000000000036e+01,-9.634771216528424276e+00,8.986193333993172416e+01,4.024744720656514119e+01,2.978793478798111138e+01
1.116000000000000014e+01,-9.613790197801620252e+00,8.865363713720677197e+01,4.071717708516108303e+01,3.021808091312325573e+01
1.116999999999999993e+01,-9.593556846640307612e+00,8.744934182147341062e+01,4.120040536073967274e+01,3.064366782206651507e+01
1.117999999999999972e+01,-9.574043661598947708e+00,8.624932500515076583e+01,4.169713863151097399e+01,3.106431490612900248e+01
1.118999999999999950e+01,-9.555208566567861439e+00,8.505384891139573256e+01,4.220734648027274005e+01,3.147968318518741881e+01
1.119999999999999929e+01,-9.536995644683466722e+00,8.386312985389427865e+01,4.273097881361839967e+01,3.188948807550921671e+01
1.121000000000000085e+01,-9.519337317880106397e+00,8.267731010627113619e+01,4.326798740843227620e+01,3.229350614123564611e+01
1.122000000000000064e+01,-9.502157803899866195e+00,8.149643506401424986e+01,4.381834958106242794e+01,3.269157455687690828e+01
1.123000000000000043e+01,-9.485377552369781640e+00,8.032043814004502735e+01,4.438209152705061200e+01,3.308358273352084211e+01
1.124000000000000021e+01,-9.468918257966056018e+00,7.914913512553314945e+01,4.495930876407325627e+01,3.346945638957186020e+01
1.125000000000000000e+01,-9.452707982427790867e+00,7.798222885210547872e+01,4.555018127576943954e+01,3.384913518957306877e+01
1.125999999999999979e+01,-9.436685895897408471e+00,7.681932399280883317e+01,4.615498139598435756e+01,3.422254583654493842e+01
1.126999999999999957e+01,-9.420806175274202943e+00,7.565995083428238388e+01,4.677407315505337948e+01,3.458957309312163630e+01
1.127999999999999936e+01,-9.405040671610462866e+00,7.450359594415775177e+01,4.740790266536824760e+01,3.495003154966462233e+01
1.128999999999999915e+01,-9.389380073569364882e+00,7.334973694260864363e+01,4.805698006304058367e+01,3.530364100474461253e+01
1.130000000000000071e+01,-9.373833438399746143e+00,7.219787814422642214e+01,4.872185444431585211e+01,3.565000805887893875e+01
1.131000000000000050e+01,-9.358426120989284058e+00,7.104758371676659578e+01,4.940308403758345435e+01,3.598861596477497926e+01
1.132000000000000028e+01,-9.343196288708217168e+00,6.989850522198561578e+01,5.010120444381816895e+01,3.631882397738336721e+01
1.133000000000000007e+01,-9.328190348514537433e+00,6.875040093832328125e+01,5.081669809019277295e+01,3.663987648190889246e+01
1.133999999999999986e+01,-9.313457718912520278e+00,6.760314515866748764e+01,5.154996803076911505e+01,3.695092114291716001e+01
1.134999999999999964e+01,-9.299045442406454143e+00,6.645672662533571895e+01,5.230131888285494313e+01,3.725103431745669980e+01
1.135999999999999943e+01,-9.284993148434004695e+00,6.531123630953479164e+01,5.307094702811848919e+01,3.753925111467639653e+01
1.136999999999999922e+01,-9.271328841853925695e+00,6.416684576072408674e+01,5.385894128562908634e+01,3.781459686029033662e+01
1.138000000000000078e+01,-9.258065912101294259e+00,6.302377814602812123e+01,5.466529416035048428e+01,3.807611641586216678e+01
1.139000000000000057e+01,-9.245201641277860816e+00,6.188227478974680906e+01,5.548992259037772357e+01,3.832289786393340592e+01
1.140000000000000036e+01,-9.232717346851307738e+00,6.074256044736736726e+01,5.633269598168760695e+01,3.855408752028947106e+01
1.141000000000000014e+01,-9.220580139353160121e+00,5.960481067059974691e+01,5.719346835914424787e+01,3.876889405343226258e+01
1.141999999999999993e+01,-9.208746121470932522e+00,5.846912442860747916e+01,5.807211079848677571e+01,3.896658061421658914e+01
1.142999999999999972e+01,-9.197164716169607956e+00,5.733550466065095463e+01,5.896854003437731251e+01,3.914644519949177948e+01
1.143999999999999950e+01,-9.185783700886391401e+00,5.620384868723574101e+01,5.988273932413937217e+01,3.930779085307720777e+01
1.144999999999999929e+01,-9.174554453307282031e+00,5.507394946513718992e+01,6.081476829474219414e+01,3.944988858762317108e+01
1.146000000000000085e+01,-9.163436889518372652e+00,5.394550762147486722e+01,6.176475956478140716e+01,3.957193693492762065e+01
1.147000000000000064e+01,-9.152403601033318736e+00,5.281815314298187047e+01,6.273290131267827974e+01,3.967302266511767073e+01
1.148000000000000043e+01,-9.141442772026254104e+00,5.169147463406213916e+01,6.371940651283468782e+01,3.975208736238174367e+01
1.149000000000000021e+01,-9.130559575541006723e+00,5.056505329080778921e+01,6.472447111271318931e+01,3.980790416605169213e+01
1.150000000000000000e+01,-9.119775896189000974e+00,4.943849825001932885e+01,6.574822479952146637e+01,3.983906809948508254e+01
1.150999999999999979e+01,-9.109128391877350239e+00,4.831147981608403796e+01,6.679067904347463980e+01,3.984400209126719261e+01
1.151999999999999957e+01,-9.098665071432529672e+00,4.718375726216432042e+01,6.785167767491259383e+01,3.982097916845243191e+01
1.152999999999999936e+01,-9.088440711697323593e+00,4.605519842500950034e+01,6.893085526839116994e+01,3.976815953111118773e+01
1.153999999999999915e+01,-9.078511551992042072e+00,4.492578910893093536e+01,7.002760803430366821e+01,3.968363948486426551e+01
1.155000000000000071e+01,-9.068929774747120476e+00,4.379563130072386912e+01,7.114108078098854548e+01,3.956550770414793305e+01
1.156000000000000050e+01,-9.059738302441587621e+00,4.266493027354188428e+01,7.227017189053213997e+01,3.941190320583684326e+01
1.157000000000000028e+01,-9.050966411660541056e+00,4.153397171921575648e+01,7.341355629077156664e+01,3.922106888668971436e+01
1.158000000000000007e+01,-9.042626588845539715e+00,4.040309099642876589e+01,7.456972429827914084e+01,3.899139462985611715e+01
1.158999999999999986e+01,-9.034712936918152693e+00,3.927263733213663954e+01,7.573703218615337107e+01,3.872144486152383536e+01
1.159999999999999964e+01,-9.027201298215866032e+00,3.814293630113200351e+01,7.691375864857639044e+01,3.840996700299076139e+01
1.160999999999999943e+01,-9.020051099941779782e+00,3.701425409234822439e+01,7.809816023192041712e+01,3.805587938891741118e+01
1.161999999999999922e+01,-9.013208767545069833e+00,3.588676693379547800e+01,7.928851847285056920e+01,3.765823969368792490e+01
1.163000000000000078e+01,-9.006612403284627533e+00,3.476053859980972760e+01,8.048317203794611885e+01,3.721619743916873801e+01
1.164000000000000057e+01,-9.000197305151228733e+00,3.363550819925367108e+01,8.168052859784160091e+01,3.672893642730610253e+01
1.165000000000000036e+01,-8.993901817099160922e+00,3.251148950103591773e+01,8.287905337210132473e+01,3.619561463728719275e+01
1.166000000000000014e+01,-8.987672964104634232e+00,3.138818197596831538e+01,8.407723401710696010e+01,3.561530999286870269e+01
1.166999999999999993e+01,-8.981471339903494666e+00,3.026519262105963293e+01,8.527352448201489210e+01,3.498698028088746526e+01
1.167999999999999972e+01,-8.975274781436775484e+00,2.914206659236188202e+01,8.646627326872952324e+01,3.430944434884755623e+01
1.168999999999999950e+01,-8.969080476713601868e+00,2.801832381182037324e+01,8.765364384717794621e+01,3.358138961848297299e+01
1.169999999999999929e+01,-8.962905301421431048e+00,2.689349812363535008e+01,8.883353649275611019e+01,3.280140813124983623e+01
1.171000000000000085e+01,-8.956784349335233486e+00,2.576717532084148843e+01,9.000352130901369208e+01,3.196806009120757963e+01
1.172000000000000064e+01,-8.950767794977517511e+00,2.463902647131459744e+01,9.116079156409817585e+01,3.107996055094029586e+01
1.173000000000000043e+01,-8.944916386183209056e+00,2.350883343218886878e+01,9.230214471377330199e+01,3.013588188198890805e+01
1.174000000000000021e+01,-8.939295993125455198e+00,2.237650420215765834e+01,9.342399574183409072e+01,2.913486235610854180e+01
1.175000000000000000e+01,-8.933971726521781065e+00,2.124207674070336438e+01,9.452242397724155865e+01,2.807630986226539349e+01
1.175999999999999979e+01,-8.929002173649873697e+00,2.010571098042070659e+01,9.559325071257046602e+01,2.696008973335815639e+01
1.176999999999999957e+01,-8.924434284343409018e+00,1.896766986449456383e+01,9.663214120054875877e+01,2.578658696477893386e+01
1.177999999999999936e+01,-8.920299373337130078e+00,1.782829125209427801e+01,9.763472143528353797e+01,2.455673571931371413e+01
1.178999999999999915e+01,-8.916610597562899088e+00,1.668795336014400732e+01,9.859669800181244170e+01,2.327201269035214182e+01
1.180000000000000071e+01,-8.913362127914911781e+00,1.554703698130820300e+01,9.951396857553885411e+01,2.193439521937823145e+01
1.181000000000000050e+01,-8.910530077406654925e+00,1.440588798973020346e+01,1.003827115745151985e+02,2.054628947562217434e+01
1.182000000000000028e+01,-8.908075085457547004e+00,1.326478359788434958e+01,1.011994459870184642e+02,1.911043788094236362e+01
1.183000000000000007e+01,-8.905946305398410701e+00,1.212390546517682033e+01,1.019610562393879860e+02,1.762981771017098964e+01
1.183999999999999986e+01,-8.904086412626115887e+00,1.098332211199177166e+01,1.026647816354940943e+02,1.610754396284336210e+01
1.184999999999999964e+01,-8.902437156043417232e+00,9.842982216208685742e+00,1.033081747373945234e+02,1.454678895740783773e+01
1.185999999999999943e+01,-8.900944924791515334e+00,8.702719339037951585e+00,1.038890373657443433e+02,1.295072868634787611e+01
1.186999999999999922e+01,-8.899565801511444718e+00,7.562267537114409244e+00,1.044053460427239770e+02,1.132252210260743830e+01
1.188000000000000078e+01,-8.898269623621942515e+00,6.421286272151293772e+00,1.048551802102070951e+02,9.665324716704017050e+00
1.189000000000000057e+01,-8.897042671444443940e+00,5.279392132512286118e+00,1.052366661971934150e+02,7.982332838597981706e+00
1.190000000000000036e+01,-8.895888737406606239e+00,4.136194225859653351e+00,1.055479477125939525e+02,6.276850204202111705e+00
1.191000000000000014e+01,-8.894828490603503113e+00,2.991329758456794163e+00,1.057871898855138255e+02,4.552365228052205559e+00
1.191999999999999993e+01,-8.893897219313661395e+00,1.844496321906773151e+00,1.059526190614254375e+02,2.812625221793468189e+00
1.192999999999999972e+01,-8.893141193258626842e+00,6.954777611076605748e-01,1.060425953350526953e+02,1.061693905979455677e+00
1.193999999999999950e+01,-8.892613021162532050e+00,-4.558388410282759318e-01,1.060557098766908126e+02,-6.960195347046121972e-01
1.194999999999999929e+01,-8.892366474252735742e+00,-1.609456627664740624e+00,1.059908951872657354e+02,-2.455767964162213879e+00
1.196000000000000085e+01,-8.892451293938959722e+00,-2.765273405048533917e+00,1.058475340847402180e+02,-4.212513601190894796e+00
1.197000000000000064e+01,-8.892908498382137594e+00,-3.923096498076349192e+00,1.056255528619601165e+02,-5.961012881636728267e+00
1.198000000000000043e+01,-8.893766649549762704e+00,-5.082666459299259643e+00,1.053254857677042082e+02,-7.695931381877265665e+00
1.199000000000000021e+01,-8.895039445774488129e+00,-6.243687216890905667e+00,1.049485015389957709e+02,-9.411977041317225456e+00
1.200000000000000000e+01,-8.896724874564426955e+00,-7.405859634549504023e+00,1.044963876464857861e+02,-1.110403729383420490e+01
1.200999999999999979e+01,-8.898806008804701406e+00,-8.568915132826276704e+00,1.039714934745822603e+02,-1.276730513350783447e+01
1.201999999999999957e+01,-8.901253370402146814e+00,-9.732646013879127977e+00,1.033766390092422256e+02,-1.439738067835676638e+01
1.202999999999999936e+01,-8.904028633215908428e+00,-1.089692944060024438e+01,1.027149999551792234e+02,-1.599033819905549869e+01
1.203999999999999915e+01,-8.907089305674935176e+00,-1.206174262046426904e+01,1.019899829331688466e+02,-1.754275330239234876e+01
1.205000000000000071e+01,-8.910393935211200045e+00,-1.322716758285019623e+01,1.012051051728609963e+02,-1.905169027259207581e+01
1.206000000000000050e+01,-8.913907321389483940e+00,-1.439338494143066427e+01,1.003638918858865026e+02,-2.051465469489870941e+01
1.207000000000000028e+01,-8.917605218615436868e+00,-1.556065710748985964e+01,9.946980154122992701e+01,-2.192952070587220348e+01
1.208000000000000007e+01,-8.921478054214039943e+00,-1.672930246166159307e+01,9.852618506188170500e+01,-2.329444499782477962e+01
1.208999999999999986e+01,-8.925533280014656512e+00,-1.789966289546632083e+01,9.753628014816231939e+01,-2.460778074747513244e+01
1.209999999999999964e+01,-8.929796106738418615e+00,-1.907206780594854578e+01,9.650323717850433525e+01,-2.586800388907895965e+01
1.210999999999999943e+01,-8.934308527413616474e+00,-2.024679799498565558e+01,9.543016906468909610e+01,-2.707366179307823018e+01
1.211999999999999922e+01,-8.939126702682338887e+00,-2.142405294999996812e+01,9.432021454784717207e+01,-2.822335082134019402e+01
1.213000000000000078e+01,-8.944316940026398655e+00,-2.260392466295990133e+01,9.317660304416656913e+01,-2.931572492771309868e+01
1.214000000000000057e+01,-8.949950634451624865e+00,-2.378638051541307163e+01,9.200270941008005821e+01,-3.034953304917594608e+01
1.215000000000000036e+01,-8.956098636736657070e+00,-2.497125688695738077e+01,9.080208880360906676e+01,-3.132367907851629951e+01
1.216000000000000014e+01,-8.962825567985454711e+00,-2.615826412390472200e+01,8.957848487567953555e+01,-3.223729523683024212e+01
1.216999999999999993e+01,-8.970184601939552138e+00,-2.734700243620694948e+01,8.833580837349227011e+01,-3.308981803853664161e+01
1.217999999999999972e+01,-8.978213190319989323e+00,-2.853698727590847284e+01,8.707808732187379519e+01,-3.388105592930735810e+01
1.218999999999999950e+01,-8.986930116846579608e+00,-2.972768188142783075e+01,8.580939369983035192e+01,-3.461123902370564309e+01
1.219999999999999929e+01,-8.996334141514614302e+00,-3.091853402368385773e+01,8.453375445508912378e+01,-3.528104391367443782e+01
1.221000000000000085e+01,-9.006404349711269575e+00,-3.210901361601001014e+01,8.325505645372187757e+01,-3.589158984462805080e+01
1.222000000000000064e+01,-9.017102163865830633e+00,-3.329864777996292702e+01,8.197695539107699858e+01,-3.644440616524745025e+01
1.223000000000000043e+01,-9.028374822226041374e+00,-3.448705019918295278e+01,8.070279783879546187e+01,-3.694137435530186053e+01
1.224000000000000021e+01,-9.040159993505318070e+00,-3.567394212454644986e+01,7.943556368579228888e+01,-3.738465070489235131e+01
1.225000000000000000e+01,-9.052391089928789825e+00,-3.685916317279414756e+01,7.817783358193794641e+01,-3.777657756837914604e+01
1.225999999999999979e+01,-9.065002774942119146e+00,-3.804267102171230874e+01,7.693178299987525293e+01,-3.811959190716110868e+01
1.226999999999999957e+01,-9.077936142747581982e+00,-3.922453016221741962e+01,7.569920157680566319e+01,-3.841613957322010009e+01
1.227999999999999936e+01,-9.091143078002142275e+00,-4.040489092207572241e+01,7.448153381749932578e+01,-3.866860259726919935e+01
1.228999999999999915e+01,-9.104589383689539517e+00,-4.158396092330811200e+01,7.327993528559389347e+01,-3.887924484652042878e+01
1.230000000000000071e+01,-9.118256386473346353e+00,-4.276197187749932027e+01,7.209533724204904104e+01,-3.905017907470773508e+01
1.231000000000000050e+01,-9.132140880120942938e+00,-4.393914508031560473e+01,7.092851237068707348e+01,-3.918335588807345005e+01
1.232000000000000028e+01,-9.146253433623709128e+00,-4.511565908729650687e+01,6.978013473312705628e+01,-3.928057277439788209e+01
1.233000000000000007e+01,-9.160615254294743437e+00,-4.629162282233039605e+01,6.865082830971923045e+01,-3.934349933475571248e+01
1.233999999999999986e+01,-9.175253940440954992e+00,-4.746705681144270272e+01,6.754120023285102548e+01,-3.937371341379646594e+01
1.234999999999999964e+01,-9.190198568413324054e+00,-4.864188440637033040e+01,6.645185687979095235e+01,-3.937274206861414427e+01
1.235999999999999943e+01,-9.205474624026518171e+00,-4.981593385120650197e+01,6.538340311603643329e+01,-3.934210129209355244e+01
1.236999999999999922e+01,-9.221099302494323524e+00,-5.098895095431401359e+01,6.433642692343069314e+01,-3.928332907280634601e+01
1.238000000000000078e+01,-9.237077663384665627e+00,-5.216062106483531124e+01,6.331147319977857535e+01,-3.919800761121761923e+01
1.239000000000000057e+01,-9.253400041869470627e+00,-5.333059812062182203e+01,6.230901152585622071e+01,-3.908777214198497063e+01
1.240000000000000036e+01,-9.270040993197785184e+00,-5.449853781966708510e+01,6.132940308311845712e+01,-3.895430562067064528e+01
1.241000000000000014e+01,-9.286959895631898831e+00,-5.566413153652627699e+01,6.037287167143836086e+01,-3.879932030107012508e+01
1.241999999999999993e+01,-9.304103172099251751e+00,-5.682713749983152240e+01,5.943948299336570784e+01,-3.862452875992347145e+01
1.242999999999999972e+01,-9.321407927796149906e+00,-5.798740598028275173e+01,5.852913516803803873e+01,-3.843160806644633709e+01
1.243999999999999950e+01,-9.338806655335851303e+00,-5.914489579452283863e+01,5.764156197705229090e+01,-3.822216144922428782e+01
1.244999999999999929e+01,-9.356232545148605695e+00,-6.029968026381393997e+01,5.677634880163646613e+01,-3.799768194726223669e+01
1.246000000000000085e+01,-9.373624868792685305e+00,-6.145194180414967633e+01,5.593295975349789018e+01,-3.775952216648898485e+01
1.247000000000000064e+01,-9.390933885057750174e+00,-6.260195546930854960e+01,5.511077327662911785e+01,-3.750887346645968279e+01
1.248000000000000043e+01,-9.408124756803267985e+00,-6.375006290696946110e+01,5.430912261742582814e+01,-3.724675677943737639e+01
1.249000000000000021e+01,-9.425180058196577448e+00,-6.489663920164329625e+01,5.352733709988707744e+01,-3.697402594525438246e+01
1.250000000000000000e+01,-9.442100589245834286e+00,-6.604205585613868834e+01,5.276478013286017443e+01,-3.669138307307329683e+01
1.250999999999999979e+01,-9.458904383706784103e+00,-6.718664361703085319e+01,5.202088030445177225e+01,-3.639940415912932536e+01
1.251999999999999957e+01,-9.475623980048998973e+00,-6.833065892486065707e+01,5.129515272888551891e+01,-3.609857212998744558e+01
1.252999999999999936e+01,-9.492302203773892444e+00,-6.947425745420197529e+01,5.058720890865561870e+01,-3.578931375184923525e+01
1.253999999999999915e+01,-9.508986864076447887e+00,-7.061747753371214742e+01,4.989675463523357735e+01,-3.547203652003655350e+01
1.255000000000000071e+01,-9.525724882524892578e+00,-7.176023527234814026e+01,4.922357673342482798e+01,-3.514716174611343291e+01
1.256000000000000050e+01,-9.542556434564533063e+00,-7.290233206505423880e+01,4.856752061577522284e+01,-3.481515057153147552e+01
1.257000000000000028e+01,-9.559509690310832752e+00,-7.404347392611305168e+01,4.792846152893272915e+01,-3.447652048824517124e+01
1.258000000000000007e+01,-9.576596689183965339e+00,-7.518330092113214391e+01,4.730627295033885815e+01,-3.413185103340243387e+01
1.258999999999999986e+01,-9.593810778761705294e+00,-7.632142395129532986e+01,4.670079578029564260e+01,-3.378177851906737317e+01
1.259999999999999964e+01,-9.611125901619690381e+00,-7.745746538077658272e+01,4.611181176708024765e+01,-3.342698082524098169e+01
1.260999999999999943e+01,-9.628497838220157590e+00,-7.859109956151712595e+01,4.553902404082524669e+01,-3.306815430190671634e+01
1.261999999999999922e+01,-9.645867324841743695e+00,-7.972208924281919451e+01,4.498204679031410080e+01,-3.270598559394309035e+01
1.263000000000000078e+01,-9.663164780227166517e+00,-8.085031417015625266e+01,4.444040509453900967e+01,-3.234112165417857199e+01
1.264000000000000057e+01,-9.680316210423631773e+00,-8.197578885971942952e+01,4.391354482822546146e+01,-3.197414131300890006e+01
1.265000000000000036e+01,-9.697249734555816403e+00,-8.309866753062226508e+01,4.340085150808738490e+01,-3.160553153126504355e+01
1.266000000000000014e+01,-9.713902098847345457e+00,-8.421923540107277972e+01,4.290167603556087528e+01,-3.123567091141179475e+01
1.266999999999999993e+01,-9.730224531812698530e+00,-8.533788689549966477e+01,4.241536460683020238e+01,-3.086482224229311910e+01
1.267999999999999972e+01,-9.746187344206969527e+00,-8.645509263413758561e+01,4.194128966441158468e+01,-3.049313488700730090e+01
1.268999999999999950e+01,-9.761782790275644217e+00,-8.757135824576769778e+01,4.147887869182682863e+01,-3.012065678893870668e+01
1.269999999999999929e+01,-9.777025872175892474e+00,-8.868717892872975028e+01,4.102763790907012975e+01,-2.974735487116002730e+01
1.271000000000000085e+01,-9.791952970816057089e+00,-8.980299418261340350e+01,4.058716848460698401e+01,-2.937314174082943552e+01
1.272000000000000064e+01,-9.806618402799456291e+00,-9.091914718255137018e+01,4.015717368126114195e+01,-2.899790597214805743e+01
1.273000000000000043e+01,-9.821089211664718377e+00,-9.203585286000500787e+01,3.973745631346690033e+01,-2.862154289569473065e+01
1.274000000000000021e+01,-9.835438680113595566e+00,-9.315317793069398533e+01,3.932790690851026483e+01,-2.824398280412694717e+01
1.275000000000000000e+01,-9.849739180028153740e+00,-9.427103495979017111e+01,3.892848392442447647e+01,-2.786521379331142967e+01
1.275999999999999979e+01,-9.864055046148342498e+00,-9.538919119730104512e+01,3.853918817882350822e+01,-2.748529705578592086e+01
1.276999999999999957e+01,-9.878436161427373463e+00,-9.650729149003092289e+01,3.816003420252801703e+01,-2.710437325960316457e+01
1.277999999999999936e+01,-9.892912878225551765e+00,-9.762489321867303715e+01,3.779102149539252764e+01,-2.672265958679808406e+01
1.278999999999999915e+01,-9.907492776611134033e+00,-9.874151004485626970e+01,3.743210861035429815e+01,-2.634043796824808226e+01
1.280000000000000071e+01,-9.922159590911421745e+00,-9.985666038684068724e+01,3.708319264156286010e+01,-2.595803593436930257e+01
1.281000000000000050e+01,-9.936874433636067039e+00,-1.009699160499197745e+02,3.674409609029235213e+01,-2.557580221651530650e+01
1.282000000000000028e+01,-9.951579229637342650e+00,-1.020809463637346397e+02,3.641456229783363341e+01,-2.519407971663646961e+01
1.283000000000000007e+01,-9.966202061786018973e+00,-1.031895535364911325e+02,3.609425975110996632e+01,-2.481317867354269424e+01
1.283999999999999986e+01,-9.980663941624912994e+00,-1.042956957040786250e+02,3.578279467270113656e+01,-2.443335278123048937e+01
1.284999999999999964e+01,-9.994886372457740364e+00,-1.053994952735071138e+02,3.547973048771448390e+01,-2.405478067250136931e+01
1.285999999999999943e+01,-1.000879898361681342e+01,-1.065012315426296254e+02,3.518461209174345328e+01,-2.367755460716935190e+01
1.286999999999999922e+01,-1.002234649434021563e+01,-1.076013180977971189e+02,3.489699238864475461e+01,-2.330167745593139372e+01
1.288000000000000078e+01,-1.003549431873387121e+01,-1.087002670004564777e+02,3.461645836661365649e+01,-2.292706822133170164e+01
1.289000000000000057e+01,-1.004823224709947027e+01,-1.097986431161389049e+02,3.434265405552282857e+01,-2.255357546915146472e+01
1.290000000000000036e+01,-1.006057582277781748e+01,-1.108970129672583340e+02,3.407529805123751743e+01,-2.218099724342759416e+01
1.291000000000000014e+01,-1.007256525946844938e+01,-1.119958930863968476e+02,3.381419387008477173e+01,-2.180910538784815955e+01
1.291999999999999993e+01,-1.008426198814390418e+01,-1.130957029377967444e+02,3.355923214995663528e+01,-2.143767176357284399e+01
1.292999999999999972e+01,-1.009574315908206010e+01,-1.141967270479577792e+02,3.331038456458996677e+01,-2.106649368455837390e+01
1.293999999999999950e+01,-1.010709462804754111e+01,-1.152990900879669312e+02,3.306769017352447548e+01,-2.069541600356431843e+01
1.294999999999999929e+01,-1.011840310530692477e+01,-1.164027473793408234e+02,3.283123570027823490e+01,-2.032434766097769696e+01
1.296000000000000085e+01,-1.012974822759355220e+01,-1.175074917882770080e+02,3.260113183393458058e+01,-1.995327111014637467e+01
1.297000000000000064e+01,-1.014119531979083533e+01,-1.186129763854490449e+02,3.237748802355113042e+01,-1.958224378852672487e+01
1.298000000000000043e+01,-1.015278954618765717e+01,-1.197187507348521933e+02,3.216038834665229018e+01,-1.921139163004770367e+01
1.299000000000000021e+01,-1.016455201870957836e+01,-1.208243073751533956e+02,3.194987087847559692e+01,-1.884089542263866335e+01
1.300000000000000000e+01,-1.017647824486476438e+01,-1.219291340839026105e+02,3.174591259176836999e+01,-1.847097152377144980e+01
1.300999999999999979e+01,-1.018853907830669314e+01,-1.230327669504836052e+02,3.154842122538774518e+01,-1.810184898827504796e+01
1.301999999999999957e+01,-1.020068409923415942e+01,-1.241348391753954701e+02,3.135723483793827171e+01,-1.773374548857449184e+01
1.302999999999999936e+01,-1.021284712077602741e+01,-1.252351208738247976e+02,3.117212898362707207e+01,-1.736684449238529382e+01
1.303999999999999915e+01,-1.022495331152177656e+01,-1.263335459668318066e+02,3.099283068711741862e+01,-1.700127600421541274e+01
1.305000000000000071e+01,-1.023692726277672449e+01,-1.274302234331355237e+02,3.081903772430336730e+01,-1.663710279392329383e+01
1.306000000000000050e+01,-1.024870122854806453e+01,-1.285254316706191275e+02,3.065044119939609857e+01,-1.627431346678352853e+01
1.307000000000000028e+01,-1.026022273878497515e+01,-1.296195963477374278e+02,3.048674909452331505e+01,-1.591282303027655942e+01
1.308000000000000007e+01,-1.027146083762963258e+01,-1.307132537540604460e+02,3.032770838716363926e+01,-1.555248085103917433e+01
1.308999999999999986e+01,-1.028241032600936400e+01,-1.318070031183809476e+02,3.017312349250761727e+01,-1.519308514637606500e+01
1.309999999999999964e+01,-1.029309358076356595e+01,-1.329014524929591801e+02,3.002286917767137808e+01,-1.483440249442134196e+01
1.310999999999999943e+01,-1.030355976154128506e+01,-1.339971634746646600e+02,2.987689667395725124e+01,-1.447619034429119900e+01
1.311999999999999922e+01,-1.031388147678042344e+01,-1.350946001686367879e+02,2.973523242218250928e+01,-1.411822021597482113e+01
1.313000000000000078e+01,-1.032414923319976907e+01,-1.361940873805096430e+02,2.959796964929881824e+01,-1.376029923050221804e+01
1.314000000000000057e+01,-1.033446421230102708e+01,-1.372957820969695604e+02,2.946525371018202222e+01,-1.340228780848785917e+01
1.315000000000000036e+01,-1.034493007975940948e+01,-1.383996609864067580e+02,2.933726275795114447e+01,-1.304411179598323933e+01
1.316000000000000014e+01,-1.035564462375801398e+01,-1.395055250675783043e+02,2.921418576379592835e+01,-1.268576787237627457e+01
1.316999999999999993e+01,-1.036669202923465249e+01,-1.406130210206072775e+02,2.909620014803842025e+01,-1.232732179919959847e+01
1.317999999999999972e+01,-1.037813652803133024e+01,-1.417216770168033406e+02,2.898345128815308769e+01,-1.196889980488085925e+01
1.318999999999999950e+01,-1.039001802875722369e+01,-1.428309495696405236e+02,2.887603594278851560e+01,-1.161067409207769430e+01
1.319999999999999929e+01,-1.040235013909058281e+01,-1.439402768778532788e+02,2.877399120293675594e+01,-1.125284403269162503e+01
1.321000000000000085e+01,-1.041512076535109088e+01,-1.450491335273413540e+02,2.867729000031429010e+01,-1.089561502673281268e+01
1.322000000000000064e+01,-1.042829522978497003e+01,-1.461570812892109075e+02,2.858584352928988181e+01,-1.053917720898994581e+01
1.323000000000000043e+01,-1.044182160635442713e+01,-1.472638111077459655e+02,2.849951023914037407e+01,-1.018368617613407601e+01
1.324000000000000021e+01,-1.045563776199474759e+01,-1.483691721884099763e+02,2.841811039541441275e+01,-9.829247680790814456e+00
1.325000000000000000e+01,-1.046967942201407453e+01,-1.494731853087373850e+02,2.834144465539248614e+01,-9.475907821727012958e+00
1.325999999999999979e+01,-1.048388847247886169e+01,-1.505760389837822686e+02,2.826931470627455312e+01,-9.123649691284647645e+00
1.326999999999999957e+01,-1.049822068136877462e+01,-1.516780687885003545e+02,2.820154381511904162e+01,-8.772396777547887936e+00
1.327999999999999936e+01,-1.051265206981710953e+01,-1.527797218122762501e+02,2.813799515808068463e+01,-8.422022724740793720e+00
1.328999999999999915e+01,-1.052718329263858976e+01,-1.538815097247511119e+02,2.807858603349940552e+01,-8.072366401059612784e+00
1.330000000000000071e+01,-1.054184158255867843e+01,-1.549839551042794312e+02,2.802329649673072964e+01,-7.723250676544203053e+00
1.331000000000000050e+01,-1.055668005585305025e+01,-1.560875363878231497e+02,2.797217154064500733e+01,-7.374502933048457720e+00
1.332000000000000028e+01,-1.057177444300388025e+01,-1.571926369607546121e+02,2.792531662319115071e+01,-7.025975155342879752e+00
1.333000000000000007e+01,-1.058721756795676150e+01,-1.582995034965237551e+02,2.788288704007405983e+01,-6.677561505873206293e+00
1.333999999999999986e+01,-1.060311212582861629e+01,-1.594082177252853398e+02,2.784507228170986437e+01,-6.329211559425404587e+00
1.334999999999999964e+01,-1.061956247806776688e+01,-1.605186844618943383e+02,2.781207703113769369e+01,-5.980937837076918839e+00
1.335999999999999943e+01,-1.063666627979652546e+01,-1.616306371043373815e+02,2.778410080007802918e+01,-5.632816880068292065e+00
1.336999999999999922e+01,-1.065450676862820956e+01,-1.627436600924955030e+02,2.776131833093075585e+01,-5.284983778618381756e+00
1.338000000000000078e+01,-1.067314647845119779e+01,-1.638572261637465033e+02,2.774386280339098931e+01,-4.937620747511648922e+00
1.339000000000000057e+01,-1.069262300382714237e+01,-1.649707448093387825e+02,2.773181358849490863e+01,-4.590940950991906355e+00
1.340000000000000036e+01,-1.071294724488483574e+01,-1.660836172485608984e+02,2.772518982312317704e+01,-4.245169264506309936e+00
1.341000000000000014e+01,-1.073410432707964723e+01,-1.671952925872783453e+02,2.772395048258604788e+01,-3.900521974341121467e+00
1.341999999999999993e+01,-1.075605713560314491e+01,-1.683053196676328866e+02,2.772800096657488211e+01,-3.557187529306207185e+00
1.342999999999999972e+01,-1.077875215251338936e+01,-1.694133894638341644e+02,2.773720554839195884e+01,-3.215310360902904563e+00
1.343999999999999950e+01,-1.080212705795776174e+01,-1.705193637140270368e+02,2.775140443310419869e+01,-2.874979488339379774e+00
1.344999999999999929e+01,-1.082611937631409837e+01,-1.716232867396344943e+02,2.777043368652000765e+01,-2.536223149274597688e+00
1.346000000000000085e+01,-1.085067533224292546e+01,-1.727253789904420671e+02,2.779414598336603603e+01,-2.199010090206171331e+00
1.347000000000000064e+01,-1.087575804451499195e+01,-1.738260126270029673e+02,2.782243001475662325e+01,-1.863257470124269455e+00
1.348000000000000043e+01,-1.090135423428603900e+01,-1.749256712427170157e+02,2.785522650781157949e+01,-1.528844645279109127e+00
1.349000000000000021e+01,-1.092747875785692102e+01,-1.760248974520858951e+02,2.789253913753756109e+01,-1.195631482904916387e+00
1.350000000000000000e+01,-1.095417648090130491e+01,-1.771242333512880691e+02,2.793443912290513609e+01,-8.634793644324803008e-01
1.350999999999999979e+01,-1.098152127156947166e+01,-1.782241596447644270e+02,2.798106294417128126e+01,-5.322727386085996937e-01
1.351999999999999957e+01,-1.100961217663219749e+01,-1.793250394321934209e+02,2.803260332946381439e+01,-2.019390068507894709e-01
1.352999999999999936e+01,-1.103856712716678956e+01,1.795729277629462217e+02,2.808929435965737298e+01,1.275353225408360214e-01
1.353999999999999915e+01,-1.106851476803320011e+01,1.784697371238790424e+02,2.815139215666900085e+01,4.560939036985238171e-01
1.355000000000000071e+01,-1.109958519295916091e+01,1.773655916719368975e+02,2.821915308643010789e+01,7.836063902019301253e-01
1.356000000000000050e+01,-1.113190047649371728e+01,1.762608959851295367e+02,2.829281167613444836e+01,1.109871316557866638e+00
1.357000000000000028e+01,-1.116556591660009801e+01,1.751562309581343584e+02,2.837256048990197854e+01,1.434625783450686143e+00
1.358000000000000007e+01,-1.120066283758284698e+01,1.740523118689410467e+02,2.845853402501883522e+01,1.757561010901736109e+00
1.358999999999999986e+01,-1.123724366059398783e+01,1.729499336083788705e+02,2.855079830169160715e+01,2.078342218805925068e+00
1.359999999999999964e+01,-1.127532974236568997e+01,1.718499081658665659e+02,2.864934726091446038e+01,2.396630838366271554e+00
1.360999999999999943e+01,-1.131491223041211214e+01,1.707530002485260923e+02,2.875410641035536585e+01,2.712106794707913160e+00
1.361999999999999922e+01,-1.135595590568286184e+01,1.696598671772151192e+02,2.886494343001390916e+01,3.024488557389902521e+00
1.363000000000000078e+01,-1.139840570406612485e+01,1.685710089235948885e+02,2.898168473616976826e+01,3.333548839674258968e+00
1.364000000000000057e+01,-1.144219534955564122e+01,1.674867333352730157e+02,2.910413637282447397e+01,3.639124227287819036e+00
1.365000000000000036e+01,-1.148725731750249679e+01,1.664071402897838254e+02,2.923210711865603173e+01,3.941117600679583166e+00
1.366000000000000014e+01,-1.153353319775223085e+01,1.653321268150882304e+02,2.936543141785640643e+01,4.239492929786725206e+00
1.366999999999999993e+01,-1.158098346243617627e+01,1.642614132520115788e+02,2.950398970141527499e+01,4.534262799153070844e+00
1.367999999999999972e+01,-1.162959567310400999e+01,1.631945884907241862e+02,2.964772387495423089e+01,4.825469785146128565e+00
1.368999999999999950e+01,-1.167939028904825705e+01,1.621311703936067090e+02,2.979664619703943984e+01,5.113163474455366675e+00
1.369999999999999929e+01,-1.173042345449849044e+01,1.610706759293354082e+02,2.995084041763941940e+01,5.397375409193672979e+00
1.371000000000000085e+01,-1.178278642717814861e+01,1.600126944718779782e+02,3.011045482558020936e+01,5.678094510452143417e+00
1.372000000000000064e+01,-1.183660163555344269e+01,1.589569572942677951e+02,3.027568768496800189e+01,5.955245535361452625e+00
1.373000000000000043e+01,-1.189201568233650796e+01,1.579033965666507413e+02,3.044676633482864148e+01,6.228672858274418189e+00
1.374000000000000021e+01,-1.194918991203233105e+01,1.568521881230446127e+02,3.062392189864248593e+01,6.498131360277653812e+00
1.375000000000000000e+01,-1.200828939930181072e+01,1.558037737848480901e+02,3.080736202981983496e+01,6.763285514845908786e+00
1.375999999999999979e+01,-1.206947136957191447e+01,1.547588609548698457e+02,3.099724435568743530e+01,7.023716942455600964e+00
1.376999999999999957e+01,-1.213287412091369966e+01,1.537183993240074642e+02,3.119365325204404371e+01,7.278939855499723777e+00
1.377999999999999936e+01,-1.219860747455340189e+01,1.526835366587515637e+02,3.139658228506748472e+01,7.528423011060448644e+00
1.378999999999999915e+01,-1.226674564743224494e+01,1.516555575738144626e+02,3.160592412421906516e+01,7.771616111509125346e+00
1.380000000000000071e+01,-1.233732322777604296e+01,1.506358107836987301e+02,3.182146900696026393e+01,8.007978108375038317e+00
1.381000000000000050e+01,-1.241033466200939372e+01,1.496256314493389539e+02,3.204291198891726822e+01,8.237004623966578620e+00
1.382000000000000028e+01,-1.248573734970685578e+01,1.486262658054497479e+02,3.226986831963863267e+01,8.458251738360980099e+00
1.383000000000000007e+01,-1.256345811576395377e+01,1.476388052179886756e+02,3.250189543004648129e+01,8.671353703864234319e+00
1.383999999999999986e+01,-1.264340251046240837e+01,1.466641361591155999e+02,3.273851929044668196e+01,8.876032726298660691e+00
1.384999999999999964e+01,-1.272546610493689734e+01,1.457029113171757615e+02,3.297926237886772327e+01,9.072099746639027629e+00
1.385999999999999943e+01,-1.280954672863947508e+01,1.447555452464728489e+02,3.322367025485311842e+01,9.259446095451783876e+00
1.386999999999999922e+01,-1.289555646213424112e+01,1.438222357271207841e+02,3.347133380541172443e+01,9.438026882331724821e+00
1.388000000000000078e+01,-1.298343217350485013e+01,1.429030095299591210e+02,3.372190462668931588e+01,9.607837915873130186e+00
1.389000000000000057e+01,-1.307314348157334827e+01,1.419977887987279530e+02,3.397510169854605522e+01,9.768888718307474406e+00
1.390000000000000036e+01,-1.316469724323930279e+01,1.411064720356320947e+02,3.423070843373617578e+01,9.921174707459730513e+00
1.391000000000000014e+01,-1.325813798014141121e+01,1.402290219681917733e+02,3.448856024169144519e+01,1.006465179840100888e+01
1.391999999999999993e+01,-1.335354405188205718e+01,1.393655516027781971e+02,3.474852382203621204e+01,1.019921649634393113e+01
1.392999999999999972e+01,-1.345101980866536984e+01,1.385163996708330387e+02,3.501047037276247664e+01,1.032469402131290614e+01
1.393999999999999950e+01,-1.355068436956438127e+01,1.376821874807748713e+02,3.527424565049657446e+01,1.044083617526011842e+01
1.394999999999999929e+01,-1.365265802939550177e+01,1.368638508264673419e+02,3.553964026705781976e+01,1.054732961936161750e+01
1.396000000000000085e+01,-1.375704756054298095e+01,1.360626429036223612e+02,3.580636369204812297e+01,1.064381408285492547e+01
1.397000000000000064e+01,-1.386393182091129717e+01,1.352801069179733702e+02,3.607402513791888765e+01,1.072990889629338795e+01
1.398000000000000043e+01,-1.397334909336518649e+01,1.345180199761655899e+02,3.634212385283213820e+01,1.080524525240659273e+01
1.399000000000000021e+01,-1.408528746533244380e+01,1.337783126786663672e+02,3.661005039495130831e+01,1.086950085650165043e+01
1.400000000000000000e+01,-1.419967931888535695e+01,1.330629713532769074e+02,3.687709929869068759e+01,1.092243322425446017e+01
1.400999999999999979e+01,-1.431640065757752645e+01,1.323739318763979043e+02,3.714249228370618283e+01,1.096390787724359051e+01
1.401999999999999957e+01,-1.443527556797749511e+01,1.317129753516026369e+02,3.740540993323796215e+01,1.099391809804143527e+01
1.402999999999999936e+01,-1.455608562815656271e+01,1.310816363984393149e+02,3.766502871846962819e+01,1.101259371624874284e+01
1.403999999999999915e+01,-1.467858356628215510e+01,1.304811343234771357e+02,3.792055950078584914e+01,1.102019753711105921e+01
1.405000000000000071e+01,-1.480250998223619341e+01,1.299123359217125824e+02,3.817128331076977332e+01,1.101710938287638974e+01
1.406000000000000050e+01,-1.492761152417681636e+01,1.293757560893054972e+02,3.841658034677351452e+01,1.100379914488272171e+01
1.407000000000000028e+01,-1.505365861500665758e+01,1.288715989339509349e+02,3.865594876684535564e+01,1.098079157178534615e+01
1.408000000000000007e+01,-1.518046070274097481e+01,1.283998379062637412e+02,3.888901091314945546e+01,1.094862657777052029e+01
1.408999999999999986e+01,-1.530787710248952749e+01,1.279603290491258321e+02,3.911550599504851533e+01,1.090781950114691767e+01
1.409999999999999964e+01,-1.543582182093448907e+01,1.275529472865349021e+02,3.933526980573763865e+01,1.085882588348013122e+01
1.410999999999999943e+01,-1.556426128989762070e+01,1.271777322998043900e+02,3.954820357187615087e+01,1.080201494099389414e+01
1.411999999999999922e+01,-1.569320463380339348e+01,1.268350284564307202e+02,3.975423535039625023e+01,1.073765500053960942e+01
1.413000000000000078e+01,-1.582268687967003196e+01,1.265256027991796799e+02,3.995327833140129314e+01,1.066591287208800942e+01
1.414000000000000057e+01,-1.595274629685019363e+01,1.262507263835900631e+02,4.014519086627888100e+01,1.058686757654854738e+01
1.415000000000000036e+01,-1.608339773820843988e+01,1.260122071528287506e+02,4.032974295890902283e+01,1.050053721767990922e+01
1.416000000000000014e+01,-1.621460437187963066e+01,1.258123667495037239e+02,4.050659333934608242e+01,1.040691626242000112e+01
1.416999999999999993e+01,-1.634625049446003686e+01,1.256539587597758327e+02,4.067528014536590319e+01,1.030601924487736198e+01
1.417999999999999972e+01,-1.647811817836074511e+01,1.255400314081265378e+02,4.083522677916221255e+01,1.019792607689337949e+01
1.418999999999999950e+01,-1.660987032291126653e+01,1.254737432386680069e+02,4.098576283449794033e+01,1.008282383339527577e+01
1.419999999999999929e+01,-1.674104225642414434e+01,1.254581454372260652e+02,4.112615828072058122e+01,9.961040134534975721e+00
1.421000000000000085e+01,-1.687104338615256793e+01,1.254959487857704517e+02,4.125566753332905989e+01,9.833064062225096436e+00
1.422000000000000064e+01,-1.699916953313045553e+01,1.255892963796038231e+02,4.137357882012316423e+01,9.699551857538619259e+00
1.423000000000000043e+01,-1.712462555355790528e+01,1.257395646943143248e+02,4.147926352531304417e+01,9.561316317450275548e+00
1.424000000000000021e+01,-1.724655670255751261e+01,1.259472148386602584e+02,4.157222007101960770e+01,9.419300661178210632e+00
1.425000000000000000e+01,-1.736408604864212535e+01,1.262117124104250934e+02,4.165210741754842871e+01,9.274539449000004154e+00
1.425999999999999979e+01,-1.747635425421378130e+01,1.265315280701563694e+02,4.171876439009246695e+01,9.128110682316506796e+00
1.426999999999999957e+01,-1.758255738707623550e+01,1.269042220052566705e+02,4.177221264636853704e+01,8.981084289400504517e+00
1.427999999999999936e+01,-1.768197830402271364e+01,1.273266047305366158e+02,4.181264299333481915e+01,8.834472659455684607e+00
1.428999999999999915e+01,-1.777400767713046292e+01,1.277949556379724640e+02,4.184038670418030392e+01,8.689188662169311073e+00
1.430000000000000071e+01,-1.785815193518704902e+01,1.283052712610102617e+02,4.185587523350682204e+01,8.546015707097316394e+00
1.431000000000000050e+01,-1.793402714649666407e+01,1.288535092679805132e+02,4.185959306160897597e+01,8.405592970934652186e+00
1.432000000000000028e+01,-1.800133992317122278e+01,1.294357931911389983e+02,4.185202915925776779e+01,8.268417133399266206e+00
1.433000000000000007e+01,-1.805985844469276813e+01,1.300485474127295902e+02,4.183363267123974083e+01,8.134860036158817920e+00
1.433999999999999986e+01,-1.810937833326275737e+01,1.306885415092744154e+02,4.180477787158841352e+01,8.005199843914491353e+00
1.434999999999999964e+01,-1.814968908218807542e+01,1.313528363122665326e+02,4.176574232326401415e+01,7.879661751742848885e+00
1.435999999999999943e+01,-1.818054687295151695e+01,1.320386389840449226e+02,4.171670061799930096e+01,7.758463215189295603e+00
1.436999999999999922e+01,-1.820165888013367095e+01,1.327430888293528426e+02,4.165773425801921803e+01,7.641858190500294690e+00
1.438000000000000078e+01,-1.821268264036261186e+01,1.334630073859281367e+02,4.158885637268978286e+01,7.530175009964085397e+00
1.439000000000000057e+01,-1.821324193495173205e+01,1.341946538135118487e+02,4.151004824587990072e+01,7.423843264622437488e+00
1.440000000000000036e+01,-1.820295816814073220e+01,1.349335284389511003e+02,4.142130325535217139e+01,7.323406342905770749e+00
1.441000000000000014e+01,-1.818149374185892952e+01,1.356742628121500331e+02,4.132267295217987879e+01,7.229517939912255109e+00
1.441999999999999993e+01,-1.814860180819164270e+01,1.364106238642391133e+02,4.121430974297478400e+01,7.142922721208897485e+00
1.442999999999999972e+01,-1.810417540141849102e+01,1.371356438261417168e+02,4.109650101999965699e+01,7.064423180171210070e+00
1.443999999999999950e+01,-1.804828862364310993e+01,1.378418686739748864e+02,4.096969057578261442e+01,6.994836346413354278e+00
1.444999999999999929e+01,-1.798122343277074009e+01,1.385216991640315314e+02,4.083448462330716922e+01,6.934945186022520858e+00
1.446000000000000085e+01,-1.790347757437980647e+01,1.391677835103463678e+02,4.069164153801877859e+01,6.885450136239926522e+00
1.447000000000000064e+01,-1.781575197167685332e+01,1.397734124391317607e+02,4.054204631988466900e+01,6.846926167790989837e+00
1.448000000000000043e+01,-1.771891891297005373e+01,1.403328673502193737e+02,4.038667250951803567e+01,6.819790083739716735e+00
1.449000000000000021e+01,-1.761397507248162952e+01,1.408416803786541891e+02,4.022653567391112972e+01,6.804281543682396460e+00
1.450000000000000000e+01,-1.750198528888467564e+01,1.412967792628560915e+02,4.006264345060994003e+01,6.800459710342527053e+00
1.450999999999999979e+01,-1.738402384760878761e+01,1.416965069670310697e+02,3.989594742201624200e+01,6.808215653845503645e+00
1.451999999999999957e+01,-1.726111976531399606e+01,1.420405226845777804e+02,3.972730177816784192e+01,6.827298926032922211e+00
1.452999999999999936e+01,-1.713421146573137577e+01,1.423296045401359322e+02,3.955743287996703828e+01,6.857355222360701497e+00
1.453999999999999915e+01,-1.700411458598301806e+01,1.425653835059162020e+02,3.938692257161505950e+01,6.897970932076248118e+00
1.455000000000000071e+01,-1.687150479287306837e+01,1.427500423848446758e+02,3.921620656140002836e+01,6.948719738472431295e+00
1.456000000000000050e+01,-1.673691568964733634e+01,1.428860136599229520e+02,3.904558756021884847e+01,7.009206316953878968e+00
1.457000000000000028e+01,-1.660075033632013586e+01,1.429757064681396059e+02,3.887526130419336567e+01,7.079102584997210457e+00
1.458000000000000007e+01,-1.646330369057922383e+01,1.430212869211168822e+02,3.870535224649496797e+01,7.158172833246975841e+00
1.458999999999999986e+01,-1.632479244608865088e+01,1.430245283623656292e+02,3.853595471653309090e+01,7.246285317192922903e+00
1.459999999999999964e+01,-1.618538831587177640e+01,1.429867396943361086e+02,3.836717481160465582e+01,7.343409384661518935e+00
1.460999999999999943e+01,-1.604525078018273376e+01,1.429087713287118504e+02,3.819916826344261551e+01,7.449598799649070457e+00
1.461999999999999922e+01,-1.590455567521719082e+01,1.427910903076746081e+02,3.803217001447875134e+01,7.564963428350010233e+00
1.463000000000000078e+01,-1.576351670076007672e+01,1.426339094188286083e+02,3.786651219418630632e+01,7.689632713372179573e+00
1.464000000000000057e+01,-1.562239789660901934e+01,1.424373503377752854e+02,3.770262849844451836e+01,7.823715236285077701e+00
1.465000000000000036e+01,-1.548151626854146201e+01,1.422016184686341944e+02,3.754104449473553018e+01,7.967259059830629653e+00
1.466000000000000014e+01,-1.534123489863248047e+01,1.419271674135702312e+02,3.738235492851232777e+01,8.120217410532983848e+00
1.466999999999999993e+01,-1.520194791199463147e+01,1.416148337277042515e+02,3.722719051523065303e+01,8.282423634738714568e+00
1.467999999999999972e+01,-1.506405947428440584e+01,1.412659273007766387e+02,3.707617781481611985e+01,8.453578319810329589e+00
1.468999999999999950e+01,-1.492795948600263500e+01,1.408822686055353586e+02,3.692989648889058429e+01,8.633250145392496577e+00
1.469999999999999929e+01,-1.479399879749665203e+01,1.404661703340144641e+02,3.678883847687276187e+01,8.820890570251270546e+00
1.471000000000000085e+01,-1.466246661814162167e+01,1.400203668492646329e+02,3.665337339052778987e+01,9.015861024865625239e+00
1.472000000000000064e+01,-1.453357239463926476e+01,1.395478998423839414e+02,3.652372376150363209e+01,9.217470011181873701e+00
1.473000000000000043e+01,-1.440743386296474426e+01,1.390519722665021618e+02,3.639995276404400926e+01,9.425016524706215648e+00
1.474000000000000021e+01,-1.428407231180426074e+01,1.385357848968920393e+02,3.628196578174379283e+01,9.637835593488119912e+00
1.475000000000000000e+01,-1.416341539673980776e+01,1.380023707659661909e+02,3.616952581347743489e+01,9.855341521904641411e+00
1.475999999999999979e+01,-1.404530716415535352e+01,1.374544423479884756e+02,3.606228134578388023e+01,1.007706464848596006e+01
1.476999999999999957e+01,-1.392952432088526038e+01,1.368942648492535454e+02,3.595980408218805024e+01,1.030267805654076341e+01
1.477999999999999936e+01,-1.381579725371059197e+01,1.363235664270405323e+02,3.586163293139313879e+01,1.053201166046124548e+01
1.478999999999999915e+01,-1.370383389520160478e+01,1.357434927626940180e+02,3.576732001676060690e+01,1.076505234247727394e+01
1.480000000000000071e+01,-1.359334428325501598e+01,1.351546093493300589e+02,3.567647425289873553e+01,1.100193021679179850e+01
1.481000000000000050e+01,-1.348406360217746247e+01,1.345569504065695412e+02,3.558879827700445020e+01,1.124289250979501631e+01
1.482000000000000028e+01,-1.337577164382794770e+01,1.339501088862002405e+02,3.550411521049898056e+01,1.148826781534104136e+01
1.483000000000000007e+01,-1.326830698853481039e+01,1.333333580426508718e+02,3.542238279583828842e+01,1.173842446950903629e+01
1.483999999999999986e+01,-1.316157475049845615e+01,1.327057919848430458e+02,3.534369379096653319e+01,1.199372737406617695e+01
1.484999999999999964e+01,-1.305554740573854389e+01,1.320664709036976774e+02,3.526826296034121100e+01,1.225449771191312287e+01
1.485999999999999943e+01,-1.295025894413333845e+01,1.314145565255906263e+02,3.519640241095492428e+01,1.252097962817900090e+01
1.486999999999999922e+01,-1.284579327217034006e+01,1.307494248007224655e+02,3.512848822512199831e+01,1.279331714372045781e+01
1.488000000000000078e+01,-1.274226835640380706e+01,1.300707456901366186e+02,3.506492220799921000e+01,1.307154342167840966e+01
1.489000000000000057e+01,-1.263981797594704304e+01,1.293785237693973897e+02,3.500609301010019436e+01,1.335558315660504647e+01
1.490000000000000036e+01,-1.253857311147653597e+01,1.286730977133723002e+02,3.495234086840485332e+01,1.364526745040151212e+01
1.491000000000000014e+01,-1.243864493556432649e+01,1.279551010410878007e+02,3.490392975007013376e+01,1.394035922826448370e+01
1.491999999999999993e+01,-1.234011110911324494e+01,1.272253903225301457e+02,3.486102984012459416e+01,1.424058616144060885e+01
1.492999999999999972e+01,-1.224300667421908173e+01,1.264849500360046903e+02,3.482371218223880760e+01,1.454567730388269808e+01
1.493999999999999950e+01,-1.214732031701611881e+01,1.257347852017643390e+02,3.479195597537371754e+01,1.485539928496114292e+01
1.494999999999999929e+01,-1.205299620866291654e+01,1.249758137109877794e+02,3.476566767676079195e+01,1.516958796188283998e+01
1.496000000000000085e+01,-1.195994106942786850e+01,1.242087699199229291e+02,3.474470979447159635e+01,1.548817191788845982e+01
1.497000000000000064e+01,-1.186803558629900124e+01,1.234341296618033539e+02,3.472893619645053320e+01,1.581118505253861173e+01
1.498000000000000043e+01,-1.177714889051832259e+01,1.226520644807038138e+02,3.471823002756171661e+01,1.613876666889907341e+01
1.499000000000000021e+01,-1.168715450469929351e+01,1.218624298111683686e+02,3.471253999563215586e+01,1.647114880649059998e+01
1.500000000000000000e+01,-1.159794602923287243e+01,1.210647882815702872e+02,3.471191090729166007e+01,1.680863196048034780e+01
1.500999999999999979e+01,-1.150945087269708011e+01,1.202584656383848198e+02,3.471650490277434642e+01,1.715155161661888172e+01
1.501999999999999957e+01,-1.142164054300445741e+01,1.194426333488658827e+02,3.472661080225902452e+01,1.750023907290427516e+01
1.502999999999999936e+01,-1.133453638701222133e+01,1.186164091219639687e+02,3.474264023281419611e+01,1.785498069275563537e+01
1.503999999999999915e+01,-1.124821015748727504e+01,1.177789647224700502e+02,3.476511061586833051e+01,1.821597996242260464e+01
1.505000000000000071e+01,-1.116277934158391538e+01,1.169296297639188396e+02,3.479461650307716525e+01,1.858332648265885112e+01
1.506000000000000050e+01,-1.107839773888236401e+01,1.160679807228339797e+02,3.483179199930395953e+01,1.895697534236833448e+01
1.507000000000000028e+01,-1.099524226497202051e+01,1.151939061252220142e+02,3.487726797394040545e+01,1.933673928032812128e+01
1.508000000000000007e+01,-1.091349732526218652e+01,1.143076414734950674e+02,3.493162834254566462e+01,1.972229475600077819e+01
1.508999999999999986e+01,-1.083333831865596686e+01,1.134097706664892939e+02,3.499536985104113995e+01,2.011320165624519873e+01
1.509999999999999964e+01,-1.075491587942933691e+01,1.125011940383354982e+02,3.506886951020493370e+01,2.050893499775182249e+01
1.510999999999999943e+01,-1.067834235599194059e+01,1.115830663478554357e+02,3.515236314326313050e+01,2.090892577097303118e+01
1.511999999999999922e+01,-1.060368178052710952e+01,1.106567107985858343e+02,3.524593748911787827e+01,2.131260711723998469e+01
1.513000000000000078e+01,-1.053094423625036313e+01,1.097235172553787805e+02,3.534953703665362923e+01,2.171946142090677156e+01
1.514000000000000057e+01,-1.046008511498009597e+01,1.087848341244309580e+02,3.546298535804909591e+01,2.212906369198610435e+01
1.515000000000000036e+01,-1.039100931233771519e+01,1.078418638250932133e+02,3.558601928144067728e+01,2.254111684310601760e+01
1.516000000000000014e+01,-1.032357996482172346e+01,1.068955713998650765e+02,3.571833292526673631e+01,2.295547512668343870e+01
1.516999999999999993e+01,-1.025763092437486357e+01,1.059466146192047091e+02,3.585962753995068653e+01,2.337215305497543127e+01
1.517999999999999972e+01,-1.019298182305922218e+01,1.049953020157974777e+02,3.600966238923546570e+01,2.379131849612045713e+01
1.518999999999999950e+01,-1.012945433309694820e+01,1.040415827535877469e+02,3.616830165021600862e+01,2.421327020059779045e+01
1.519999999999999929e+01,-1.006688810248364874e+01,1.030850692857845132e+02,3.633555257219073553e+01,2.463840160807823310e+01
1.521000000000000085e+01,-1.000515486304492896e+01,1.021250906335980488e+02,3.651159090771587046e+01,2.506715424005621529e+01
1.522000000000000064e+01,-9.944169373342532481e+00,1.011607711274172487e+02,3.669677084942797762e+01,2.549996512977666541e+01
1.523000000000000043e+01,-9.883896163871252583e+00,1.001911269201390553e+02,3.689161824932095612e+01,2.593721343911649058e+01
1.524000000000000021e+01,-9.824351468782856145e+00,9.921517080944181544e+01,3.709680759584932730e+01,2.637917157554407765e+01
1.525000000000000000e+01,-9.765600212648235967e+00,9.823201511531446783e+01,3.731312489146877454e+01,2.682596572952682479e+01
1.525999999999999979e+01,-9.707748417521457895e+00,9.724096265331179723e+01,3.754142002902017339e+01,2.727754984847597086e+01
1.526999999999999957e+01,-9.650931847559427013e+00,9.624157718202907574e+01,3.778255336006459686e+01,2.773369574850119434e+01
1.527999999999999936e+01,-9.595302065459312857e+00,9.523372690833977572e+01,3.803734177836440011e+01,2.819400047933944009e+01
1.528999999999999915e+01,-9.541011301287445789e+00,9.421759742741717503e+01,3.830650975549442450e+01,2.865791035840159040e+01
1.530000000000000071e+01,-9.488197612772706790e+00,9.319367352681902616e+01,3.859065036073499044e+01,2.912475943479643448e+01
1.531000000000000050e+01,-9.436971748328515375e+00,9.216269226781555801e+01,3.889020041342126888e+01,2.959381867917372944e+01
1.532000000000000028e+01,-9.387406926791983963e+00,9.112557239073649384e+01,3.920543262599148449e+01,3.006435104712189599e+01
1.533000000000000007e+01,-9.339532448119168606e+00,9.008332716206957969e+01,3.953646600090260677e+01,3.053566683750888089e+01
1.533999999999999986e+01,-9.293331679125738987e+00,8.903696915183380156e+01,3.988329397007432675e+01,3.100717354203440834e+01
1.534999999999999964e+01,-9.248744551002847203e+00,8.798741602942617135e+01,4.024582796005245200e+01,3.147841470678198306e+01
1.535999999999999943e+01,-9.205674293155993837e+00,8.693540627706963164e+01,4.062395239680597570e+01,3.194909320836957534e+01
1.536999999999999922e+01,-9.163997741932519148e+00,8.588143276776804669e+01,4.101758580638628615e+01,3.241907574248796209e+01
1.538000000000000078e+01,-9.123578232831524915e+00,8.482570050575301934e+01,4.142674178742184665e+01,3.288837712748684083e+01
1.539000000000000057e+01,-9.084279839058508443e+00,8.376811259419770295e+01,4.185158336085132191e+01,3.335712507662240256e+01
1.540000000000000036e+01,-9.045981582697816492e+00,8.270828584367022529e+01,4.229246461453962525e+01,3.382550817810657406e+01
1.541000000000000014e+01,-9.008590235804481594e+00,8.164559458818001758e+01,4.274995464985497762e+01,3.429371170687470283e+01
1.541999999999999993e+01,-8.972050455235125455e+00,8.057923850389265397e+01,4.322484051163412033e+01,3.476184735033257311e+01
1.542999999999999972e+01,-8.936351250685483194e+00,7.950832782106030550e+01,4.371810787179755664e+01,3.522988378077685212e+01
1.543999999999999950e+01,-8.901528147712653549e+00,7.843197755803353743e+01,4.423090051499854525e+01,3.569758514046903031e+01
1.544999999999999929e+01,-8.867660839095613312e+00,7.734940150111427215e+01,4.476446189526474484e+01,3.616446389878890955e+01
1.546000000000000085e+01,-8.834866570933199270e+00,7.625999671791215917e+01,4.532006396168342377e+01,3.662975325631605727e+01
1.547000000000000064e+01,-8.803289933274236034e+00,7.516341041361319242e+01,4.589892989539536927e+01,3.709240243858988606e+01
1.548000000000000043e+01,-8.773090072305430809e+00,7.405958278610827961e+01,4.650215822232456020e+01,3.755109601874862335e+01
1.549000000000000021e+01,-8.744426577209724272e+00,7.294876197767065662e+01,4.713065588880080981e+01,3.800429603162707792e+01
1.550000000000000000e+01,-8.717445400404788103e+00,7.183148997342898667e+01,4.778508728792628091e+01,3.845030329617543430e+01
1.550999999999999979e+01,-8.692266142047325062e+00,7.070856106737431901e+01,4.846584492858553972e+01,3.888733224877768180e+01
1.551999999999999957e+01,-8.668971879628180943e+00,6.958095704268228587e+01,4.917304551689689163e+01,3.931359190096454626e+01
1.552999999999999936e+01,-8.647602472326543221e+00,6.844976528744383870e+01,4.990655279040955605e+01,3.972736445450541254e+01
1.553999999999999915e+01,-8.628151944273987795e+00,6.731608754480423329e+01,5.066602568339268942e+01,4.012707279734703292e+01
1.555000000000000071e+01,-8.610570179721898754e+00,6.618094779116802329e+01,5.145098754322552992e+01,4.051132868661780861e+01
1.556000000000000050e+01,-8.594768775234916447e+00,6.504520780781186318e+01,5.226090945552215317e+01,4.087895494995542833e+01
1.557000000000000028e+01,-8.580630517954585201e+00,6.390949835872954310e+01,5.309529859479624747e+01,4.122897745175593798e+01
1.558000000000000007e+01,-8.568021623106995222e+00,6.277417254644655742e+01,5.395378121546234240e+01,4.156058570016362808e+01
1.558999999999999986e+01,-8.556805596376019452e+00,6.163928596583210151e+01,5.483616968908953737e+01,4.187306451256734618e+01
1.559999999999999964e+01,-8.546857414065907932e+00,6.050460584432983069e+01,5.574250401395826060e+01,4.216570271293650762e+01
1.560999999999999943e+01,-8.538076658157947918e+00,5.936964863524726610e+01,5.667306045045203433e+01,4.243768796057981518e+01
1.561999999999999922e+01,-8.530398317885740767e+00,5.823374276469692035e+01,5.762832318014982036e+01,4.268799908913607055e+01
1.563000000000000078e+01,-8.523800174955175279e+00,5.709611070526114673e+01,5.860891881141096604e+01,4.291530844252299204e+01
1.564000000000000057e+01,-8.518306011029007863e+00,5.595596254552074100e+01,5.961551772875171906e+01,4.311790644903977920e+01
1.565000000000000036e+01,-8.513984282766408285e+00,5.481259198767040886e+01,6.064871024550361511e+01,4.329365905501455813e+01
1.566000000000000014e+01,-8.510942358102241201e+00,5.366546539355695700e+01,6.170886883648880428e+01,4.344000577493323334e+01
1.566999999999999993e+01,-8.509316847658837446e+00,5.251429515555028615e+01,6.279601003741554166e+01,4.355400225480608611e+01
1.567999999999999972e+01,-8.509260948555269266e+00,5.135909021182054346e+01,6.390967062792233833e+01,4.363240672277966326e+01
1.568999999999999950e+01,-8.510930004472387012e+00,5.020017876791611400e+01,6.504881228627540679e+01,4.367180490651690405e+01
1.569999999999999929e+01,-8.514466649597615344e+00,4.903820096854764898e+01,6.621176693117666900e+01,4.366876336743305842e+01
1.571000000000000085e+01,-8.519986934873516660e+00,4.787407209911460626e+01,6.739623147373816892e+01,4.361999721583998024e+01
1.572000000000000064e+01,-8.527568737309071167e+00,4.670891961428771566e+01,6.859931585369564289e+01,4.352253533649582096e+01
1.573000000000000043e+01,-8.537243542601311574e+00,4.554399966293728141e+01,6.981764237200884793e+01,4.337386507100314503e+01
1.574000000000000021e+01,-8.548992390436612965e+00,4.438060063196815719e+01,7.104748801197472119e+01,4.317203918943027219e+01
1.575000000000000000e+01,-8.562746406330335347e+00,4.321994244630919013e+01,7.228495542024099052e+01,4.291573116765604823e+01
1.575999999999999979e+01,-8.578391940732565502e+00,4.206308086117937961e+01,7.352615338779555998e+01,4.260423019765472930e+01
1.576999999999999957e+01,-8.595779923331624772e+00,4.091082572247572813e+01,7.476736491433399578e+01,4.223737454379325129e+01
1.577999999999999936e+01,-8.614738647621502210e+00,3.976368114043446411e+01,7.600518095509228544e+01,4.181542998322497340e+01
1.578999999999999915e+01,-8.635088859655109417e+00,3.862181375073647871e+01,7.723658106514997712e+01,4.133892800626240671e+01
1.580000000000000071e+01,-8.656659768659672238e+00,3.748505281365739705e+01,7.845894820772849698e+01,4.080848497172267741e+01
1.581000000000000050e+01,-8.679304457499785741e+00,3.635292298775613773e+01,7.967001330472521659e+01,4.022462740971715078e+01
1.582000000000000028e+01,-8.702913172983810952e+00,3.522470745360079292e+01,8.086773459316698620e+01,3.958764938374038422e+01
1.583000000000000007e+01,-8.727423132375047743e+00,3.409953596853257096e+01,8.205012620399830325e+01,3.889752499577073053e+01
1.583999999999999986e+01,-8.752823788000457128e+00,3.297648975495964407e+01,8.321505829746531901e+01,3.815389299196316131e+01
1.584999999999999964e+01,-8.779156921037435168e+00,3.185471319560482684e+01,8.436005646947720038e+01,3.735612170034106327e+01
1.585999999999999943e+01,-8.806511444127451682e+00,3.073352138749508100e+01,8.548213020819838448e+01,3.650345222227233677e+01
1.586999999999999922e+01,-8.835013323387856943e+00,2.961249282535922944e+01,8.657765852844489984e+01,3.559520710345157113e+01
1.588000000000000078e+01,-8.864811523034756391e+00,2.849153782626751408e+01,8.764235552411834362e+01,3.463104189377434494e+01
1.589000000000000057e+01,-8.896061275847388927e+00,2.737093560721827146e+01,8.867132981809801606e+01,3.361120932286119256e+01
1.590000000000000036e+01,-8.928906250158695102e+00,2.625133591270336098e+01,8.965924051426975439e+01,3.253680142991344582e+01
1.591000000000000014e+01,-8.963461297621087454e+00,2.513372442957750508e+01,9.060053944872109355e+01,3.140993484046412831e+01
1.591999999999999993e+01,-8.999797422886597786e+00,2.401935459028948472e+01,9.148977687974367257e+01,3.023384903240491184e+01
1.592999999999999972e+01,-9.037930428573938357e+00,2.290965146059989976e+01,9.232193711614206677e+01,2.901289682272683024e+01
1.593999999999999950e+01,-9.077814378040313770e+00,2.180609600266436843e+01,9.309276384819537498e+01,2.775241958737776571e+01
1.594999999999999929e+01,-9.119340610809585357e+00,2.071009992602127170e+01,9.379903363969317809e+01,2.645851521931271222e+01
1.596000000000000085e+01,-9.162342569333558728e+00,1.962288245967718225e+01,9.443874090664954224e+01,2.513772219893142434e+01
1.597000000000000064e+01,-9.206606181288082169e+00,1.854536060010344301e+01,9.501116840650431072e+01,2.379665581622002080e+01
1.598000000000000043e+01,-9.251885022787464052e+00,1.747806363994725132e+01,9.551683230405809866e+01,2.244164027448008980e+01
1.599000000000000021e+01,-9.297919004601741477e+00,1.642108102686005466e+01,9.595730788506891429e+01,2.107838169700337261e+01
1.600000000000000000e+01,-9.344454921811811587e+00,1.537404987549495772e+01,9.633495818393166132e+01,1.971172170955903269e+01
