f_GHz,S11_dB,S11_deg,ReZin_ohm,ImZin_ohm
1.000000000000000000e+00,-5.327065298651186831e-01,-1.300107497945078023e+02,1.865518311483366665e+00,-2.328301195497542508e+01
1.010000000000000009e+00,-5.410947831163310795e-01,-1.314984814142965774e+02,1.872472100512843296e+00,-2.249788944725754902e+01
1.020000000000000018e+00,-5.498125957558894772e-01,-1.329943383559196377e+02,1.880772599520219357e+00,-2.171767872293125734e+01
1.030000000000000027e+00,-5.589645057385608240e-01,-1.344985755798681453e+02,1.890751513814170170e+00,-2.094196735443808777e+01
1.040000000000000036e+00,-5.686609447224550973e-01,-1.360112920968624906e+02,1.902750556764194023e+00,-2.017043104046489077e+01
1.050000000000000044e+00,-5.790120511906365897e-01,-1.375324256150823032e+02,1.917101224825654704e+00,-1.940283180186147050e+01
1.060000000000000053e+00,-5.901214391527919156e-01,-1.390617578071286005e+02,1.934105625337033008e+00,-1.863901121089253365e+01
1.070000000000000062e+00,-6.020803316513777537e-01,-1.405989299905450309e+02,1.954019537463688394e+00,-1.787887909332178182e+01
1.080000000000000071e+00,-6.149624485060524171e-01,-1.421434683549846909e+02,1.977038729819115437e+00,-1.712239840438220995e+01
1.090000000000000080e+00,-6.288199950363376756e-01,-1.436948172638882966e+02,2.003289351036670940e+00,-1.636956718954449030e+01
1.100000000000000089e+00,-6.436810359661060410e-01,-1.452523786383430604e+02,2.032822968042732548e+00,-1.562039869319598218e+01
1.110000000000000098e+00,-6.595484598723124758e-01,-1.468155550187374843e+02,2.065616565622458545e+00,-1.487490077156562762e+01
1.120000000000000107e+00,-6.764006481646812619e-01,-1.483837936138124292e+02,2.101577552096459023e+00,-1.413305580207118162e+01
1.129999999999999893e+00,-6.941938626131236578e-01,-1.499566285008699253e+02,2.140553548921690474e+00,-1.339480226239413696e+01
1.139999999999999902e+00,-7.128662610850451387e-01,-1.515337181464392984e+02,2.182346484375078610e+00,-1.266001908139246801e+01
1.149999999999999911e+00,-7.323433470777225285e-01,-1.531148755817239078e+02,2.226730270334038142e+00,-1.192851374195977954e+01
1.159999999999999920e+00,-7.525445601043951882e-01,-1.547000888952178741e+02,2.273471124677707067e+00,-1.120001494415087784e+01
1.169999999999999929e+00,-7.733906269193445704e-01,-1.562895301925009051e+02,2.322349420080151550e+00,-1.047417041706036223e+01
1.179999999999999938e+00,-7.948112242687411788e-01,-1.578835518068169392e+02,2.373181805061166827e+00,-9.750550204239232244e+00
1.189999999999999947e+00,-8.167524585815726379e-01,-1.594826692973483091e+02,2.425842268267928148e+00,-9.028655448209022438e+00
1.199999999999999956e+00,-8.391836522163715895e-01,-1.610875316048471291e+02,2.480280814333752026e+00,-8.307932378545517693e+00
1.209999999999999964e+00,-8.621029433255305019e-01,-1.626988795931910943e+02,2.536538498032307132e+00,-7.587790884127302959e+00
1.219999999999999973e+00,-8.855412583424281392e-01,-1.643174950278539939e+02,2.594757725369982282e+00,-6.867626746683356487e+00
1.229999999999999982e+00,-9.095643006764492222e-01,-1.659441427624626044e+02,2.655186970119938206e+00,-6.146846354477248475e+00
1.239999999999999991e+00,-9.342723112639936822e-01,-1.675795094616239282e+02,2.718179357615494229e+00,-5.424892524609688849e+00
1.250000000000000000e+00,-9.597974880919463159e-01,-1.692241425342223806e+02,2.784184912060287509e+00,-4.701269957086168461e+00
1.260000000000000009e+00,-9.862990925646524243e-01,-1.708783930585028372e+02,2.853736621702619658e+00,-3.975568831800286862e+00
1.270000000000000018e+00,-1.013956409755085275e+00,-1.725423663444057354e+02,2.927430819315388177e+00,-3.247485138853945852e+00
1.280000000000000027e+00,-1.042959856971475752e+00,-1.742158834195511190e+02,3.005902678106231019e+00,-2.516836491015372879e+00
1.290000000000000036e+00,-1.073500642470256672e+00,-1.758984561825044182e+02,3.089797867186881764e+00,-1.783572384652639231e+00
1.300000000000000044e+00,-1.105759458232441927e+00,-1.775892782926018185e+02,3.179741587436866190e+00,-1.047778128245992368e+00
1.310000000000000053e+00,-1.139894745405167553e+00,-1.792872331154281653e+02,3.276306319586428817e+00,-3.096719222607891564e-01
1.320000000000000062e+00,-1.176031099177578865e+00,1.790090807322771127e+02,3.379979671850288359e+00,4.304051676129151405e-01
1.330000000000000071e+00,-1.214248384581871454e+00,1.773013064562849479e+02,3.491133730020913539e+00,1.172006360245973600e+00
1.340000000000000080e+00,-1.254572120111753897e+00,1.755912697204891515e+02,3.609997304995019363e+00,1.914603223828688305e+00
1.350000000000000089e+00,-1.296965656072460504e+00,1.738809044700155368e+02,3.736632453816328692e+00,2.657616231802087725e+00
1.360000000000000098e+00,-1.341324631844427184e+00,1.721721662121764780e+02,3.870916625018812063e+00,3.400451164348124777e+00
1.370000000000000107e+00,-1.387474141277038386e+00,1.704669356451136935e+02,4.012531741150316300e+00,4.142540465299656027e+00
1.379999999999999893e+00,-1.435168966320720108e+00,1.687669161281498589e+02,4.160961463159591922e+00,4.883388384079701439e+00
1.389999999999999902e+00,-1.484097151697081340e+00,1.670735290755218898e+02,4.315497755418404857e+00,5.622618412778834340e+00
1.399999999999999911e+00,-1.533887082593834661e+00,1.653878119056961964e+02,4.475257653777282130e+00,6.360021180871589408e+00
1.409999999999999920e+00,-1.584118088022875792e+00,1.637103236462082805e+02,4.639210801100839277e+00,7.095600623496265413e+00
1.419999999999999929e+00,-1.634334421832751794e+00,1.620410636070039914e+02,4.806217834528315080e+00,7.829615941070994900e+00
1.429999999999999938e+00,-1.684062273131975429e+00,1.603794086004652684e+02,4.975079085436467707e+00,8.562616680005389114e+00
1.439999999999999947e+00,-1.732829236224164848e+00,1.587240739018211855e+02,5.144592313731767952e+00,9.295468253756578036e+00
1.449999999999999956e+00,-1.780185442887866287e+00,1.570731024185818683e+02,5.313617401524172834e+00,1.002936545054206618e+01
1.459999999999999964e+00,-1.825725350175088968e+00,1.554238853168919547e+02,5.481145165947475029e+00,1.076583197599933506e+01
1.469999999999999973e+00,-1.869109013354100846e+00,1.537732156422478909e+02,5.646366825039910609e+00,1.150670485592414316e+01
1.479999999999999982e+00,-1.910081585828621309e+00,1.521173743579406050e+02,5.808740274516786428e+00,1.225410352875067055e+01
1.489999999999999991e+00,-1.948489800923468573e+00,1.504522458786802588e+02,5.968049297212753679e+00,1.301038459449212148e+01
1.500000000000000000e+00,-1.984294318768119458e+00,1.487734578431751231e+02,6.124452179014587827e+00,1.377808432367153912e+01
1.510000000000000009e+00,-2.017577063917673996e+00,1.470765378306297180e+02,6.278516935117497866e+00,1.455985201699120068e+01
1.520000000000000018e+00,-2.048543016740599132e+00,1.453570782545031363e+02,6.431241385523397192e+00,1.535837800594024394e+01
1.530000000000000027e+00,-2.077516318622953939e+00,1.436108999709383056e+02,6.584057532611459429e+00,1.617632039708607294e+01
1.540000000000000036e+00,-2.104930961550671942e+00,1.418342053195590040e+02,6.738820928821509959e+00,1.701623454903048227e+01
1.550000000000000044e+00,-2.131316707921360631e+00,1.400237123409393689e+02,6.897786819713904727e+00,1.788050875915249449e+01
1.560000000000000053e+00,-2.157281184125432016e+00,1.381767636335882798e+02,7.063575675377605556e+00,1.877130881623506298e+01
1.570000000000000062e+00,-2.183489282811058807e+00,1.362914054775030195e+02,7.239131199803750860e+00,1.969053307506748141e+01
1.580000000000000071e+00,-2.210641082777907052e+00,1.343664351730442093e+02,7.427674011992253078e+00,2.063977867521465015e+01
1.590000000000000080e+00,-2.239449458784372737e+00,1.324014167466868628e+02,7.632653959910301822e+00,2.162031859196225270e+01
1.600000000000000089e+00,-2.270618427025165253e+00,1.303966670389612830e+02,7.857703538277376332e+00,2.263308847474836227e+01
1.610000000000000098e+00,-2.304823084948815826e+00,1.283532155772062424e+02,8.106594237227787048e+00,2.367868175606838577e+01
1.620000000000000107e+00,-2.342691788026537214e+00,1.262727424980473359e+02,8.383196959714698693e+00,2.475735131660726651e+01
1.629999999999999893e+00,-2.384790989634137048e+00,1.241574991509445454e+02,8.691447008501377525e+00,2.586901604700704027e+01
1.639999999999999902e+00,-2.431612975398745213e+00,1.220102159696789670e+02,9.035313634994709631e+00,2.701327090254692465e+01
1.649999999999999911e+00,-2.483566564120914144e+00,1.198340018584731297e+02,9.418773812914688293e+00,2.818939943720208063e+01
1.659999999999999920e+00,-2.540970729662597183e+00,1.176322388256431992e+02,9.845789775697127766e+00,2.939638825450166948e+01
1.669999999999999929e+00,-2.604051021236482910e+00,1.154084750214096857e+02,1.032028994108627273e+01,3.063294325086941683e+01
1.679999999999999938e+00,-2.672938617694576191e+00,1.131663187868740721e+02,1.084615312393122366e+01,3.189750788331227227e+01
1.689999999999999947e+00,-2.747671836046823302e+00,1.109093358601865731e+02,1.142719637624474771e+01,3.318828390435651698e+01
1.699999999999999956e+00,-2.828199915572489065e+00,1.086409515478755878e+02,1.206716734367924282e+01,3.450325501809462736e+01
1.709999999999999964e+00,-2.914388906559140402e+00,1.063643594629797917e+02,1.276974262533327575e+01,3.584021367811911318e+01
1.719999999999999973e+00,-3.006029497968716768e+00,1.040824383439837106e+02,1.353853418901398342e+01,3.719679074252641726e+01
1.729999999999999982e+00,-3.102846613987607860e+00,1.017976784689743539e+02,1.437710633262380711e+01,3.857048691653680805e+01
1.739999999999999991e+00,-3.204510590564943584e+00,9.951211922421302347e+01,1.528900589136867616e+01,3.995870387223434506e+01
1.750000000000000000e+00,-3.310649707495797678e+00,9.722729942359123356e+01,1.627780826788380963e+01,4.135877169539335796e+01
1.760000000000000009e+00,-3.420863800180089065e+00,9.494422195066995585e+01,1.734718132020521253e+01,4.276796796687115432e+01
1.770000000000000018e+00,-3.534738611808311504e+00,9.266333415730025536e+01,1.850096812258662737e+01,4.418352246972437314e+01
1.780000000000000027e+00,-3.651860478242761054e+00,9.038452516192297992e+01,1.974328810208430696e+01,4.560260037374152375e+01
1.790000000000000036e+00,-3.771830873509627757e+00,8.810714072395398944e+01,2.107865408692751075e+01,4.702225593943394699e+01
1.800000000000000044e+00,-3.894280294212758342e+00,8.583001572939848245e+01,2.251210046723161895e+01,4.843934843571247484e+01
1.810000000000000053e+00,-4.018880936937953230e+00,8.355152353572511004e+01,2.404931508399217677e+01,4.985041216991613311e+01
1.820000000000000062e+00,-4.145357632771798251e+00,8.126964054733736020e+01,2.569676475343587185e+01,5.125147332401724043e+01
1.830000000000000071e+00,-4.273496552993195863e+00,7.898202350571436625e+01,2.746180159777914298e+01,5.263780767056127274e+01
1.840000000000000080e+00,-4.403151290685408448e+00,7.668609617278424651e+01,2.935273463049464482e+01,5.400363518428777354e+01
1.850000000000000089e+00,-4.534246049953241986e+00,7.437914145478330852e+01,3.137884830550781601e+01,5.534175008175378707e+01
1.860000000000000098e+00,-4.666775827944969812e+00,7.205839463479111373e+01,3.355034690397770447e+01,5.664308801768557800e+01
1.870000000000000107e+00,-4.800803641321160775e+00,6.972113330586672930e+01,3.587820061951495632e+01,5.789623630487404427e+01
1.879999999999999893e+00,-4.936455012505296835e+00,6.736475983767950027e+01,3.837386603013384700e+01,5.908689856443324118e+01
1.889999999999999902e+00,-5.073910076639633004e+00,6.498687274361191157e+01,4.104885056446679670e+01,6.019733281864397156e+01
1.899999999999999911e+00,-5.213393784882409676e+00,6.258532408442307826e+01,4.391408823853216603e+01,6.120579251760378980e+01
1.909999999999999920e+00,-5.355164755038334334e+00,6.015826096679525392e+01,4.697909361326464506e+01,6.208601414358289361e+01
1.919999999999999929e+00,-5.499503353173411213e+00,5.770415017832296911e+01,5.025086463379722801e+01,6.280681336864196851e+01
1.929999999999999938e+00,-5.646699581527205858e+00,5.522178595626007791e+01,5.373251566508026400e+01,6.333187399939328088e+01
1.939999999999999947e+00,-5.797041304522972283e+00,5.271028174228040086e+01,5.742164331273275479e+01,6.361983845305169183e+01
1.949999999999999956e+00,-5.950803274490779060e+00,5.016904747874148995e+01,6.130846347170790267e+01,6.362483134329044532e+01
1.959999999999999964e+00,-6.108237331436022544e+00,4.759775452741681789e+01,6.537381159648569451e+01,6.329756190952896588e+01
1.969999999999999973e+00,-6.269564056000385577e+00,4.499629063629428316e+01,6.958716974917467724e+01,6.258714601364862062e+01
1.979999999999999982e+00,-6.434966059415680562e+00,4.236470755863138038e+01,7.390496827410827052e+01,6.144375099917912308e+01
1.989999999999999991e+00,-6.604583004435275129e+00,3.970316396723483621e+01,7.826949302497249050e+01,5.982208358296757211e+01
2.000000000000000000e+00,-6.778508370457727139e+00,3.701186623687823385e+01,8.260878642231401159e+01,5.768560433638550933e+01
2.009999999999999787e+00,-6.956787905903107472e+00,3.429100951912681694e+01,8.683792879794422959e+01,5.501116788976727889e+01
2.020000000000000018e+00,-7.139419651464651295e+00,3.154072133222156182e+01,9.086199085928605257e+01,5.179358302274154369e+01
2.029999999999999805e+00,-7.326355368348687946e+00,2.876100965299862366e+01,9.458073768728480957e+01,4.804941344964701244e+01
2.040000000000000036e+00,-7.517503164911620850e+00,2.595171724005069791e+01,9.789485067376782013e+01,4.381926773584248025e+01
2.049999999999999822e+00,-7.712731082228564183e+00,2.311248364342473494e+01,1.007130729511166294e+02,3.916791966502303524e+01
2.060000000000000053e+00,-7.911871373569521637e+00,2.024271606803884538e+01,1.029593744856591826e+02,3.418188532656561307e+01
2.069999999999999840e+00,-8.114725194626636551e+00,1.734156995591956729e+01,1.045790863757743381e+02,2.896452193381059104e+01
2.080000000000000071e+00,-8.321067411353105570e+00,1.440793983720460147e+01,1.055430475034783768e+02,2.362919937716601382e+01
2.089999999999999858e+00,-8.530651231621970254e+00,1.144046067516066678e+01,1.058491416632895152e+02,1.829148603568195242e+01
2.100000000000000089e+00,-8.743212376965407984e+00,8.437519603598335749e+00,1.055210928298822211e+02,1.306146375413435123e+01
2.109999999999999876e+00,-8.958472532654051079e+00,5.397277637630480740e+00,1.046048868724075476e+02,8.037195543666873832e+00
2.120000000000000107e+00,-9.176141849091857594e+00,2.317700645836463291e+00,1.031635592084079889e+02,3.300058468526596567e+00
2.129999999999999893e+00,-9.395920314963383646e+00,-8.034013793874061893e-01,1.012712469926897114e+02,-1.087764604925157252e+00
2.140000000000000124e+00,-9.617497881872070664e+00,-3.968327909550803945e+00,9.900734923017940048e+01,-5.083740238655719779e+00
2.149999999999999911e+00,-9.840553289477831811e+00,-7.179435603425279311e+00,9.645143098645037583e+01,-8.663779477762860282e+00
2.160000000000000142e+00,-1.006475161663063744e+01,-1.043908148541591707e+01,9.367923753539224663e+01,-1.181990357422428062e+01
2.169999999999999929e+00,-1.028974066430618173e+01,-1.374956286089265056e+01,9.075992951026594824e+01,-1.455731501549081131e+01
2.180000000000000160e+00,-1.051514635652395491e+01,-1.711305514312631715e+01,8.775445883619926235e+01,-1.689132203167264024e+01
2.189999999999999947e+00,-1.074056742206967385e+01,-2.053154860795497783e+01,8.471489232951364556e+01,-1.884443747485659060e+01
2.200000000000000178e+00,-1.096556968915869135e+01,-2.400678490939368004e+01,8.168444655100067564e+01,-2.044384408287964305e+01
2.209999999999999964e+00,-1.118968038392082853e+01,-2.754019401469066963e+01,7.869800370777579701e+01,-2.171931094550588170e+01
2.220000000000000195e+00,-1.141238286886211384e+01,-3.113283208599176533e+01,7.578291266553891603e+01,-2.270156932496273328e+01
2.229999999999999982e+00,-1.163311228658278118e+01,-3.478532078150672646e+01,7.295992419492543490e+01,-2.342110891297887676e+01
2.240000000000000213e+00,-1.185125258432568707e+01,-3.849778849973360195e+01,7.024415408744827971e+01,-2.390733228059062299e+01
2.250000000000000000e+00,-1.206613538350969250e+01,-4.226981426333173175e+01,6.764600575263895621e+01,-2.418799850607330271e+01
2.259999999999999787e+00,-1.227704112208814990e+01,-4.610037523723661224e+01,6.517201323374222000e+01,-2.428889026960551334e+01
2.270000000000000018e+00,-1.248320283303125500e+01,-4.998779928247286364e+01,6.282558646783100897e+01,-2.423364713742116550e+01
2.279999999999999805e+00,-1.268381282645507646e+01,-5.392972442525295662e+01,6.060765440294241557e+01,-2.404371800013593585e+01
2.290000000000000036e+00,-1.287803241408418131e+01,-5.792306761048708097e+01,5.851720994225259176e+01,-2.373839570464832960e+01
2.299999999999999822e+00,-1.306500465337977523e+01,-6.196400552978346354e+01,5.655176519141924985e+01,-2.333490582572823513e+01
2.310000000000000053e+00,-1.324386989905454470e+01,-6.604797057256703852e+01,5.470772743677354555e+01,-2.284852889067039072e+01
2.319999999999999840e+00,-1.341378374102610493e+01,-7.016966494833616252e+01,5.298070665308913618e+01,-2.229274118968323393e+01
2.330000000000000071e+00,-1.357393669493371924e+01,-7.432309568421928248e+01,5.136576481291713492e+01,-2.167936374745997696e+01
2.339999999999999858e+00,-1.372357481423286352e+01,-7.850163246198843581e+01,4.985761629528538208e+01,-2.101871233545312023e+01
2.350000000000000089e+00,-1.386202023526630533e+01,-8.269808911909902349e+01,4.845078754955684275e+01,-2.031974381057036894e+01
2.359999999999999876e+00,-1.398869057277188865e+01,-8.690482815877986411e+01,4.713974302242335312e+01,-1.959019578780234738e+01
2.370000000000000107e+00,-1.410311607351431817e+01,-9.111388592095738659e+01,4.591898328780099092e+01,-1.883671786717814811e+01
2.379999999999999893e+00,-1.420495352237147024e+01,-9.531711434193286436e+01,4.478312036895541581e+01,-1.806499347694590440e+01
2.390000000000000124e+00,-1.429399607851295428e+01,-9.950633369160715347e+01,4.372693442022288934e+01,-1.727985196935228984e+01
2.399999999999999911e+00,-1.437017848566530809e+01,-1.036734895346038172e+02,4.274541523803412701e+01,-1.648537099039579346e+01
2.410000000000000142e+00,-1.443357742326255178e+01,-1.078108065847779500e+02,4.183379148611847853e+01,-1.568496939728427186e+01
2.419999999999999929e+00,-1.448440710867480163e+01,-1.119109322031065261e+02,4.098755003333096880e+01,-1.488149115829303781e+01
2.430000000000000160e+00,-1.452301058546505885e+01,-1.159670630222359193e+02,4.020244739941964696e+01,-1.407728076898118807e+01
2.439999999999999947e+00,-1.454984740285027378e+01,-1.199730494668624630e+02,3.947451496967799045e+01,-1.327425077732908143e+01
2.450000000000000178e+00,-1.456547858055717626e+01,-1.239234746026177021e+02,3.880005936037727565e+01,-1.247394204285236086e+01
2.459999999999999964e+00,-1.457054984733219705e+01,-1.278137055723259436e+02,3.817565908114893602e+01,-1.167757737065858414e+01
2.470000000000000195e+00,-1.456577414058163811e+01,-1.316399176524077177e+02,3.759815843775756150e+01,-1.088610916641283488e+01
2.479999999999999982e+00,-1.455191427109278379e+01,-1.353990925040895945e+02,3.706465944045169181e+01,-1.010026175494047962e+01
2.490000000000000213e+00,-1.452976651092335914e+01,-1.390889933827222364e+02,3.657251232276109931e+01,-9.320568994194578849e+00
2.500000000000000000e+00,-1.450014567857256864e+01,-1.427081208498363480e+02,3.611930512873021115e+01,-8.547407796524158385e+00
2.509999999999999787e+00,-1.446387209732692192e+01,-1.462556529145282980e+02,3.570285269066763334e+01,-7.781028138764402691e+00
2.520000000000000018e+00,-1.442176061062378878e+01,-1.497313735685996221e+02,3.532118519401728918e+01,-7.021580099618720539e+00
2.529999999999999805e+00,-1.437461166759892883e+01,-1.531355934570021304e+02,3.497253641203543140e+01,-6.269138405514967261e+00
2.540000000000000036e+00,-1.432320435223761024e+01,-1.564690660344018340e+02,3.465533159301998722e+01,-5.523724893865303187e+00
2.549999999999999822e+00,-1.426829112513632225e+01,-1.597329020870681688e+02,3.436817490014473719e+01,-4.785329215946718229e+00
2.560000000000000053e+00,-1.421059397811973923e+01,-1.629284850180325179e+02,3.410983624207393916e+01,-4.053928002342680692e+00
2.569999999999999840e+00,-1.415080166629902614e+01,-1.660573888530291242e+02,3.387923729482810131e+01,-3.329502605371902124e+00
2.580000000000000071e+00,-1.408956767533726406e+01,-1.691213005545598378e+02,3.367543650447738202e+01,-2.612055419748662732e+00
2.589999999999999858e+00,-1.402750859864034183e+01,-1.721219479423488963e+02,3.349761287770454032e+01,-1.901624670413776030e+00
2.600000000000000089e+00,-1.396520263469235523e+01,-1.750610343070369765e+02,3.334504841329207636e+01,-1.198297451156696392e+00
2.609999999999999876e+00,-1.390318796383963651e+01,-1.779401806572512612e+02,3.321710910088894053e+01,-5.022207055839335021e-01
2.620000000000000107e+00,-1.384196082202386080e+01,1.792391235598111621e+02,3.311322451133472100e+01,1.863902308050370271e-01
2.629999999999999893e+00,-1.378197315241161292e+01,1.764755604968099760e+02,3.303286612145834766e+01,8.672459567262142954e-01
2.640000000000000124e+00,-1.372362978136569467e+01,1.737680139997773381e+02,3.297552465069111349e+01,1.539980647281160131e+00
2.649999999999999911e+00,-1.366728513021424440e+01,1.711155891229216195e+02,3.294068683128073616e+01,2.204153445261683775e+00
2.660000000000000142e+00,-1.361323953689011113e+01,1.685176205203333382e+02,3.292781218188610382e+01,2.859253983328651660e+00
2.669999999999999929e+00,-1.356173532036899587e+01,1.659736692891132464e+02,3.293631049864588789e+01,3.504712328544031141e+00
2.680000000000000160e+00,-1.351295277497392533e+01,1.634835079953699619e+02,3.296552091030540765e+01,4.139913509937561464e+00
2.689999999999999947e+00,-1.346700633027569793e+01,1.610470938173211550e+02,3.301469345531747734e+01,4.764216617873701765e+00
2.700000000000000178e+00,-1.342394115468379212e+01,1.586645299962446529e+02,3.308297421822839368e+01,5.376978251917472029e+00
2.709999999999999964e+00,-1.338373051568858685e+01,1.563360161042647576e+02,3.316939509781133921e+01,5.977579845033828221e+00
2.720000000000000195e+00,-1.334627423519778944e+01,1.540617880251766394e+02,3.327286925681141838e+01,6.565458113154716280e+00
2.729999999999999982e+00,-1.331139859166634309e+01,1.518420490053137542e+02,3.339219320899726284e+01,7.140137581987628934e+00
2.740000000000000213e+00,-1.327885801782925590e+01,1.496768936646282668e+02,3.352605632098040900e+01,7.701263844771785827e+00
2.750000000000000000e+00,-1.324833891890069637e+01,1.475662274525859061e+02,3.367305823515864915e+01,8.248635929136739264e+00
2.759999999999999787e+00,-1.321946588562505198e+01,1.455096846636778309e+02,3.383173435399744022e+01,8.782235927691619537e+00
2.770000000000000018e+00,-1.319181049431845487e+01,1.435065487493800731e+02,3.400058907223641569e+01,9.302253908828934215e+00
2.779999999999999805e+00,-1.316490276825926031e+01,1.415556792127213157e+02,3.417813592238383080e+01,9.809106105331498071e+00
2.790000000000000036e+00,-1.313824522073811707e+01,1.396554497642807178e+02,3.436294324356792629e+01,1.030344450824096114e+01
2.799999999999999822e+00,-1.311132921374818672e+01,1.378037025573274832e+02,3.455368344085264454e+01,1.078615629138709586e+01
2.810000000000000053e+00,-1.308365315781077065e+01,1.359977231067722698e+02,3.474918342734131471e+01,1.125835196130423022e+01
2.819999999999999840e+00,-1.305474186474890885e+01,1.342342398504935375e+02,3.494847349389389990e+01,1.172134175075897211e+01
2.830000000000000071e+00,-1.302416616953329864e+01,1.325094511897732446e+02,3.515083168510111733e+01,1.217660051223923823e+01
2.839999999999999858e+00,-1.299156178681883844e+01,1.308190812649958161e+02,3.535582081500128027e+01,1.262572216052434015e+01
2.850000000000000089e+00,-1.295664628972960486e+01,1.291584637745939972e+02,3.556331554900787495e+01,1.307036548649683105e+01
2.859999999999999876e+00,-1.291923311504593208e+01,1.275226509969338053e+02,3.577351749877326625e+01,1.351219383850256861e+01
2.870000000000000107e+00,-1.287924162205926137e+01,1.259065430554455673e+02,3.598695698453590808e+01,1.395281167044123016e+01
2.879999999999999893e+00,-1.283670245939021015e+01,1.243050306354833481e+02,3.620448095062430127e+01,1.439370123311296723e+01
2.890000000000000124e+00,-1.279175780639688398e+01,1.227131430612318468e+02,3.642722739436560175e+01,1.483616270962361483e+01
2.899999999999999911e+00,-1.274465642062513027e+01,1.211261930553596500e+02,3.665658750314090497e+01,1.528126087001112232e+01
2.910000000000000142e+00,-1.269574379817777832e+01,1.195399097173006453e+02,3.689415741395380621e+01,1.572978087700300875e+01
2.919999999999999929e+00,-1.264544809628149125e+01,1.179505522361639009e+02,3.714168205891812136e+01,1.618219526872575287e+01
2.930000000000000160e+00,-1.259426273911093297e+01,1.163549984604259038e+02,3.740099390810167534e+01,1.663864344238735526e+01
2.939999999999999947e+00,-1.254272680378278615e+01,1.147508044587787452e+02,3.767394956419753527e+01,1.709892423359302072e+01
2.950000000000000178e+00,-1.249140435363150736e+01,1.131362333699677976e+02,3.796236712028161264e+01,1.756250148810693545e+01
2.959999999999999964e+00,-1.244086385609116263e+01,1.115102539111362603e+02,3.826796699673110425e+01,1.802852189959002160e+01
2.970000000000000195e+00,-1.239165871059290325e+01,1.098725107010657212e+02,3.859231866715655457e+01,1.849584386225333432e+01
2.979999999999999982e+00,-1.234430974286528837e+01,1.082232699358338976e+02,3.893679530504942932e+01,1.896307566794094512e+01
2.990000000000000213e+00,-1.229929032265751587e+01,1.065633448854139829e+02,3.930253796354557494e+01,1.942862105620971747e+01
3.000000000000000000e+00,-1.225701455611618407e+01,1.048940061820658372e+02,3.969043045923286428e+01,1.989072989011772918e+01
3.009999999999999787e+00,-1.221782880992113896e+01,1.032168820122096804e+02,4.010108567435523952e+01,2.034755156641675455e+01
3.020000000000000018e+00,-1.218200665285995576e+01,1.015338531926208105e+02,4.053484351813131781e+01,2.079718866935586163e+01
3.029999999999999805e+00,-1.214974715611694123e+01,9.984694780040283035e+01,4.099178029141487656e+01,2.123774834465204009e+01
3.040000000000000036e+00,-1.212117637519519953e+01,9.815823961114135443e+01,4.147172867613713976e+01,2.166738891710656745e+01
3.049999999999999822e+00,-1.209635173977799916e+01,9.646975413419478684e+01,4.197430702688562576e+01,2.208435942278386221e+01
3.060000000000000053e+00,-1.207526899739744763e+01,9.478338554528743032e+01,4.249895609453876943e+01,2.248702999880047315e+01
3.069999999999999840e+00,-1.205787128749840065e+01,9.310082730784344562e+01,4.304498079391122189e+01,2.287391149109432220e+01
3.080000000000000071e+00,-1.204405986125975225e+01,9.142351873212322744e+01,4.361159418511737584e+01,2.324366321235568122e+01
3.089999999999999858e+00,-1.203370590896373038e+01,8.975260912318863404e+01,4.419796052656942464e+01,2.359508850005627778e+01
3.100000000000000089e+00,-1.202666291324896619e+01,8.808894049453873265e+01,4.480323413153077183e+01,2.392711855767973717e+01
3.109999999999999876e+00,-1.202277891812878607e+01,8.643304906388206632e+01,4.542659086647334732e+01,2.423878595790519341e+01
3.120000000000000107e+00,-1.202190809652136849e+01,8.478518490856033907e+01,4.606724949654829970e+01,2.452919007306960708e+01
3.129999999999999893e+00,-1.202392101960922055e+01,8.314534826944323243e+01,4.672448071452929952e+01,2.479745749319623727e+01
3.140000000000000124e+00,-1.202871308455231159e+01,8.151334010329107116e+01,4.739760255934655220e+01,2.504270111176440849e+01
3.149999999999999911e+00,-1.203621064499339965e+01,7.988882366001870139e+01,4.808596198607148864e+01,2.526398193042300022e+01
3.160000000000000142e+00,-1.204637450966097134e+01,7.827139317525309536e+01,4.878890351596312769e+01,2.546027770091310671e+01
3.169999999999999929e+00,-1.205920062231213841e+01,7.666064528814642642e+01,4.950572708359598550e+01,2.563046225497430797e+01
3.180000000000000160e+00,-1.207471790173088877e+01,7.505624857215474321e+01,5.023563831318357842e+01,2.577329876701013589e+01
3.189999999999999947e+00,-1.209298339152690360e+01,7.345800663072634507e+01,5.097769540501600716e+01,2.588744927128514561e+01
3.200000000000000178e+00,-1.211407503331694180e+01,7.186591056000709443e+01,5.173075750994766508e+01,2.597150155946091488e+01
3.209999999999999964e+00,-1.213808252179280345e+01,7.028017718830460581e+01,5.249343984022616638e+01,2.602401317893273713e+01
3.220000000000000195e+00,-1.216509681701303691e+01,6.870127031669260020e+01,5.326408074641544488e+01,2.604357071921238642e+01
3.229999999999999982e+00,-1.219519897227964478e+01,6.712990314384117596e+01,5.404072553577898930e+01,2.602886101207829483e+01
3.240000000000000213e+00,-1.222844898306176731e+01,6.556702109623955721e+01,5.482113089072661438e+01,2.597874939980953002e+01
3.250000000000000000e+00,-1.226487537449301435e+01,6.401376534533369522e+01,5.560279236934957936e+01,2.589235898108223566e+01
3.259999999999999787e+00,-1.230446622474192253e+01,6.247141833227104968e+01,5.638299567676838109e+01,2.576914387538752393e+01
3.270000000000000018e+00,-1.234716227227362140e+01,6.094133361040483265e+01,5.715889028130062144e+01,2.560894920381680251e+01
3.279999999999999805e+00,-1.239285267916113220e+01,5.942485323856897850e+01,5.792758166821703725e+01,2.541205079628059238e+01
3.290000000000000036e+00,-1.244137392111142049e+01,5.792321680198208611e+01,5.868623628858205876e+01,2.517916868518194562e+01
3.299999999999999822e+00,-1.249251214703744672e+01,5.643746688530507072e+01,5.943219132591984533e+01,2.491145024065954416e+01
3.310000000000000053e+00,-1.254600919519207203e+01,5.496835644314074898e+01,6.016306003540680791e+01,2.461042125307561079e+01
3.319999999999999840e+00,-1.260157226794363972e+01,5.351626395662123770e+01,6.087682284494105289e+01,2.427790618023112756e+01
3.330000000000000071e+00,-1.265888705458343466e+01,5.208112245979778976e+01,6.157189480481692101e+01,2.391592186406638731e+01
3.339999999999999858e+00,-1.271763385710145577e+01,5.066236838141350773e+01,6.224716137881176792e+01,2.352655194196451660e+01
3.350000000000000089e+00,-1.277750602998737506e+01,4.925891559177895118e+01,6.290197689661403757e+01,2.311181158382612821e+01
3.359999999999999876e+00,-1.283822981112353823e+01,4.786915900792570966e+01,6.353612302089536712e+01,2.267351378283871099e+01
3.370000000000000107e+00,-1.289958442204111932e+01,4.649101057598372222e+01,6.414972801305555095e+01,2.221314902163726046e+01
3.379999999999999893e+00,-1.296142118050054570e+01,4.512196846880805623e+01,6.474315105884291199e+01,2.173178966193113482e+01
3.390000000000000124e+00,-1.302368032305541057e+01,4.375921804050638286e+01,6.531683910367974022e+01,2.123002892929326535e+01
3.399999999999999911e+00,-1.308640429890510148e+01,4.239976067545863714e+01,6.587116627701919924e+01,2.070796205263501832e+01
3.410000000000000142e+00,-1.314974647486160819e+01,4.104056441861619220e+01,6.640626787639848772e+01,2.016521419488770306e+01
3.419999999999999929e+00,-1.321397447404589265e+01,3.967872844952010070e+01,6.692188194825757819e+01,1.960101651299618553e+01
3.430000000000000160e+00,-1.327946773063555241e+01,3.831165229932663863e+01,6.741721172706645859e+01,1.901432822076423079e+01
3.439999999999999947e+00,-1.334670923911604135e+01,3.693720035635137577e+01,6.789082159425011298e+01,1.840399906517460238e+01
3.450000000000000178e+00,-1.341627186229442970e+01,3.555385269038296059e+01,6.834057781142342947e+01,1.776896330097191523e+01
3.459999999999999964e+00,-1.348879989336315788e+01,3.416083445204145619e+01,6.876364306707792196e+01,1.710845319149253285e+01
3.470000000000000195e+00,-1.356498680945716373e+01,3.275821786724296203e+01,6.915653083686666491e+01,1.642221744159454744e+01
3.479999999999999982e+00,-1.364555028929580516e+01,3.134699288037314346e+01,6.951522169861262057e+01,1.571072801021530019e+01
3.490000000000000213e+00,-1.373120559539414742e+01,2.992910452270922050e+01,6.983533914033988310e+01,1.497535775443993877e+01
3.500000000000000000e+00,-1.382263835783493988e+01,2.850745685150484832e+01,7.011237726186661234e+01,1.421851166291513380e+01
3.509999999999999787e+00,-1.392047766910744322e+01,2.708588464924912032e+01,7.034196748381850739e+01,1.344369635373628036e+01
3.520000000000000018e+00,-1.402527024108570153e+01,2.566909491132564725e+01,7.052016651038088924e+01,1.265551622158138301e+01
3.529999999999999805e+00,-1.413745621877930958e+01,2.426258049248934157e+01,7.064374404091628890e+01,1.185959006675578742e+01
3.540000000000000036e+00,-1.425734711936440924e+01,2.287250821307467064e+01,7.071044680217063672e+01,1.106238885701201546e+01
3.549999999999999822e+00,-1.438510628993297757e+01,2.150558338536101388e+01,7.071921594344672712e+01,1.027100276501675857e+01
3.560000000000000053e+00,-1.452073226506909620e+01,2.016889228498232711e+01,7.067033795771676807e+01,9.492852838503683444e+00
3.569999999999999840e+00,-1.466404545779225010e+01,1.886972375482800146e+01,7.056551488852426246e+01,8.735368550422657918e+00
3.580000000000000071e+00,-1.481467872667477081e+01,1.761537108479951641e+01,7.040784702638018189e+01,8.005656117673240146e+00
3.589999999999999858e+00,-1.497207250971068859e+01,1.641291574306983847e+01,7.020172959400049706e+01,7.310183277584992645e+00
3.600000000000000089e+00,-1.513547537238476437e+01,1.526899559567931419e+01,6.995267289735919292e+01,6.654504057613320533e+00
3.609999999999999876e+00,-1.530395094243319143e+01,1.418956203730750154e+01,6.966706197727080507e+01,6.043042360645991096e+00
3.620000000000000107e+00,-1.547639224536727198e+01,1.317963296897577763e+01,6.935187612469526641e+01,5.478946724258839218e+00
3.629999999999999893e+00,-1.565154435421259294e+01,1.224305166010022461e+01,6.901439034913688886e+01,4.964021429270885299e+00
3.640000000000000124e+00,-1.582803596633064558e+01,1.138226489769578009e+01,6.866188010583817913e+01,4.498732260691754803e+00
3.649999999999999911e+00,-1.600441997644447412e+01,1.059813691383809697e+01,6.830134777105629951e+01,4.082279491866527721e+00
3.660000000000000142e+00,-1.617922231801985333e+01,9.889817653018353028e+00,6.793928521329554826e+01,3.712726576605605011e+00
3.669999999999999929e+00,-1.635099733802626787e+01,9.254684141190754332e+00,6.758148210495592423e+01,3.387170747930232650e+00
3.680000000000000160e+00,-1.651838686359989694e+01,8.688371260135953733e+00,6.723288502207729778e+01,3.101941087814724440e+00
3.689999999999999947e+00,-1.668017909162075796e+01,8.184902640454808420e+00,6.689750836938209488e+01,2.852810301405569238e+00
3.700000000000000178e+00,-1.683536270654595768e+01,7.736923768094338349e+00,6.657839500215821715e+01,2.635207967578100607e+00
3.709999999999999964e+00,-1.698317142722666517e+01,7.336028611777478226e+00,6.627762215305364180e+01,2.444425025798192763e+00
3.720000000000000195e+00,-1.712311465116712483e+01,6.973159717643333977e+00,6.599634681978039907e+01,2.275801360366046300e+00
3.729999999999999982e+00,-1.725499102798677598e+01,6.639051838334014022e+00,6.573488395532862683e+01,2.124890335554380449e+00
3.740000000000000213e+00,-1.737888351724675573e+01,6.324682784356132181e+00,6.549281043025193583e+01,1.987595913093519462e+00
3.750000000000000000e+00,-1.749513649258913972e+01,6.021693716180362088e+00,6.526908763710738981e+01,1.860279535445471089e+00
3.759999999999999787e+00,-1.760431739220747716e+01,5.722744909797866875e+00,6.506219566457708936e+01,1.739835333619838442e+00
3.770000000000000018e+00,-1.770716695054398215e+01,5.421781348339935747e+00,6.487027213167485229e+01,1.623733489999925617e+00
3.779999999999999805e+00,-1.780454294706064999e+01,5.114193636359517292e+00,6.469124904731815207e+01,1.510032818541486410e+00
3.790000000000000036e+00,-1.789736259642389982e+01,4.796871621434052102e+00,6.452298149397239513e+01,1.397364846755682954e+00
3.799999999999999822e+00,-1.798654825181909089e+01,4.468158821754248500e+00,6.436336258748646344e+01,1.284892879645952446e+00
3.810000000000000053e+00,-1.807298017600589191e+01,4.127723959942589005e+00,6.421042008834842818e+01,1.172250632528852199e+00
3.819999999999999840e+00,-1.815745897112666185e+01,3.776371002028871882e+00,6.406239124770240778e+01,1.059465940635951009e+00
3.830000000000000071e+00,-1.824067904899744974e+01,3.415811179205285875e+00,6.391777393133856577e+01,9.468756786449177287e-01
3.839999999999999858e+00,-1.832321341538540338e+01,3.048420057644627867e+00,6.377535369203884841e+01,8.350382547161760982e-01
3.850000000000000089e+00,-1.840550911618733210e+01,2.677000527068841951e+00,6.363420812867787646e+01,7.246498182271544630e-01
3.859999999999999876e+00,-1.848789197623634450e+01,2.304569273822487219e+00,6.349369142965152690e+01,6.164696266117390966e-01
3.870000000000000107e+00,-1.857057874261989028e+01,1.934180400412530476e+00,6.335340329948255800e+01,5.112589003230325613e-01
3.879999999999999893e+00,-1.865369439937561680e+01,1.568795671728889118e+00,6.321314738584740667e+01,4.097360538623293080e-01
3.890000000000000124e+00,-1.873729222655835613e+01,1.211206577169220644e+00,6.307288477694616802e+01,3.125495606455813147e-01
3.899999999999999911e+00,-1.882137412151536893e+01,8.640090863541376454e-01,6.293268809493154237e+01,2.202680437403800873e-01
3.910000000000000142e+00,-1.890590878215095927e+01,5.296277263761931531e-01,6.279270119090526237e+01,1.333856343048753501e-01
3.919999999999999929e+00,-1.899084557501786108e+01,2.103815479393308374e-01,6.265310851642362167e+01,5.233933651409932580e-02
3.930000000000000160e+00,-1.907612227702157170e+01,-9.141913440162409421e-02,6.251411700412003825e+01,-2.246581737351676170e-02
3.939999999999999947e+00,-1.916166538076376824e+01,-3.733594136371689576e-01,6.237595185437281486e+01,-9.062858095865210240e-02
3.950000000000000178e+00,-1.924738226940743857e+01,-6.328062850265528949e-01,6.223886612224129777e+01,-1.517251388296893544e-01
3.959999999999999964e+00,-1.933314526480415907e+01,-8.668125702969177171e-01,6.210316255383901307e+01,-2.052891156941365480e-01
3.970000000000000195e+00,-1.941876829345669719e+01,-1.072055934272784672e+00,6.196922484956704125e+01,-2.508017595733080807e-01
3.979999999999999982e+00,-1.950397766090351936e+01,-1.244829552198317701e+00,6.183755453365105126e+01,-2.876950601941642427e-01
3.990000000000000213e+00,-1.958837914602751340e+01,-1.381098744321049177e+00,6.170880896440594654e+01,-3.153692804040933995e-01
4.000000000000000000e+00,-1.967142430117591445e+01,-1.476634528276859148e+00,6.158383577913966889e+01,-3.332249721557518640e-01
4.009999999999999787e+00,-1.975237945314032117e+01,-1.527230487597890152e+00,6.146369924930625217e+01,-3.407081430367912001e-01
4.019999999999999574e+00,-1.983030141408833913e+01,-1.529003448109232055e+00,6.134969460487833715e+01,-3.373659600009838444e-01
4.030000000000000249e+00,-1.990402427028250898e+01,-1.478770954423226591e+00,6.124334731232801943e+01,-3.229093383785979765e-01
4.040000000000000036e+00,-1.997216171133100104e+01,-1.374489270451997758e+00,6.114639546395686409e+01,-2.972780560937753336e-01
4.049999999999999822e+00,-2.003312902990249711e+01,-1.215724718939783511e+00,6.106075473922679464e+01,-2.607037083515030829e-01
4.059999999999999609e+00,-2.008518795893722952e+01,-1.004119373917454761e+00,6.098846670365252720e+01,-2.137658861581236136e-01
4.070000000000000284e+00,-2.012651573231329394e+01,-7.438010913312832484e-01,6.093163239825149446e+01,-1.574373881164245759e-01
4.080000000000000071e+00,-2.015529707396429870e+01,-4.416802899520780312e-01,6.089233414725282501e+01,-9.311498719083149966e-02
4.089999999999999858e+00,-2.016983437943507340e+01,-1.075751705688500481e-01,6.087254921431235744e+01,-2.263317706650199920e-02
4.099999999999999645e+00,-2.016866760824341753e+01,2.458835860893290870e-01,6.087405934897631710e+01,5.174068615787899561e-02
4.110000000000000320e+00,-2.015069213177335783e+01,6.035964885945404035e-01,6.089836040432184205e+01,1.273304446406008650e-01
4.120000000000000107e+00,-2.011526093374941482e+01,9.485835419252135470e-01,6.094657612038162142e+01,2.010940872564207227e-01
4.129999999999999893e+00,-2.006225797173489411e+01,1.262776455110887541e+00,6.101937991718516940e+01,2.696844725920998775e-01
4.139999999999999680e+00,-1.999213252831912513e+01,1.527939635989868483e+00,6.111692818630177015e+01,3.295260364677903286e-01
4.150000000000000355e+00,-1.990588962126658856e+01,1.726621912400913228e+00,6.123880815703316216e+01,3.769051223832365904e-01
4.160000000000000142e+00,-1.980503789520214042e+01,1.843035775892500894e+00,6.138400296644866216e+01,4.080710758088489376e-01
4.169999999999999929e+00,-1.969150239242465261e+01,1.863775019378017594e+00,6.155087607893466384e+01,4.193447878483702040e-01
4.179999999999999716e+00,-1.956751384097620772e+01,1.778310800445977335e+00,6.173717665563876977e+01,4.072309408937073716e-01
4.190000000000000391e+00,-1.943548783653425005e+01,1.579242412823828490e+00,6.194006682793656893e+01,3.685298021985328187e-01
4.200000000000000178e+00,-1.929790653507301101e+01,1.262313585852153475e+00,6.215617104198765475e+01,3.004440641524359079e-01
4.209999999999999964e+00,-1.915721285716415068e+01,8.262312306737331635e-01,6.238164668887443298e+01,2.006760052140725004e-01
4.219999999999999751e+00,-1.901572367785810513e+01,2.723381045510174236e-01,6.261227412265596826e+01,6.751022766737602154e-02
4.230000000000000426e+00,-1.887556493831337434e+01,-3.958057108074369834e-01,6.284356294539207255e+01,-1.001224906940438170e-01
4.240000000000000213e+00,-1.873862869319420099e+01,-1.172882579729005004e+00,6.307087019968394515e+01,-3.026040361272616663e-01
4.250000000000000000e+00,-1.860655008816036471e+01,-2.052278158931528207e+00,6.328952499383392194e+01,-5.396132193163102331e-01
4.259999999999999787e+00,-1.848070114826805721e+01,-3.026514476875309612e+00,6.349495325676254964e+01,-8.101367095490048520e-01
4.269999999999999574e+00,-1.836219788196069658e+01,-4.087637002407538134e+00,6.368279594337959537e+01,-1.112506106223944524e+00
4.280000000000000249e+00,-1.825191733259033455e+01,-5.227546079380101851e+00,6.384901421715482428e+01,-1.444458668641227295e+00
4.290000000000000036e+00,-1.815052161624971916e+01,-6.438269353101682135e+00,6.398997599075555343e+01,-1.803217345398086868e+00
4.299999999999999822e+00,-1.805848649592590860e+01,-7.712175858238238924e+00,6.410251968393501443e+01,-2.185584170210305377e+00
4.309999999999999609e+00,-1.797613254134389749e+01,-9.042134724368168008e+00,6.418399303821435353e+01,-2.588040049704826817e+00
4.320000000000000284e+00,-1.790365734794582409e+01,-1.042162251475841117e+01,6.423226710024079011e+01,-3.006843632680064271e+00
4.330000000000000071e+00,-1.784116761404368745e+01,-1.184478353652440319e+01,6.424572778075616952e+01,-3.438122401122682081e+00
4.339999999999999858e+00,-1.778871010590532009e+01,-1.330644743819570408e+01,6.422324942703042439e+01,-3.877950333560155283e+00
4.349999999999999645e+00,-1.774630069549237277e+01,-1.480210831851771403e+01,6.416415635455611266e+01,-4.322408326078447161e+00
4.360000000000000320e+00,-1.771395076065897101e+01,-1.632786956921254529e+01,6.406817907803915091e+01,-4.767625793190417127e+00
4.370000000000000107e+00,-1.769169031923563651e+01,-1.788035882695631429e+01,6.393541196666821946e+01,-5.209804234189792105e+00
4.379999999999999893e+00,-1.767958734901581863e+01,-1.945661770078456243e+01,6.376627823417553742e+01,-5.645225752349885440e+00
4.389999999999999680e+00,-1.767776284083088001e+01,-2.105397130118539550e+01,6.356150666970870589e+01,-6.070251291921050729e+00
4.400000000000000355e+00,-1.768640124883535947e+01,-2.266988292842847130e+01,6.332212251134517800e+01,-6.481314506379073137e+00
4.410000000000000142e+00,-1.770575613940263082e+01,-2.430179947910992411e+01,6.304945260512302241e+01,-6.874917564621296329e+00
4.419999999999999929e+00,-1.773615098872679852e+01,-2.594699312024726012e+01,6.274514274850169926e+01,-7.247634803491107114e+00
4.429999999999999716e+00,-1.777797522515771078e+01,-2.760240451583749888e+01,6.241118315273729422e+01,-7.596129000240098073e+00
4.440000000000000391e+00,-1.783167573901587843e+01,-2.926449237552636617e+01,6.204993650437985053e+01,-7.917183307044875384e+00
4.450000000000000178e+00,-1.789774417464862921e+01,-3.092909338173826939e+01,6.166416233273419323e+01,-8.207749771045193654e+00
4.459999999999999964e+00,-1.797670036509832414e+01,-3.259129573499327392e+01,6.125703138735664055e+01,-8.465013114201578759e+00
4.469999999999999751e+00,-1.806907226310819325e+01,-3.424532876111759805e+01,6.083212449248619436e+01,-8.686466341191017904e+00
4.480000000000000426e+00,-1.817537266434300491e+01,-3.588447038651253962e+01,6.039341177164364893e+01,-8.869993035935541670e+00
4.490000000000000213e+00,-1.829607291777460176e+01,-3.750097394631136893e+01,5.994521003780258894e+01,-9.013950099644562286e+00
4.500000000000000000e+00,-1.843157368903366589e+01,-3.908601587169752634e+01,5.949211827515435402e+01,-9.117244293098931252e+00
4.509999999999999787e+00,-1.858217270641720020e+01,-4.062966641526781331e+01,5.903893322761719276e+01,-9.179396289754949478e+00
4.519999999999999574e+00,-1.874802930405494550e+01,-4.212088680209203062e+01,5.859054890642266855e+01,-9.200586938988669417e+00
4.530000000000000249e+00,-1.892912551813391886e+01,-4.354755809327587457e+01,5.815184514185857978e+01,-9.181681911554017361e+00
4.540000000000000036e+00,-1.912522353561633892e+01,-4.489654962580790709e+01,5.772757102483058844e+01,-9.124232631830070162e+00
4.549999999999999822e+00,-1.933581949861402904e+01,-4.615383807459254939e+01,5.732222919918719839e+01,-9.030453161929553829e+00
4.559999999999999609e+00,-1.956009410371489210e+01,-4.730469175729486153e+01,5.693996654886971243e+01,-8.903174286690218153e+00
4.570000000000000284e+00,-1.979686118842208487e+01,-4.833393832259719147e+01,5.658447601120946757e+01,-8.745777308210829659e+00
4.580000000000000071e+00,-2.004451665240518565e+01,-4.922633661506113611e+01,5.625891320697979125e+01,-8.562110918535459803e+00
4.589999999999999858e+00,-2.030099168113868302e+01,-4.996707396868248452e+01,5.596583047594897664e+01,-8.356394976694708987e+00
4.599999999999999645e+00,-2.056371631155160529e+01,-5.054240649738233770e+01,5.570712988216779848e+01,-8.133115129285636513e+00
4.610000000000000320e+00,-2.082960173868836051e+01,-5.094044960302456104e+01,5.548403589834656202e+01,-7.896912079445053578e+00
4.620000000000000107e+00,-2.109505198920636815e+01,-5.115210622637113858e+01,5.529708783239971837e+01,-7.652469040586855620e+00
4.629999999999999893e+00,-2.135601691343405406e+01,-5.117208948984868044e+01,5.514615160987879250e+01,-7.404400615119539175e+00
4.639999999999999680e+00,-2.160809774616112477e+01,-5.099995510241699748e+01,5.503045022145247600e+01,-7.157146096339246810e+00
4.650000000000000355e+00,-2.184671246413503809e+01,-5.064101287603950396e+01,5.494861190722146915e+01,-6.914870048958152715e+00
4.660000000000000142e+00,-2.206731986980442883e+01,-5.010694822936758897e+01,5.489873489366584636e+01,-6.681372983304662228e+00
4.669999999999999929e+00,-2.226568894024136824e+01,-4.941597186114201889e+01,5.487846714790171632e+01,-6.460014961966787261e+00
4.679999999999999716e+00,-2.243818562159656338e+01,-4.859234787049978621e+01,5.488509911643937045e+01,-6.253654993151019248e+00
4.690000000000000391e+00,-2.258203716356134549e+01,-4.766523738419483180e+01,5.491566675869752601e+01,-6.064608978088998015e+00
4.700000000000000178e+00,-2.269552953781969862e+01,-4.666692626738338845e+01,5.496706140201929713e+01,-5.894628691450709113e+00
4.709999999999999964e+00,-2.277810036705072960e+01,-4.563064802242150364e+01,5.503614211469238171e+01,-5.744903700172132588e+00
4.719999999999999751e+00,-2.283030806738486973e+01,-4.458831863587714395e+01,5.511984553588046509e+01,-5.616087219236141515e+00
4.730000000000000426e+00,-2.285368266954631267e+01,-4.356852840722984155e+01,5.521528755905278274e+01,-5.508345667276594249e+00
4.740000000000000213e+00,-2.285048708014140573e+01,-4.259507490270272001e+01,5.531985108061252276e+01,-5.421430187143712054e+00
4.750000000000000000e+00,-2.282343212036826685e+01,-4.168619460525155773e+01,5.543125431197642428e+01,-5.354766764201619011e+00
4.759999999999999787e+00,-2.277539126106492517e+01,-4.085450426520755940e+01,5.554759497120031142e+01,-5.307559981968200447e+00
4.769999999999999574e+00,-2.270915309267229176e+01,-4.010754111297664082e+01,5.566736700690897521e+01,-5.278904095221265358e+00
4.780000000000000249e+00,-2.262723585201269927e+01,-3.944871961284374606e+01,5.578944827305125642e+01,-5.267894157367432051e+00
4.790000000000000036e+00,-2.253177380489744053e+01,-3.887850355272701819e+01,5.591305961150686699e+01,-5.273729549824145657e+00
4.799999999999999822e+00,-2.242447341902947144e+01,-3.839561220169476030e+01,5.603769791242996945e+01,-5.295802495877867777e+00
4.809999999999999609e+00,-2.230662939339753237e+01,-3.799811939939358751e+01,5.616304770197950802e+01,-5.333764990536319139e+00
4.820000000000000284e+00,-2.217918646579256148e+01,-3.768434956569414851e+01,5.628887747048043622e+01,-5.387568959178662631e+00
4.830000000000000071e+00,-2.204283149921641538e+01,-3.745351608003448263e+01,5.641492816740227312e+01,-5.457476236803056935e+00
4.839999999999999858e+00,-2.189810063771782112e+01,-3.730608233397806117e+01,5.654080198057678075e+01,-5.544036977734700500e+00
4.849999999999999645e+00,-2.174548764499253650e+01,-3.724385423825564345e+01,5.666585967171666027e+01,-5.648037208235973772e+00
4.860000000000000320e+00,-2.158554158029022929e+01,-3.726983603509576426e+01,5.678913438701979999e+01,-5.770418291690880608e+00
4.870000000000000107e+00,-2.141894461972533037e+01,-3.738789918749297669e+01,5.690926904972399569e+01,-5.912172991002933919e+00
4.879999999999999893e+00,-2.124656400357424957e+01,-3.760232614821494934e+01,5.702448322057486507e+01,-6.074224516554457054e+00
4.889999999999999680e+00,-2.106947556495690677e+01,-3.791729578212367358e+01,5.713257372009427826e+01,-6.257296384287319491e+00
4.900000000000000355e+00,-2.088895970646233735e+01,-3.833637444305486497e+01,5.723095136945993744e+01,-6.461782014385200057e+00
4.910000000000000142e+00,-2.070647360096269551e+01,-3.886206672552658148e+01,5.731671395268248403e+01,-6.687623691548159499e+00
4.919999999999999929e+00,-2.052360542269342503e+01,-3.949546465500843340e+01,5.738675298461926388e+01,-6.934210670430718260e+00
4.929999999999999716e+00,-2.034201736291633367e+01,-4.023601645853496933e+01,5.743788919167494100e+01,-7.200305715355240110e+00
4.940000000000000391e+00,-2.016338407714456338e+01,-4.108141916618465217e+01,5.746702895079259577e+01,-7.484008094089081631e+00
4.950000000000000178e+00,-1.998933227262625678e+01,-4.202762562167418281e+01,5.747133153899468283e+01,-7.782758935758408825e+00
4.959999999999999964e+00,-1.982138571277862837e+01,-4.306894741463778331e+01,5.744837522765467241e+01,-8.093391944450964104e+00
4.969999999999999751e+00,-1.966091833844809500e+01,-4.419823099627569007e+01,5.739630933094404952e+01,-8.412228896472656814e+00
4.980000000000000426e+00,-1.950911676603137934e+01,-4.540708409083111974e+01,5.731397955044247539e+01,-8.735215447344243600e+00
4.990000000000000213e+00,-1.936695229559150633e+01,-4.668613224958247088e+01,5.720101548704577965e+01,-9.058088960364429454e+00
5.000000000000000000e+00,-1.923516181768259870e+01,-4.802528968859564173e+01,5.705787197543529032e+01,-9.376566826473341720e+00
5.009999999999999787e+00,-1.911423663249196281e+01,-4.941403325738675534e+01,5.688581969026610352e+01,-9.686541531136114713e+00
5.019999999999999574e+00,-1.900441812531926544e+01,-5.084167266021208320e+01,5.668688485146260803e+01,-9.984267871647784176e+00
5.030000000000000249e+00,-1.890569939260383947e+01,-5.229761337315873249e+01,5.646374228161923980e+01,-1.026652837447486633e+01
5.040000000000000036e+00,-1.881783219465559753e+01,-5.377161081458784508e+01,5.621956999198494742e+01,-1.053076501387465491e+01
5.049999999999999822e+00,-1.874033894473220485e+01,-5.525401517398964302e+01,5.595787643644281673e+01,-1.077516848581143627e+01
5.059999999999999609e+00,-1.867252975959788586e+01,-5.673600595615729247e+01,5.568231328896540333e+01,-1.099872009560585617e+01
5.070000000000000284e+00,-1.861352483445728012e+01,-5.820981391880550859e+01,5.539648699308651913e+01,-1.120118527305117517e+01
5.080000000000000071e+00,-1.856228251387489081e+01,-5.966892592107507909e+01,5.510378152475671953e+01,-1.138306137906630155e+01
5.089999999999999858e+00,-1.851763336790802583e+01,-6.110826559869399688e+01,5.480720307177324457e+01,-1.154548547644954404e+01
5.099999999999999645e+00,-1.847832032086066079e+01,-6.252434018388921544e+01,5.450925500431576864e+01,-1.169010992298889384e+01
5.110000000000000320e+00,-1.844304441248213422e+01,-6.391534173888780401e+01,5.421184892767394814e+01,-1.181895498006241318e+01
5.120000000000000107e+00,-1.841051512415582891e+01,-6.528119017410251956e+01,5.391625504194239937e+01,-1.193424820408758436e+01
5.129999999999999893e+00,-1.837950344289821558e+01,-6.662350624740749083e+01,5.362309266087848414e+01,-1.203826035790918780e+01
5.139999999999999680e+00,-1.834889507425647537e+01,-6.794550569240058735e+01,5.333235964189365319e+01,-1.213314711257953249e+01
5.150000000000000355e+00,-1.831774059508621022e+01,-6.925181077818248809e+01,5.304349765290381669e+01,-1.222080504386781286e+01
5.160000000000000142e+00,-1.828529901101427058e+01,-7.054818258428511513e+01,5.275548860922675232e+01,-1.230274944311998375e+01
5.169999999999999929e+00,-1.825107127570867149e+01,-7.184118521615818054e+01,5.246697621172555870e+01,-1.238002027984391340e+01
5.179999999999999716e+00,-1.821482089765150647e+01,-7.313780084035929008e+01,5.217640529306683561e+01,-1.245312125001699322e+01
5.190000000000000391e+00,-1.817657976788584406e+01,-7.444502040405750165e+01,5.188217066983717984e+01,-1.252199518016838553e+01
5.200000000000000178e+00,-1.813663865336210534e+01,-7.576943804912043845e+01,5.158276649479421394e+01,-1.258603711243390855e+01
5.209999999999999964e+00,-1.809552320627517119e+01,-7.711687689485844999e+01,5.127692683297017595e+01,-1.264414420092503910e+01
5.219999999999999751e+00,-1.805395760819155626e+01,-7.849207011801279066e+01,5.096374847999059199e+01,-1.269479920768632120e+01
5.230000000000000426e+00,-1.801281890130526619e+01,-7.989841486899332779e+01,5.064278799773008899e+01,-1.273618207401799118e+01
5.240000000000000213e+00,-1.797308554070493614e+01,-8.133780876679873018e+01,5.031412658393267634e+01,-1.276630199136596922e+01
5.250000000000000000e+00,-1.793578371421753559e+01,-8.281057088568492475e+01,4.997839864074483529e+01,-1.278314085262035960e+01
5.259999999999999787e+00,-1.790193459396224185e+01,-8.431544246589061231e+01,4.963678257915365322e+01,-1.278479814316298757e+01
5.269999999999999574e+00,-1.787250503907329602e+01,-8.584965781218794234e+01,4.929095522476483637e+01,-1.276962736315246261e+01
5.280000000000000249e+00,-1.784836351445696323e+01,-8.740907325822165319e+01,4.894301386679483556e+01,-1.273635497463149946e+01
5.290000000000000036e+00,-1.783024226300542026e+01,-8.898834150808670529e+01,4.859537222241586818e+01,-1.268417453068003375e+01
5.299999999999999822e+00,-1.781870616839417565e+01,-9.058111966140444338e+01,4.825063814630308201e+01,-1.261281085423016890e+01
5.309999999999999609e+00,-1.781412832791124146e+01,-9.218030119040514592e+01,4.791148168000288621e+01,-1.252255161126618965e+01
5.320000000000000284e+00,-1.781667213429351548e+01,-9.377826446920867909e+01,4.758050200720165179e+01,-1.241424607459584628e+01
5.330000000000000071e+00,-1.782627962543293521e+01,-9.536713263863400414e+01,4.726010116697240449e+01,-1.228927304675710275e+01
5.339999999999999858e+00,-1.784266596325059240e+01,-9.693904122482707919e+01,4.695237116131819732e+01,-1.214948162706633461e+01
5.349999999999999645e+00,-1.786532009761211981e+01,-9.848641074217880487e+01,4.665899959253937368e+01,-1.199710968542595957e+01
5.360000000000000320e+00,-1.789351190014575010e+01,-1.000022213450345987e+02,4.638119738754080856e+01,-1.183468555163158875e+01
5.370000000000000107e+00,-1.792630625397461230e+01,-1.014802854097857505e+02,4.611965067543557240e+01,-1.166491862084777154e+01
5.379999999999999893e+00,-1.796258469401340108e+01,-1.029155118168499570e+02,4.587449758641718489e+01,-1.149058443140322261e+01
5.389999999999999680e+00,-1.800107514516940910e+01,-1.043041528979787245e+02,4.564532967479600245e+01,-1.131440941730916272e+01
5.400000000000000355e+00,-1.804039004767445675e+01,-1.056440219310716486e+02,4.543121682381139692e+01,-1.113896008535291671e+01
5.410000000000000142e+00,-1.807907265571344269e+01,-1.069346663006811866e+02,4.523075381403216966e+01,-1.096654089115019559e+01
5.419999999999999929e+00,-1.811565055013949888e+01,-1.081774797496676683e+02,4.504212616502337596e+01,-1.079910462366150981e+01
5.429999999999999716e+00,-1.814869447402328007e+01,-1.093757373328717648e+02,4.486319233094398129e+01,-1.063817864616214415e+01
5.440000000000000391e+00,-1.817687959944603904e+01,-1.105345394340753273e+02,4.469157880667031435e+01,-1.048480984507414249e+01
5.450000000000000178e+00,-1.819904544128364421e+01,-1.116606568605021579e+02,4.452478417714929293e+01,-1.033953055197907034e+01
5.459999999999999964e+00,-1.821425005604751846e+01,-1.127622773503912299e+02,4.436028765122701145e+01,-1.020234697618752584e+01
5.469999999999999751e+00,-1.822181409246333672e+01,-1.138486638896842891e+02,4.419565722691127974e+01,-1.007275078327233331e+01
5.480000000000000426e+00,-1.822135081257481204e+01,-1.149297454767498436e+02,4.402865242299134962e+01,-9.949753381692200804e+00
5.490000000000000213e+00,-1.821277937119393897e+01,-1.160156695103627555e+02,4.385731656946858692e+01,-9.831941280949592965e+00
5.500000000000000000e+00,-1.819632027790293805e+01,-1.171163500549919263e+02,4.368005404499425737e+01,-9.717549649198998551e+00
5.509999999999999787e+00,-1.817247380168894466e+01,-1.182410467436333619e+02,4.349568861392145180e+01,-9.604550046758715709e+00
5.519999999999999574e+00,-1.814198379273195627e+01,-1.193980048715155959e+02,4.330350012737462606e+01,-9.490747378984876192e+00
5.530000000000000249e+00,-1.810579069910923167e+01,-1.205941791917365720e+02,4.310323823504509022e+01,-9.373880521274791988e+00
5.540000000000000036e+00,-1.806497826247408156e+01,-1.218350536719103587e+02,4.289511328241861321e+01,-9.251720909734675757e+00
5.549999999999999822e+00,-1.802071844082268015e+01,-1.231245589100434614e+02,4.267976608725290077e+01,-9.122163699120953595e+00
5.559999999999999609e+00,-1.797421861497274875e+01,-1.244650797210255888e+02,4.245821963997879323e+01,-8.983306838957160423e+00
5.570000000000000284e+00,-1.792667426342150350e+01,-1.258575387079428225e+02,4.223181681742089211e+01,-8.833514524732320794e+00
5.580000000000000071e+00,-1.787922924335662600e+01,-1.273015378491054008e+02,4.200214884304224228e+01,-8.671462815508624189e+00
5.589999999999999858e+00,-1.783294477846228432e+01,-1.287955390777572973e+02,4.177097943074483766e+01,-8.496166622163547899e+00
5.599999999999999645e+00,-1.778877735889172840e+01,-1.303370659223323571e+02,4.154016933115178745e+01,-8.306988614584907893e+00
5.610000000000000320e+00,-1.774756507532480754e+01,-1.319229107630450244e+02,4.131160542570509620e+01,-8.103631748040982075e+00
5.620000000000000107e+00,-1.771002145271297934e+01,-1.335493354281568372e+02,4.108713768378925835e+01,-7.886117983462483494e+00
5.629999999999999893e+00,-1.767673559733120214e+01,-1.352122561311526567e+02,4.086852632423814669e+01,-7.654756332080061121e+00
5.639999999999999680e+00,-1.764817738019167237e+01,-1.369074067599879356e+02,4.065740051425235890e+01,-7.410103591696777237e+00
5.650000000000000355e+00,-1.762470640260590926e+01,-1.386304770732982377e+02,4.045522898850100546e+01,-7.152921092714741746e+00
5.660000000000000142e+00,-1.760658358219312802e+01,-1.403772243773836124e+02,4.026330214733977897e+01,-6.884130491389545803e+00
5.669999999999999929e+00,-1.759398432597499351e+01,-1.421435587843161557e+02,4.008272453769848198e+01,-6.604771200234543116e+00
5.679999999999999716e+00,-1.758701239818428519e+01,-1.439256032649701353e+02,3.991441615123521558e+01,-6.315961496021206045e+00
5.690000000000000391e+00,-1.758571373052655673e+01,-1.457197305038768889e+02,3.975912069045779873e+01,-6.018864753021899716e+00
5.700000000000000178e+00,-1.759008955575298216e+01,-1.475225791201944503e+02,3.961741883964899102e+01,-5.714661661505513024e+00
5.709999999999999964e+00,-1.760010837028780983e+01,-1.493310522059212531e+02,3.948974461025801475e+01,-5.404528746248030480e+00
5.719999999999999751e+00,-1.761571634961778443e+01,-1.511423013912681199e+02,3.937640298251384507e+01,-5.089623023462700679e+00
5.730000000000000426e+00,-1.763684595322233406e+01,-1.529536997993929504e+02,3.927758730783443752e+01,-4.771072244371669768e+00
5.740000000000000213e+00,-1.766342256548314893e+01,-1.547628073044541566e+02,3.919339524223018856e+01,-4.449969879342839718e+00
5.750000000000000000e+00,-1.769536912548441876e+01,-1.565673314546615984e+02,3.912384232295607944e+01,-4.127373801748397852e+00
5.759999999999999787e+00,-1.773260880066897727e+01,-1.583650872592446035e+02,3.906887265475381810e+01,-3.804307534123983370e+00
5.769999999999999574e+00,-1.777506585443714116e+01,-1.601539587609184991e+02,3.902836651598580175e+01,-3.481762915222689880e+00
5.780000000000000249e+00,-1.782266494259547329e+01,-1.619318649252302009e+02,3.900214500918804816e+01,-3.160703125862512231e+00
5.790000000000000036e+00,-1.787532914441306886e+01,-1.636967318846403714e+02,3.898997214839667436e+01,-2.842065161456250433e+00
5.799999999999999822e+00,-1.793297708745522456e+01,-1.654464729954478344e+02,3.899155498376461537e+01,-2.526761044461437233e+00
5.809999999999999609e+00,-1.799551955850120422e+01,-1.671789775232612669e+02,3.900654250306189397e+01,-2.215677313251877223e+00
5.820000000000000284e+00,-1.806285600372922318e+01,-1.688921080955851437e+02,3.903452411439340608e+01,-1.909672586347840317e+00
5.830000000000000071e+00,-1.813487130891229171e+01,-1.705837063785197074e+02,3.907502850396584648e+01,-1.609573263350764005e+00
5.839999999999999858e+00,-1.821143321443825869e+01,-1.722516057797904807e+02,3.912752358042710910e+01,-1.316167667534900554e+00
5.849999999999999645e+00,-1.829239066113836287e+01,-1.738936493835625186e+02,3.919141807079378736e+01,-1.030199142373119603e+00
5.860000000000000320e+00,-1.837757328249717403e+01,-1.755077108151361358e+02,3.926606513378780505e+01,-7.523587699238112325e-01
5.870000000000000107e+00,-1.846679215887841252e+01,-1.770917153473371854e+02,3.935076811951909548e+01,-4.832784704918851038e-01
5.879999999999999893e+00,-1.855984183292297729e+01,-1.786436583274890779e+02,3.944478834786341537e+01,-2.235252614724995979e-01
5.889999999999999680e+00,-1.865650345643402730e+01,1.798383820436716292e+02,3.954735452184137046e+01,2.640260555642695225e-02
5.900000000000000355e+00,-1.875654880354154130e+01,1.783562403818768871e+02,3.965767315837401696e+01,2.660770457673788392e-01
5.910000000000000142e+00,-1.885974475013756191e+01,1.769116706309975484e+02,3.977493922858908348e+01,4.951387015161651250e-01
5.919999999999999929e+00,-1.896585769459754189e+01,1.755063651476468749e+02,3.989834607345898121e+01,7.132925460943914109e-01
5.929999999999999716e+00,-1.907465729012973199e+01,1.741419871748543358e+02,4.002709361471099214e+01,9.203007155263849270e-01
5.940000000000000391e+00,-1.918591878584303601e+01,1.728202163733045893e+02,4.016039392718587209e+01,1.115973068930502077e+00
5.950000000000000178e+00,-1.929942324255003072e+01,1.715428057404065783e+02,4.029747338178672322e+01,1.300156281410792536e+00
5.959999999999999964e+00,-1.941495490967599480e+01,1.703116467813261750e+02,4.043757080443832308e+01,1.472722535805704336e+00
5.969999999999999751e+00,-1.953229512821726743e+01,1.691288382807346409e+02,4.057993141412507754e+01,1.633559073184044141e+00
5.980000000000000426e+00,-1.965121226533316801e+01,1.679967525468959479e+02,4.072379668202518133e+01,1.782559962674939547e+00
5.990000000000000213e+00,-1.977144739002332585e+01,1.669180916497175531e+02,4.086839066707961621e+01,1.919621440987895999e+00
6.000000000000000000e+00,-1.989269566588508553e+01,1.658959250369861422e+02,4.101290379918805229e+01,2.044642040635226810e+00
6.009999999999999787e+00,-2.001458376535038042e+01,1.649336990721286327e+02,4.115647546522216516e+01,2.157528472195902935e+00
6.019999999999999574e+00,-2.013664400027561641e+01,1.640352085856875988e+02,4.129817707073147659e+01,2.258207858093021603e+00
6.030000000000000249e+00,-2.025828631764351329e+01,1.632045205945807993e+02,4.143699746935692474e+01,2.346646450505807113e+00
6.040000000000000036e+00,-2.037876982667784276e+01,1.624458410990241646e+02,4.157183274458760280e+01,2.422874429804681817e+00
6.049999999999999822e+00,-2.049717609827477816e+01,1.617633175811753574e+02,4.170148227268254004e+01,2.487015805394393375e+00
6.059999999999999609e+00,-2.061238708581338486e+01,1.611607728601026679e+02,4.182465277717061980e+01,2.539321867671608945e+00
6.070000000000000284e+00,-2.072307110379570716e+01,1.606413707281992913e+02,4.193997169982475981e+01,2.580206112818305808e+00
6.080000000000000071e+00,-2.082768076682406289e+01,1.602072207022230543e+02,4.204601066758743144e+01,2.610278129754576071e+00
6.089999999999999858e+00,-2.092446697836092184e+01,1.598589384603827739e+02,4.214131915076337265e+01,2.630373650021959442e+00
6.099999999999999645e+00,-2.101151275463715606e+01,1.595951898235080364e+02,4.222446762184662816e+01,2.641577862784973529e+00
6.110000000000000320e+00,-2.108678963804301532e+01,1.594122583984853350e+02,4.229409869008984657e+01,2.645239226081397277e+00
6.120000000000000107e+00,-2.114823750440588412e+01,1.593036881150417230e+02,4.234898387299885769e+01,2.642971384344969810e+00
6.129999999999999893e+00,-2.119386565747355888e+01,1.592600586927379140e+02,4.238808295185350516e+01,2.636641431559169302e+00
6.139999999999999680e+00,-2.122186945875884945e+01,1.592689508643366594e+02,4.241060232689737575e+01,2.628343612215762182e+00
6.150000000000000355e+00,-2.123075293742378378e+01,1.593151457902527000e+02,4.241604851448249036e+01,2.620358571530853276e+00
6.160000000000000142e+00,-2.121944475355432402e+01,1.593810784399331624e+02,4.240427296927013145e+01,2.615099367073360881e+00
6.169999999999999929e+00,-2.118739355314190931e+01,1.594475301810974486e+02,4.237550479472724163e+01,2.615046530444625983e+00
6.179999999999999716e+00,-2.113462992421751707e+01,1.594945076943184574e+02,4.233036861068949719e+01,2.622675406246582686e+00
6.190000000000000391e+00,-2.106178600643239207e+01,1.595022225646534366e+02,4.226988582222129764e+01,2.640379690577215666e+00
6.200000000000000178e+00,-2.097006968269029770e+01,1.594520672867674307e+02,4.219545868712626202e+01,2.670395461416907867e+00
6.209999999999999964e+00,-2.086119687023072089e+01,1.593274842892940342e+02,4.210883779289522266e+01,2.714729995204514523e+00
6.219999999999999751e+00,-2.073729115908795251e+01,1.591146446364522546e+02,4.201207470198950489e+01,2.775099299787548102e+00
6.230000000000000426e+00,-2.060076365096388784e+01,1.588028864899282837e+02,4.190746249183087713e+01,2.852877610978129752e+00
6.240000000000000213e+00,-2.045418677529882956e+01,1.583849012538201180e+02,4.179746761429993995e+01,2.949061182193515318e+00
6.250000000000000000e+00,-2.030017434276622268e+01,1.578566888034319504e+02,4.168465687870604341e+01,3.064247650715661297e+00
6.259999999999999787e+00,-2.014127695208367541e+01,1.572173264081886259e+02,4.157162341400396599e+01,3.198631202075340241e+00
6.269999999999999574e+00,-1.997989810141618605e+01,1.564686069223369884e+02,4.146091522110913985e+01,3.352012777221947459e+00
6.280000000000000249e+00,-1.981823283551646853e+01,1.556146019301552599e+02,4.135496944439175593e+01,3.523823753437943296e+00
6.290000000000000036e+00,-1.965822802211160436e+01,1.546611981122793793e+02,4.125605484925451805e+01,3.713160927188511984e+00
6.299999999999999822e+00,-1.950156158723060429e+01,1.536156438733224263e+02,4.116622426995945716e+01,3.918830252065161446e+00
6.309999999999999609e+00,-1.934963718020954104e+01,1.524861313342258882e+02,4.108727806073694211e+01,4.139396627701777298e+00
6.320000000000000284e+00,-1.920359057604151687e+01,1.512814281715673985e+02,4.102073890072501428e+01,4.373237066668798079e+00
6.330000000000000071e+00,-1.906430440967428552e+01,1.500105654587073332e+02,4.096783770805397751e+01,4.618594745823182635e+00
6.339999999999999858e+00,-1.893242835600499063e+01,1.486825818225553348e+02,4.092950993096982160e+01,4.873631733618064565e+00
6.349999999999999645e+00,-1.880840245924460774e+01,1.473063205956548529e+02,4.090640110990177902e+01,5.136478536118112004e+00
6.360000000000000320e+00,-1.869248187386925864e+01,1.458902747283022165e+02,4.089888033903643816e+01,5.405278989730578409e+00
6.370000000000000107e+00,-1.858476175352876680e+01,1.444424735087361853e+02,4.090706008885434386e+01,5.678229424199684239e+00
6.379999999999999893e+00,-1.848520139601562562e+01,1.429704051630799313e+02,4.093082077026565457e+01,5.953611409212825833e+00
6.389999999999999680e+00,-1.839364702555874942e+01,1.414809698135833571e+02,4.096983841579562835e+01,6.229817771723262787e+00
6.400000000000000355e+00,-1.830985278390154747e+01,1.399804578113881348e+02,4.102361391567725235e+01,6.505371921630657361e+00
6.410000000000000142e+00,-1.823349962933325585e+01,1.384745489683928668e+02,4.109150237121723137e+01,6.778940844237691721e+00
6.419999999999999929e+00,-1.816421192910182469e+01,1.369683286060513296e+02,4.117274131030021067e+01,7.049342401190968666e+00
6.429999999999999716e+00,-1.810157159453569164e+01,1.354663165880689348e+02,4.126647674584308589e+01,7.315547817627337857e+00
6.440000000000000391e+00,-1.804512966551703457e+01,1.339725056212792822e+02,4.137178634050437864e+01,7.576680410337808702e+00
6.450000000000000178e+00,-1.799441531341856404e+01,1.324904051351951182e+02,4.148769925911602030e+01,7.832011717631417014e+00
6.459999999999999964e+00,-1.794894230667419777e+01,1.310230870440576609e+02,4.161321262841413215e+01,8.080956215147507393e+00
6.469999999999999751e+00,-1.790821307388774386e+01,1.295732297217705877e+02,4.174730486115477390e+01,8.323065735529349141e+00
6.480000000000000426e+00,-1.787172060479798219e+01,1.281431566457054032e+02,4.188894641427352639e+01,8.558024551639718425e+00
6.490000000000000213e+00,-1.783894854485627945e+01,1.267348664482697558e+02,4.203710881212263217e+01,8.785645838206898262e+00
6.500000000000000000e+00,-1.780936995694648317e+01,1.253500516003052070e+02,4.219077295033006436e+01,9.005869909046952060e+00
6.509999999999999787e+00,-1.778244533387273307e+01,1.239901036651325512e+02,4.234893778120827079e+01,9.218764258236959108e+00
6.519999999999999574e+00,-1.775762053608191593e+01,1.226561040126703830e+02,4.251063045188811174e+01,9.424525043135481894e+00
6.530000000000000249e+00,-1.773432538828241078e+01,1.213488000525596249e+02,4.267491881420225042e+01,9.623479269786583856e+00
6.540000000000000036e+00,-1.771197368376555303e+01,1.200685683908966865e+02,4.284092695427500530e+01,9.816086614673073640e+00
6.549999999999999822e+00,-1.768996530482807472e+01,1.188153677666311410e+02,4.300785401509614303e+01,1.000293957810086809e+01
6.559999999999999609e+00,-1.766769106238367826e+01,1.175886860805996434e+02,4.317499613433783878e+01,1.018476054641831041e+01
6.570000000000000284e+00,-1.764454068209077775e+01,1.163874871624454812e+02,4.334177083030940025e+01,1.036239436709933948e+01
6.580000000000000071e+00,-1.761991411851679956e+01,1.152101639720281696e+02,4.350774268738756234e+01,1.053679522457670359e+01
6.589999999999999858e+00,-1.759323607171228687e+01,1.140545055306759110e+02,4.367264876876158297e+01,1.070900694259685437e+01
6.599999999999999645e+00,-1.756397323116687659e+01,1.129176848567072966e+02,4.383642186799225726e+01,1.088013631104561973e+01
6.610000000000000320e+00,-1.753165341080863371e+01,1.117962744059172593e+02,4.399920954369933668e+01,1.105131960564055582e+01
6.620000000000000107e+00,-1.749588540590507080e+01,1.106862939281438543e+02,4.416138689271117812e+01,1.122368308796100855e+01
6.629999999999999893e+00,-1.745637814479038497e+01,1.095832932873390604e+02,4.432356121763180568e+01,1.139829888282505443e+01
6.639999999999999680e+00,-1.741295757056927584e+01,1.084824698246023047e+02,4.448656712616544695e+01,1.157613817009270818e+01
6.650000000000000355e+00,-1.736557970544305718e+01,1.073788165688337983e+02,4.465145113293716861e+01,1.175802404454018379e+01
6.660000000000000142e+00,-1.731433853892338703e+01,1.062672944118608882e+02,4.481944547470517648e+01,1.194458664939203274e+01
6.669999999999999929e+00,-1.725946773106519672e+01,1.051430186923805223e+02,4.499193154110882631e+01,1.213622325340830521e+01
6.679999999999999716e+00,-1.720133559604579432e+01,1.040014488576001668e+02,4.517039400707923846e+01,1.233306581536403002e+01
6.690000000000000391e+00,-1.714043337097403708e+01,1.028385692482286942e+02,4.535636737650924033e+01,1.253495827965026521e+01
6.700000000000000178e+00,-1.707735730944591168e+01,1.016510496537282506e+02,4.555137716803330505e+01,1.274144540356375721e+01
6.709999999999999964e+00,-1.701278560119679995e+01,1.004363759847949922e+02,4.575687836634211436e+01,1.295177436983795083e+01
6.719999999999999751e+00,-1.694745145590819746e+01,9.919294391628578467e+01,4.597419401554495977e+01,1.316490982733668247e+01
6.730000000000000426e+00,-1.688211387296514943e+01,9.792011127432222395e+01,4.620445694677528081e+01,1.337956236367619844e+01
6.740000000000000213e+00,-1.681752764914353193e+01,9.661820786923330218e+01,4.644855762031954072e+01,1.359422977182108916e+01
6.750000000000000000e+00,-1.675441407599507926e+01,9.528850406705261378e+01,4.670710093445384103e+01,1.380724984441330605e+01
6.759999999999999787e+00,-1.669343358701082281e+01,9.393314141814578022e+01,4.698037461625313682e+01,1.401686282305010245e+01
6.769999999999999574e+00,-1.663516137631036429e+01,9.255503003005767937e+01,4.726833146358602278e+01,1.422128105051965541e+01
6.780000000000000249e+00,-1.658006676724275508e+01,9.115771811697320004e+01,4.757058724372546976e+01,1.441876283139599835e+01
6.790000000000000036e+00,-1.652849689266328781e+01,8.974523940915132414e+01,4.788643545863132545e+01,1.460768701962967420e+01
6.799999999999999822e+00,-1.648066507714448647e+01,8.832194404471195526e+01,4.821487944726954566e+01,1.478662445455621466e+01
6.809999999999999609e+00,-1.643664418934297089e+01,8.689231838812804654e+01,4.855468140857050940e+01,1.495440210822066440e+01
6.820000000000000284e+00,-1.639636515197451416e+01,8.546079909708117839e+01,4.890442691160070865e+01,1.511015574801051820e+01
6.830000000000000071e+00,-1.635962073943428763e+01,8.403158681573039246e+01,4.926260235651082553e+01,1.525336712320799037e+01
6.839999999999999858e+00,-1.632607473495568584e+01,8.260846516488342672e+01,4.962768173637261526e+01,1.538388220604536905e+01
6.849999999999999645e+00,-1.629527643413750226e+01,8.119463120778701182e+01,4.999821803019464994e+01,1.550190788552754562e+01
6.860000000000000320e+00,-1.626668034583349964e+01,7.979254419340134064e+01,5.037293375344880531e+01,1.560798571422609626e+01
6.870000000000000107e+00,-1.623967073812844220e+01,7.840379994126389818e+01,5.075080472723625036e+01,1.570294278380390196e+01
6.879999999999999893e+00,-1.621359040190381506e+01,7.702903850037093036e+01,5.113113110226212399e+01,1.578782144351065853e+01
6.889999999999999680e+00,-1.618777266926682046e+01,7.566789243133770526e+01,5.151359014718023843e+01,1.586379122641598372e+01
6.900000000000000355e+00,-1.616157535973232129e+01,7.431898199310570874e+01,5.189826628073883086e+01,1.593204783968972293e+01
6.910000000000000142e+00,-1.613441498233586202e+01,7.297996151343853910e+01,5.228565522551758704e+01,1.599370524356500312e+01
6.919999999999999929e+00,-1.610579925802522894e+01,7.164761828153993406e+01,5.267664086073043705e+01,1.604968755932172897e+01
6.929999999999999716e+00,-1.607535590679393067e+01,7.031802160374532207e+01,5.307244518574561454e+01,1.610062773759553778e+01
6.940000000000000391e+00,-1.604285571893124640e+01,6.898671558563641781e+01,5.347455359614262704e+01,1.614677958091915855e+01
6.950000000000000178e+00,-1.600822822366821896e+01,6.764894527315047412e+01,5.388461926005261660e+01,1.618794891055519614e+01
6.959999999999999964e+00,-1.597156876853767393e+01,6.629990258652993873e+01,5.430435164707313334e+01,1.622344850857831489e+01
6.969999999999999751e+00,-1.593313647668631106e+01,6.493497653410125281e+01,5.473539514507326942e+01,1.625208008710326979e+01
6.980000000000000426e+00,-1.589334327332995755e+01,6.354999183033553578e+01,5.517920419906207741e+01,1.627214506911370506e+01
6.990000000000000213e+00,-1.585273486767738937e+01,6.214142132709736188e+01,5.563692156355534024e+01,1.628148451385482076e+01
7.000000000000000000e+00,-1.581196515011471782e+01,6.070656037494428148e+01,5.610926614230895382e+01,1.627754714702190242e+01
7.009999999999999787e+00,-1.577176584862143116e+01,5.924365490865879735e+01,5.659643656353061658e+01,1.625748318113583579e+01
7.019999999999999574e+00,-1.573291345296225607e+01,5.775197912188755112e+01,5.709803614950582329e+01,1.621826041959174347e+01
7.030000000000000249e+00,-1.569619536923244674e+01,5.623186248932357501e+01,5.761302429575253825e+01,1.615679799871539402e+01
7.040000000000000036e+00,-1.566237705206951247e+01,5.468466915601371170e+01,5.813969844577970036e+01,1.607011201412798229e+01
7.049999999999999822e+00,-1.563217153755114985e+01,5.311273506801134658e+01,5.867570977233329188e+01,1.595546621119173736e+01
7.059999999999999609e+00,-1.560621243112447765e+01,5.151926958871426621e+01,5.921811428377368713e+01,1.581051995445950986e+01
7.070000000000000284e+00,-1.558503104860084143e+01,4.990822882050856180e+01,5.976345931313235837e+01,1.563346494462071412e+01
7.080000000000000071e+00,-1.556903810536633692e+01,4.828416763540640488e+01,6.030790321718718872e+01,1.542314178859884599e+01
7.089999999999999858e+00,-1.555851012199623895e+01,4.665207676881212961e+01,6.084736369337745998e+01,1.517912773789299408e+01
7.099999999999999645e+00,-1.555358056835129332e+01,4.501721050616768593e+01,6.137768758972411121e+01,1.490178786406258205e+01
7.110000000000000320e+00,-1.555423569370488934e+01,4.338490971560347731e+01,6.189483270538894288e+01,1.459228374490922597e+01
7.120000000000000107e+00,-1.556031496829029415e+01,4.176042441472400668e+01,6.239505018806787717e+01,1.425253638383237309e+01
7.129999999999999893e+00,-1.557151606687883039e+01,4.014873980166979806e+01,6.287505506886912343e+01,1.388514342617012254e+01
7.139999999999999680e+00,-1.558740433051186436e+01,3.855440975421787186e+01,6.333217251471693032e+01,1.349325446862469668e+01
7.150000000000000355e+00,-1.560742662230048694e+01,3.698140216179464801e+01,6.376444867112245163e+01,1.308041196134779049e+01
7.160000000000000142e+00,-1.563092942534336771e+01,3.543296099598747873e+01,6.417071748136591225e+01,1.265036840399415397e+01
7.169999999999999929e+00,-1.565718090049649724e+01,3.391149058202824307e+01,6.455061837217296272e+01,1.220689279743349509e+01
7.179999999999999716e+00,-1.568539642442176962e+01,3.241846790266297518e+01,6.490456379347681093e+01,1.175358031269610315e+01
7.190000000000000391e+00,-1.571476687261859695e+01,3.095438872569905087e+01,6.523365979413350146e+01,1.129367874398177207e+01
7.200000000000000178e+00,-1.574448862141880667e+01,2.951875269395583956e+01,6.553958660195925745e+01,1.082994359851714883e+01
7.209999999999999964e+00,-1.577379395501699832e+01,2.811009110916939946e+01,6.582444913378827778e+01,1.036453090568694790e+01
7.219999999999999751e+00,-1.580198032708098665e+01,2.672603894410618963e+01,6.609060921870269567e+01,9.898933391317388697e+00
7.230000000000000426e+00,-1.582843679339309162e+01,2.536344973679137027e+01,6.634051198433458296e+01,9.433961996426450725e+00
7.240000000000000213e+00,-1.585266594761543679e+01,2.401854871923464074e+01,6.657651840949849031e+01,8.969771225834938022e+00
7.250000000000000000e+00,-1.587429988401679282e+01,2.268711620457018086e+01,6.680075468792601612e+01,8.505923800741751251e+00
7.259999999999999787e+00,-1.589310907909283266e+01,2.136469036729193505e+01,6.701498704350819935e+01,8.041487749694452347e+00
7.269999999999999574e+00,-1.590900359760891725e+01,2.004677655039883533e+01,6.722052825914903451e+01,7.575157475113344141e+00
7.280000000000000249e+00,-1.592202662899286914e+01,1.872904945652195963e+01,6.741817966350045310e+01,7.105389456460332376e+00
7.290000000000000036e+00,-1.593234097107115943e+01,1.740753517309276788e+01,6.760820983747643709e+01,6.630543020587669645e+00
7.299999999999999822e+00,-1.594020962141471642e+01,1.607876186635089866e+01,6.779036897062565004e+01,6.149016931213015624e+00
7.309999999999999609e+00,-1.594597204688836634e+01,1.473987087398841211e+01,6.796393568674751862e+01,5.659373337883864430e+00
7.320000000000000284e+00,-1.595001793934696721e+01,1.338868341365129488e+01,6.812779131744204619e+01,5.160441815454191783e+00
7.330000000000000071e+00,-1.595276031990279364e+01,1.202372174282397843e+01,6.828051508041849615e+01,4.651397770047553948e+00
7.339999999999999858e+00,-1.595460974367790996e+01,1.064418694062064752e+01,6.842049247858928140e+01,4.131811341132761051e+00
7.349999999999999645e+00,-1.595595111899902818e+01,9.249898232814640409e+00,6.854602855308071696e+01,3.601665029185415978e+00
7.360000000000000320e+00,-1.595712433603648783e+01,7.841200789248295777e+00,6.865545747834345036e+01,3.061340528289941076e+00
7.370000000000000107e+00,-1.595840954505689169e+01,6.418850162955694216e+00,6.874724044289355618e+01,2.511577505281237244e+00
7.379999999999999893e+00,-1.596001757018827760e+01,4.983882088384284259e+00,6.882004483526283423e+01,1.953409167586201090e+00
7.389999999999999680e+00,-1.596208561515974189e+01,3.537476341865784413e+00,6.887279940961560953e+01,1.388081208870846295e+00
7.400000000000000355e+00,-1.596467812515292195e+01,2.080822931569360712e+00,6.890472222549324499e+01,8.169619335702360541e-01
7.410000000000000142e+00,-1.596779241677267258e+01,6.149981454807134096e-01,6.891532056104982473e+01,2.414518992175550549e-01
7.419999999999999929e+00,-1.597136847419146122e+01,-8.591429746628286290e-01,6.890436446246484081e+01,-3.370987907114840754e-01
7.429999999999999716e+00,-1.597530213076768035e+01,-2.341052306683943929e+00,6.887183787243145616e+01,-9.174583465136880722e-01
7.440000000000000391e+00,-1.597946071116319899e+01,-3.830548349825297461e+00,6.881787315602241506e+01,-1.498560674451761887e+00
7.450000000000000178e+00,-1.598370010242762618e+01,-5.327847307366256224e+00,6.874267614158331696e+01,-2.079528682315148203e+00
7.459999999999999964e+00,-1.598788216082003721e+01,-6.833564520249410634e+00,6.864644941663284783e+01,-2.659672195306931552e+00
7.469999999999999751e+00,-1.599189135366111714e+01,-8.348686942964546276e+00,6.852932153942525417e+01,-3.238461489670493521e+00
7.480000000000000426e+00,-1.599564959096581873e+01,-9.874519095187148210e+00,6.839128909059132866e+01,-3.815479601284450073e+00
7.490000000000000213e+00,-1.599912832474136692e+01,-1.141260656892206349e+01,6.823217719451308483e+01,-4.390358375599912044e+00
7.500000000000000000e+00,-1.600235718254371164e+01,-1.296464258210518850e+01,6.805162241978538873e+01,-4.962704568250700277e+00
7.509999999999999787e+00,-1.600542864559257339e+01,-1.453236410714519344e+01,6.784907997275107050e+01,-5.532023102143170945e+00
7.519999999999999574e+00,-1.600849856164877494e+01,-1.611744465507083746e+01,6.762385498349436830e+01,-6.097644797545197726e+00
7.530000000000000249e+00,-1.601178257411101313e+01,-1.772139080128409105e+01,6.737515560446388463e+01,-6.658665513016092774e+00
7.540000000000000036e+00,-1.601554882421652692e+01,-1.934544900061477435e+01,6.710216374846541498e+01,-7.213902696045724205e+00
7.549999999999999822e+00,-1.602010751767924290e+01,-2.099052822662771689e+01,6.680411772861360475e+01,-7.761873905294753406e+00
7.559999999999999609e+00,-1.602579812140053050e+01,-2.265714260621549059e+01,6.648039995891338094e+01,-8.300800029736112862e+00
7.570000000000000284e+00,-1.603297505948465584e+01,-2.434537666064423078e+01,6.613062233842757109e+01,-8.828633830420892892e+00
7.580000000000000071e+00,-1.604199280952607509e+01,-2.605487416895792308e+01,6.575470204476043534e+01,-9.343112240431167947e+00
7.589999999999999858e+00,-1.605319126721410328e+01,-2.778485018031177844e+01,6.535292122035545503e+01,-9.841828775823692865e+00
7.599999999999999645e+00,-1.606688216284597104e+01,-2.953412442271380556e+01,6.492596539803329847e+01,-1.032232063954726264e+01
7.610000000000000320e+00,-1.608333719332424039e+01,-3.130117334612997837e+01,6.447493735995325892e+01,-1.078216382663085326e+01
7.620000000000000107e+00,-1.610277839345190287e+01,-3.308419731384725537e+01,6.400134527394017425e+01,-1.121906890024971304e+01
7.629999999999999893e+00,-1.612537112415828844e+01,-3.488119899874837415e+01,6.350706617825045441e+01,-1.163097017137422817e+01
7.639999999999999680e+00,-1.615121991219879050e+01,-3.669006881076477811e+01,6.299428795430264216e+01,-1.201610176211926628e+01
7.650000000000000355e+00,-1.618036724123281545e+01,-3.850867313067804787e+01,6.246543462338993891e+01,-1.237305536409183304e+01
7.660000000000000142e+00,-1.621279526976963226e+01,-4.033494121049560022e+01,6.192308096791729355e+01,-1.270081625036335282e+01
7.669999999999999929e+00,-1.624843033659713853e+01,-4.216694679127919443e+01,6.136986302396174864e+01,-1.299877605578114093e+01
7.679999999999999716e+00,-1.628715000726356976e+01,-4.400298077128739038e+01,6.080839091378305739e+01,-1.326672279041941493e+01
7.690000000000000391e+00,-1.632879231464037417e+01,-4.584161163204936429e+01,6.024116985056496532e+01,-1.350481030343069122e+01
7.700000000000000178e+00,-1.637316675278607292e+01,-4.768173080993571489e+01,5.967053407321397884e+01,-1.371351082350719430e+01
7.709999999999999964e+00,-1.642006649875673574e+01,-4.952258080217714564e+01,5.909859710607788230e+01,-1.389355517907025117e+01
7.719999999999999751e+00,-1.646928126658955449e+01,-5.136376453011544641e+01,5.852722024205462503e+01,-1.404586581526835332e+01
7.730000000000000426e+00,-1.652061014828515439e+01,-5.320523534614345351e+01,5.795799965882693527e+01,-1.417148779409894743e+01
7.740000000000000213e+00,-1.657387377594606903e+01,-5.504726804116975103e+01,5.739227121180575608e+01,-1.427152264229998835e+01
7.750000000000000000e+00,-1.662892515437379259e+01,-5.689041223996022012e+01,5.683113078765385495e+01,-1.434706927399549770e+01
7.759999999999999787e+00,-1.668565856913329171e+01,-5.873543059410024370e+01,5.627546720283562820e+01,-1.439917534507243246e+01
7.769999999999999574e+00,-1.674401607230031175e+01,-6.058322511339829219e+01,5.572600402081173598e+01,-1.442880137762555748e+01
7.780000000000000249e+00,-1.680399118299522243e+01,-6.243475572959840036e+01,5.518334634740775613e+01,-1.443679890462862048e+01
7.790000000000000036e+00,-1.686562960368511810e+01,-6.429095568433955066e+01,5.464802863908564490e+01,-1.442390279997014702e+01
7.799999999999999822e+00,-1.692902693336453623e+01,-6.615264852248911609e+01,5.412055980298362812e+01,-1.439073694313429286e+01
7.809999999999999609e+00,-1.699432353998148670e+01,-6.802047133089435249e+01,5.360146234854926206e+01,-1.433783148002255281e+01
7.820000000000000284e+00,-1.706169692150670514e+01,-6.989480840648985804e+01,5.309130302473141683e+01,-1.426564923215319602e+01
7.830000000000000071e+00,-1.713135202449383598e+01,-7.177573881575615644e+01,5.259071318948539187e+01,-1.417461831502180480e+01
7.839999999999999858e+00,-1.720351009126880371e+01,-7.366300039423980195e+01,5.210039804634195093e+01,-1.406516777741745905e+01
7.849999999999999645e+00,-1.727839666724525003e+01,-7.555597171756144803e+01,5.162113477750321522e+01,-1.393776307374857559e+01
7.860000000000000320e+00,-1.735622941840106748e+01,-7.745367254056262141e+01,5.115376043643453130e+01,-1.379293841801209197e+01
7.870000000000000107e+00,-1.743720638990665250e+01,-7.935478222290852557e+01,5.069915117436428176e+01,-1.363132350874309218e+01
7.879999999999999893e+00,-1.752149528724820371e+01,-8.125767479098938395e+01,5.025819491691928675e+01,-1.345366271080257192e+01
7.889999999999999680e+00,-1.760922428905364612e+01,-8.316046855725642217e+01,4.983175994969389677e+01,-1.326082547323084349e+01
7.900000000000000355e+00,-1.770047481391630129e+01,-8.506108763748399326e+01,4.942066200532628528e+01,-1.305380748991520967e+01
7.910000000000000142e+00,-1.779527656798708790e+01,-8.695733226585059583e+01,4.902563237947004637e+01,-1.283372281210838217e+01
7.919999999999999929e+00,-1.789360509996529558e+01,-8.884695449071976725e+01,4.864728936474139687e+01,-1.260178774878719921e+01
7.929999999999999716e+00,-1.799538198714209258e+01,-9.072773562341808429e+01,4.828611491712328530e+01,-1.235929790556413366e+01
7.940000000000000391e+00,-1.810047767038313182e+01,-9.259756169750504284e+01,4.794243800044669257e+01,-1.210760009313821683e+01
7.950000000000000178e+00,-1.820871684654223799e+01,-9.445449317734153283e+01,4.761642553343931894e+01,-1.184806107373902151e+01
7.959999999999999964e+00,-1.831988621316578403e+01,-9.629682524521739140e+01,4.730808132838377134e+01,-1.158203521164473315e+01
7.969999999999999751e+00,-1.843374424319386762e+01,-9.812313521983237763e+01,4.701725289228773619e+01,-1.131083306257300336e+01
7.980000000000000426e+00,-1.855003254967638071e+01,-9.993231404507071147e+01,4.674364548539573860e+01,-1.103569279208461928e+01
7.990000000000000213e+00,-1.866848828807847838e+01,-1.017235793641721671e+02,4.648684241643722714e+01,-1.075775607258054478e+01
8.000000000000000000e+00,-1.878885694507995296e+01,-1.034964684760957283e+02,4.624633021308113712e+01,-1.047804978985843505e+01
8.009999999999999787e+00,-1.891090478840954248e+01,-1.052508104525831243e+02,4.602152705027862822e+01,-1.019747451127447846e+01
8.019999999999999574e+00,-1.903443021331825946e+01,-1.069866778424414946e+02,4.581181265695636284e+01,-9.916800246398270957e+00
8.029999999999999361e+00,-1.915927322755242557e+01,-1.087043196395207332e+02,4.561655785931550611e+01,-9.636669586860421077e+00
8.039999999999999147e+00,-1.928532237447781128e+01,-1.104040784513870506e+02,4.543515196063496830e+01,-9.357607865910720690e+00
8.050000000000000711e+00,-1.941251850442633042e+01,-1.120862959683735056e+02,4.526702630297055663e+01,-9.080039553055597068e+00
8.060000000000000497e+00,-1.954085496225045304e+01,-1.137512117876455875e+02,4.511167260017053593e+01,-8.804309719277398472e+00
8.070000000000000284e+00,-1.967037395322882176e+01,-1.153988613004286208e+02,4.496865496244119242e+01,-8.530709097641533845e+00
8.080000000000000071e+00,-1.980115906392076397e+01,-1.170289786416302462e+02,4.483761493168385925e+01,-8.259501043764108985e+00
8.089999999999999858e+00,-1.993332413110073986e+01,-1.186409106121892307e+02,4.471826928921872479e+01,-7.990948586658143782e+00
8.099999999999999645e+00,-2.006699885305753028e+01,-1.202335470441415310e+02,4.461040085414246903e+01,-7.725339761490698010e+00
8.109999999999999432e+00,-2.020231170950198418e+01,-1.218052723543169407e+02,4.451384293054906038e+01,-7.463009531562917687e+00
8.119999999999999218e+00,-2.033937089105486251e+01,-1.233539421168817398e+02,4.442845845565678786e+01,-7.204356828140173086e+00
8.130000000000000782e+00,-2.047824403543293670e+01,-1.248768874745889121e+02,4.435411522334420908e+01,-6.949855546370852011e+00
8.140000000000000568e+00,-2.061893762983008216e+01,-1.263709491851510478e+02,4.429065879014340368e+01,-6.700058710298764098e+00
8.150000000000000355e+00,-2.076137697679084937e+01,-1.278325421121280812e+02,4.423788480266553336e+01,-6.455595433557046015e+00
8.160000000000000142e+00,-2.090538764489796719e+01,-1.292577500262667627e+02,4.419551251393360047e+01,-6.217160728048603424e+00
8.169999999999999929e+00,-2.105067934502907434e+01,-1.306424496461762885e+02,4.416316118525722345e+01,-5.985498626143528789e+00
8.179999999999999716e+00,-2.119683319209057970e+01,-1.319824618422278490e+02,4.414033090935504333e+01,-5.761379461685929293e+00
8.189999999999999503e+00,-2.134329332758928643e+01,-1.332737267588972827e+02,4.412638915188527022e+01,-5.545572484750661779e+00
8.199999999999999289e+00,-2.148936387708951656e+01,-1.345124981858855051e+02,4.412056400637280262e+01,-5.338815252014860846e+00
8.210000000000000853e+00,-2.163421217523286089e+01,-1.356955507696401071e+02,4.412194480609353775e+01,-5.141781429437989992e+00
8.220000000000000639e+00,-2.177687907765680109e+01,-1.368203916186655249e+02,4.412949035022457878e+01,-4.955048759473592135e+00
8.230000000000000426e+00,-2.191629695760074270e+01,-1.378854656414179658e+02,4.414204459530498070e+01,-4.779068975483367510e+00
8.240000000000000213e+00,-2.205131562245658117e+01,-1.388903418246585488e+02,4.415835925281716356e+01,-4.614141386787151689e+00
8.250000000000000000e+00,-2.218073586358404725e+01,-1.398358660154052870e+02,4.417712233758978613e+01,-4.460391706044030791e+00
8.259999999999999787e+00,-2.230334968016017072e+01,-1.407242651237849884e+02,4.419699135037836157e+01,-4.317757446651469877e+00
8.269999999999999574e+00,-2.241798544217445865e+01,-1.415591885573992670e+02,4.421662947423378398e+01,-4.185980886621657682e+00
8.279999999999999361e+00,-2.252355547065825192e+01,-1.423456755648625744e+02,4.423474294179966648e+01,-4.064610188553471559e+00
8.289999999999999147e+00,-2.261910284500559953e+01,-1.430900421724475677e+02,4.425011761161947987e+01,-3.953008802263421106e+00
8.300000000000000711e+00,-2.270384384592303206e+01,-1.437996882919383381e+02,4.426165279337165259e+01,-3.850372784669461534e+00
8.310000000000000497e+00,-2.277720244014942352e+01,-1.444828336207272628e+02,4.426839049418548200e+01,-3.755755184605431118e+00
8.320000000000000284e+00,-2.283883368567223826e+01,-1.451481989823630556e+02,4.426953851954426256e+01,-3.668096196189769564e+00
8.330000000000000071e+00,-2.288863387099956626e+01,-1.458046563912484430e+02,4.426448623903983304e+01,-3.586257420846088451e+00
8.339999999999999858e+00,-2.292673648592572988e+01,-1.464608751071376389e+02,4.425281229335798372e+01,-3.509058327923358700e+00
8.349999999999999645e+00,-2.295349455819269480e+01,-1.471249914646384411e+02,4.423428403800022579e+01,-3.435312890626412319e+00
8.359999999999999432e+00,-2.296945124627909962e+01,-1.478043271965017880e+02,4.420884904851118336e+01,-3.363864408418624219e+00
8.369999999999999218e+00,-2.297530163826646188e+01,-1.485051749158897678e+02,4.417661950693644712e+01,-3.293616705448826565e+00
8.380000000000000782e+00,-2.297184932550046454e+01,-1.492326615303169888e+02,4.413785070917246145e+01,-3.223560198954808609e+00
8.390000000000000568e+00,-2.295996145052467341e+01,-1.499906920111231443e+02,4.409291524550332753e+01,-3.152791732255054935e+00
8.400000000000000355e+00,-2.294052562010295304e+01,-1.507819684118512669e+02,4.404227459148921753e+01,-3.080527526201697786e+00
8.410000000000000142e+00,-2.291441144333245461e+01,-1.516080732250523226e+02,4.398644989635893410e+01,-3.006109080029665925e+00
8.419999999999999929e+00,-2.288243864897366109e+01,-1.524696025181717687e+02,4.392599367704189461e+01,-2.929002308183248804e+00
8.429999999999999716e+00,-2.284535289525265256e+01,-1.533663327743386731e+02,4.386146393482553663e+01,-2.848790600307497201e+00
8.439999999999999503e+00,-2.280380961742662294e+01,-1.542974056405660406e+02,4.379340193312350493e+01,-2.765162811868838943e+00
8.449999999999999289e+00,-2.275836562885483971e+01,-1.552615163516146595e+02,4.372231453814504931e+01,-2.677897417181486883e+00
8.460000000000000853e+00,-2.270947772570924172e+01,-1.562570939332922819e+02,4.364866165951061561e+01,-2.586844178938003669e+00
8.470000000000000639e+00,-2.265750723931485311e+01,-1.572824639537671487e+02,4.357284896337015567e+01,-2.491904711208921430e+00
8.480000000000000426e+00,-2.260272931138762686e+01,-1.583359872671337314e+02,4.349522569083922008e+01,-2.393013245666974154e+00
8.490000000000000213e+00,-2.254534560749488037e+01,-1.594161706845524975e+02,4.341608711905426077e+01,-2.290118767810822575e+00
8.500000000000000000e+00,-2.248549920537137226e+01,-1.605217477178818513e+02,4.333568096489773325e+01,-2.183169488570581240e+00
8.509999999999999787e+00,-2.242329047483733007e+01,-1.616517294363068800e+02,4.325421686108300889e+01,-2.072100375681944051e+00
8.519999999999999574e+00,-2.235879288857529446e+01,-1.628054270577540592e+02,4.317187793440724874e+01,-1.956824207582212871e+00
8.529999999999999361e+00,-2.229206785647501832e+01,-1.639824491722675077e+02,4.308883348563551152e+01,-1.837226348419706223e+00
8.539999999999999147e+00,-2.222317785214005426e+01,-1.651826774683694339e+02,4.300525180476422804e+01,-1.713163192538663893e+00
8.550000000000000711e+00,-2.215219729084111222e+01,-1.664062255033586837e+02,4.292131224604936079e+01,-1.584464004650787183e+00
8.560000000000000497e+00,-2.207922081551155102e+01,-1.676533854197733433e+02,4.283721582319760302e+01,-1.450935699101560505e+00
8.570000000000000284e+00,-2.200436884194072817e+01,-1.689245675638396449e+02,4.275319375356184537e+01,-1.312369966105279229e+00
8.580000000000000071e+00,-2.192779039591269097e+01,-1.702202377223144367e+02,4.266951356702085718e+01,-1.168552068803693667e+00
8.589999999999999858e+00,-2.184966343356811791e+01,-1.715408561952853006e+02,4.258648258628659278e+01,-1.019270602938497472e+00
8.599999999999999645e+00,-2.177019296308461094e+01,-1.728868222174460243e+02,4.250444876737219602e+01,-8.643275275902658761e-01
8.609999999999999432e+00,-2.168960737489613066e+01,-1.742584263981829622e+02,4.242379905039332044e+01,-7.035478343491600173e-01
8.619999999999999218e+00,-2.160815343665108301e+01,-1.756558129488959992e+02,4.234495550292103161e+01,-5.367883144342722179e-01
8.630000000000000782e+00,-2.152609041924067412e+01,-1.770789525811177896e+02,4.226836963507690825e+01,-3.639449980238844140e-01
8.640000000000000568e+00,-2.144368379622237342e+01,-1.785276261583023540e+02,4.219451532518600345e+01,-1.849589661865931045e-01
8.650000000000000355e+00,-2.136119890808252464e+01,1.799985814813195191e+02,4.212388081809227458e+01,1.796374705322066373e-04
8.660000000000000142e+00,-2.127889491372197739e+01,1.785002786127950287e+02,4.205696024906131925e+01,1.914294503845817008e-01
8.669999999999999929e+00,-2.119701927327792035e+01,1.769782560280269763e+02,4.199424511059525855e+01,3.886975429947498450e-01
8.679999999999999716e+00,-2.111580292715849438e+01,1.754334703129866568e+02,4.193621602487648659e+01,5.918407513840772127e-01
8.689999999999999503e+00,-2.103545626274713243e+01,1.738670225626318313e+02,4.188333511883009663e+01,8.006685052606795638e-01
8.699999999999999289e+00,-2.095616589757799275e+01,1.722801339866707906e+02,4.183603922952388388e+01,1.014946931205834346e+00
8.710000000000000853e+00,-2.087809225889109754e+01,1.706741196664644349e+02,4.179473410137209299e+01,1.234403996940012238e+00
8.720000000000000639e+00,-2.080136790553161319e+01,1.690503614835953954e+02,4.175978967843145995e+01,1.458735464793238013e+00
8.730000000000000426e+00,-2.072609651884310367e+01,1.674102809860684999e+02,4.173153654825842551e+01,1.687611436692570299e+00
8.740000000000000213e+00,-2.065235248299957860e+01,1.657553127157504491e+02,4.171026355972077226e+01,1.920683293550327075e+00
8.750000000000000000e+00,-2.058018097982971994e+01,1.640868783115619465e+02,4.169621661547409275e+01,2.157590853926337537e+00
8.759999999999999787e+00,-2.050959853579137615e+01,1.624063615416898472e+02,4.168959862862306665e+01,2.397969595966975120e+00
8.769999999999999574e+00,-2.044059397635494690e+01,1.607150843131344971e+02,4.169057062936233393e+01,2.641457799708161414e+00
8.779999999999999361e+00,-2.037312976263878284e+01,1.590142836609648498e+02,4.169925400736185139e+01,2.887703472036446506e+00
8.789999999999999147e+00,-2.030714370388344037e+01,1.573050897302933038e+02,4.171573387531078936e+01,3.136370913558762741e+00
8.800000000000000711e+00,-2.024255105474219363e+01,1.555885048244349775e+02,4.174006353453877693e+01,3.387146776378533897e+00
8.810000000000000497e+00,-2.017924701630682449e+01,1.538653836923423057e+02,4.177227001179573307e+01,3.639745446650430871e+00
8.820000000000000284e+00,-2.011710966271203205e+01,1.521364153536589185e+02,4.181236061487947353e+01,3.893913569121221663e+00
8.830000000000000071e+00,-2.005600331009021176e+01,1.504021068946640867e+02,4.186033042289636086e+01,4.149433516680677059e+00
8.839999999999999858e+00,-1.999578233129807359e+01,1.486627697957462999e+02,4.191617058500055037e+01,4.406125600495495398e+00
8.849999999999999645e+00,-1.993629539864767253e+01,1.469185094531895857e+02,4.197987725141535265e+01,4.663848819637807175e+00
8.859999999999999432e+00,-1.987739010907505488e+01,1.451692186182399951e+02,4.205146090571443551e+01,4.922499966625835555e+00
8.869999999999999218e+00,-1.981891791374526690e+01,1.434145754802448494e+02,4.213095581217473296e+01,5.182010939243513192e+00
8.880000000000000782e+00,-1.976073923969003587e+01,1.416540470574979622e+02,4.221842924173372325e+01,5.442344160226741501e+00
8.890000000000000568e+00,-1.970272865789590355e+01,1.398868984241139515e+02,4.231399010020286511e+01,5.703486074020333696e+00
8.900000000000000355e+00,-1.964477992377772964e+01,1.381122080951038527e+02,4.241779655816330319e+01,5.965438771196500234e+00
8.910000000000000142e+00,-1.958681069563240484e+01,1.363288896236489620e+02,4.253006227783415483e+01,6.228209881970342643e+00
8.919999999999999929e+00,-1.952876672748234910e+01,1.345357191504895695e+02,4.265106085122359048e+01,6.491800974888132458e+00
8.929999999999999716e+00,-1.947062533691879338e+01,1.327313683080430167e+02,4.278112810735940030e+01,6.756194788615379920e+00
8.939999999999999503e+00,-1.941239796720310906e+01,1.309144415487045876e+02,4.292066201361240019e+01,7.021341706923738712e+00
8.949999999999999289e+00,-1.935413169567689806e+01,1.290835166669818648e+02,4.307011998429508282e+01,7.287145952930675463e+00
8.960000000000000853e+00,-1.929590958569936276e+01,1.272371870466464969e+02,4.323001351416790072e+01,7.553452022833081259e+00
8.970000000000000639e+00,-1.923784983377667857e+01,1.253741040101669739e+02,4.340090016908276027e+01,7.820031897792858899e+00
8.980000000000000426e+00,-1.918010372314400769e+01,1.234930175939502703e+02,4.358337308367573115e+01,8.086573563201580939e+00
8.990000000000000213e+00,-1.912285245512238063e+01,1.215928141254606487e+02,4.377804822946519181e+01,8.352671327273204938e+00
9.000000000000000000e+00,-1.906630298538395962e+01,1.196725491328778332e+02,4.398554981896999294e+01,8.617818367831867832e+00
9.009999999999999787e+00,-1.901068303963628026e+01,1.177314743609672689e+02,4.420649429653892781e+01,8.881401851047527884e+00
9.019999999999999574e+00,-1.895623551894483683e+01,1.157690579770075061e+02,4.444147342984571480e+01,9.142700863845506731e+00
9.029999999999999361e+00,-1.890321252698658938e+01,1.137849974021015811e+02,4.469103705442542918e+01,9.400887288695248145e+00
9.039999999999999147e+00,-1.885186925934357305e+01,1.117792245686767245e+02,4.495567603581994121e+01,9.655029631703103021e+00
9.050000000000000711e+00,-1.880245798915326816e+01,1.097519037587659767e+02,4.523580600000244090e+01,9.904099698485518743e+00
9.060000000000000497e+00,-1.875522236570620649e+01,1.077034224981694308e+02,4.553175234420087492e+01,1.014698190280339851e+01
9.070000000000000284e+00,-1.871039221529022711e+01,1.056343762527956756e+02,4.584373697950812954e+01,1.038248489535448726e+01
9.080000000000000071e+00,-1.866817899943353254e+01,1.035455478855683396e+02,4.617186717700334952e+01,1.060935511865360681e+01
9.089999999999999858e+00,-1.862877204740534154e+01,1.014378829812951750e+02,4.651612679435193343e+01,1.082629183204805479e+01
9.099999999999999645e+00,-1.859233563986300553e+01,9.931246223372596660e+01,4.687637005434228854e+01,1.103196311136195185e+01
9.109999999999999432e+00,-1.855900698093957502e+01,9.717047211815520313e+01,4.725231793534570812e+01,1.122502231247222326e+01
9.119999999999999218e+00,-1.852889505842762929e+01,9.501317505088357507e+01,4.764355712153187739e+01,1.140412449853717547e+01
9.130000000000000782e+00,-1.850208035715979804e+01,9.284188017107418034e+01,4.804954135357931477e+01,1.156794236691681199e+01
9.140000000000000568e+00,-1.847861535995794213e+01,9.065791577823220848e+01,4.846959492474019271e+01,1.171518127314481461e+01
9.150000000000000355e+00,-1.845852574410110947e+01,8.846260432633120274e+01,4.890291798876862828e+01,1.184459303323494694e+01
9.160000000000000142e+00,-1.844181215946640862e+01,8.625724071909384350e+01,4.934859329154632235e+01,1.195498828798692692e+01
9.169999999999999929e+00,-1.842845245759004058e+01,8.404307447512766771e+01,4.980559391261272850e+01,1.204524732772762441e+01
9.179999999999999716e+00,-1.841840422914211572e+01,8.182129614097787851e+01,5.027279161021610321e+01,1.211432939514394924e+01
9.189999999999999503e+00,-1.841160750099932386e+01,7.959302812940869387e+01,5.074896540575736736e+01,1.216128059800249872e+01
9.199999999999999289e+00,-1.840798744353040917e+01,7.735931995454123467e+01,5.123281011960627751e+01,1.218524066209497470e+01
9.210000000000000853e+00,-1.840745694413466182e+01,7.512114763094568559e+01,5.172294467591115108e+01,1.218544882706551391e+01
9.220000000000000639e+00,-1.840991891462007501e+01,7.287941680757677432e+01,5.221792012134071115e+01,1.216124922424067378e+01
9.230000000000000426e+00,-1.841526821760377430e+01,7.063496902751214179e+01,5.271622744051400389e+01,1.211209606878536249e+01
9.240000000000000213e+00,-1.842339312040977362e+01,6.838859034943591553e+01,5.321630538526961374e+01,1.203755894447011698e+01
9.250000000000000000e+00,-1.843417621324789124e+01,6.614102144518763282e+01,5.371654865035193183e+01,1.193732835853021612e+01
9.259999999999999787e+00,-1.844749476076157180e+01,6.389296820733281379e+01,5.421531680878021575e+01,1.181122160212304451e+01
9.269999999999999574e+00,-1.846322049098447593e+01,6.164511186803487419e+01,5.471094445186137989e+01,1.165918877968419309e+01
9.279999999999999361e+00,-1.848121886174427431e+01,5.939811764987172182e+01,5.520175295060121812e+01,1.148131868392461996e+01
9.289999999999999147e+00,-1.850134787981797047e+01,5.715264104258078248e+01,5.568606416131046899e+01,1.127784401212747767e+01
9.300000000000000711e+00,-1.852345658082618840e+01,5.490933092614284305e+01,5.616221623917490291e+01,1.104914526593482549e+01
9.310000000000000497e+00,-1.854738330614235053e+01,5.266882893656407560e+01,5.662858150755479869e+01,1.079575257325437043e+01
9.320000000000000284e+00,-1.857295393529412664e+01,5.043176468993174666e+01,5.708358607353323322e+01,1.051834463718851431e+01
9.330000000000000071e+00,-1.859998024696341190e+01,4.819874673429557532e+01,5.752573060439431174e+01,1.021774406788252954e+01
9.339999999999999858e+00,-1.862825858751021713e+01,4.597034937712181346e+01,5.795361141322749177e+01,9.894908496313258084e+00
9.349999999999999645e+00,-1.865756902201712109e+01,4.374709582612763370e+01,5.836594077541511183e+01,9.550917102277638904e+00
9.359999999999999432e+00,-1.868767512856502577e+01,4.152943836949867062e+01,5.876156524148427707e+01,9.186952499784549531e+00
9.369999999999999218e+00,-1.871832457158767227e+01,3.931773659255019027e+01,5.913948065162979617e+01,8.804278289050397888e+00
9.380000000000000782e+00,-1.874925055493196524e+01,3.711223486552734130e+01,5.949884261127269269e+01,8.404212974062525987e+00
9.390000000000000568e+00,-1.878017421045651147e+01,3.491304052428694149e+01,5.983897136270623918e+01,7.988101321093317608e+00
9.400000000000000355e+00,-1.881080792505932209e+01,3.272010428476305322e+01,6.015935028005434049e+01,7.557284557630462807e+00
9.410000000000000142e+00,-1.884085955013506464e+01,3.053320446711960656e+01,6.045961760541192831e+01,7.113071046495179850e+00
9.419999999999999929e+00,-1.887003737564480232e+01,2.835193654251198225e+01,6.073955150366767697e+01,6.656709186912584286e+00
9.429999999999999716e+00,-1.889805569006081853e+01,2.617570934527168802e+01,6.099904900402007257e+01,6.189364274002720379e+00
9.439999999999999503e+00,-1.892464069191517240e+01,2.400374901362364355e+01,6.123809987489931217e+01,5.712100884457174566e+00
9.449999999999999289e+00,-1.894953647338307690e+01,2.183511133922581493e+01,6.145675690312731376e+01,5.225872056569945912e+00
9.460000000000000853e+00,-1.897251076603940589e+01,1.966870273663241875e+01,6.165510437922490894e+01,4.731516117526734178e+00
9.470000000000000639e+00,-1.899336012775400917e+01,1.750330951558404635e+01,6.183322679829230850e+01,4.229761510589427509e+00
9.480000000000000426e+00,-1.901191426050265676e+01,1.533763458867453622e+01,6.199117984975633533e+01,3.721239427472266215e+00
9.490000000000000213e+00,-1.902803918271745331e+01,1.317034021776640351e+01,6.212896568108518380e+01,3.206503498405250951e+00
9.500000000000000000e+00,-1.904163903556991855e+01,1.100009494011782785e+01,6.224651418361149524e+01,2.686055275999229330e+00
9.509999999999999787e+00,-1.905265637687922720e+01,8.825622461959984122e+00,6.234367167708857949e+01,2.160373808215844793e+00
9.519999999999999574e+00,-1.906107090375726898e+01,6.645750097147771207e+00,6.242019788726388185e+01,1.629947264535900775e+00
9.529999999999999361e+00,-1.906689663874353258e+01,4.459454282352637300e+00,6.247577154927423493e+01,1.095304384855173785e+00
9.539999999999999147e+00,-1.907017770648698018e+01,2.265900823048430990e+00,6.251000436693419005e+01,5.570434812364158939e-01
9.550000000000000711e+00,-1.907098291166315462e+01,6.447780503346349501e-02,6.252246245625318011e+01,1.585684712426751325e-02
9.560000000000000497e+00,-1.906939939752508550e+01,-2.145180481357474189e+00,6.251269384523595818e+01,-5.274512853711015303e-01
9.570000000000000284e+00,-1.906552571375672400e+01,-4.363179749003990082e+00,6.248026013520636468e+01,-1.071954666284524293e+00
9.580000000000000071e+00,-1.905946464969175480e+01,-6.589362636128255346e+00,6.242477009186769976e+01,-1.616603699097216795e+00
9.589999999999999858e+00,-1.905131619413446842e+01,-8.823316350841784228e+00,6.234591275993538773e+01,-2.160233099128916923e+00
9.599999999999999645e+00,-1.904117096743998161e+01,-1.106439049727347879e+01,6.224348770492435534e+01,-2.701578106222634723e+00
9.609999999999999432e+00,-1.902910443797404483e+01,-1.331172404941889553e+01,6.211743018611588951e+01,-3.239298170852915160e+00
9.619999999999999218e+00,-1.901517218712936597e+01,-1.556428002316971337e+01,6.196782944518604808e+01,-3.772006462504010837e+00
9.630000000000000782e+00,-1.899940642850074823e+01,-1.782088607178988582e+01,6.179493882697487095e+01,-4.298303108817778551e+00
9.640000000000000568e+00,-1.898181392120848443e+01,-2.008027900131087407e+01,6.159917708790662516e+01,-4.816809805246962561e+00
9.650000000000000355e+00,-1.896237534787817935e+01,-2.234115107105714060e+01,6.138112093716371476e+01,-5.326203363672223468e+00
9.660000000000000142e+00,-1.894104615714375939e+01,-2.460219590901716558e+01,6.114148953340625070e+01,-5.825245901179646246e+00
9.669999999999999929e+00,-1.891775880107822516e+01,-2.686215192921807215e+01,6.088112226417391781e+01,-6.312809693030485114e+00
9.679999999999999716e+00,-1.889242623183616843e+01,-2.911984128566164998e+01,6.060095161265923736e+01,-6.787895194029948343e+00
9.689999999999999503e+00,-1.886494646121841612e+01,-3.137420263128611353e+01,6.030197322768186297e+01,-7.249641322414094091e+00
9.699999999999999289e+00,-1.883520793423129192e+01,-3.362431626632132264e+01,5.998521543544445933e+01,-7.697327743455112170e+00
9.710000000000000853e+00,-1.880309542564307890e+01,-3.586942065075370323e+01,5.965171036308842645e+01,-8.130369527141162678e+00
9.720000000000000639e+00,-1.876849613979170073e+01,-3.810891970850553179e+01,5.930246859928769254e+01,-8.548305130274236774e+00
9.730000000000000426e+00,-1.873130568110119754e+01,-4.034238084843055816e+01,5.893845892628989702e+01,-8.950779121855276799e+00
9.740000000000000213e+00,-1.869143356804236333e+01,-4.256952414501792958e+01,5.856059416195331835e+01,-9.337521397956267677e+00
9.750000000000000000e+00,-1.864880798781433668e+01,-4.479020362966968349e+01,5.816972359658242198e+01,-9.708324799028023477e+00
9.759999999999999787e+00,-1.860337953269174349e+01,-4.700438210757546642e+01,5.776663194646116040e+01,-1.006302304393891767e+01
9.769999999999999574e+00,-1.855512372003776989e+01,-4.921210130094625868e+01,5.735204422021055848e+01,-1.040147073976358527e+01
9.779999999999999361e+00,-1.850404217303780641e+01,-5.141344939512968892e+01,5.692663544609923321e+01,-1.072352693495311726e+01
9.789999999999999147e+00,-1.845016242338792622e+01,-5.360852820559662035e+01,5.649104387071404432e+01,-1.102904328601155370e+01
9.800000000000000711e+00,-1.839353638455398965e+01,-5.579742217699198648e+01,5.604588603454504181e+01,-1.131785744100387880e+01
9.810000000000000497e+00,-1.833423762841639615e+01,-5.798017126893928719e+01,5.559177206953349071e+01,-1.158979174802170853e+01
9.820000000000000284e+00,-1.827235767296212998e+01,-6.015674948848133852e+01,5.512931964725587619e+01,-1.184465691510895091e+01
9.830000000000000071e+00,-1.820800154887013633e+01,-6.232705041875460950e+01,5.465916522235534813e+01,-1.208225982002217513e+01
9.839999999999999858e+00,-1.814128295439539329e+01,-6.449088059933978911e+01,5.418197154153952511e+01,-1.230241432832817594e+01
9.849999999999999645e+00,-1.807231932857048307e+01,-6.664796107224086086e+01,5.369843079250054529e+01,-1.250495375337784409e+01
9.859999999999999432e+00,-1.800122717177737286e+01,-6.879793685647464940e+01,5.320926321179008767e+01,-1.268974349784616251e+01
9.869999999999999218e+00,-1.792811792109952407e+01,-7.094039358946878338e+01,5.271521141550576317e+01,-1.285669245806454875e+01
9.880000000000000782e+00,-1.785309464769431642e+01,-7.307488010594803995e+01,5.221703112210729358e+01,-1.300576194132401575e+01
9.890000000000000568e+00,-1.777624978776636766e+01,-7.520093533998135626e+01,5.171547926797049399e+01,-1.313697112348013896e+01
9.900000000000000355e+00,-1.769766405117920272e+01,-7.731811765218571963e+01,5.121130074652181463e+01,-1.325039843122662475e+01
9.910000000000000142e+00,-1.761740657622809891e+01,-7.942603451471653386e+01,5.070521511419303096e+01,-1.334617863599866538e+01
9.919999999999999929e+00,-1.753553631967210080e+01,-8.152437043905875669e+01,5.019790459540408989e+01,-1.342449585780976129e+01
9.929999999999999716e+00,-1.745210459192665553e+01,-8.361291110834858387e+01,4.969000458967613554e+01,-1.348557306163798941e+01
9.939999999999999503e+00,-1.736715857251984829e+01,-8.569156187460090734e+01,4.918209765187339855e+01,-1.352965895460707912e+01
9.949999999999999289e+00,-1.728074557468308114e+01,-8.776035909416503955e+01,4.867471160421676757e+01,-1.355701343394361125e+01
9.960000000000000853e+00,-1.719291777431426738e+01,-8.981947318833437066e+01,4.816832207410570987e+01,-1.356789287628891927e+01
9.970000000000000639e+00,-1.710373708122525827e+01,-9.186920281002085176e+01,4.766335936567163856e+01,-1.356253658976020127e+01
9.980000000000000426e+00,-1.701327981261183098e+01,-9.390996004468370018e+01,4.716021919647444349e+01,-1.354115567117753827e+01
9.990000000000000213e+00,-1.692164083209737058e+01,-9.594224714095379625e+01,4.665927649324741111e+01,-1.350392533018591834e+01
1.000000000000000000e+01,-1.682893684312463023e+01,-9.796662581595803942e+01,4.616090116793492371e+01,-1.345098147495359875e+01
1.000999999999999979e+01,-1.673530857186065290e+01,-9.998368067309662877e+01,4.566547460817820081e+01,-1.338242202216621557e+01
1.001999999999999957e+01,-1.664092163930298440e+01,-1.019939786691396506e+02,4.517340552914797769e+01,-1.329831302331966647e+01
1.002999999999999936e+01,-1.654596600044567722e+01,-1.039980268427062953e+02,4.468514385288262503e+01,-1.319869931896099580e+01
1.003999999999999915e+01,-1.645065391442830816e+01,-1.059962306471765885e+02,4.420119140551739889e+01,-1.308361907257092049e+01
1.005000000000000071e+01,-1.635521649709770742e+01,-1.079888552103965083e+02,4.372210844195593893e+01,-1.295312122483424488e+01
1.006000000000000050e+01,-1.625989898995392124e+01,-1.099759916770783974e+02,4.324851530376770370e+01,-1.280728467180683161e+01
1.007000000000000028e+01,-1.616495495133767690e+01,-1.119575304961067985e+02,4.278108886495358831e+01,-1.264623782544930464e+01
1.008000000000000007e+01,-1.607063963258754313e+01,-1.139331431222458235e+02,4.232055379291651320e+01,-1.247017717255719305e+01
1.008999999999999986e+01,-1.597720284108357980e+01,-1.159022731440354335e+02,4.186766901810271690e+01,-1.227938350952658197e+01
1.009999999999999964e+01,-1.588488161271683552e+01,-1.178641373624240458e+02,4.142321013636155413e+01,-1.207423468771884068e+01
1.010999999999999943e+01,-1.579389301914051025e+01,-1.198177368605542199e+02,4.098794873848143538e+01,-1.185521394136218198e+01
1.011999999999999922e+01,-1.570442742217436560e+01,-1.217618776510071541e+02,4.056262985357356854e+01,-1.162291316477186243e+01
1.013000000000000078e+01,-1.561664246173749504e+01,-1.236952000818096309e+02,4.014794879703948993e+01,-1.137803083258628334e+01
1.014000000000000057e+01,-1.553065802770909265e+01,-1.256162158379022600e+02,3.974452872810519466e+01,-1.112136458956683072e+01
1.015000000000000036e+01,-1.544655242300779996e+01,-1.275233510947423383e+02,3.935290015225459115e+01,-1.085379885133349021e+01
1.016000000000000014e+01,-1.536435987727223740e+01,-1.294149941644668331e+02,3.897348346221449589e+01,-1.057628803446795551e+01
1.016999999999999993e+01,-1.528406951948841552e+01,-1.312895458191760270e+02,3.860657541315290331e+01,-1.028983625942532143e+01
1.017999999999999972e+01,-1.520562586477998579e+01,-1.331454703767415424e+02,3.825234019087519499e+01,-9.995474534143438561e+00
1.018999999999999950e+01,-1.512893081591284528e+01,-1.349813455903191368e+02,3.791080547320767380e+01,-9.694236526894201234e+00
1.019999999999999929e+01,-1.505384712424167404e+01,-1.367959093946122664e+02,3.758186362002685144e+01,-9.387134074821679164e+00
1.021000000000000085e+01,-1.498020319835370628e+01,-1.385881016344209229e+02,3.726527786973043987e+01,-9.075133553782508855e+00
1.022000000000000064e+01,-1.490779909253314983e+01,-1.403570990411155037e+02,3.696069318007700844e+01,-8.759134161341195934e+00
1.023000000000000043e+01,-1.483641345308825166e+01,-1.421023419381204462e+02,3.666765113778637897e+01,-8.439949044727253380e+00
1.024000000000000021e+01,-1.476581115111548570e+01,-1.438235514532557318e+02,3.638560818100766170e+01,-8.118290046195440368e+00
1.025000000000000000e+01,-1.469575128877742998e+01,-1.455207363950095782e+02,3.611395623757972118e+01,-7.794756646774160913e+00
1.025999999999999979e+01,-1.462599523653489442e+01,-1.471941894052805822e+02,3.585204478505043824e+01,-7.469829473527083152e+00
1.026999999999999957e+01,-1.455631434496738486e+01,-1.488444725168796197e+02,3.559920329011335127e+01,-7.143868503808448622e+00
1.027999999999999936e+01,-1.448649698028926380e+01,-1.504723927940164856e+02,3.535476298882372959e+01,-6.817115862409826477e+00
1.028999999999999915e+01,-1.441635455968640755e+01,-1.520789692825491102e+02,3.511807702633466022e+01,-6.489702875241591506e+00
1.030000000000000071e+01,-1.434572631166261480e+01,-1.536653930019978702e+02,3.488853808512727994e+01,-6.161660828652988364e+00
1.031000000000000050e+01,-1.427448255601382066e+01,-1.552329821293231475e+02,3.466559278974948910e+01,-5.832934699518789401e+00
1.032000000000000028e+01,-1.420252638389958300e+01,-1.567831348148730513e+02,3.444875237624919606e+01,-5.503398980058950229e+00
1.033000000000000007e+01,-1.412979371477679713e+01,-1.583172822026739084e+02,3.423759934444710495e+01,-5.172874633353508500e+00
1.033999999999999986e+01,-1.405625180629821180e+01,-1.598368441831098892e+02,3.403179005652116729e+01,-4.841146187833721193e+00
1.034999999999999964e+01,-1.398189638766240961e+01,-1.613431901855525155e+02,3.383105348961260006e+01,-4.507978014556853097e+00
1.035999999999999943e+01,-1.390674766869284262e+01,-1.628376069382340461e+02,3.363518657628686270e+01,-4.173128927812100208e+00
1.036999999999999922e+01,-1.383084553972576813e+01,-1.643212746142255014e+02,3.344404675872455357e+01,-3.836364400613519798e+00
1.038000000000000078e+01,-1.375424431672239045e+01,-1.657952521883300108e+02,3.325754252713189629e+01,-3.497465880569244234e+00
1.039000000000000057e+01,-1.367700739969451185e+01,-1.672604721981923888e+02,3.307562280058214554e+01,-3.156236913813433631e+00
1.040000000000000036e+01,-1.359920220066122454e+01,-1.687177444823805104e+02,3.289826603451797382e+01,-2.812506018557175302e+00
1.041000000000000014e+01,-1.352089566210571192e+01,-1.701677679024293468e+02,3.272546990356025276e+01,-2.466126478413201095e+00
1.041999999999999993e+01,-1.344215063202749505e+01,-1.716111485808307862e+02,3.255724231578471262e+01,-2.116973433101998037e+00
1.042999999999999972e+01,-1.336302329198625749e+01,-1.730484228288656254e+02,3.239359437387809493e+01,-1.764938816881277406e+00
1.043999999999999950e+01,-1.328356175532246297e+01,-1.744800827130585787e+02,3.223453572114866716e+01,-1.409924822619690321e+00
1.044999999999999929e+01,-1.320380586942568257e+01,-1.759066021234644097e+02,3.208007250971630242e+01,-1.051836645032397710e+00
1.046000000000000085e+01,-1.312378817369450168e+01,-1.773284612591460530e+02,3.193020801866104463e+01,-6.905752771663105083e-01
1.047000000000000064e+01,-1.304353588847311940e+01,-1.787461676272817215e+02,3.178494574568208719e+01,-3.260311003639944083e-01
1.048000000000000043e+01,-1.296307374401770574e+01,1.798397280525463771e+02,3.164429461023550871e+01,4.192107635040942526e-02
1.049000000000000021e+01,-1.288242740606852799e+01,1.784286222582886126e+02,3.150827575090211141e+01,4.134249992328377088e-01
1.050000000000000000e+01,-1.280162721878165932e+01,1.770198561507943680e+02,3.137693028444540388e+01,7.886436085010919417e-01
1.050999999999999979e+01,-1.272071196861939057e+01,1.756127203972538666e+02,3.125032732552354631e+01,1.167757150066045746e+00
1.051999999999999957e+01,-1.263973237526802684e+01,1.742064670881652546e+02,3.112857154808105875e+01,1.550958771092945332e+00
1.052999999999999936e+01,-1.255875403747899632e+01,1.728003280205886654e+02,3.101180960242580298e+01,1.938447799696412899e+00
1.053999999999999915e+01,-1.247785960131484195e+01,1.713935381945426286e+02,3.090023478272497215e+01,2.330421081592148447e+00
1.055000000000000071e+01,-1.239714997270866270e+01,1.699853630291149500e+02,3.079408946158488902e+01,2.727062890263917794e+00
1.056000000000000050e+01,-1.231674446143257562e+01,1.685751275728231633e+02,3.069366496201257277e+01,3.128534032610921667e+00
1.057000000000000028e+01,-1.223677981458946107e+01,1.671622458729979144e+02,3.059929871067775409e+01,3.534960832620025695e+00
1.058000000000000007e+01,-1.215740816927647749e+01,1.657462486854159351e+02,3.051136869707793409e+01,3.946424688424090998e+00
1.058999999999999986e+01,-1.207879402091516674e+01,1.643268078414662341e+02,3.043028543793123220e+01,4.362952864017628052e+00
1.059999999999999964e+01,-1.200111036134855169e+01,1.629037558296407155e+02,3.035648180294782250e+01,4.784511100308396436e+00
1.060999999999999943e+01,-1.192453418566613976e+01,1.614770994674072426e+02,3.029040118717324859e+01,5.210998518497799381e+00
1.061999999999999922e+01,-1.184924159666815413e+01,1.600470269102938801e+02,3.023248460928368431e+01,5.642245151523641589e+00
1.063000000000000078e+01,-1.177540275016717608e+01,1.586139076377180288e+02,3.018315737062194515e+01,6.078012287070501785e+00
1.064000000000000057e+01,-1.170317688351319418e+01,1.571782854418171382e+02,3.014281592562619139e+01,6.517995649128868862e+00
1.065000000000000036e+01,-1.163270765545474106e+01,1.557408648026314779e+02,3.011181559264290897e+01,6.961831294054086072e+00
1.066000000000000014e+01,-1.156411900008458105e+01,1.543024913423738553e+02,3.009045967915387010e+01,7.409103959848843957e+00
1.066999999999999993e+01,-1.149751166391108370e+01,1.528641273014947046e+02,3.007899051288965353e+01,7.859357490350359576e+00
1.067999999999999972e+01,-1.143296055583634008e+01,1.514268231639041460e+02,3.007758276663573582e+01,8.312106863589756145e+00
1.068999999999999950e+01,-1.137051299759639100e+01,1.499916866771956450e+02,3.008633934643507502e+01,8.766851288393180397e+00
1.069999999999999929e+01,-1.131018791925029987e+01,1.485598505687189856e+02,3.010528998679281543e+01,9.223087796384360715e+00
1.071000000000000085e+01,-1.125197600239979323e+01,1.471324402548682428e+02,3.013439256837963143e+01,9.680324747789658346e+00
1.072000000000000064e+01,-1.119584073439236960e+01,1.457105427850308672e+02,3.017353704907710110e+01,1.013809468780571699e+01
1.073000000000000043e+01,-1.114172030090323418e+01,1.442951781595762100e+02,3.022255178300639500e+01,1.059596603403969084e+01
1.074000000000000021e+01,-1.108953021289381624e+01,1.428872740192287552e+02,3.028121189904285870e+01,1.105355314230335217e+01
1.075000000000000000e+01,-1.103916653777242196e+01,1.414876445271410148e+02,3.034924932450441659e+01,1.151052438483128704e+01
1.075999999999999979e+01,-1.099050958435315017e+01,1.400969740611575958e+02,3.042636397507905244e+01,1.196660797801230203e+01
1.076999999999999957e+01,-1.094342787760128743e+01,1.387158061089336343e+02,3.051223559192404977e+01,1.242159541134817680e+01
1.077999999999999936e+01,-1.089778225277606261e+01,1.373445375206298138e+02,3.060653569368608728e+01,1.287534245008093770e+01
1.078999999999999915e+01,-1.085342989989511864e+01,1.359834180321872736e+02,3.070893912622536703e+01,1.332776780447124310e+01
1.080000000000000071e+01,-1.081022819864929652e+01,1.346325547373636482e+02,3.081913473582971719e+01,1.377884967229660340e+01
1.081000000000000050e+01,-1.076803820082134777e+01,1.332919209705897856e+02,3.093683476064507332e+01,1.422862046089929677e+01
1.082000000000000028e+01,-1.072672764126681066e+01,1.319613688773297611e+02,3.106178262601996565e+01,1.467716007468151496e+01
1.083000000000000007e+01,-1.068617338844394027e+01,1.306406448054065947e+02,3.119375893677975142e+01,1.512458820800520520e+01
1.083999999999999986e+01,-1.064626327966924535e+01,1.293294065591703657e+02,3.133258557598189142e+01,1.557105610835242793e+01
1.084999999999999964e+01,-1.060689732264317087e+01,1.280272415248926734e+02,3.147812793740971316e+01,1.601673826876813678e+01
1.085999999999999943e+01,-1.056798828097953091e+01,1.267336847028797848e+02,3.163029542963158036e+01,1.646182447280117245e+01
1.086999999999999922e+01,-1.052946169505290008e+01,1.254482357674383337e+02,3.178904048507375535e+01,1.690651255250546114e+01
1.088000000000000078e+01,-1.049125541816714424e+01,1.241703744134371306e+02,3.195435638157669445e+01,1.735100213577319650e+01
1.089000000000000057e+01,-1.045331876992394626e+01,1.228995734269991402e+02,3.212627423145591621e+01,1.779548956025285733e+01
1.090000000000000036e+01,-1.041561142235599036e+01,1.216353091239235056e+02,3.230485951145624313e+01,1.824016402529243663e+01
1.091000000000000014e+01,-1.037810213916747770e+01,1.203770690168619524e+02,3.249020849582109349e+01,1.868520494906705665e+01
1.091999999999999993e+01,-1.034076748429807679e+01,1.191243567846057090e+02,3.268244491598387214e+01,1.913078040329541096e+01
1.092999999999999972e+01,-1.030359060368852298e+01,1.178766948085607424e+02,3.288171710820132176e+01,1.957704641974127568e+01
1.093999999999999950e+01,-1.026656016488842837e+01,1.166336246991494789e+02,3.308819583060326153e+01,2.002414690658773111e+01
1.094999999999999929e+01,-1.022966951479606301e+01,1.153947063482425222e+02,3.330207284063108375e+01,2.047221388242669349e+01
1.096000000000000085e+01,-1.019291608846465635e+01,1.141595161062935091e+02,3.352356023035218158e+01,2.092136773261081117e+01
1.097000000000000064e+01,-1.015630107379906377e+01,1.129276446923035877e+02,3.375289042837631825e+01,2.137171721647940714e+01
1.098000000000000043e+01,-1.011982931031353417e+01,1.116986954028060381e+02,3.399031670025979679e+01,2.182335900185772459e+01
1.099000000000000021e+01,-1.008350937695011496e+01,1.104722830983268977e+02,3.423611392051201818e+01,2.227637657073794486e+01
1.100000000000000000e+01,-1.004735380594951089e+01,1.092480343210313976e+02,3.449057935326634805e+01,2.273083842122911946e+01
1.100999999999999979e+01,-1.001137934816510366e+01,1.080255887468777019e+02,3.475403316816253607e+01,2.318679557870621366e+01
1.101999999999999957e+01,-9.975607210727838847e+00,1.068046020124626523e+02,3.502681843380332083e+01,2.364427851614262366e+01
1.102999999999999936e+01,-9.940063190756392331e+00,1.055847497944660631e+02,3.530930037198677240e+01,2.410329366247563243e+01
1.103999999999999915e+01,-9.904777638445279919e+00,1.043657328713071308e+02,3.560186471850269641e+01,2.456381974181049799e+01
1.105000000000000071e+01,-9.869785198416106908e+00,1.031472827740658857e+02,3.590491511562531457e+01,2.502580422975139385e+01
1.106000000000000050e+01,-9.835124298304677382e+00,1.019291675463801141e+02,3.621886955120633189e+01,2.548916023217067561e+01
1.107000000000000028e+01,-9.800836376479168166e+00,1.007111970873419011e+02,3.654415595233126623e+01,2.595376408419536673e+01
1.108000000000000007e+01,-9.766964864662885049e+00,9.949322755050523881e+01,3.688120713038092902e+01,2.641945393298078670e+01
1.108999999999999986e+01,-9.733553964163203176e+00,9.827516431547920206e+01,3.723045535183009491e+01,2.688602950884959597e+01
1.109999999999999964e+01,-9.700647274606057024e+00,9.705696313236333594e+01,3.759232686874403839e+01,2.735325320931781690e+01
1.110999999999999943e+01,-9.668286350018806985e+00,9.583862915673329042e+01,3.796723677937688279e+01,2.782085252468462500e+01
1.111999999999999922e+01,-9.636509267626236053e+00,9.462021373489112364e+01,3.835558459873391257e+01,2.828852372876026777e+01
1.113000000000000078e+01,-9.605349299086292092e+00,9.340180895514687620e+01,3.875775089934826667e+01,2.875593665126538667e+01
1.114000000000000057e+01,-9.574833771801088744e+00,9.218354013973059580e+01,3.917409533366502217e+01,2.922274024721772534e+01
1.115000000000000036e+01,-9.544983199551110076e+00,9.096555660247275910e+01,3.960495627309031619e+01,2.968856859091808076e+01
1.116000000000000014e+01,-9.515810747578223427e+00,8.974802112930711928e+01,4.005065219867656623e+01,3.015304685518257344e+01
1.116999999999999993e+01,-9.487322078301223982e+00,8.853109874305334870e+01,4.051148486012704097e+01,3.061579679649340946e+01
1.117999999999999972e+01,-9.459515601289917086e+00,8.731494538370627367e+01,4.098774409051939926e+01,3.107644125859683015e+01
1.118999999999999950e+01,-9.432383126363333758e+00,8.609969716561823816e+01,4.147971403238023669e+01,3.153460723374896091e+01
1.119999999999999929e+01,-9.405910893272215745e+00,8.488546086091294285e+01,4.198768040585856198e+01,3.198992708300163557e+01
1.121000000000000085e+01,-9.380080926984412315e+00,8.367230620405575792e+01,4.251193834138400973e+01,3.244203761283644383e+01
1.122000000000000064e+01,-9.354872645709686907e+00,8.246026051820145142e+01,4.305280021653049261e+01,3.289057683059054682e+01
1.123000000000000043e+01,-9.330264630954678395e+00,8.124930603470035351e+01,4.361060288779982841e+01,3.333517834843507188e+01
1.124000000000000021e+01,-9.306236456370882593e+00,8.003938012034299732e+01,4.418571369866324261e+01,3.377546356586926635e+01
1.125000000000000000e+01,-9.282770465930285653e+00,7.883037845202895255e+01,4.477853467876466453e+01,3.421103192285470129e+01
1.125999999999999979e+01,-9.259853392636115288e+00,7.762216099660501811e+01,4.538950442590589773e+01,3.464144966807466375e+01
1.126999999999999957e+01,-9.237477716700992048e+00,7.641456047666198970e+01,4.601909727917375648e+01,3.506623771769136511e+01
1.127999999999999936e+01,-9.215642676558562840e+00,7.520739284319157036e+01,4.666781954202310345e+01,3.548485927881588964e+01
1.128999999999999915e+01,-9.194354866378665392e+00,7.400046914450240365e+01,4.733620268916597951e+01,3.589670797008957237e+01
1.130000000000000071e+01,-9.173628378642984416e+00,7.279360808714409359e+01,4.802479367953468170e+01,3.630109718339305402e+01
1.131000000000000050e+01,-9.153484478151868942e+00,7.158664853573405651e+01,4.873414268684481954e+01,3.669725139299562500e+01
1.132000000000000028e+01,-9.133950822688211346e+00,7.037946119815978818e+01,4.946478873651408037e+01,3.708430003202165182e+01
1.133000000000000007e+01,-9.115060273488857945e+00,6.917195879072978926e+01,5.021724389049168735e+01,3.746127442482274006e+01
1.133999999999999986e+01,-9.096849363781661424e+00,6.796410407102776219e+01,5.099197673877225157e+01,3.782710809455682721e+01
1.134999999999999964e+01,-9.079356514278595469e+00,6.675591525777869606e+01,5.178939602876774728e+01,3.818064056746132451e+01
1.135999999999999943e+01,-9.062620099372910687e+00,6.554746851775874461e+01,5.260983528439669499e+01,3.852062458051464944e+01
1.136999999999999922e+01,-9.046676476008562062e+00,6.433889737868459235e+01,5.345353923161840726e+01,3.884573638056399858e+01
1.138000000000000078e+01,-9.031558088386825389e+00,6.313038911229360650e+01,5.432065275519939007e+01,3.915458859476541420e+01
1.139000000000000057e+01,-9.017291755934133235e+00,6.192217831176921550e+01,5.521121296513786092e+01,3.944574496897141103e+01
1.140000000000000036e+01,-9.003897239789033335e+00,6.071453805132614434e+01,5.612514475650735335e+01,3.971773612691874433e+01
1.141000000000000014e+01,-8.991386165352508897e+00,5.950776915371279330e+01,5.706226001342419352e+01,3.996907541194592284e+01
1.141999999999999993e+01,-8.979761356344985401e+00,5.830218819595948077e+01,5.802226035018788508e+01,4.019827384556842276e+01
1.142999999999999972e+01,-8.969016610689870106e+00,5.709811494941371990e+01,5.900474301763338758e+01,4.040385328119680963e+01
1.143999999999999950e+01,-8.959136921887751015e+00,5.589585997363708714e+01,6.000920935040331727e+01,4.058435694961108453e+01
1.144999999999999929e+01,-8.950099122904603632e+00,5.469571306411527445e+01,6.103507491265901308e+01,4.073835678275422367e+01
1.146000000000000085e+01,-8.941872904510340447e+00,5.349793319218026966e+01,6.208168033696056654e+01,4.086445715474404494e+01
1.147000000000000064e+01,-8.934422137935062125e+00,5.230274047555102612e+01,6.314830176253619243e+01,4.096129497783149276e+01
1.148000000000000043e+01,-8.927706413990163625e+00,5.111031058509561120e+01,6.423415977921486331e+01,4.102753641435231202e+01
1.149000000000000021e+01,-8.921682698545760459e+00,4.992077183538125951e+01,6.533842587954850956e+01,4.106187078686135550e+01
1.150000000000000000e+01,-8.916306998307696574e+00,4.873420503268562953e+01,6.646022561337859713e+01,4.106300255834692337e+01
1.150999999999999979e+01,-8.911535931681500600e+00,4.755064597504125601e+01,6.759863791646650100e+01,4.102964248363434763e+01
1.151999999999999957e+01,-8.907328107224774527e+00,4.637009032600931135e+01,6.875269042888270121e+01,4.096049917586915967e+01
1.152999999999999936e+01,-8.903645226399332202e+00,4.519250042876542750e+01,6.992135100267769587e+01,4.085427236842252086e+01
1.153999999999999915e+01,-8.900452847212221741e+00,4.401781350041508745e+01,7.110351598909140591e+01,4.070964907126021615e+01
1.155000000000000071e+01,-8.897720769624338999e+00,4.284595055742895653e+01,7.229799625698882437e+01,4.052530362057457580e+01
1.156000000000000050e+01,-8.895423030703744516e+00,4.167682537839825585e+01,7.350350219013755293e+01,4.029990231115074550e+01
1.157000000000000028e+01,-8.893537525558503631e+00,4.051035281371021313e+01,7.471862910832942362e+01,4.003211290336095374e+01
1.158000000000000007e+01,-8.892045297154105299e+00,3.934645580351691763e+01,7.594184462966937588e+01,3.972061884155331768e+01
1.158999999999999986e+01,-8.890929562294955346e+00,3.818507056239290876e+01,7.717147942134189975e+01,3.936413754666821063e+01
1.159999999999999964e+01,-8.890174560620023314e+00,3.702614952489152955e+01,7.840572256832565756e+01,3.896144169716416172e+01
1.160999999999999943e+01,-8.889764327036047575e+00,3.586966181164807210e+01,7.964262243171691580e+01,3.851138203470625143e+01
1.161999999999999922e+01,-8.889681494615876645e+00,3.471559115950503127e+01,8.088009339260807451e+01,3.801290996842200087e+01
1.163000000000000078e+01,-8.889906234125858120e+00,3.356393144886730795e+01,8.211592831983620044e+01,3.746509814129607463e+01
1.164000000000000057e+01,-8.890415428018457078e+00,3.241468014432749101e+01,8.334781600851627559e+01,3.686715719093417931e+01
1.165000000000000036e+01,-8.891182161422477748e+00,3.126783012816655827e+01,8.457336226828093118e+01,3.621844719583294392e+01
1.166000000000000014e+01,-8.892175591317585059e+00,3.012336053945887926e+01,8.579011285696563505e+01,3.551848274038187014e+01
1.166999999999999993e+01,-8.893361229018594827e+00,2.898122732489426667e+01,8.699557611656665301e+01,3.476693112986733780e+01
1.167999999999999972e+01,-8.894701641951371585e+00,2.784135425405944630e+01,8.818724302444417162e+01,3.396360399378921358e+01
1.168999999999999950e+01,-8.896157550343030351e+00,2.670362514763522199e+01,8.936260245904800570e+01,3.310844326805918314e+01
1.169999999999999929e+01,-8.897689264867276293e+00,2.556787801060382037e+01,9.051914980978936853e+01,3.220150326893611492e+01
1.171000000000000085e+01,-8.899258384500475572e+00,2.443390165637412892e+01,9.165438762379548621e+01,3.124293118477821452e+01
1.172000000000000064e+01,-8.900829651771362094e+00,2.330143525721396713e+01,9.276581774112842993e+01,3.023294874140505684e+01
1.173000000000000043e+01,-8.902372846915287852e+00,2.217017107041089474e+01,9.385092526375161981e+01,2.917183798200493072e+01
1.174000000000000021e+01,-8.903864594494132589e+00,2.103976037984692127e+01,9.490715565280120813e+01,2.805993400275439242e+01
1.175000000000000000e+01,-8.905289956647461480e+00,1.990982247315701414e+01,9.593188716306713104e+01,2.689762708634133048e+01
1.175999999999999979e+01,-8.906643696536386656e+00,1.877995626071400537e+01,9.692240161000133014e+01,2.568537599172969976e+01
1.176999999999999957e+01,-8.907931113318420913e+00,1.764975394985208013e+01,9.787585703635970447e+01,2.442373323225626791e+01
1.177999999999999936e+01,-8.909168375079016045e+00,1.651881603054037484e+01,9.878926613041446103e+01,2.311338207355280971e+01
1.178999999999999915e+01,-8.910382306881295733e+00,1.538676671922860528e+01,9.965948419453131635e+01,2.175518379638046795e+01
1.180000000000000071e+01,-8.911609625346953223e+00,1.425326895446683473e+01,1.004832100473623058e+02,2.035023260019963587e+01
1.181000000000000050e+01,-8.912895646523642412e+00,1.311803804549813179e+01,1.012570024709974490e+02,1.889991448108077776e+01
1.182000000000000028e+01,-8.914292527721022097e+00,1.198085314298431747e+01,1.019773137249062529e+02,1.740596561087793859e+01
1.183000000000000007e+01,-8.915857134136963680e+00,1.084156582445703343e+01,1.026405403132112752e+02,1.587052527124944135e+01
1.183999999999999986e+01,-8.917648645405542140e+00,9.700105257037899165e+00,1.032430897136609786e+02,1.429617833298200580e+01
1.184999999999999964e+01,-8.919726034119261016e+00,8.556479604422587926e+00,1.037814602842041865e+02,1.268598266364627491e+01
1.185999999999999943e+01,-8.922145556924009568e+00,7.410773570043893699e+00,1.042523302013747468e+02,1.104347769923110612e+01
1.186999999999999922e+01,-8.924958398577549801e+00,6.263142198979435804e+00,1.046526502016840965e+02,9.372671684352043897e+00
1.188000000000000078e+01,-8.928208600597928424e+00,5.113801283109926210e+00,1.049797342267313667e+02,7.678006676696264243e+00
1.189000000000000057e+01,-8.931931389518677378e+00,3.963014914078195616e+00,1.052313419157302690e+02,5.964302184236806248e+00
1.190000000000000036e+01,-8.936151996437079248e+00,2.811080895495304155e+00,1.054057472964140203e+02,4.236680084123034540e+00
1.191000000000000014e+01,-8.940885030931406519e+00,1.658314850566315224e+00,1.055017889849042234e+02,2.500475070832599567e+00
1.191999999999999993e+01,-8.946134440195173454e+00,5.050339374319824381e-01,1.055188986380818648e+02,7.611361185271033891e-01
1.192999999999999972e+01,-8.951894050187229723e+00,-6.484588919033013044e-01,1.054571061680131976e+02,-9.758748263480576668e-01
1.193999999999999950e+01,-8.958148651594054712e+00,-1.801889183473036171e+00,1.053170221414498542e+02,-2.705180569536713708e+00
1.194999999999999929e+01,-8.964875561313117913e+00,-2.955023001365642443e+00,1.050997996415871683e+02,-4.421576933159085954e+00
1.196000000000000085e+01,-8.972046561805392173e+00,-4.107675984752333420e+00,1.048070794641054277e+02,-6.120106713186474146e+00
1.197000000000000064e+01,-8.979630097711631009e+00,-5.259718924635589765e+00,1.044409236887198631e+02,-7.796115948097652293e+00
1.198000000000000043e+01,-8.987593593037146888e+00,-6.411079550022179774e+00,1.040037432995586073e+02,-9.445290844393907648e+00
1.199000000000000021e+01,-8.995905744129327530e+00,-7.561740441961929626e+00,1.034982255779273999e+02,-1.106367550214655182e+01
1.200000000000000000e+01,-9.004538644316069096e+00,-8.711733231064304306e+00,1.029272664831160569e+02,-1.264767225930995842e+01
1.200999999999999979e+01,-9.013469605647413729e+00,-9.861129465088442458e+00,1.022939122550274789e+02,-1.419402786050884302e+01
1.201999999999999957e+01,-9.022682561303408733e+00,-1.101002874308590407e+01,1.016013131464157908e+02,-1.569980963023457221e+01
1.202999999999999936e+01,-9.032168957914976204e+00,-1.215854488723330107e+01,1.008526906791849029e+02,-1.716237632010539471e+01
1.203999999999999915e+01,-9.041928078731938712e+00,-1.330679105073916979e+01,1.000513182830630114e+02,-1.857934828839278296e+01
1.205000000000000071e+01,-9.051966774232365509e+00,-1.445486473099472313e+01,9.920051377070427634e+01,-1.994858119241506600e+01
1.206000000000000050e+01,-9.062298614047188394e+00,-1.560283366630834934e+01,9.830364096149494912e+01,-2.126814650914818117e+01
1.207000000000000028e+01,-9.072942510485809464e+00,-1.675072354145792630e+01,9.736411698317724017e+01,-2.253632105756797088e+01
1.208000000000000007e+01,-9.083920897083602952e+00,-1.789850831575165913e+01,9.638542141100595018e+01,-2.375158640867357818e+01
1.208999999999999986e+01,-9.095257573313373811e+00,-1.904610382523045686e+01,9.537110346013308515e+01,-2.491263777309351823e+01
1.209999999999999964e+01,-9.106975347205079174e+00,-2.019336510937018403e+01,9.432478389746493974e+01,-2.601840078213414031e+01
1.210999999999999943e+01,-9.119093619942510998e+00,-2.134008768565679048e+01,9.325014911600636935e+01,-2.706805363737555581e+01
1.211999999999999922e+01,-9.131626059981270416e+00,-2.248601275738053218e+01,9.215093582007727946e+01,-2.806105147834999158e+01
1.213000000000000078e+01,-9.144578508874657174e+00,-2.363083610556118686e+01,9.103090588811743089e+01,-2.899714955257579874e+01
1.214000000000000057e+01,-9.157947247343876995e+00,-2.477422019874715531e+01,8.989381209051668975e+01,-2.987642187244595604e+01
1.215000000000000036e+01,-9.171717729169849065e+00,-2.591580886656291582e+01,8.874335633090781528e+01,-3.069927247589115638e+01
1.216000000000000014e+01,-9.185863863545986163e+00,-2.705524373414771588e+01,8.758314285904802432e+01,-3.146643710651727943e+01
1.216999999999999993e+01,-9.200347895194555647e+00,-2.819218151254380444e+01,8.641662940949829874e+01,-3.217897400556110910e+01
1.217999999999999972e+01,-9.215120897560787228e+00,-2.932631118960359728e+01,8.524707942447072639e+01,-3.283824346323990540e+01
1.218999999999999950e+01,-9.230123859604159264e+00,-3.045737016957875554e+01,8.407751842680553978e+01,-3.344587671322801015e+01
1.219999999999999929e+01,-9.245289312987004848e+00,-3.158515846708507269e+01,8.291069725476972962e+01,-3.400373558570766619e+01
1.221000000000000085e+01,-9.260543415673632595e+00,-3.270955016991428010e+01,8.174906431055443079e+01,-3.451386499652526396e+01
1.222000000000000064e+01,-9.275808381864695917e+00,-3.383050153981729835e+01,8.059474827782131001e+01,-3.497844080146507650e+01
1.223000000000000043e+01,-9.291005128390228407e+00,-3.494805531285428657e+01,7.944955200263675010e+01,-3.539971576918741647e+01
1.224000000000000021e+01,-9.306055995482122256e+00,-3.606234098064270910e+01,7.831495747444644451e+01,-3.577996642970251884e+01
1.225000000000000000e+01,-9.320887396169316830e+00,-3.717357106797686583e+01,7.719214114731519771e+01,-3.612144336050642579e+01
1.225999999999999979e+01,-9.335432253813870318e+00,-3.828203365639397049e+01,7.608199825127681493e+01,-3.642632711497005005e+01
1.226999999999999957e+01,-9.349632101379892646e+00,-3.938808162206622399e+01,7.498517429001452683e+01,-3.669669151936069795e+01
1.227999999999999936e+01,-9.363438738113826432e+00,-4.049211924498847992e+01,7.390210162139308636e+01,-3.693447551057646905e+01
1.228999999999999915e+01,-9.376815368006708340e+00,-4.159458699151124250e+01,7.283303887669632104e+01,-3.714146410005323418e+01
1.230000000000000071e+01,-9.389737177750973274e+00,-4.269594536336196455e+01,7.177811098769397802e+01,-3.731927847102939921e+01
1.231000000000000050e+01,-9.402191347541819511e+00,-4.379665873688550448e+01,7.073734774427477134e+01,-3.746937468249228687e+01
1.232000000000000028e+01,-9.414176523432274735e+00,-4.489718008442553554e+01,6.971071907886469887e+01,-3.759304999418711191e+01
1.233000000000000007e+01,-9.425701812483902486e+00,-4.599793737862179910e+01,6.869816564115154733e+01,-3.769145546703956029e+01
1.233999999999999986e+01,-9.436785389347004838e+00,-4.709932233760288511e+01,6.769962365761804790e+01,-3.776561324899755334e+01
1.234999999999999964e+01,-9.447452823293756907e+00,-4.820168198626834766e+01,6.671504353229730100e+01,-3.781643683637362585e+01
1.235999999999999943e+01,-9.457735246842096544e+00,-4.930531330055459449e+01,6.574440210457397882e+01,-3.784475260551402442e+01
1.236999999999999922e+01,-9.467667490363330884e+00,-5.041046098367387174e+01,6.478770890483693279e+01,-3.785132103063429554e+01
1.238000000000000078e+01,-9.477286301568355498e+00,-5.151731821189083149e+01,6.384500711110084836e+01,-3.783685622453684516e+01
1.239000000000000057e+01,-9.486628755273370572e+00,-5.262602999722617625e+01,6.291637018713661433e+01,-3.780204273644611845e+01
1.240000000000000036e+01,-9.495730938658425657e+00,-5.373669865813421609e+01,6.200189536055053452e+01,-3.774754888736479330e+01
1.241000000000000014e+01,-9.504626972062773405e+00,-5.484939077619272751e+01,6.110169517173749654e+01,-3.767403628787016601e+01
1.241999999999999993e+01,-9.513348397189654193e+00,-5.596414495316162174e+01,6.021588829469325788e+01,-3.758216553620630407e+01
1.242999999999999972e+01,-9.521923935502069725e+00,-5.708097967079017110e+01,5.934459070941952064e+01,-3.747259840899502592e+01
1.243999999999999950e+01,-9.530379591639642101e+00,-5.819990059420433681e+01,5.848790811093531516e+01,-3.734599711113038012e+01
1.244999999999999929e+01,-9.538739051768867938e+00,-5.932090674405367992e+01,5.764593019415128339e+01,-3.720302133040969039e+01
1.246000000000000085e+01,-9.547024306526530779e+00,-6.044399508539794397e+01,5.681872718183544890e+01,-3.704432393858863293e+01
1.247000000000000064e+01,-9.555256413900153234e+00,-6.156916323278883141e+01,5.600634868938104916e+01,-3.687054619368312558e+01
1.248000000000000043e+01,-9.563456309855174808e+00,-6.269641013969852139e+01,5.520882476779961934e+01,-3.668231323509715480e+01
1.249000000000000021e+01,-9.571645574133505363e+00,-6.382573481394995696e+01,5.442616875433048307e+01,-3.648023053577057340e+01
1.250000000000000000e+01,-9.579847065284415208e+00,-6.495713326659418385e+01,5.365838140240826704e+01,-3.626488180034864683e+01
1.250999999999999979e+01,-9.588085352029105835e+00,-6.609059404790629344e+01,5.290545566806921585e+01,-3.603682859419237161e+01
1.251999999999999957e+01,-9.596386886439971065e+00,-6.722609284056458989e+01,5.216738150104001193e+01,-3.579661177450155662e+01
1.252999999999999936e+01,-9.604779886703360248e+00,-6.836358665858898576e+01,5.144415002310829266e+01,-3.554475459077575294e+01
1.253999999999999915e+01,-9.613293921729365366e+00,-6.950300823609147471e+01,5.073575656635895115e+01,-3.528176714404178682e+01
1.255000000000000071e+01,-9.621959214746038214e+00,-7.064426118037174263e+01,5.004220217794599534e+01,-3.500815175616063613e+01
1.256000000000000050e+01,-9.630805706437914893e+00,-7.178721641072931448e+01,4.936349336187645065e+01,-3.472440871142975993e+01
1.257000000000000028e+01,-9.639861938478516024e+00,-7.293171031207552346e+01,4.869964000589506981e+01,-3.443104179729278513e+01
1.258000000000000007e+01,-9.649153834039930544e+00,-7.407754490819269222e+01,4.805065161692757414e+01,-3.412856308923043969e+01
1.258999999999999986e+01,-9.658703461980286065e+00,-7.522449021263633995e+01,4.741653214675639560e+01,-3.381749649230260957e+01
1.259999999999999964e+01,-9.668527875265825244e+00,-7.637228875637990200e+01,4.679727381815466458e+01,-3.349837966004012912e+01
1.260999999999999943e+01,-9.678638111579038750e+00,-7.752066213158457231e+01,4.619285045126373745e+01,-3.317176404922949473e+01
1.261999999999999922e+01,-9.689038435232127711e+00,-7.866931924122197017e+01,4.560321083511808382e+01,-3.283821302368139072e+01
1.263000000000000078e+01,-9.699725885079571341e+00,-7.981796581475637709e+01,4.502827268838295538e+01,-3.249829807786616698e+01
1.264000000000000057e+01,-9.710690174081921811e+00,-8.096631464926598198e+01,4.446791770887912776e+01,-3.215259339952738316e+01
1.265000000000000036e+01,-9.721913963767416789e+00,-8.211409596990750970e+01,4.392198812891674464e+01,-3.180166911786112394e+01
1.266000000000000014e+01,-9.733373512519486681e+00,-8.326106727798777740e+01,4.339028508096004089e+01,-3.144608368174072055e+01
1.266999999999999993e+01,-9.745039671958274141e+00,-8.440702207109333699e+01,4.287256894553718212e+01,-3.108637587476728470e+01
1.267999999999999972e+01,-9.756879182288948016e+00,-8.555179687723408222e+01,4.236856171121760184e+01,-3.072305699761154330e+01
1.268999999999999950e+01,-9.768856196913285217e+00,-8.669527614066885235e+01,4.187795123553396337e+01,-3.035660373308956750e+01
1.269999999999999929e+01,-9.780933950259289134e+00,-8.783739462538845544e+01,4.140039716585413743e+01,-2.998745215825267962e+01
1.271000000000000085e+01,-9.793076471854917031e+00,-8.897813715527732370e+01,4.093553816903656184e+01,-2.961599328532893338e+01
1.272000000000000064e+01,-9.805250245013485966e+00,-9.011753567793449804e+01,4.048300003517996259e+01,-2.924257040633435878e+01
1.273000000000000043e+01,-9.817425710569150255e+00,-9.125566381090008861e+01,4.004240416880514886e+01,-2.886747839258384829e+01
1.274000000000000021e+01,-9.829578524895625335e+00,-9.239262919276417563e+01,3.961337596310350762e+01,-2.849096496903861109e+01
1.275000000000000000e+01,-9.841690496476969585e+00,-9.352856410578326063e+01,3.919555256983446156e+01,-2.811323385352080351e+01
1.275999999999999979e+01,-9.853750145614446510e+00,-9.466361495068606757e+01,3.878858962716154224e+01,-2.773444953116457512e+01
1.276999999999999957e+01,-9.865752856073456201e+00,-9.579793122987064180e+01,3.839216658609732491e+01,-2.735474333306381922e+01
1.277999999999999936e+01,-9.877700613908560356e+00,-9.693165472646398939e+01,3.800599037729526231e+01,-2.697422041158567652e+01
1.278999999999999915e+01,-9.889601355472454003e+00,-9.806490955133902787e+01,3.762979727615630310e+01,-2.659296715809198375e+01
1.280000000000000071e+01,-9.901467971813605828e+00,-9.919779366928898412e+01,3.726335294710605694e+01,-2.621105859449827946e+01
1.281000000000000050e+01,-9.913317038512074575e+00,-1.003303724137137465e+02,3.690645076855675200e+01,-2.582856528847154109e+01
1.282000000000000028e+01,-9.925167356990487022e+00,-1.014626743639380919e+02,3.655890864994906764e+01,-2.544555939096266428e+01
1.283000000000000007e+01,-9.937038404339892494e+00,-1.025946898005989283e+02,3.622056464377961049e+01,-2.506211946980119976e+01
1.283999999999999986e+01,-9.948948793058118412e+00,-1.037263717837402481e+02,3.589127172268459987e+01,-2.467833390802728744e+01
1.284999999999999964e+01,-9.960914839640839347e+00,-1.048576397273403558e+02,3.557089213047007803e+01,-2.429430274294319503e+01
1.285999999999999943e+01,-9.972949332000492717e+00,-1.059883851844805065e+02,3.525929172476742934e+01,-2.391013793337043580e+01
1.286999999999999922e+01,-9.985060570958781412e+00,-1.071184794197458530e+02,3.495633470833903544e+01,-2.352596215011122283e+01
1.288000000000000078e+01,-9.997251741665593272e+00,-1.082477822383291937e+02,3.466187909873435302e+01,-2.314190628065540167e+01
1.289000000000000057e+01,-1.000952064811535891e+01,-1.093761514711514877e+02,3.437577321655997054e+01,-2.275810591742882849e+01
1.290000000000000036e+01,-1.002185981950852778e+01,-1.105034524859655676e+02,3.409785338702435098e+01,-2.237469715466588482e+01
1.291000000000000014e+01,-1.003425697266529149e+01,-1.116295671071182198e+02,3.382794295441509291e+01,-2.199181204944591173e+01
1.291999999999999993e+01,-1.004669579165293491e+01,-1.127544013799617346e+02,3.356585261185617952e+01,-2.160957410662303602e+01
1.292999999999999972e+01,-1.005915696573175211e+01,-1.138778917058225915e+02,3.331138195595828932e+01,-2.122809412624186720e+01
1.293999999999999950e+01,-1.007161941096688906e+01,-1.150000089936677199e+02,3.306432209406263922e+01,-2.084746670816636893e+01
1.294999999999999929e+01,-1.008406159041919992e+01,-1.161207606168123050e+02,3.282445906592645457e+01,-2.046776764612154409e+01
1.296000000000000085e+01,-1.009646284340273859e+01,-1.172401901173966365e+02,3.259157779583773618e+01,-2.008905236729230026e+01
1.297000000000000064e+01,-1.010880463616058833e+01,-1.183583747571592824e+02,3.236546626771530555e+01,-1.971135548992978315e+01
1.298000000000000043e+01,-1.012107165430593803e+01,-1.194754211592453146e+02,3.214591961556461541e+01,-1.933469148631835210e+01
1.299000000000000021e+01,-1.013325267090872472e+01,-1.205914594120139611e+02,3.193274384390189979e+01,-1.895905635809037904e+01
1.300000000000000000e+01,-1.014534114216588989e+01,-1.217066361029175283e+02,3.172575893504873790e+01,-1.858443016092997624e+01
1.300999999999999979e+01,-1.015733550381789918e+01,-1.228211068115492282e+02,3.152480115876184996e+01,-1.821078016096671703e+01
1.301999999999999957e+01,-1.016923916425897190e+01,-1.239350286115789004e+02,3.132972446962071444e+01,-1.783806436922561289e+01
1.302999999999999936e+01,-1.018106021289531782e+01,-1.250485531103386165e+02,3.114040095329481872e+01,-1.746623518548564391e+01
1.303999999999999915e+01,-1.019281088302274263e+01,-1.261618204942926553e+02,3.095672035830382285e+01,-1.709524288930421321e+01
1.305000000000000071e+01,-1.020450682575284063e+01,-1.272749549536373053e+02,3.077858881932490576e+01,-1.672503874263411205e+01
1.306000000000000050e+01,-1.021616626403609374e+01,-1.283880617375948248e+02,3.060592693625378402e+01,-1.635557751267879567e+01
1.307000000000000028e+01,-1.022780910271231924e+01,-1.295012259532870189e+02,3.043866741586588631e+01,-1.598681928139114738e+01
1.308000000000000007e+01,-1.023945607130716695e+01,-1.306145130763844975e+02,3.027675250711584454e+01,-1.561873047431484096e+01
1.308999999999999986e+01,-1.025112797100897133e+01,-1.317279710022170605e+02,3.012013146548223474e+01,-1.525128411076503987e+01
1.309999999999999964e+01,-1.026284508638480020e+01,-1.328416333424071354e+02,2.996875826652100372e+01,-1.488445934399581638e+01
1.310999999999999943e+01,-1.027462680681827045e+01,-1.339555235737198018e+02,2.982258975567930293e+01,-1.451824041871351234e+01
1.311999999999999922e+01,-1.028649148361369470e+01,-1.350696595800417299e+02,2.968158437357304180e+01,-1.415261521953588186e+01
1.313000000000000078e+01,-1.029845652768635844e+01,-1.361840581001653163e+02,2.954570153752578676e+01,-1.378757361429764572e+01
1.314000000000000057e+01,-1.031053873137380350e+01,-1.372987386054178103e+02,2.941490169615864403e+01,-1.342310580833494527e+01
1.315000000000000036e+01,-1.032275477779887751e+01,-1.384137261814096860e+02,2.928914700947174055e+01,-1.305920091933372085e+01
1.316000000000000014e+01,-1.033512188395277676e+01,-1.395290530735483969e+02,2.916840254740717597e+01,-1.269584595779264724e+01
1.316999999999999993e+01,-1.034765851060850039e+01,-1.406447586702619788e+02,2.905263785010953725e+01,-1.233302535776136644e+01
1.317999999999999972e+01,-1.036038506438159423e+01,-1.417608878325141575e+02,2.894182865700044616e+01,-1.197072114966860923e+01
1.318999999999999950e+01,-1.037332451541365153e+01,-1.428774876230504844e+02,2.883595859226959846e+01,-1.160891380605620782e+01
1.319999999999999929e+01,-1.038650285850403421e+01,-1.439946026327634740e+02,2.873502059306513345e+01,-1.124758372685107766e+01
1.321000000000000085e+01,-1.039994935583690783e+01,-1.451122692333745192e+02,2.863901788373636847e+01,-1.088671326864271194e+01
1.322000000000000064e+01,-1.041369651505297611e+01,-1.462305091948507823e+02,2.854796433367386399e+01,-1.052628916734824926e+01
1.323000000000000043e+01,-1.042777977619644503e+01,-1.473493231836633868e+02,2.846188408499861566e+01,-1.016630516017691299e+01
1.324000000000000021e+01,-1.044223690358922774e+01,-1.484686846975870367e+02,2.838081039580291076e+01,-9.806764584571732613e+00
1.325000000000000000e+01,-1.045710710228053664e+01,-1.495885349904681618e+02,2.830478371020374695e+01,-9.447682721259848648e+00
1.325999999999999979e+01,-1.047242990163326937e+01,-1.507087794956428581e+02,2.823384903300698312e+01,-9.089088656749630957e+00
1.326999999999999957e+01,-1.048824386912696127e+01,-1.518292861720288442e+02,2.816805274908062273e+01,-8.731026467177546380e+00
1.327999999999999936e+01,-1.050458523403336386e+01,-1.529498860778346341e+02,2.810743908068843666e+01,-8.373555568526111159e+00
1.328999999999999915e+01,-1.052148651200178087e+01,-1.540703763312512251e+02,2.805204641584590064e+01,-8.016750134840506803e+00
1.330000000000000071e+01,-1.053897522688039956e+01,-1.551905254552540896e+02,2.800190376401596026e+01,-7.660697552074444694e+00
1.331000000000000050e+01,-1.055707282481613518e+01,-1.563100809355666172e+02,2.795702760017793409e+01,-7.305495945856766760e+00
1.332000000000000028e+01,-1.057579386777540087e+01,-1.574287786582860633e+02,2.791741934383043144e+01,-6.951250891660853526e+00
1.333000000000000007e+01,-1.059514557948464564e+01,-1.585463537475597207e+02,2.788306368652992617e+01,-6.598071480529745791e+00
1.333999999999999986e+01,-1.061512779717321209e+01,-1.596625522040854719e+02,2.785392793210754547e+01,-6.246065967940561237e+00
1.334999999999999964e+01,-1.063573335852876944e+01,-1.607771426606730643e+02,2.782996245087252873e+01,-5.895337273537646361e+00
1.335999999999999943e+01,-1.065694892635261581e+01,-1.618899275282849715e+02,2.781110227695571879e+01,-5.545978622188488139e+00
1.336999999999999922e+01,-1.067875622516099021e+01,-1.630007528092142763e+02,2.779726980122127955e+01,-5.198069620092313770e+00
1.338000000000000078e+01,-1.070113363620409608e+01,-1.641095159050555594e+02,2.778837843604587121e+01,-4.851673042709678363e+00
1.339000000000000057e+01,-1.072405807190128613e+01,-1.652161708446733428e+02,2.778433705798650522e+01,-4.506832574628039545e+00
1.340000000000000036e+01,-1.074750702932286117e+01,-1.663207304971772942e+02,2.778505497499633492e+01,-4.163571687024600898e+00
1.341000000000000014e+01,-1.077146070672022837e+01,-1.674232655096711824e+02,2.779044712089174141e+01,-3.821893769298054799e+00
1.341999999999999993e+01,-1.079590405856348134e+01,-1.685238999089791605e+02,2.780043915483634009e+01,-3.481783552053564712e+00
1.342999999999999972e+01,-1.082082866402149435e+01,-1.696228035180856750e+02,2.781497214010710906e+01,-3.143209774163859382e+00
1.343999999999999950e+01,-1.084623429171745812e+01,-1.707201815473208342e+02,2.783400649531613524e+01,-2.806128962931617732e+00
1.344999999999999929e+01,-1.087213005970776258e+01,-1.718162619124264552e+02,2.785752495194604350e+01,-2.470490119452800393e+00
1.346000000000000085e+01,-1.089853511312728962e+01,-1.729112809921522569e+02,2.788553431224376311e+01,-2.136240036859229807e+00
1.347000000000000064e+01,-1.092547877136325063e+01,-1.740054686542847548e+02,2.791806587736814294e+01,-1.803328932211890168e+00
1.348000000000000043e+01,-1.095300013000863437e+01,-1.750990334414591700e+02,2.795517450208595989e+01,-1.471716047214098655e+00
1.349000000000000021e+01,-1.098114713787882835e+01,-1.761921488110126290e+02,2.799693632319943859e+01,-1.141374870918878459e+00
1.350000000000000000e+01,-1.100997520356285442e+01,-1.772849412654072694e+02,2.804344529776254902e+01,-8.122976597354913952e-01
1.350999999999999979e+01,-1.103954541688670687e+01,-1.783774810948702623e+02,2.809480876757719514e+01,-4.844989750178770871e-01
1.351999999999999957e+01,-1.106992249610358314e+01,-1.794697762896763322e+02,2.815114233261298082e+01,-1.580180233443346793e-01
1.352999999999999936e+01,-1.110117258983503419e+01,1.794382300227093765e+02,2.821256436306303783e+01,1.670803351899760314e-01
1.353999999999999915e+01,-1.113336107256071905e+01,1.783466584867264828e+02,2.827919050433130721e+01,4.907059553138499175e-01
1.355000000000000071e+01,-1.116655047319452621e+01,1.772556888803719914e+02,2.835112852954222618e+01,8.127451025773232418e-01
1.356000000000000050e+01,-1.120079866801561685e+01,1.761655522644798566e+02,2.842847387007615012e+01,1.133063337248679359e+00
1.357000000000000028e+01,-1.123615745253505338e+01,1.750765204624413229e+02,2.851130610769928708e+01,1.451509364622926235e+00
1.358000000000000007e+01,-1.127267158286883486e+01,1.739888935871052809e+02,2.859968664513442249e+01,1.767919563132881899e+00
1.358999999999999986e+01,-1.131037834734946657e+01,1.729029864611148923e+02,2.869365768973311503e+01,2.082122853770165705e+00
1.359999999999999964e+01,-1.134930769524259375e+01,1.718191148541880295e+02,2.879324259259815122e+01,2.393945549069115941e+00
1.360999999999999943e+01,-1.138948291354978437e+01,1.707375824808563607e+02,2.889844748909129990e+01,2.703215819285779808e+00
1.361999999999999922e+01,-1.143092180710881145e+01,1.696586696630827760e+02,2.900926409254255134e+01,3.009767437880856988e+00
1.363000000000000078e+01,-1.147363830370402127e+01,1.685826244653198671e+02,2.912567340753290424e+01,3.313442516855823694e+00
1.364000000000000057e+01,-1.151764437677298858e+01,1.675096569595180824e+02,2.924765005837565823e+01,3.614093012189012022e+00
1.365000000000000036e+01,-1.156295215546984601e+01,1.664399370822310118e+02,2.937516687762131795e+01,3.911580866339636753e+00
1.366000000000000014e+01,-1.160957607695726246e+01,1.653735963162577605e+02,2.950819937265446313e+01,4.205776753000781021e+00
1.366999999999999993e+01,-1.165753493007887265e+01,1.643107331788999943e+02,2.964672968834979727e+01,4.496557492429845482e+00
1.367999999999999972e+01,-1.170685364369589543e+01,1.632514222437563376e+02,2.979074971112017423e+01,4.783802306577250363e+00
1.368999999999999950e+01,-1.175756468700726209e+01,1.621957261800077106e+02,2.994026301339421181e+01,5.067388174567254211e+00
1.369999999999999929e+01,-1.180970897246067253e+01,1.611437100793391721e+02,3.009528541449381933e+01,5.347184623976105833e+00
1.371000000000000085e+01,-1.186333618305631887e+01,1.600954571716165731e+02,3.025584402910944348e+01,5.623048345891497490e+00
1.372000000000000064e+01,-1.191850448295906162e+01,1.590510849190080478e+02,3.042197478162967528e+01,5.894818047518864290e+00
1.373000000000000043e+01,-1.197527961090712978e+01,1.580107604333277607e+02,3.059371847599136984e+01,6.162309952582162964e+00
1.374000000000000021e+01,-1.203373339715285439e+01,1.569747141870828671e+02,3.077111561846866294e+01,6.425314326539385945e+00
1.375000000000000000e+01,-1.209394178377127815e+01,1.559432510839571080e+02,3.095420028708841542e+01,6.683593342450255825e+00
1.375999999999999979e+01,-1.215598246244460867e+01,1.549167581131429472e+02,3.114299341899728191e+01,6.936880518011135699e+00
1.376999999999999957e+01,-1.221993227098412760e+01,1.538957080236221771e+02,3.133749594022444640e+01,7.184881850355964161e+00
1.377999999999999936e+01,-1.228586450812402120e+01,1.528806587052443149e+02,3.153768218663959289e+01,7.427278659657386761e+00
1.378999999999999915e+01,-1.235384633437200819e+01,1.518722482372795071e+02,3.174349405814172442e+01,7.663732033141781308e+00
1.380000000000000071e+01,-1.242393642445138902e+01,1.508711858451205217e+02,3.195483630993500412e+01,7.893888646024501909e+00
1.381000000000000050e+01,-1.249618302425449201e+01,1.498782392751105306e+02,3.217157331690921751e+01,8.117387633173748895e+00
1.382000000000000028e+01,-1.257062254294996961e+01,1.488942193405162300e+02,3.239352755337012013e+01,8.333868102463286576e+00
1.383000000000000007e+01,-1.264727878012145545e+01,1.479199625942995908e+02,3.262047991621660969e+01,8.542976824259589819e+00
1.383999999999999986e+01,-1.272616285013550907e+01,1.469563132346949033e+02,3.285217189225397760e+01,8.744375606294990888e+00
1.384999999999999964e+01,-1.280727382324518437e+01,1.460041054379712477e+02,3.308830943804712632e+01,8.937747872512618486e+00
1.385999999999999943e+01,-1.289060005741970549e+01,1.450641473321069839e+02,3.332856831277634058e+01,9.122804009354975818e+00
1.386999999999999922e+01,-1.297612114897379776e+01,1.441372077712049418e+02,3.357260049049584438e+01,9.299285122021471395e+00
1.388000000000000078e+01,-1.306381038636563829e+01,1.432240069425126023e+02,3.382004118722809238e+01,9.466964952454782534e+00
1.389000000000000057e+01,-1.315363755275391178e+01,1.423252116387992601e+02,3.407051597863171821e+01,9.625649843725515353e+00
1.390000000000000036e+01,-1.324557189176409011e+01,1.414414357660555197e+02,3.432364746194788552e+01,9.775176783181903417e+00
1.391000000000000014e+01,-1.333958502990604345e+01,1.405732463420523857e+02,3.457906093540980663e+01,9.915409708563117874e+00
1.391999999999999993e+01,-1.343565364032983389e+01,1.397211748921544654e+02,3.483638863009431930e+01,1.004623440541731760e+01
1.392999999999999972e+01,-1.353376163753772587e+01,1.388857337859340646e+02,3.509527213061527107e+01,1.016755244869472996e+01
1.393999999999999950e+01,-1.363390171188602196e+01,1.380674367057237930e+02,3.535536275599211820e+01,1.027927473521401325e+01
1.394999999999999929e+01,-1.373607604573559016e+01,1.372668221216401321e+02,3.561631983115541544e+01,1.038131520773476169e+01
1.396000000000000085e+01,-1.384029609837903685e+01,1.364844783913246999e+02,3.587780695107434781e+01,1.047358537936470135e+01
1.397000000000000064e+01,-1.394658140175148553e+01,1.357210689279503129e+02,3.613948651002118595e+01,1.055599022631737327e+01
1.398000000000000043e+01,-1.405495736990164879e+01,1.349773558026823821e+02,3.640101292417548251e+01,1.062842592890643800e+01
1.399000000000000021e+01,-1.416545218816481011e+01,1.342542201766271717e+02,3.666202510347345367e+01,1.069077981030137359e+01
1.400000000000000000e+01,-1.427809290860636970e+01,1.335526780931232338e+02,3.692213881700290301e+01,1.074293265880914205e+01
1.400999999999999979e+01,-1.439290093242276747e+01,1.328738903971618299e+02,3.718093963676896863e+01,1.078476343402651239e+01
1.401999999999999957e+01,-1.450988710388638125e+01,1.322191658708168518e+02,3.743797713221439949e+01,1.081615616401213131e+01
1.402999999999999936e+01,-1.462904667113776469e+01,1.315899570625764170e+02,3.769276092132944456e+01,1.083700865459715956e+01
1.403999999999999915e+01,-1.475035438451989656e+01,1.309878487214677136e+02,3.794475906647843289e+01,1.084724246810226944e+01
1.405000000000000071e+01,-1.487376000197441073e+01,1.304145391989495977e+02,3.819339914126302915e+01,1.084681350100722419e+01
1.406000000000000050e+01,-1.499918445282365909e+01,1.298718156271438318e+02,3.843807209961239124e+01,1.083572241041520989e+01
1.407000000000000028e+01,-1.512651687635465869e+01,1.293615240956219452e+02,3.867813886386718991e+01,1.081402411623168014e+01
1.408000000000000007e+01,-1.525561270095553468e+01,1.288855364054021209e+02,3.891293933131849769e+01,1.078183564468097622e+01
1.408999999999999986e+01,-1.538629286480339076e+01,1.284457152533008752e+02,3.914180329623540899e+01,1.073934167918862492e+01
1.409999999999999964e+01,-1.551834420268066239e+01,1.280438798679276431e+02,3.936406261459843137e+01,1.068679734174403428e+01
1.410999999999999943e+01,-1.565152093879865447e+01,1.276817741571322102e+02,3.957906381778919069e+01,1.062452793134341000e+01
1.411999999999999922e+01,-1.578554713703206147e+01,1.273610393151149083e+02,3.978618032240385816e+01,1.055292558089415955e+01
1.413000000000000078e+01,-1.592011987350461411e+01,1.270831925603055481e+02,3.998482339455360801e+01,1.047244304107327117e+01
1.414000000000000057e+01,-1.605491281901521461e+01,1.268496132260424787e+02,4.017445111090521692e+01,1.038358503774223074e+01
1.415000000000000036e+01,-1.618957985836468438e+01,1.266615368114125033e+02,4.035457471109344141e+01,1.028689785683638824e+01
1.416000000000000014e+01,-1.632375833864207237e+01,1.265200568423288274e+02,4.052476194606922633e+01,1.018295796714921586e+01
1.416999999999999993e+01,-1.645707153692553959e+01,1.264261335353791509e+02,4.068463727748394376e+01,1.007236058098790465e+01
1.417999999999999972e+01,-1.658912997614503126e+01,1.263806073611740572e+02,4.083387905289993824e+01,9.955709064888226933e+00
1.418999999999999950e+01,-1.671953129984602526e+01,1.263842147493173798e+02,4.097221404642376541e+01,9.833606044109341582e+00
1.419999999999999929e+01,-1.684785854247921932e+01,1.264376024553756679e+02,4.109940999014724383e+01,9.706646899619505220e+00
1.421000000000000085e+01,-1.697367679735014789e+01,1.265413366173859231e+02,4.121526690659022307e+01,9.575416146163918896e+00
1.422000000000000064e+01,-1.709652848055784702e+01,1.266959023567559370e+02,4.131960816862873997e+01,9.440486922320264540e+00
1.423000000000000043e+01,-1.721592760256999455e+01,1.269016900027894081e+02,4.141227224957398789e+01,9.302423540270389424e+00
1.424000000000000021e+01,-1.733135367194278942e+01,1.271589646949377652e+02,4.149310607763227665e+01,9.161786758875711811e+00
1.425000000000000000e+01,-1.744224604723141425e+01,1.274678172646627559e+02,4.156196077870879435e+01,9.019141183354308922e+00
1.425999999999999979e+01,-1.754799970026024880e+01,1.278280959034809712e+02,4.161869038931405385e+01,8.875063981401270397e+00
1.426999999999999957e+01,-1.764796343245405907e+01,1.282393201239106020e+02,4.166315386326862580e+01,8.730153958270287617e+00
1.427999999999999936e+01,-1.774144157230925245e+01,1.287005808010847261e+02,4.169522040303276356e+01,8.585039966137543388e+00
1.428999999999999915e+01,-1.782770005572865912e+01,1.292104324696448998e+02,4.171477784317808357e+01,8.440387643535228079e+00
1.430000000000000071e+01,-1.790597753782578039e+01,1.297667863032601190e+02,4.172174352561206945e+01,8.296903589109932753e+00
1.431000000000000050e+01,-1.797550180227032968e+01,1.303668140231626751e+02,4.171607685890118233e+01,8.155336263216954151e+00
1.432000000000000028e+01,-1.803551123648766108e+01,1.310068740288621996e+02,4.169779256988981331e+01,8.016473166542262163e+00
1.433000000000000007e+01,-1.808528056411532248e+01,1.316824709848182522e+02,4.166697355243530154e+01,7.881134146321366885e+00
1.433999999999999986e+01,-1.812414943014771751e+01,1.323882586691252357e+02,4.162378220640006532e+01,7.750161002347617512e+00
1.434999999999999964e+01,-1.815155190027149956e+01,1.331180929859013702e+02,4.156846924293524381e+01,7.624403878789226319e+00
1.435999999999999943e+01,-1.816704455600428147e+01,1.338651377854828297e+02,4.150137910370406047e+01,7.504705205868328122e+00
1.436999999999999922e+01,-1.817033072722685461e+01,1.346220209253169742e+02,4.142295138773059193e+01,7.391882172507918902e+00
1.438000000000000078e+01,-1.816127856202185242e+01,1.353810324974914181e+02,4.133371797847907203e+01,7.286708847537754608e+00
1.439000000000000057e+01,-1.813993110231207950e+01,1.361343521684737539e+02,4.123429588896470221e+01,7.189899110908437585e+00
1.440000000000000036e+01,-1.810650726716538017e+01,1.368742889478969857e+02,4.112537616521662187e+01,7.102091504563404989e+00
1.441000000000000014e+01,-1.806139354449849321e+01,1.375935150658825421e+02,4.100770948008681671e+01,7.023836971182386257e+00
1.441999999999999993e+01,-1.800512712152760031e+01,1.382852762876296140e+02,4.088208928571615530e+01,6.955590232259758920e+00
1.442999999999999972e+01,-1.793837200359022788e+01,1.389435638049229453e+02,4.074933355544132496e+01,6.897705285651974272e+00
1.443999999999999950e+01,-1.786189026345920183e+01,1.395632373053806248e+02,4.061026622367759842e+01,6.850435201572405042e+00
1.444999999999999929e+01,-1.777651086057279173e+01,1.401400941661099466e+02,4.046569942252607888e+01,6.813936090999176187e+00
1.446000000000000085e+01,-1.768309846076147807e+01,1.406708851120411339e+02,4.031641752147862690e+01,6.788274836359357245e+00
1.447000000000000064e+01,-1.758252441292277268e+01,1.411532813908442847e+02,4.016316381307796490e+01,6.773439932376510875e+00
1.448000000000000043e+01,-1.747564157552812603e+01,1.415858020444848080e+02,4.000663046912862342e+01,6.769354601520731762e+00
1.449000000000000021e+01,-1.736326412249880491e+01,1.419677119757445212e+02,3.984745213842601430e+01,6.775891234155858811e+00
1.450000000000000000e+01,-1.724615287926440388e+01,1.422989022397003112e+02,3.968620328859761059e+01,6.792886162916097703e+00
1.450999999999999979e+01,-1.712500621210845253e+01,1.425797635387725393e+02,3.952339913175179476e+01,6.820153813094806949e+00
1.451999999999999957e+01,-1.700045606029778611e+01,1.428110625650535894e+02,3.935949973472612129e+01,6.857499369906903119e+00
1.452999999999999936e+01,-1.687306838166536949e+01,1.429938289364947650e+02,3.919491671560991364e+01,6.904729259183532086e+00
1.453999999999999915e+01,-1.674334708117446624e+01,1.431292583057366699e+02,3.903002178122754628e+01,6.961658936889467242e+00
1.455000000000000071e+01,-1.661174039951852066e+01,1.432186350180684258e+02,3.886515627370477688e+01,7.028117708982897227e+00
1.456000000000000050e+01,-1.647864873940542196e+01,1.432632756329142012e+02,3.870064087202950986e+01,7.103950539403053988e+00
1.457000000000000028e+01,-1.634443298250635479e+01,1.432644928206621842e+02,3.853678463604880733e+01,7.189017033016722458e+00
1.458000000000000007e+01,-1.620942248137693298e+01,1.432235776787434531e+02,3.837389268048524116e+01,7.283187985662737063e+00
1.458999999999999986e+01,-1.607392207992761612e+01,1.431417974181986779e+02,3.821227191605834861e+01,7.386340060599953183e+00
1.459999999999999964e+01,-1.593821770631404355e+01,1.430204046684588093e+02,3.805223448091404492e+01,7.498349268325874561e+00
1.460999999999999943e+01,-1.580258027781686891e+01,1.428606543247016987e+02,3.789409869300678224e+01,7.619083987572186523e+00
1.461999999999999922e+01,-1.566726784443456211e+01,1.426638238897704980e+02,3.773818756630056015e+01,7.748398266485769348e+00
1.463000000000000078e+01,-1.553252606460973695e+01,1.424312335938623733e+02,3.758482513414886483e+01,7.886126086550220293e+00
1.464000000000000057e+01,-1.539858724350701813e+01,1.421642631481864498e+02,3.743433099694117061e+01,8.032077164049468365e+00
1.465000000000000036e+01,-1.526566826535519716e+01,1.418643627313481659e+02,3.728701364565949206e+01,8.186034715088744917e+00
1.466000000000000014e+01,-1.513396781371464606e+01,1.415330566438865390e+02,3.714316319952109069e+01,8.347755433278035042e+00
1.466999999999999993e+01,-1.500366329747278726e+01,1.411719389238167821e+02,3.700304422963763074e+01,8.516971738759655963e+00
1.467999999999999972e+01,-1.487490788905180494e+01,1.407826610294655723e+02,3.686688932105678873e+01,8.693396168200884233e+00
1.468999999999999950e+01,-1.474782803995643476e+01,1.403669124130802288e+02,3.673489395605241015e+01,8.876727601737348650e+00
1.469999999999999929e+01,-1.462252177396033659e+01,1.399263953916539265e+02,3.660721318898689702e+01,9.066658876955937529e+00
1.471000000000000085e+01,-1.449905797700270327e+01,1.394627961470723392e+02,3.648396043700179803e+01,9.262885231611479142e+00
1.472000000000000064e+01,-1.437747681228329633e+01,1.389777539457593036e+02,3.636520854271314107e+01,9.465112952717596784e+00
1.473000000000000043e+01,-1.425779129563646386e+01,1.384728307591388727e+02,3.625099308754533212e+01,9.673067593537645337e+00
1.474000000000000021e+01,-1.413998997587917295e+01,1.379494833993273346e+02,3.614131776020614950e+01,9.886501152149016036e+00
1.475000000000000000e+01,-1.402404058256277963e+01,1.374090400746088108e+02,3.603616142653526566e+01,1.010519768278559205e+01
1.475999999999999979e+01,-1.390989443374327195e+01,1.368526829365371213e+02,3.593548641579559444e+01,1.032897692819119229e+01
1.476999999999999957e+01,-1.379749134265749788e+01,1.362814377592422090e+02,3.583924744389449302e+01,1.055769570916488753e+01
1.477999999999999936e+01,-1.368676472737968197e+01,1.356961713900951736e+02,3.574740054296404423e+01,1.079124697556808954e+01
1.478999999999999915e+01,-1.357764661359241387e+01,1.350975970713683694e+02,3.565991136318903898e+01,1.102955659893484963e+01
1.480000000000000071e+01,-1.347007222836653284e+01,1.344862871900748758e+02,3.557676225726184072e+01,1.127257815736720836e+01
1.481000000000000050e+01,-1.336398391185270285e+01,1.338626925043885194e+02,3.549795764733291037e+01,1.152028611568182370e+01
1.482000000000000028e+01,-1.325933412211430173e+01,1.332271664558948316e+02,3.542352730223485935e+01,1.177266792606710943e+01
1.483000000000000007e+01,-1.315608737256731153e+01,1.325799928394154676e+02,3.535352730946755884e+01,1.202971565732767978e+01
1.483999999999999986e+01,-1.305422101689722680e+01,1.319214148916279896e+02,3.528803869994312947e+01,1.229141779764270304e+01
1.484999999999999964e+01,-1.295372487717067500e+01,1.312516637915017839e+02,3.522716386049444282e+01,1.255775186385416120e+01
1.485999999999999943e+01,-1.285459979093808869e+01,1.305709846436855628e+02,3.517102103606860908e+01,1.282867839064753390e+01
1.486999999999999922e+01,-1.275685522634030988e+01,1.298796582318665855e+02,3.511973736776762678e+01,1.310413677042449088e+01
1.488000000000000078e+01,-1.266050617520172139e+01,1.291780171633255918e+02,3.507344102378345241e+01,1.338404327718776088e+01
1.489000000000000057e+01,-1.256556957861353041e+01,1.284664554496429218e+02,3.503225304990421307e+01,1.366829144593505774e+01
1.490000000000000036e+01,-1.247206056492776227e+01,1.277454310474125521e+02,3.499627958999553101e+01,1.395675480493757803e+01
1.491000000000000014e+01,-1.237998878535126757e+01,1.270154613802517076e+02,3.496560510342543182e+01,1.424929178452293677e+01
1.491999999999999993e+01,-1.228935511800463942e+01,1.262771123437659924e+02,3.494028713793818497e+01,1.454575246489902263e+01
1.492999999999999972e+01,-1.220014897925669572e+01,1.255309817268622510e+02,3.492035310805975712e+01,1.484598668830484947e+01
1.493999999999999950e+01,-1.211234643427304647e+01,1.247776783399021383e+02,3.490579938840016894e+01,1.514985295674119392e+01
1.494999999999999929e+01,-1.202590924061391320e+01,1.240177984031927565e+02,3.489659286785569492e+01,1.545722747287873666e+01
1.496000000000000085e+01,-1.194078489337923976e+01,1.232519009056295545e+02,3.489267493578186219e+01,1.576801266297302284e+01
1.497000000000000064e+01,-1.185690767197190354e+01,1.224804836866042876e+02,3.489396769661560427e+01,1.608214454846508445e+01
1.498000000000000043e+01,-1.177420062117802146e+01,1.217039619243682012e+02,3.490038204725475879e+01,1.639959840611059860e+01
1.499000000000000021e+01,-1.169257833696248206e+01,1.209226505363758690e+02,3.491182711332990607e+01,1.672039227061019062e+01
1.500000000000000000e+01,-1.161195037389955331e+01,1.201367517225886701e+02,3.492822043663228726e+01,1.704458798156205646e+01
1.500999999999999979e+01,-1.153222504989314601e+01,1.193463485277134311e+02,3.494949824467227728e+01,1.737228964815530929e+01
1.501999999999999957e+01,-1.145331339758881306e+01,1.185514048844828778e+02,3.497562512009972835e+01,1.770363958831467954e+01
1.502999999999999936e+01,-1.137513300266322069e+01,1.177517721537389406e+02,3.500660242458203442e+01,1.803881198055402280e+01
1.503999999999999915e+01,-1.129761147797789533e+01,1.169472017283160596e+02,3.504247491692461836e+01,1.837800463281641328e+01
1.505000000000000071e+01,-1.122068934915181160e+01,1.161373628484691949e+02,3.508333513306888563e+01,1.872142941007371775e+01
1.506000000000000050e+01,-1.114432216979982826e+01,1.153218644181095556e+02,3.512932525683775964e+01,1.906930196045727399e+01
1.507000000000000028e+01,-1.106848174053131117e+01,1.145002793413452622e+02,3.518063639278062027e+01,1.942183143015530433e+01
1.508000000000000007e+01,-1.099315637060726836e+01,1.136721697391491261e+02,3.523750534216713248e+01,1.977921085611529506e+01
1.508999999999999986e+01,-1.091835018990899009e+01,1.128371113690483583e+02,3.530020916550243726e+01,2.014160887270925215e+01
1.509999999999999964e+01,-1.084408158615451967e+01,1.119947156587663812e+02,3.536905797592450540e+01,2.050916326815403323e+01
1.510999999999999943e+01,-1.077038090286255034e+01,1.111446479692868365e+02,3.544438653544365536e+01,2.088197678647502542e+01
1.511999999999999922e+01,-1.069728758280744074e+01,1.102866410054578097e+02,3.552654531096166579e+01,2.126011540197611893e+01
1.513000000000000078e+01,-1.062484697613343343e+01,1.094205026671489946e+02,3.561589168351313361e+01,2.164360910817250172e+01
1.514000000000000057e+01,-1.055310704975534541e+01,1.085461180500399507e+02,3.571278199010144050e+01,2.203245507553983629e+01
1.515000000000000036e+01,-1.048211523449835170e+01,1.076634457298790295e+02,3.581756501430845674e+01,2.242662285551966761e+01
1.516000000000000014e+01,-1.041191562933909154e+01,1.067725088660134247e+02,3.593057743432601114e+01,2.282606115431320859e+01
1.516999999999999993e+01,-1.034254675003811030e+01,1.058733820114353676e+02,3.605214159279552888e+01,2.323070557959589877e+01
1.517999999999999972e+01,-1.027403996525773877e+01,1.049661747952211073e+02,3.618256578167917326e+01,2.364048668459446034e+01
1.518999999999999950e+01,-1.020641871042653648e+01,1.040510138329622123e+02,3.632214704884002288e+01,2.405533760254753162e+01
1.519999999999999929e+01,-1.013969851197152039e+01,1.031280243122590292e+02,3.647117634357945803e+01,2.447520058299615897e+01
1.521000000000000085e+01,-1.007388779602299600e+01,1.021973126906510885e+02,3.662994563895723843e+01,2.490003180907662639e+01
1.522000000000000064e+01,-1.000898940011501992e+01,1.012589518356842575e+02,3.679875651181728102e+01,2.532980398830195412e+01
1.523000000000000043e+01,-9.945002657308318561e+00,1.003129697400076594e+02,3.697792953848057351e+01,2.576450636132242522e+01
1.524000000000000021e+01,-9.881925882665136385e+00,9.935934267242625140e+01,3.716781378450952644e+01,2.620414195408080360e+01
1.525000000000000000e+01,-9.819759064633720058e+00,9.839799329708974085e+01,3.736879563756087208e+01,2.664872209650280865e+01
1.525999999999999979e+01,-9.758506550472660024e+00,9.742879392973584629e+01,3.758130625649165779e+01,2.709825843151971014e+01
1.526999999999999957e+01,-9.698179516268188749e+00,9.645157472684212507e+01,3.780582698706327704e+01,2.755275282740032239e+01
1.527999999999999936e+01,-9.638798028313289024e+00,9.546613624673209131e+01,3.804289222032126361e+01,2.801218577002190102e+01
1.528999999999999915e+01,-9.580392532480951573e+00,9.447226550640753828e+01,3.829308933576229634e+01,2.847650393754535969e+01
1.530000000000000071e+01,-9.523004649586960468e+00,9.346975440689887193e+01,3.855705556636747389e+01,2.894560773828919409e+01
1.531000000000000050e+01,-9.466687204524877330e+00,9.245841923124989137e+01,3.883547183289714155e+01,2.941933961732675584e+01
1.532000000000000028e+01,-9.411503471451302616e+00,9.143811984455578568e+01,3.912905380591489291e+01,2.989747390623986689e+01
1.533000000000000007e+01,-9.357525672429163777e+00,9.040877724895565848e+01,3.943854065133989906e+01,3.037970890532735879e+01
1.533999999999999986e+01,-9.304832818660518257e+00,8.937038826448431905e+01,3.976468208565977847e+01,3.086566175377176080e+01
1.534999999999999964e+01,-9.253508028098700322e+00,8.832303630828985774e+01,4.010822449901861830e+01,3.135486646920339382e+01
1.535999999999999943e+01,-9.203635487865721387e+00,8.726689751296390796e+01,4.046989698957888493e+01,3.184677533437104202e+01
1.536999999999999922e+01,-9.155297252459210000e+00,8.620224173850688487e+01,4.085039818499327424e+01,3.234076358731645939e+01
1.538000000000000078e+01,-9.108570078170918904e+00,8.512942836871360441e+01,4.125038470348764008e+01,3.283613714536662087e+01
1.539000000000000057e+01,-9.063522490392875497e+00,8.404889711836383981e+01,4.167046202771691554e+01,3.333214287554756794e+01
1.540000000000000036e+01,-9.020212264379201983e+00,8.296115439137132341e+01,4.211117843156250728e+01,3.382798072760682828e+01
1.541000000000000014e+01,-8.978684473076452122e+00,8.186675600369278527e+01,4.257302241841131263e+01,3.432281688326304447e+01
1.541999999999999993e+01,-8.938970219855773891e+00,8.076628730383268362e+01,4.305642390688043264e+01,3.481579695831771204e+01
1.542999999999999972e+01,-8.901086131722632189e+00,7.966034187774037889e+01,4.356175914688350304e+01,3.530605823328249215e+01
1.543999999999999950e+01,-8.865034642358992301e+00,7.854950010702771124e+01,4.408935907874897708e+01,3.579273989168873271e+01
1.544999999999999929e+01,-8.830805046745030751e+00,7.743430885680267295e+01,4.463952057674975293e+01,3.627499031878669911e+01
1.546000000000000085e+01,-8.798375262673268082e+00,7.631526350227828459e+01,4.521251976407279471e+01,3.675197065861816981e+01
1.547000000000000064e+01,-8.767714191711165839e+00,7.519279336528917668e+01,4.580862636828365453e+01,3.722285404123586261e+01
1.548000000000000043e+01,-8.738784535453211433e+00,7.406725142972766207e+01,4.642811792381960601e+01,3.768682016546974722e+01
1.549000000000000021e+01,-8.711545894406496515e+00,7.293890894882112264e+01,4.707129253808994207e+01,3.814304524166174559e+01
1.550000000000000000e+01,-8.685957958428952352e+00,7.180795526056165556e+01,4.773847893356830241e+01,3.859068764356464953e+01
1.550999999999999979e+01,-8.661983590695003343e+00,7.067450280704500187e+01,4.843004256739116897e+01,3.902886996542168419e+01
1.551999999999999957e+01,-8.639591612496928974e+00,6.953859702804160747e+01,4.914638681311496526e+01,3.945665850320727941e+01
1.552999999999999936e+01,-8.618759113852922482e+00,6.840023048962464713e+01,4.988794845948623902e+01,3.987304145214702800e+01
1.553999999999999915e+01,-8.599473144088701559e+00,6.725936033593065133e+01,5.065518712419160607e+01,4.027690731233229116e+01
1.555000000000000071e+01,-8.581731675606196319e+00,6.611592793548562952e+01,5.144856857600737499e+01,4.066702510134233961e+01
1.556000000000000050e+01,-8.565543780491266190e+00,6.496987944902606671e+01,5.226854238125812913e+01,4.104202797401054426e+01
1.557000000000000028e+01,-8.550929010309713973e+00,6.382118598440131763e+01,5.311551471178409400e+01,4.140040173870605855e+01
1.558000000000000007e+01,-8.537916020922578397e+00,6.266986203082880991e+01,5.398981754257615506e+01,4.174047953774295650e+01
1.558999999999999986e+01,-8.526540532831925034e+00,6.151598097768884088e+01,5.489167579936853514e+01,4.206044363502616790e+01
1.559999999999999964e+01,-8.516842760132213641e+00,6.035968671390569540e+01,5.582117426345453737e+01,4.235833484157724627e+01
1.560999999999999943e+01,-8.508864474768316200e+00,5.920120055879934284e+01,5.677822617975964903e+01,4.263206963026772911e+01
1.561999999999999922e+01,-8.502645895433648349e+00,5.804082307614166325e+01,5.776254552600381942e+01,4.287946447159644947e+01
1.563000000000000078e+01,-8.498222600831136120e+00,5.687893064945541255e+01,5.877362477251461570e+01,4.309826639502421841e+01
1.564000000000000057e+01,-8.495622664829088677e+00,5.571596702727513417e+01,5.981071968802685745e+01,4.328618828214852954e+01
1.565000000000000036e+01,-8.494864196696845227e+00,5.455243036190724837e+01,6.087284232996741196e+01,4.344094696980624093e+01
1.566000000000000014e+01,-8.495953444230476492e+00,5.338885654587717511e+01,6.195876281326064827e+01,4.356030192560792358e+01
1.566999999999999993e+01,-8.498883582830854877e+00,5.222579988146780750e+01,6.306701980776938399e+01,4.364209209649423116e+01
1.567999999999999972e+01,-8.503634271532719779e+00,5.106381228814413475e+01,6.419593901387857215e+01,4.368426855763509309e+01
1.568999999999999950e+01,-8.510172009931117998e+00,4.990342235128330373e+01,6.534365816459357745e+01,4.368492082774933039e+01
1.569999999999999929e+01,-8.518451280448942953e+00,4.874511553777123396e+01,6.650815646747709309e+01,4.364229517370227995e+01
1.571000000000000085e+01,-8.528416411093889593e+00,4.758931684727644296e+01,6.768728590211864571e+01,4.355480388600162911e+01
1.572000000000000064e+01,-8.540004047513624741e+00,4.643637703353530810e+01,6.887880149662298379e+01,4.342102532664598868e+01
1.573000000000000043e+01,-8.553146082522479432e+00,4.528656332273200036e+01,7.008038767531040492e+01,4.323969546653559348e+01
1.574000000000000021e+01,-8.567772858971610006e+00,4.414005528523718880e+01,7.128967803316247398e+01,4.300969255627869359e+01
1.575000000000000000e+01,-8.583816440270874537e+00,4.299694619611546642e+01,7.250426645520992963e+01,4.273001741436085865e+01
1.575999999999999979e+01,-8.601213733944820916e+00,4.185724986691302263e+01,7.372170833236972953e+01,4.239977247179668751e+01
1.576999999999999957e+01,-8.619909258574004696e+00,4.072091256791195235e+01,7.493951166746326464e+01,4.201814309422944405e+01
1.577999999999999936e+01,-8.639857363695512049e+00,3.958782931063339561e+01,7.615511902565552305e+01,4.158438474444933064e+01
1.578999999999999915e+01,-8.661023745019086562e+00,3.845786344999917361e+01,7.736588245126999652e+01,4.109781921479990530e+01
1.580000000000000071e+01,-8.683386141905897304e+00,3.733086831807437989e+01,7.856903452683519617e+01,4.055784245051108172e+01
1.581000000000000050e+01,-8.706934157623027914e+00,3.620670943681779619e+01,7.976165957145749985e+01,3.996394544099972990e+01
1.582000000000000028e+01,-8.731668201805106833e+00,3.508528579029418637e+01,8.094066945872864949e+01,3.931574835253898215e+01
1.583000000000000007e+01,-8.757597614637917971e+00,3.396654867425330337e+01,8.210278859854021505e+01,3.861304662065011684e+01
1.583999999999999986e+01,-8.784738089202100753e+00,3.285051678174573198e+01,8.324455222491157258e+01,3.785586624720385629e+01
1.584999999999999964e+01,-8.813108558076560684e+00,3.173728641839312914e+01,8.436232125691724093e+01,3.704452420419030290e+01
1.585999999999999943e+01,-8.842727749217580424e+00,3.062703605374158400e+01,8.545231569254644910e+01,3.617968878542467337e+01
1.586999999999999922e+01,-8.873610641628422613e+00,2.952002478440422450e+01,8.651066684576615273e+01,3.526243411081298973e+01
1.588000000000000078e+01,-8.905765061799149507e+00,2.841658468551179695e+01,8.753348688340585682e+01,3.429428288917307555e+01
1.589000000000000057e+01,-8.939188656710454595e+00,2.731710743342731007e+01,8.851695223969778681e+01,3.327723205444953436e+01
1.590000000000000036e+01,-8.973866458735187734e+00,2.622202596922709006e+01,8.945739578787579660e+01,3.221375701448717876e+01
1.591000000000000014e+01,-9.009769223277006134e+00,2.513179231570955352e+01,9.035140133977402854e+01,3.110679192658653847e+01
1.591999999999999993e+01,-9.046852673378747767e+00,2.404685293991160933e+01,9.119589331246315567e+01,2.995968549947114212e+01
1.592999999999999972e+01,-9.085057729363914092e+00,2.296762325108641534e+01,9.198821437881004215e+01,2.877613410950364425e+01
1.593999999999999950e+01,-9.124311738850735765e+00,2.189446292710563213e+01,9.272618466104044899e+01,2.756009625706001742e+01
1.594999999999999929e+01,-9.164530656638707029e+00,2.082765376087922959e+01,9.340813749211194761e+01,2.631569431096992417e+01
1.596000000000000085e+01,-9.205622058826124388e+00,1.976738160765072294e+01,9.403292882144890541e+01,2.504711085376874991e+01
1.597000000000000064e+01,-9.247488815145734620e+00,1.871372379476692416e+01,9.459991975955109922e+01,2.375848756953926610e+01
1.598000000000000043e+01,-9.290033192099455661e+00,1.766664303474538400e+01,9.510893426799506756e+01,2.245383442057129386e+01
1.599000000000000021e+01,-9.333161121113427328e+00,1.662598847485515918e+01,9.556019632084500870e+01,2.113695585403108268e+01
1.600000000000000000e+01,-9.376786344232858283e+00,1.559150404426774550e+01,9.595425273035642988e+01,1.981139908027861551e+01
