f_GHz,S11_dB,S11_deg,ReZin_ohm,ImZin_ohm
1.000000000000000000e+00,-4.427114466165253948e-01,-1.299481405320412364e+02,1.551397144827882491e+00,-2.332448295672595151e+01
1.010000000000000009e+00,-4.507954816189292391e-01,-1.314830864729787265e+02,1.560425977418080867e+00,-2.251399193391059583e+01
1.020000000000000018e+00,-4.597182487243759441e-01,-1.330250160625808462e+02,1.572463891670644376e+00,-2.170956220512210066e+01
1.030000000000000027e+00,-4.695051734698345580e-01,-1.345738719256896445e+02,1.587519492731505277e+00,-2.091089478995030504e+01
1.040000000000000036e+00,-4.801811975953718115e-01,-1.361295932808044427e+02,1.605604332022970260e+00,-2.011769692697657774e+01
1.050000000000000044e+00,-4.917707726997905260e-01,-1.376921161697924560e+02,1.626733089643393804e+00,-1.932968159060940039e+01
1.060000000000000053e+00,-5.042978557235991977e-01,-1.392613736845668200e+02,1.650923761887357788e+00,-1.854656703741571278e+01
1.070000000000000062e+00,-5.177859061728095069e-01,-1.408372961902792042e+02,1.678197854189954041e+00,-1.776807637976230936e+01
1.080000000000000071e+00,-5.322578849970038828e-01,-1.424198115446301358e+02,1.708580579891032070e+00,-1.699393718475447912e+01
1.090000000000000080e+00,-5.477362550355645565e-01,-1.440088453129527295e+02,1.742101065304362484e+00,-1.622388109662398037e+01
1.100000000000000089e+00,-5.642429829469914893e-01,-1.456043209787740125e+02,1.778792561662708271e+00,-1.545764348087871198e+01
1.110000000000000098e+00,-5.817995425374904439e-01,-1.472061601496060632e+02,1.818692664593110742e+00,-1.469496308867984169e+01
1.120000000000000107e+00,-6.004269194068706517e-01,-1.488142827577613332e+02,1.861843541858757334e+00,-1.393558174006266270e+01
1.129999999999999893e+00,-6.201456168317605044e-01,-1.504286072560276466e+02,1.908292170183721659e+00,-1.317924402476234036e+01
1.139999999999999902e+00,-6.409756628086354935e-01,-1.520490508080767427e+02,1.958090582057080198e+00,-1.242569701954879591e+01
1.149999999999999911e+00,-6.629366181813890480e-01,-1.536755294735134783e+02,2.011296123491680188e+00,-1.167469002111568699e+01
1.159999999999999920e+00,-6.860475857812191602e-01,-1.553079583875076253e+02,2.067971723793383454e+00,-1.092597429370654893e+01
1.169999999999999929e+00,-7.103272205091381020e-01,-1.569462519349760328e+02,2.128186178476958013e+00,-1.017930283080121967e+01
1.179999999999999938e+00,-7.357937402945027294e-01,-1.585903239193142440e+02,2.192014446547699613e+00,-9.434430130323189445e+00
1.189999999999999947e+00,-7.624649378657990528e-01,-1.602400877256972365e+02,2.259537963452135756e+00,-8.691111982970936012e+00
1.199999999999999956e+00,-7.903581932730757709e-01,-1.618954564789945323e+02,2.330844971088867013e+00,-7.949105273418548556e+00
1.209999999999999964e+00,-8.194904871041784888e-01,-1.635563431963636560e+02,2.406030866360759912e+00,-7.208167794279280116e+00
1.219999999999999973e+00,-8.498784143401747482e-01,-1.652226609346044199e+02,2.485198569844448979e+00,-6.468058072878777764e+00
1.229999999999999982e+00,-8.815381987981216749e-01,-1.668943229323747346e+02,2.568458916251472601e+00,-5.728535211044084363e+00
1.239999999999999991e+00,-9.144857081122785836e-01,-1.685712427473810067e+02,2.655931068458492916e+00,-4.989358738284015438e+00
1.250000000000000000e+00,-9.487364692076993844e-01,-1.702533343886731814e+02,2.747742956992720753e+00,-4.250288478914751700e+00
1.260000000000000009e+00,-9.843056842228931069e-01,-1.719405124441841792e+02,2.844031746971954266e+00,-3.511084433876306310e+00
1.270000000000000018e+00,-1.021208246840830558e+00,-1.736326922036660392e+02,2.944944334618156301e+00,-2.771506678192002138e+00
1.280000000000000027e+00,-1.059458758990332150e+00,-1.753297897771850842e+02,3.050637875588959602e+00,-2.031315275245498153e+00
1.290000000000000036e+00,-1.099071547882030986e+00,-1.770317222093473504e+02,3.161280347501712829e+00,-1.290270209294226200e+00
1.300000000000000044e+00,-1.140060683345975878e+00,-1.787384075894354964e+02,3.277051149162844457e+00,-5.481313379027777932e-01
1.310000000000000053e+00,-1.182439995439617197e+00,1.795502348423558487e+02,3.398141739155963403e+00,1.953416337266113412e-01
1.320000000000000062e+00,-1.226223092297754835e+00,1.778342845923892241e+02,3.524756316591580063e+00,9.403891542282396543e-01
1.330000000000000071e+00,-1.271423378197555465e+00,1.761138198145555123e+02,3.657112546971478473e+00,1.687251800696811577e+00
1.340000000000000080e+00,-1.318054071814126482e+00,1.743889172145372299e+02,3.795442336277204287e+00,2.436170223410772717e+00
1.350000000000000089e+00,-1.366128224643937461e+00,1.726596519571465649e+02,3.939992656549194283e+00,3.187385057166919111e+00
1.360000000000000098e+00,-1.415658739575061276e+00,1.709260975765156445e+02,4.091026426380320657e+00,3.941136795249167601e+00
1.370000000000000107e+00,-1.466658389585172362e+00,1.691883258889081389e+02,4.248823449903660787e+00,4.697665621510707545e+00
1.379999999999999893e+00,-1.519139836549777689e+00,1.674464069079149340e+02,4.413681418004301804e+00,5.457211195442773999e+00
1.389999999999999902e+00,-1.573115650144688571e+00,1.657004087617907260e+02,4.585916975626357583e+00,6.220012384424816965e+00
1.399999999999999911e+00,-1.628598326828377019e+00,1.639503976126789837e+02,4.765866859174552772e+00,6.986306936596722750e+00
1.409999999999999920e+00,-1.685600308891255672e+00,1.621964375774660994e+02,4.953889108117553342e+00,7.756331086948118347e+00
1.419999999999999929e+00,-1.744134003560185775e+00,1.604385906499984458e+02,5.150364354981976867e+00,8.530319088277305895e+00
1.429999999999999938e+00,-1.804211802148047550e+00,1.586769166243844609e+02,5.355697197971730716e+00,9.308502657620014276e+00
1.439999999999999947e+00,-1.865846099239345968e+00,1.569114730190970874e+02,5.570317660446932884e+00,1.009111032757244431e+01
1.449999999999999956e+00,-1.929049311903952901e+00,1.551423150015821761e+02,5.794682741435853934e+00,1.087836669062213524e+01
1.459999999999999964e+00,-1.993833898932512172e+00,1.533694953130640783e+02,6.029278061218327878e+00,1.167049152314030991e+01
1.469999999999999973e+00,-2.060212380087842909e+00,1.515930641932334311e+02,6.274619605787608911e+00,1.246769877406100413e+01
1.479999999999999982e+00,-2.128197355368024013e+00,1.498130693044845998e+02,6.531255573650091684e+00,1.327019540146521770e+01
1.489999999999999991e+00,-2.197801524277557039e+00,1.480295556553609799e+02,6.799768327927288247e+00,1.407818003827870967e+01
1.500000000000000000e+00,-2.269037705104418379e+00,1.462425655228484231e+02,7.080776456052952028e+00,1.489184146606783621e+01
1.510000000000000009e+00,-2.341918854201240574e+00,1.444521383731432138e+02,7.374936938466217562e+00,1.571135687345651988e+01
1.520000000000000018e+00,-2.416458085270240197e+00,1.426583107805045358e+02,7.682947426546577141e+00,1.653688987297322655e+01
1.530000000000000027e+00,-2.492668688651951125e+00,1.408611163437805089e+02,8.005548628559308710e+00,1.736858824715377381e+01
1.540000000000000036e+00,-2.570564150618974697e+00,1.390605856001794791e+02,8.343526800517190978e+00,1.820658139145570686e+01
1.550000000000000044e+00,-2.650158172676319701e+00,1.372567459358361077e+02,8.697716336536846171e+00,1.905097741797361621e+01
1.560000000000000053e+00,-2.731464690871053147e+00,1.354496214926978723e+02,9.069002450387293024e+00,1.990185988007458207e+01
1.570000000000000062e+00,-2.814497895114107529e+00,1.336392330712320415e+02,9.458323936384449127e+00,2.075928407389648456e+01
1.580000000000000071e+00,-2.899272248517986039e+00,1.318255980284288853e+02,9.866675993458844829e+00,2.162327286818035077e+01
1.590000000000000080e+00,-2.985802506754423824e+00,1.300087301705437426e+02,1.029511309096844407e+01,2.249381200916318591e+01
1.600000000000000089e+00,-3.074103737436423955e+00,1.281886396399909529e+02,1.074475184848025933e+01,2.337084484227869297e+01
1.610000000000000098e+00,-3.164191339529275560e+00,1.263653327957668893e+02,1.121677389411430070e+01,2.425426638726415263e+01
1.620000000000000107e+00,-3.256081062795483483e+00,1.245388120867447412e+02,1.171242865691709767e+01,2.514391669804303575e+01
1.629999999999999893e+00,-3.349789027278147202e+00,1.227090759171386480e+02,1.223303603786624016e+01,2.603957343358204213e+01
1.639999999999999902e+00,-3.445331742827444366e+00,1.208761185033953467e+02,1.277998889123443149e+01,2.694094356098140608e+01
1.649999999999999911e+00,-3.542726128674324571e+00,1.190399297217211085e+02,1.335475523286389787e+01,2.784765410759949589e+01
1.659999999999999920e+00,-3.641989533054681871e+00,1.172004949454023262e+02,1.395888007409809362e+01,2.875924187535291665e+01
1.669999999999999929e+00,-3.743139752886764704e+00,1.153577948710200758e+02,1.459398675935210044e+01,2.967514202789176991e+01
1.679999999999999938e+00,-3.846195053502868610e+00,1.135118053325998204e+02,1.526177766122103030e+01,3.059467546065801713e+01
1.689999999999999947e+00,-3.951174188435194079e+00,1.116624971026715798e+02,1.596403405929055097e+01,3.151703486557217815e+01
1.699999999999999956e+00,-4.058096419253252485e+00,1.098098356791430206e+02,1.670261499710237629e+01,3.244126940710471274e+01
1.709999999999999964e+00,-4.166981535448204710e+00,1.079537810568114651e+02,1.747945487578728674e+01,3.336626793581832828e+01
1.719999999999999973e+00,-4.277849874356057569e+00,1.060942874822557798e+02,1.829655950254448626e+01,3.429074068039631840e+01
1.729999999999999982e+00,-4.390722341107977655e+00,1.042313031907575294e+02,1.915600026742253803e+01,3.521319938123710358e+01
1.739999999999999991e+00,-4.505620428591811333e+00,1.023647701237993886e+02,2.005990607297630746e+01,3.613193585973017719e+01
1.750000000000000000e+00,-4.622566237403114009e+00,1.004946236255823067e+02,2.101045258889849165e+01,3.704499905947211857e+01
1.760000000000000009e+00,-4.741582495758035698e+00,9.862079211688265445e+01,2.200984834868159723e+01,3.795017065139407464e+01
1.770000000000000018e+00,-4.862692579332771103e+00,9.674319674444218720e+01,2.306031714938442789e+01,3.884493936680824078e+01
1.780000000000000027e+00,-4.985920530985413990e+00,9.486175100394287085e+01,2.416407616108545753e+01,3.972647431374190319e+01
1.790000000000000036e+00,-5.111291080305988999e+00,9.297636033446661941e+01,2.532330910304406402e+01,4.059159764575082363e+01
1.800000000000000044e+00,-5.238829662927977360e+00,9.108692168217230289e+01,2.654013380364354191e+01,4.143675709179596112e+01
1.810000000000000053e+00,-5.368562439520823126e+00,8.919332303074118329e+01,2.781656343706054102e+01,4.225799902351288040e+01
1.820000000000000062e+00,-5.500516314366351800e+00,8.729544289594446127e+01,2.915446072923991849e+01,4.305094293439037756e+01
1.830000000000000071e+00,-5.634718953402693131e+00,8.539314978147146462e+01,3.055548445907124488e+01,4.381075843483228027e+01
1.840000000000000080e+00,-5.771198801597178019e+00,8.348630159292152086e+01,3.202102765966122888e+01,4.453214612665841088e+01
1.850000000000000089e+00,-5.909985099483759718e+00,8.157474500660839567e+01,3.355214706330097130e+01,4.520932400626202963e+01
1.860000000000000098e+00,-6.051107898670130325e+00,7.965831478954913791e+01,3.514948354788855767e+01,4.583602134933931893e+01
1.870000000000000107e+00,-6.194598076085146232e+00,7.773683306670470472e+01,3.681317364897225275e+01,4.640548233851782811e+01
1.879999999999999893e+00,-6.340487346696443538e+00,7.581010853121493653e+01,3.854275261681517861e+01,4.691048198839893502e+01
1.889999999999999902e+00,-6.488808274381234753e+00,7.387793559301239554e+01,4.033705003648867660e+01,4.734335717267585864e+01
1.899999999999999911e+00,-6.639594280578897667e+00,7.194009346081510614e+01,4.219407970076123604e+01,4.769605572843781260e+01
1.909999999999999920e+00,-6.792879650290962523e+00,6.999634515207921481e+01,4.411092623197604468e+01,4.796020665776069336e+01
1.919999999999999929e+00,-6.948699534921151333e+00,6.804643642504261436e+01,4.608363187907648495e+01,4.812721431216868950e+01
1.929999999999999938e+00,-7.107089951363287916e+00,6.609009462650463718e+01,4.810708794077569195e+01,4.818837907171728574e+01
1.939999999999999947e+00,-7.268087776647504938e+00,6.412702744846185965e+01,5.017493633438778033e+01,4.813504635640202167e+01
1.949999999999999956e+00,-7.431730737341293747e+00,6.215692158616268159e+01,5.227948786414902571e+01,4.795878477878017065e+01
1.959999999999999964e+00,-7.598057392770687812e+00,6.017944128954360394e+01,5.441166463625688010e+01,4.765159282509188188e+01
1.969999999999999973e+00,-7.767107110974961870e+00,5.819422679937538589e+01,5.656097468623543278e+01,4.720613162909992866e+01
1.979999999999999982e+00,-7.938920036131628777e+00,5.620089265877793139e+01,5.871552707279694516e+01,4.661597921318799820e+01
1.989999999999999991e+00,-8.113537045984765328e+00,5.419902589005844362e+01,6.086209528901704147e+01,4.587589910691852424e+01
2.000000000000000000e+00,-8.290999697572823735e+00,5.218818402610159524e+01,6.298623569777475950e+01,4.498211367324664423e+01
2.009999999999999787e+00,-8.471350159278758341e+00,5.016789298478981607e+01,6.507246570648112538e+01,4.393257000529150957e+01
2.020000000000000018e+00,-8.654631126907583294e+00,4.813764477418079935e+01,6.710450352118772344e+01,4.272718419064511153e+01
2.029999999999999805e+00,-8.840885721129650321e+00,4.609689501542550261e+01,6.906556763061263382e+01,4.136804840082088930e+01
2.040000000000000036e+00,-9.030157363202661713e+00,4.404506026969797716e+01,7.093872986087706067e+01,3.985958497307831294e+01
2.049999999999999822e+00,-9.222489625393624380e+00,4.198151515476270390e+01,7.270731123911421889e+01,3.820863267819102305e+01
2.060000000000000053e+00,-9.417926051953035227e+00,3.990558923625929566e+01,7.435530545251339163e+01,3.642445286579855690e+01
2.069999999999999840e+00,-9.616509945836407169e+00,3.781656367839910615e+01,7.586781090621917656e+01,3.451864713850709165e+01
2.080000000000000071e+00,-9.818284115609440477e+00,3.571366763860441296e+01,7.723144979175403080e+01,3.250498341708291150e+01
2.089999999999999858e+00,-1.002329057609786744e+01,3.359607439077518620e+01,7.843475162170246051e+01,3.039913330923906543e+01
2.100000000000000089e+00,-1.023157019533608292e+01,3.146289716245282975e+01,7.946847964757481009e+01,2.821833000308146566e+01
2.109999999999999876e+00,-1.044316227921104634e+01,2.931318467230862268e+01,8.032588150768215485e+01,2.598096179737097700e+01
2.120000000000000107e+00,-1.065810408387142871e+01,2.714591635631222744e+01,8.100285014154991359e+01,2.370612118276623903e+01
2.129999999999999893e+00,-1.087643024445601014e+01,2.495999727386038813e+01,8.149798700297958476e+01,2.141313254156198198e+01
2.140000000000000124e+00,-1.109817210696951051e+01,2.275425268937839718e+01,8.181256626881753391e+01,1.912108268360396934e+01
2.149999999999999911e+00,-1.132335694817884786e+01,2.052742233080605061e+01,8.195040535347025923e+01,1.684837749107002125e+01
2.160000000000000142e+00,-1.155200706619930529e+01,1.827815433443630511e+01,8.191765290681813383e+01,1.461234508470526094e+01
2.169999999999999929e+00,-1.178413872197778112e+01,1.600499889635171513e+01,8.172251003390509538e+01,1.242890156121373835e+01
2.180000000000000160e+00,-1.201976090915056794e+01,1.370640166492656853e+01,8.137490337313737143e+01,1.031229005247105590e+01
2.189999999999999947e+00,-1.225887392676706966e+01,1.138069692741730599e+01,8.088612978816387056e+01,8.274898245316064660e+00
2.200000000000000178e+00,-1.250146772615314816e+01,9.026100667604412209e+00,8.026849187566466526e+01,6.327154160096843505e+00
2.209999999999999964e+00,-1.274751999979541495e+01,6.640703602078708023e+00,7.953494155401462251e+01,4.477495386181956860e+00
2.220000000000000195e+00,-1.299699397665729883e+01,4.222464341582281122e+00,7.869874607358113394e+01,2.732403422786634284e+00
2.229999999999999982e+00,-1.324983588494404785e+01,1.769202872624081824e+00,7.777318731301114951e+01,1.096492411878332796e+00
2.240000000000000213e+00,-1.350597204024970210e+01,-7.214053845924395247e-01,7.677130160597643282e+01,-4.273596396972699218e-01
2.250000000000000000e+00,-1.376530551458805718e+01,-3.251834610816064064e+00,7.570566391674331896e+01,-1.837849204271159831e+00
2.259999999999999787e+00,-1.402771234051128602e+01,-5.824712292101914990e+00,7.458821719236294712e+01,-3.135066523706297126e+00
2.270000000000000018e+00,-1.429303720502490371e+01,-8.442821060203700156e+00,7.343014530578464871e+01,-4.320305963636550395e+00
2.279999999999999805e+00,-1.456108859121395049e+01,-1.110909800333944730e+01,7.224178621928246002e+01,-5.395875935627182152e+00
2.290000000000000036e+00,-1.483163333259454930e+01,-1.382663062705064050e+01,7.103258082162429332e+01,-6.364915133849335049e+00
2.299999999999999822e+00,-1.510439055772526729e+01,-1.659864846750931022e+01,6.981105225696822458e+01,-7.231220095650117585e+00
2.310000000000000053e+00,-1.537902502247604275e+01,-1.942850916162338493e+01,6.858481037264121483e+01,-7.999087495277050763e+00
2.319999999999999840e+00,-1.565513985687983656e+01,-2.231967756532079505e+01,6.736057606123823405e+01,-8.673173189186663024e+00
2.330000000000000071e+00,-1.593226879538073781e+01,-2.527569629428344200e+01,6.614422065788875216e+01,-9.258368884184719150e+00
2.339999999999999858e+00,-1.620986801648393794e+01,-2.830014585845919228e+01,6.494081608596755473e+01,-9.759696401417677691e+00
2.350000000000000089e+00,-1.648730779322506379e+01,-3.139659240101457982e+01,6.375469205006224627e+01,-1.018221884499830310e+01
2.359999999999999876e+00,-1.676386425191834206e+01,-3.456852097476627961e+01,6.258949719703210235e+01,-1.053096752652974999e+01
2.370000000000000107e+00,-1.703871165444321889e+01,-3.781925235007251729e+01,6.144826176424964359e+01,-1.081088321269850105e+01
2.379999999999999893e+00,-1.731091575760168411e+01,-4.115184161908086935e+01,6.033345978250744679e+01,-1.102677011786100181e+01
2.390000000000000124e+00,-1.757942895661707183e+01,-4.456895742761532375e+01,5.924706938494063024e+01,-1.118326102439762870e+01
2.399999999999999911e+00,-1.784308807769119554e+01,-4.807274162101350612e+01,5.819063018670033927e+01,-1.128479195148241665e+01
2.410000000000000142e+00,-1.810061582811132652e+01,-5.166465052142029890e+01,5.716529704320480931e+01,-1.133558488330019287e+01
2.419999999999999929e+00,-1.835062701405865226e+01,-5.534528102063919164e+01,5.617188977185359988e+01,-1.133963719083629584e+01
2.430000000000000160e+00,-1.859164065917459752e+01,-5.911418717308596626e+01,5.521093863975185201e+01,-1.130071652183040243e+01
2.439999999999999947e+00,-1.882209905734053734e+01,-6.296969590485617374e+01,5.428272558602193243e+01,-1.122236007992164453e+01
2.450000000000000178e+00,-1.904039452630268769e+01,-6.690873357214599082e+01,5.338732126970192127e+01,-1.110787735833134171e+01
2.459999999999999964e+00,-1.924490415945269817e+01,-7.092667798949885594e+01,5.252461812074069059e+01,-1.096035553022920972e+01
2.470000000000000195e+00,-1.943403218995298332e+01,-7.501725262435274999e+01,5.169435962922447914e+01,-1.078266682388550457e+01
2.479999999999999982e+00,-1.960625871332716130e+01,-7.917248023237024768e+01,5.089616614289291618e+01,-1.057747732407690933e+01
2.490000000000000213e+00,-1.976019254351594512e+01,-8.338271162460387131e+01,5.012955746050096195e+01,-1.034725674136498341e+01
2.500000000000000000e+00,-1.989462504072165672e+01,-8.763674106314981316e+01,4.939397251306660763e+01,-1.009428877797358481e+01
2.509999999999999787e+00,-2.000858102574767017e+01,-9.192201295390889015e+01,4.868878642009146773e+01,-9.820681793726578235e+00
2.520000000000000018e+00,-2.010136257034153218e+01,-9.622491560994988902e+01,4.801332519633268703e+01,-9.528379538860315634e+00
2.529999999999999805e+00,-2.017258166906283634e+01,-1.005311480793172620e+02,4.736687836887450942e+01,-9.219171773631890332e+00
2.540000000000000036e+00,-2.022217860518771815e+01,-1.048261369953819155e+02,4.674870974583922134e+01,-8.894704638700494215e+00
2.549999999999999822e+00,-2.025042414565998428e+01,-1.090954738317121695e+02,4.615806655837076988e+01,-8.556490676437338294e+00
2.560000000000000053e+00,-2.025790534003905208e+01,-1.133253401757374235e+02,4.559418717749009176e+01,-8.205918432724935485e+00
2.569999999999999840e+00,-2.024549637737688101e+01,-1.175028902659781238e+02,4.505630758772036160e+01,-7.844261592455873178e+00
2.580000000000000071e+00,-2.021431738448187332e+01,-1.216165657173322217e+02,4.454366678049052553e+01,-7.472687620749861814e+00
2.589999999999999858e+00,-2.016568500432351030e+01,-1.256563259070922527e+02,4.405551121253653690e+01,-7.092265896671936076e+00
2.600000000000000089e+00,-2.010105896475161913e+01,-1.296137872473352388e+02,4.359109845800775673e+01,-6.703975337662121170e+00
2.609999999999999876e+00,-2.002198865401505401e+01,-1.334822738346178994e+02,4.314970016784174334e+01,-6.308711521570662839e+00
2.620000000000000107e+00,-1.993006308357259115e+01,-1.372567894207296888e+02,4.273060443620017423e+01,-5.907293319651629737e+00
2.629999999999999893e+00,-1.982686671970886394e+01,-1.409339255552005454e+02,4.233311766134223575e+01,-5.500469058522854837e+00
2.640000000000000124e+00,-1.971394268798264093e+01,-1.445117229906796297e+02,4.195656597718748770e+01,-5.088922232320904016e+00
2.649999999999999911e+00,-1.959276394907471186e+01,-1.479895033735364507e+02,4.160029632190428117e+01,-4.673276788359832068e+00
2.660000000000000142e+00,-1.946471230803807728e+01,-1.513676864916184854e+02,4.126367720106917147e+01,-4.254102010786609434e+00
2.669999999999999929e+00,-1.933106459312284642e+01,-1.546476056150139868e+02,4.094609919517668573e+01,-3.831917027223759931e+00
2.680000000000000160e+00,-1.919298502297617404e+01,-1.578313303614426957e+02,4.064697525444447734e+01,-3.407194963354463813e+00
2.689999999999999947e+00,-1.905152264159112363e+01,-1.609215035071313196e+02,4.036574081786222479e+01,-2.980366769979267527e+00
2.700000000000000178e+00,-1.890761269547182266e+01,-1.639211955351098027e+02,4.010185378818589186e+01,-2.551824746356620821e+00
2.709999999999999964e+00,-1.876208091233851150e+01,-1.668337786023086835e+02,3.985479439000024371e+01,-2.121925782719243259e+00
2.720000000000000195e+00,-1.861564977630514761e+01,-1.696628200387219181e+02,3.962406493398296448e+01,-1.690994343801503152e+00
2.729999999999999982e+00,-1.846894605070208684e+01,-1.724119944194281402e+02,3.940918950703719759e+01,-1.259325214070138754e+00
2.740000000000000213e+00,-1.832250895572319394e+01,-1.750850125907512052e+02,3.920971360495092028e+01,-8.271860241661529445e-01
2.750000000000000000e+00,-1.817679855106571907e+01,-1.776855656919869659e+02,3.902520372163547790e+01,-3.948195768645938464e-01
2.759999999999999787e+00,-1.803220399716627043e+01,1.797827178944926914e+02,3.885524690674062498e+01,3.755401032880926332e-02
2.770000000000000018e+00,-1.788905147036415855e+01,1.773163046847091380e+02,3.869945030149723664e+01,4.697353299884691191e-01
2.779999999999999805e+00,-1.774761158795876170e+01,1.749117792027118981e+02,3.855744066095724065e+01,9.015438621537636976e-01
2.790000000000000036e+00,-1.760810626083698338e+01,1.725658597399184941e+02,3.842886386935474974e+01,1.332816290529067471e+00
2.799999999999999822e+00,-1.747071493696553546e+01,1.702754082301548522e+02,3.831338445406544935e+01,1.763404944763239168e+00
2.810000000000000053e+00,-1.733558023154497008e+01,1.680374354909843362e+02,3.821068510257137518e+01,2.193176357036533464e+00
2.819999999999999840e+00,-1.720281296178307429e+01,1.658491028791964652e+02,3.812046618591964631e+01,2.622009922093014200e+00
2.830000000000000071e+00,-1.707249661849182232e+01,1.637077212251761580e+02,3.804244529137400832e+01,3.049796650704798662e+00
2.839999999999999858e+00,-1.694469131507334936e+01,1.616107477501547294e+02,3.797635676628554080e+01,3.476438007350162618e+00
2.850000000000000089e+00,-1.681943725856020322e+01,1.595557815324594912e+02,3.792195127462956350e+01,3.901844823624957659e+00
2.859999999999999876e+00,-1.669675778849239478e+01,1.575405579726302676e+02,3.787899536716317783e+01,4.325936279594090550e+00
2.870000000000000107e+00,-1.657666202851753923e+01,1.555629426106877986e+02,3.784727106573750888e+01,4.748638945925483412e+00
2.879999999999999893e+00,-1.645914719341384469e+01,1.536209245695598895e+02,3.782657546193855325e+01,5.169885880236981812e+00
2.890000000000000124e+00,-1.634420059128771285e+01,1.517126098342690170e+02,3.781672032992626953e+01,5.589615771632071350e+00
2.899999999999999911e+00,-1.623180135736117435e+01,1.498362145246865111e+02,3.781753175308001147e+01,6.007772127900195436e+00
2.910000000000000142e+00,-1.612192195229989977e+01,1.479900582783303093e+02,3.782884976383814291e+01,6.424302500322433218e+00
2.919999999999999929e+00,-1.601452945461185351e+01,1.461725578270187782e+02,3.785052799593003670e+01,6.839157741448555150e+00
2.930000000000000160e+00,-1.590958667338188093e+01,1.443822208255725457e+02,3.788243334803912177e+01,7.252291291604945123e+00
2.939999999999999947e+00,-1.580705310456098545e+01,1.426176399708577662e+02,3.792444565779649679e+01,7.663658490254733557e+00
2.950000000000000178e+00,-1.570688575123889485e+01,1.408774874341485202e+02,3.797645738488867551e+01,8.073215908664064244e+00
2.959999999999999964e+00,-1.560903982580040150e+01,1.391605096181412762e+02,3.803837330195806032e+01,8.480920700635802945e+00
2.970000000000000195e+00,-1.551346934960515789e+01,1.374655222412100386e+02,3.811011019188799764e+01,8.886729968354192266e+00
2.979999999999999982e+00,-1.542012766381814437e+01,1.357914057450451253e+02,3.819159654998251341e+01,9.290600140644329485e+00
2.990000000000000213e+00,-1.532896786324289806e+01,1.341371010171579599e+02,3.828277228948049071e+01,9.692486361192324651e+00
3.000000000000000000e+00,-1.523994316344944977e+01,1.325016054164826187e+02,3.838358844877708265e+01,1.009234188449342717e+01
3.009999999999999787e+00,-1.515300721012314789e+01,1.308839690881212618e+02,3.849400689866214265e+01,1.049011747750418877e+01
3.020000000000000018e+00,-1.506811433837091307e+01,1.292832915519340986e+02,3.861400004782507978e+01,1.088576082516662424e+01
3.029999999999999805e+00,-1.498521978868513393e+01,1.276987185489460899e+02,3.874355054481402760e+01,1.127921593815540646e+01
3.040000000000000036e+00,-1.490427988536771942e+01,1.261294391292964292e+02,3.888265097457551178e+01,1.167042256136904932e+01
3.049999999999999822e+00,-1.482525218243835141e+01,1.245746829655495560e+02,3.903130354763661813e+01,1.205931558185054264e+01
3.060000000000000053e+00,-1.474809558137746635e+01,1.230337178755371355e+02,3.918951977992317381e+01,1.244582443498038238e+01
3.069999999999999840e+00,-1.467277042447381952e+01,1.215058475394268243e+02,3.935732016113668408e+01,1.282987250793822298e+01
3.080000000000000071e+00,-1.459923856704346079e+01,1.199904093963685483e+02,3.953473380953326455e+01,1.321137653958098390e+01
3.089999999999999858e+00,-1.452746343135476970e+01,1.184867727067885852e+02,3.972179811086728307e+01,1.359024601603815263e+01
3.100000000000000089e+00,-1.445741004472029445e+01,1.169943367671815366e+02,3.991855833917143315e+01,1.396638256147879531e+01
3.109999999999999876e+00,-1.438904506389428128e+01,1.155125292650398166e+02,4.012506725695012477e+01,1.433967932366486053e+01
3.120000000000000107e+00,-1.432233678763786777e+01,1.140408047623532610e+02,4.034138469226210333e+01,1.471002035407191855e+01
3.129999999999999893e+00,-1.425725515907358520e+01,1.125786432969008359e+02,4.056757709005783141e+01,1.507727998253528234e+01
3.140000000000000124e+00,-1.419377175924570800e+01,1.111255490913067661e+02,4.080371703502684255e+01,1.544132218656885946e+01
3.149999999999999911e+00,-1.413185979312385854e+01,1.096810493605797063e+02,4.104988274308804819e+01,1.580199995570772131e+01
3.160000000000000142e+00,-1.407149406913424272e+01,1.082446932095457868e+02,4.130615751853591888e+01,1.615915465144783525e+01
3.169999999999999929e+00,-1.401265097316926500e+01,1.068160506122555375e+02,4.157262917372917599e+01,1.651261536360004456e+01
3.180000000000000160e+00,-1.395530843791164344e+01,1.053947114660783910e+02,4.184938940808228125e+01,1.686219826414055589e+01
3.189999999999999947e+00,-1.389944590820906889e+01,1.039802847137867019e+02,4.213653314299637742e+01,1.720770595993493046e+01
3.200000000000000178e+00,-1.384504430314843404e+01,1.025723975274910913e+02,4.243415780924480885e+01,1.754892684603547792e+01
3.209999999999999964e+00,-1.379208597540374903e+01,1.011706945488117100e+02,4.274236258321523252e+01,1.788563446160666359e+01
3.220000000000000195e+00,-1.374055466836531281e+01,9.977483718015260195e+01,4.306124756830809730e+01,1.821758685092585139e+01
3.229999999999999982e+00,-1.369043547150001672e+01,9.838450292240308670e+01,4.339091291770322556e+01,1.854452593233605029e+01
3.240000000000000213e+00,-1.364171477434252466e+01,9.699938475481010869e+01,4.373145789463994504e+01,1.886617687849718905e+01
3.250000000000000000e+00,-1.359438021947141095e+01,9.561919055315416927e+01,4.408297986631474430e+01,1.918224751179882048e+01
3.259999999999999787e+00,-1.354842065478575464e+01,9.424364254272730079e+01,4.444557322749160022e+01,1.949242771935431051e+01
3.270000000000000018e+00,-1.350382608536167695e+01,9.287247678294289699e+01,4.481932824995104170e+01,1.979638889260540324e+01
3.279999999999999805e+00,-1.346058762513774099e+01,9.150544268071462284e+01,4.520432985398407055e+01,2.009378339721962448e+01
3.290000000000000036e+00,-1.341869744864958314e+01,9.014230253003054827e+01,4.560065629827101219e+01,2.038424407966582308e+01
3.299999999999999822e+00,-1.337814874300891788e+01,8.878283107540354990e+01,4.600837778468980588e+01,2.066738381760465515e+01
3.310000000000000053e+00,-1.333893566029968447e+01,8.742681509712411980e+01,4.642755497487759442e+01,2.094279512202536964e+01
3.319999999999999840e+00,-1.330105327054291031e+01,8.607405301645714246e+01,4.685823741573965151e+01,2.121004979990068406e+01
3.330000000000000071e+00,-1.326449751536340216e+01,8.472435451912657811e+01,4.730046187157128657e+01,2.146869868700722961e+01
3.339999999999999858e+00,-1.322926516247422235e+01,8.337754019561464247e+01,4.775425056104513999e+01,2.171827146146755183e+01
3.350000000000000089e+00,-1.319535376107891622e+01,8.203344119696706116e+01,4.821960929803230300e+01,2.195827654950126373e+01
3.359999999999999876e+00,-1.316276159827736691e+01,8.069189890494845940e+01,4.869652553608430168e+01,2.218820113581509190e+01
3.370000000000000107e+00,-1.313148765654773342e+01,7.935276461552589922e+01,4.918496631742083025e+01,2.240751129200318559e+01
3.379999999999999893e+00,-1.310153157236447541e+01,7.801589923478397282e+01,4.968487612845518697e+01,2.261565223725187934e+01
3.390000000000000124e+00,-1.307289359600173562e+01,7.668117298648469671e+01,5.019617466526471361e+01,2.281204874652548398e+01
3.399999999999999911e+00,-1.304557455256035325e+01,7.534846513058253947e+01,5.071875451398576473e+01,2.299610572223302896e+01
3.410000000000000142e+00,-1.301957580424752514e+01,7.401766369209758523e+01,5.125247875289317534e+01,2.316720894610553572e+01
3.419999999999999929e+00,-1.299489921392918923e+01,7.268866519982329066e+01,5.179717848492504118e+01,2.332472602862453570e+01
3.430000000000000160e+00,-1.297154710996696636e+01,7.136137443442071060e+01,5.235265031163385885e+01,2.346800757379402569e+01
3.439999999999999947e+00,-1.294952225234388798e+01,7.003570418550731347e+01,5.291865376199402959e+01,2.359638857730480410e+01
3.450000000000000178e+00,-1.292882780007662369e+01,6.871157501740543694e+01,5.349490869216248967e+01,2.370919007615204777e+01
3.459999999999999964e+00,-1.290946727990497855e+01,6.738891504326159065e+01,5.408109267516851304e+01,2.380572106749414374e+01
3.470000000000000195e+00,-1.289144455624411556e+01,6.606765970728915249e+01,5.467683840258115424e+01,2.388528071392465790e+01
3.479999999999999982e+00,-1.287476380237932361e+01,6.474775157492064181e+01,5.528173112344460094e+01,2.394716085132255401e+01
3.490000000000000213e+00,-1.285942947287878724e+01,6.342914013068605783e+01,5.589530614914481532e+01,2.399064881398853544e+01
3.500000000000000000e+00,-1.284544627719475862e+01,6.211178158366124791e+01,5.651704645632856483e+01,2.401503058982003225e+01
3.509999999999999787e+00,-1.283281915442046106e+01,6.079563868034769314e+01,5.714638042348403246e+01,2.401959431576124615e+01
3.520000000000000018e+00,-1.282155324916562122e+01,5.948068052486507895e+01,5.778267974023162878e+01,2.400363412064999835e+01
3.529999999999999805e+00,-1.281165388851152009e+01,5.816688240635173202e+01,5.842525753168425950e+01,2.396645431881599819e+01
3.540000000000000036e+00,-1.280312656000225147e+01,5.685422563347871971e+01,5.907336674331727266e+01,2.390737395334443249e+01
3.549999999999999822e+00,-1.279597689062791765e+01,5.554269737599247492e+01,5.972619883452504297e+01,2.382573168276931952e+01
3.560000000000000053e+00,-1.279021062675223774e+01,5.423229051320603844e+01,6.038288283131052481e+01,2.372089099911245214e+01
3.569999999999999840e+00,-1.278583361493565107e+01,5.292300348936682752e+01,6.104248479021457996e+01,2.359224575863965256e+01
3.580000000000000071e+00,-1.278285178360363439e+01,5.161484017582675676e+01,6.170400772650413757e+01,2.343922599950775876e+01
3.589999999999999858e+00,-1.278127112550800248e+01,5.030780973994609440e+01,6.236639205964369381e+01,2.326130401269201542e+01
3.600000000000000089e+00,-1.278109768092837939e+01,4.900192652066020571e+01,6.302851662802633115e+01,2.305800062430063235e+01
3.609999999999999876e+00,-1.278233752155991887e+01,4.769720991063885407e+01,6.368920032268800213e+01,2.282889163873651128e+01
3.620000000000000107e+00,-1.278499673503247891e+01,4.639368424496316834e+01,6.434720438613720717e+01,2.257361438331278336e+01
3.629999999999999893e+00,-1.278908141000598064e+01,4.509137869624795059e+01,6.500123541737829669e+01,2.229187428606814692e+01
3.640000000000000124e+00,-1.279459762178620252e+01,4.379032717612781056e+01,6.564994911760541640e+01,2.198345140988860535e+01
3.649999999999999911e+00,-1.280155141840496924e+01,4.249056824302573432e+01,6.629195480282980668e+01,2.164820685789111110e+01
3.660000000000000142e+00,-1.280994880710808914e+01,4.119214501611878632e+01,6.692582069986652016e+01,2.128608895764948628e+01
3.669999999999999929e+00,-1.281979574119490195e+01,3.989510509540729544e+01,6.755008003068455480e+01,2.089713912555151154e+01
3.680000000000000160e+00,-1.283109810715224519e+01,3.859950048779553811e+01,6.816323787720943983e+01,2.048149730769992871e+01
3.689999999999999947e+00,-1.284386171202658389e+01,3.730538753907876526e+01,6.876377880442777268e+01,2.003940689061547076e+01
3.700000000000000178e+00,-1.285809227097687213e+01,3.601282687173508634e+01,6.935017520429960314e+01,1.957121897389558285e+01
3.709999999999999964e+00,-1.287379539495188041e+01,3.472188332840634928e+01,6.992089630684691315e+01,1.907739589818748271e+01
3.720000000000000195e+00,-1.289097657843463551e+01,3.343262592095438634e+01,7.047441778821169578e+01,1.855851392560757063e+01
3.729999999999999982e+00,-1.290964118719697851e+01,3.214512778496573020e+01,7.100923188890469362e+01,1.801526497623978429e+01
3.740000000000000213e+00,-1.292979444600736549e+01,3.085946613957840157e+01,7.152385793936328184e+01,1.744845733368677543e+01
3.750000000000000000e+00,-1.295144142623443351e+01,2.957572225249176512e+01,7.201685317483706683e+01,1.685901524483588787e+01
3.759999999999999787e+00,-1.297458703328896235e+01,2.829398141001676592e+01,7.248682370804738184e+01,1.624797735394999876e+01
3.770000000000000018e+00,-1.299923599384648121e+01,2.701433289201701982e+01,7.293243551656557599e+01,1.561649392870240227e+01
3.779999999999999805e+00,-1.302539284279260023e+01,2.573686995157923718e+01,7.335242529293815039e+01,1.496582285553407665e+01
3.790000000000000036e+00,-1.305306190983245784e+01,2.446168979924690134e+01,7.374561099971107581e+01,1.429732440330664467e+01
3.799999999999999822e+00,-1.308224730570559835e+01,2.318889359164024455e+01,7.411090196906330618e+01,1.361245477712911978e+01
3.810000000000000053e+00,-1.311295290794646817e+01,2.191858642427487425e+01,7.444730838804332507e+01,1.291275850785145174e+01
3.819999999999999840e+00,-1.314518234613080949e+01,2.065087732838056311e+01,7.475395001557569685e+01,1.219985974636418646e+01
3.830000000000000071e+00,-1.317893898654679674e+01,1.938587927151058565e+01,7.503006398651713482e+01,1.147545255481750637e+01
3.839999999999999858e+00,-1.321422591622909160e+01,1.812370916171738244e+01,7.527501157098012641e+01,1.074129030844069810e+01
3.850000000000000089e+00,-1.325104592629361733e+01,1.686448785505630354e+01,7.548828377365644826e+01,9.999174341105765862e+00
3.859999999999999876e+00,-1.328940149450889052e+01,1.560834016616174758e+01,7.566950567757699275e+01,9.250941984484764902e+00
3.870000000000000107e+00,-1.332929476703953497e+01,1.435539488162647892e+01,7.581843945910368632e+01,8.498454164028435898e+00
3.879999999999999893e+00,-1.337072753929595592e+01,1.310578477588696167e+01,7.593498602534640440e+01,7.743582724580662102e+00
3.890000000000000124e+00,-1.341370123582309759e+01,1.185964662930613578e+01,7.601918525090349021e+01,6.988197663927435244e+00
3.899999999999999911e+00,-1.345821688915983749e+01,1.061712124811163172e+01,7.607121481708114175e+01,6.234154453762907444e+00
3.910000000000000142e+00,-1.350427511759966848e+01,9.378353485828386127e+00,7.609138768275545317e+01,5.483281624439277024e+00
3.919999999999999929e+00,-1.355187610178137803e+01,8.143492265809413766e+00,7.608014824103872797e+01,4.737368782573241788e+00
3.930000000000000160e+00,-1.360101956003788004e+01,6.912690604442763842e+00,7.603806723915967325e+01,3.998155219408711325e+00
3.939999999999999947e+00,-1.365170472242964728e+01,5.686105634571072542e+00,7.596583555983444569e+01,3.267319253193512907e+00
3.950000000000000178e+00,-1.370393030338826179e+01,4.463898628626968623e+00,7.586425698033470155e+01,2.546468431260634713e+00
3.959999999999999964e+00,-1.375769447289461489e+01,3.246235020942515259e+00,7.573424004004498045e+01,1.837130697621887521e+00
3.970000000000000195e+00,-1.381299482611531282e+01,2.033284428646132014e+00,7.557678915825492538e+01,1.140746610362900260e+00
3.979999999999999982e+00,-1.386982835142056736e+01,8.252206705087326011e-01,7.539299515111582650e+01,4.586626706679837739e-01
3.990000000000000213e+00,-1.392819139670602979e+01,-3.777782169520337852e-01,7.518402530010658324e+01,-2.078741974033787854e-01
4.000000000000000000e+00,-1.398807963394147436e+01,-1.575529966860591324e+00,7.495111312412605287e+01,-8.577209995665648901e-01
4.009999999999999787e+00,-1.404948802186962098e+01,-2.767848073681319576e+00,7.469554800370833902e+01,-1.489841860859651090e+00
4.019999999999999574e+00,-1.411241076677922024e+01,-3.954541790110649213e+00,7.441866479918263622e+01,-2.103310076327669975e+00
4.030000000000000249e+00,-1.417684128127819854e+01,-5.135416130122161249e+00,7.412183359528928861e+01,-2.697309064897542630e+00
4.040000000000000036e+00,-1.424277214099505073e+01,-6.310271879206657886e+00,7.380644969328436389e+01,-3.271132284040063620e+00
4.049999999999999822e+00,-1.431019503913970148e+01,-7.478905612931368019e+00,7.347392395841593782e+01,-3.824182175858484189e+00
4.059999999999999609e+00,-1.437910073885942097e+01,-8.641109725040424294e+00,7.312567361633426799e+01,-4.355968225678676475e+00
4.070000000000000284e+00,-1.444947902333025347e+01,-9.796672466409056312e+00,7.276311357699825066e+01,-4.866104222009667524e+00
4.080000000000000071e+00,-1.452131864353159152e+01,-1.094537799627660135e+01,7.238764834941167692e+01,-5.354304811974254896e+00
4.089999999999999858e+00,-1.459460726365891681e+01,-1.208700644728499007e+01,7.200066459548644104e+01,-5.820381449098189997e+00
4.099999999999999645e+00,-1.466933140414001002e+01,-1.322133400597266473e+01,7.160352435683476813e+01,-6.264237830904075821e+00
4.110000000000000320e+00,-1.474547638223109125e+01,-1.434813301048692580e+01,7.119755897464592920e+01,-6.685864922308053515e+00
4.120000000000000107e+00,-1.482302625018337849e+01,-1.546717206741169726e+01,7.078406371023217503e+01,-7.085335657647152452e+00
4.129999999999999893e+00,-1.490196373098665461e+01,-1.657821618972983657e+01,7.036429306251345395e+01,-7.462799409543356077e+00
4.139999999999999680e+00,-1.498227015171441145e+01,-1.768102695807920455e+01,6.993945676876224127e+01,-7.818476307041678730e+00
4.150000000000000355e+00,-1.506392537451820068e+01,-1.877536270759210169e+01,6.951071646640176027e+01,-8.152651478809866958e+00
4.160000000000000142e+00,-1.514690772534174101e+01,-1.986097874274948438e+01,6.907918298656686318e+01,-8.465669289940917608e+00
4.169999999999999929e+00,-1.523119392045528997e+01,-2.093762758281243563e+01,6.864591424444957113e+01,-8.757927633284566582e+00
4.179999999999999716e+00,-1.531675899094164706e+01,-2.200505924053182838e+01,6.821191368711045300e+01,-9.029872328485216926e+00
4.190000000000000391e+00,-1.540357620530198446e+01,-2.306302153696199753e+01,6.777812925634265184e+01,-9.281991674198277309e+00
4.200000000000000178e+00,-1.549161699039006734e+01,-2.411126045532711615e+01,6.734545282222205742e+01,-9.514811191462715811e+00
4.209999999999999964e+00,-1.558085085092828947e+01,-2.514952053699790113e+01,6.691472004204283053e+01,-9.728888589050278313e+00
4.219999999999999751e+00,-1.567124528791048910e+01,-2.617754532273231050e+01,6.648671059928756222e+01,-9.924808974890332536e+00
4.230000000000000426e+00,-1.576276571624988065e+01,-2.719507784240683179e+01,6.606214877799881435e+01,-1.010318033146177896e+01
4.240000000000000213e+00,-1.585537538209332631e+01,-2.820186115651964087e+01,6.564170432925668308e+01,-1.026462926739187687e+01
4.250000000000000000e+00,-1.594903528028869388e+01,-2.919763895276782151e+01,6.522599358832169969e+01,-1.040979705243933573e+01
4.259999999999999787e+00,-1.604370407256365638e+01,-3.018215620098295204e+01,6.481558080325122262e+01,-1.053933593857032669e+01
4.269999999999999574e+00,-1.613933800705297372e+01,-3.115515986965823458e+01,6.441097963833367146e+01,-1.065390576595701333e+01
4.280000000000000249e+00,-1.623589083989325843e+01,-3.211639970718647419e+01,6.401265481842661131e+01,-1.075417084941808987e+01
4.290000000000000036e+00,-1.633331375969318344e+01,-3.306562909076563983e+01,6.362102388313854817e+01,-1.084079713805245859e+01
4.299999999999999822e+00,-1.643155531577913209e+01,-3.400260594569125061e+01,6.323645902270068575e+01,-1.091444963855472849e+01
4.309999999999999609e+00,-1.653056135121336467e+01,-3.492709373744767021e+01,6.285928897026678186e+01,-1.097579009090502566e+01
4.320000000000000284e+00,-1.663027494168124321e+01,-3.583886253860862325e+01,6.248980092821575738e+01,-1.102547488375096840e+01
4.330000000000000071e+00,-1.673063634144562428e+01,-3.673769017206677745e+01,6.212824250876862919e+01,-1.106415319580522727e+01
4.339999999999999858e+00,-1.683158293766783231e+01,-3.762336343151385876e+01,6.177482367184278900e+01,-1.109246534892296232e+01
4.349999999999999645e+00,-1.693304921449528422e+01,-3.849567937937160877e+01,6.142971864553009453e+01,-1.111104135815324412e+01
4.360000000000000320e+00,-1.703496672841200521e+01,-3.935444672154559242e+01,6.109306781688217569e+01,-1.112049966394476463e+01
4.370000000000000107e+00,-1.713726409643803450e+01,-4.019948725739401141e+01,6.076497958281520084e+01,-1.112144603178088786e+01
4.379999999999999893e+00,-1.723986699884498464e+01,-4.103063740220355271e+01,6.044553215289329273e+01,-1.111447260479493693e+01
4.389999999999999680e+00,-1.734269819812261915e+01,-4.184774977821267328e+01,6.013477529752245232e+01,-1.110015709533665706e+01
4.400000000000000355e+00,-1.744567757598325031e+01,-4.265069486883256644e+01,5.983273203668366591e+01,-1.107906210199842434e+01
4.410000000000000142e+00,-1.754872219022094271e+01,-4.343936272918976726e+01,5.953940026576145783e+01,-1.105173453924019000e+01
4.419999999999999929e+00,-1.765174635324988373e+01,-4.421366474444825911e+01,5.925475431628944989e+01,-1.101870516744795481e+01
4.429999999999999716e+00,-1.775466173412089077e+01,-4.497353542558951034e+01,5.897874645054711351e+01,-1.098048821201080649e+01
4.440000000000000391e+00,-1.785737748575807871e+01,-4.571893423044295446e+01,5.871130828990894912e+01,-1.093758106078083792e+01
4.450000000000000178e+00,-1.795980039905987979e+01,-4.644984739579128075e+01,5.845235217768121316e+01,-1.089046403007894170e+01
4.459999999999999964e+00,-1.806183508536675575e+01,-4.716628976436661702e+01,5.820177247787010089e+01,-1.083960019021789556e+01
4.469999999999999751e+00,-1.816338418860955173e+01,-4.786830658852450426e+01,5.795944681191970460e+01,-1.078543524231460360e+01
4.480000000000000426e+00,-1.826434862821046679e+01,-4.855597529039534521e+01,5.772523723594830614e+01,-1.072839743895740305e+01
4.490000000000000213e+00,-1.836462787351326398e+01,-4.922940715641297516e+01,5.749899136140528100e+01,-1.066889754206895091e+01
4.500000000000000000e+00,-1.846412025016779523e+01,-4.988874894236347757e+01,5.728054342237878416e+01,-1.060732881205684741e+01
4.509999999999999787e+00,-1.856272327848543569e+01,-5.053418436356164278e+01,5.706971529301279134e+01,-1.054406702307136356e+01
4.519999999999999574e+00,-1.866033404331951928e+01,-5.116593544350737943e+01,5.686631745864936249e+01,-1.047947049988547086e+01
4.530000000000000249e+00,-1.875684959451042388e+01,-5.178426369347794633e+01,5.667014994440597775e+01,-1.041388017257749787e+01
4.540000000000000036e+00,-1.885216737637491136e+01,-5.238947109505090083e+01,5.648100320493272619e+01,-1.034761964582865623e+01
4.549999999999999822e+00,-1.894618568412239767e+01,-5.298190085760157331e+01,5.629865897907617267e+01,-1.028099528024446663e+01
4.559999999999999609e+00,-1.903880414445592706e+01,-5.356193792342727278e+01,5.612289111311464040e+01,-1.021429628367015852e+01
4.570000000000000284e+00,-1.912992421697723699e+01,-5.413000919441289227e+01,5.595346635612023078e+01,-1.014779481099695069e+01
4.580000000000000071e+00,-1.921944971237748234e+01,-5.468658345606391435e+01,5.579014513086131188e+01,-1.008174607144426105e+01
4.589999999999999858e+00,-1.930728732277787074e+01,-5.523217097737843773e+01,5.563268228347602218e+01,-1.001638844275448470e+01
4.599999999999999645e+00,-1.939334715900108108e+01,-5.576732276835852531e+01,5.548082781494191806e+01,-9.951943592153341456e+00
4.610000000000000320e+00,-1.947754328903252130e+01,-5.629262948102206821e+01,5.533432759712437132e+01,-9.888616604304949931e+00
4.620000000000000107e+00,-1.955979427148325200e+01,-5.680871994445922013e+01,5.519292407592876515e+01,-9.826596116830605965e+00
4.629999999999999893e+00,-1.964002367751891498e+01,-5.731625932977986082e+01,5.505635696379508914e+01,-9.766054464261404888e+00
4.639999999999999680e+00,-1.971816059448632430e+01,-5.781594694656976685e+01,5.492436392347421048e+01,-9.707147831557195516e+00
4.650000000000000355e+00,-1.979414010436959259e+01,-5.830851367863655099e+01,5.479668124470559576e+01,-9.650016418548499786e+00
4.660000000000000142e+00,-1.986790373025325707e+01,-5.879471907318617951e+01,5.467304451508925212e+01,-9.594784616840343006e+00
4.669999999999999929e+00,-1.993939984416774891e+01,-5.927534810401813559e+01,5.455318928610310536e+01,-9.541561200863332814e+00
4.679999999999999716e+00,-2.000858403005015873e+01,-5.975120763562039627e+01,5.443685173487381945e+01,-9.490439534859085313e+00
4.690000000000000391e+00,-2.007541939606449333e+01,-6.022312262105396030e+01,5.432376932195880670e+01,-9.441497797652782964e+00
4.700000000000000178e+00,-2.013987683118755712e+01,-6.069193207200312656e+01,5.421368144505065345e+01,-9.394799227087668569e+00
4.709999999999999964e+00,-2.020193520176297142e+01,-6.115848484419325359e+01,5.410633008816996181e+01,-9.350392385980352827e+00
4.719999999999999751e+00,-2.026158148463931852e+01,-6.162363528535723134e+01,5.400146046557598822e+01,-9.308311451399939429e+00
4.730000000000000426e+00,-2.031881083451709458e+01,-6.208823879593117567e+01,5.389882165929956415e+01,-9.268576528977868989e+00
4.740000000000000213e+00,-2.037362658420299155e+01,-6.255314735459022302e+01,5.379816724889097657e+01,-9.231193993823554322e+00
4.750000000000000000e+00,-2.042604017758129231e+01,-6.301920506150463552e+01,5.369925593168451883e+01,-9.196156859451335208e+00
4.759999999999999787e+00,-2.047607103622849678e+01,-6.348724375179789803e+01,5.360185213161131657e+01,-9.163445175920696073e+00
4.769999999999999574e+00,-2.052374636168548960e+01,-6.395807873012589084e+01,5.350572659434892842e+01,-9.133026458156791705e+00
4.780000000000000249e+00,-2.056910087643371909e+01,-6.443250467462635811e+01,5.341065696638249705e+01,-9.104856145152428581e+00
4.790000000000000036e+00,-2.061217650756587361e+01,-6.491129175481177072e+01,5.331642835537128633e+01,-9.078878090463295081e+00
4.799999999999999822e+00,-2.065302201797743464e+01,-6.539518200341201748e+01,5.322283386906975977e+01,-9.055025084093136556e+00
4.809999999999999609e+00,-2.069169259060771182e+01,-6.588488597688646564e+01,5.312967512994578101e+01,-9.033219405536041080e+00
4.820000000000000284e+00,-2.072824937181975713e+01,-6.638107973347825919e+01,5.303676276257238698e+01,-9.013373407395308234e+00
4.830000000000000071e+00,-2.076275898041031098e+01,-6.688440215146175660e+01,5.294391685084837462e+01,-8.995390128645734507e+00
4.839999999999999858e+00,-2.079529298899028689e+01,-6.739545260385628467e+01,5.285096736211964696e+01,-8.979163936245436517e+00
4.849999999999999645e+00,-2.082592738456480674e+01,-6.791478899947090042e+01,5.275775453534140524e+01,-8.964581193447617835e+00
4.860000000000000320e+00,-2.085474201508674952e+01,-6.844292619394197175e+01,5.266412923052686779e+01,-8.951520952809881138e+00
4.870000000000000107e+00,-2.088182002856329689e+01,-6.898033476853331081e+01,5.256995323688065724e+01,-8.939855671560000161e+00
4.879999999999999893e+00,-2.090724731098040934e+01,-6.952744016904522084e+01,5.247509953720735609e+01,-8.929451946654824113e+00
4.889999999999999680e+00,-2.093111192889167782e+01,-7.008462219231032009e+01,5.237945252641863192e+01,-8.920171266568697632e+00
4.900000000000000355e+00,-2.095350358201616814e+01,-7.065221480353531547e+01,5.228290818223068470e+01,-8.911870776574456698e+00
4.910000000000000142e+00,-2.097451307062399195e+01,-7.123050626421753861e+01,5.218537418644520898e+01,-8.904404054038813854e+00
4.919999999999999929e+00,-2.099423178187898031e+01,-7.181973954753948419e+01,5.208676999553900089e+01,-8.897621890047327398e+00
4.929999999999999716e+00,-2.101275119867488073e+01,-7.242011301604703988e+01,5.198702685964096304e+01,-8.891373073507145008e+00
4.940000000000000391e+00,-2.103016243386199946e+01,-7.303178133499100966e+01,5.188608778935115851e+01,-8.885505173749796981e+00
4.950000000000000178e+00,-2.104655579213188688e+01,-7.365485659395220353e+01,5.178390747024334928e+01,-8.879865317574390460e+00
4.959999999999999964e+00,-2.106202036122187593e+01,-7.428940960918760084e+01,5.168045212529064969e+01,-8.874300956634602500e+00
4.969999999999999751e+00,-2.107664363352951398e+01,-7.493547137949846615e+01,5.157569932585204953e+01,-8.868660621082751661e+00
4.980000000000000426e+00,-2.109051115870133941e+01,-7.559303466922938242e+01,5.146963775225439264e+01,-8.862794655437010505e+00
4.990000000000000213e+00,-2.110370622728181544e+01,-7.626205569321147948e+01,5.136226690539106698e+01,-8.856555932738805481e+00
5.000000000000000000e+00,-2.111630958508737876e+01,-7.694245587997014013e+01,5.125359677113164025e+01,-8.849800543207862802e+00
5.009999999999999787e+00,-2.112839917760318897e+01,-7.763412369125815360e+01,5.114364743969121463e+01,-8.842388453786220737e+00
5.019999999999999574e+00,-2.114004992339283007e+01,-7.833691647790431034e+01,5.103244868243562138e+01,-8.834184135181031294e+00
5.030000000000000249e+00,-2.115133351525669170e+01,-7.905066235397869434e+01,5.092003948890164367e+01,-8.825057153271060884e+00
5.040000000000000036e+00,-2.116231824767636027e+01,-7.977516207336465470e+01,5.080646756707854195e+01,-8.814882722023645201e+00
5.049999999999999822e+00,-2.117306886893173257e+01,-8.051019089490088732e+01,5.069178881023241701e+01,-8.803542215378643121e+00
5.059999999999999609e+00,-2.118364645617548092e+01,-8.125550042430772635e+01,5.057606673375066464e+01,-8.790923635882768039e+00
5.070000000000000284e+00,-2.119410831168625720e+01,-8.201082042309165843e+01,5.045937188564081310e+01,-8.776922038203517573e+00
5.080000000000000071e+00,-2.120450787849929242e+01,-8.277586057649347140e+01,5.034178123443718533e+01,-8.761439906003454681e+00
5.089999999999999858e+00,-2.121489467361911707e+01,-8.355031221432571442e+01,5.022337753834413121e+01,-8.744387481016341113e+00
5.099999999999999645e+00,-2.122531423705643050e+01,-8.433384998017075418e+01,5.010424869948419513e+01,-8.725683043523524418e+00
5.110000000000000320e+00,-2.123580809498859878e+01,-8.512613344591710529e+01,4.998448710711779341e+01,-8.705253143784327463e+00
5.120000000000000107e+00,-2.124641373542296563e+01,-8.592680866996467159e+01,4.986418897366413461e+01,-8.683032784317385122e+00
5.129999999999999893e+00,-2.125716459483484755e+01,-8.673550969864244564e+01,4.974345366728113760e+01,-8.658965553261982251e+00
5.139999999999999680e+00,-2.126809005435875122e+01,-8.755186001145881391e+01,4.962238304465758176e+01,-8.633003709361661393e+00
5.150000000000000355e+00,-2.127921544422624578e+01,-8.837547391172540756e+01,4.950108078754030316e+01,-8.605108219406565340e+00
5.160000000000000142e+00,-2.129056205526549306e+01,-8.920595786490972046e+01,4.937965174635974108e+01,-8.575248749241369595e+00
5.169999999999999929e+00,-2.130214715640363821e+01,-9.004291178773584647e+01,4.925820129413973092e+01,-8.543403609691647915e+00
5.179999999999999716e+00,-2.131398401724130665e+01,-9.088593029161944514e+01,4.913683469367923351e+01,-8.509559658980434094e+00
5.190000000000000391e+00,-2.132608193489861392e+01,-9.173460388446190450e+01,4.901565648078421589e+01,-8.473712163397904007e+00
5.200000000000000178e+00,-2.133844626446014558e+01,-9.258852013517393686e+01,4.889476986610659992e+01,-8.435864618151166283e+00
5.209999999999999964e+00,-2.135107845247524949e+01,-9.344726480555317494e+01,4.877427615791930293e+01,-8.396028530455113881e+00
5.219999999999999751e+00,-2.136397607309407221e+01,-9.431042295428810007e+01,4.865427420792758539e+01,-8.354223167034806607e+00
5.230000000000000426e+00,-2.137713286654508948e+01,-9.517758001794616973e+01,4.853485988198641365e+01,-8.310475268288172401e+00
5.240000000000000213e+00,-2.139053877977637086e+01,-9.604832287379477407e+01,4.841612555736800516e+01,-8.264818731416902153e+00
5.250000000000000000e+00,-2.140418000920231734e+01,-9.692224088923192937e+01,4.829815964800422279e+01,-8.217294264862136544e+00
5.259999999999999787e+00,-2.141803904560691763e+01,-9.779892696245055106e+01,4.818104615891822817e+01,-8.167949016394931760e+00
5.269999999999999574e+00,-2.143209472136478411e+01,-9.867797855876308688e+01,4.806486427085836510e+01,-8.116836177199790114e+00
5.280000000000000249e+00,-2.144632226024278054e+01,-9.955899874670804195e+01,4.794968795596328448e+01,-8.064014564266205554e+00
5.290000000000000036e+00,-2.146069333014543190e+01,-1.004415972377471462e+02,4.783558562511088041e+01,-8.009548183359394002e+00
5.299999999999999822e+00,-2.147517609925886362e+01,-1.013253914329359020e+02,4.772261980744773524e+01,-7.953505774790973426e+00
5.309999999999999609e+00,-2.148973529613697053e+01,-1.022100074794909972e+02,4.761084686245268927e+01,-7.895960344146170762e+00
5.320000000000000284e+00,-2.150433227435321371e+01,-1.030950813396482886e+02,4.750031672476092126e+01,-7.836988680055713807e+00
5.330000000000000071e+00,-2.151892508241746782e+01,-1.039802598736091142e+02,4.739107268186524635e+01,-7.776670861025109183e+00
5.339999999999999858e+00,-2.153346853972049857e+01,-1.048652019377274769e+02,4.728315118471366674e+01,-7.715089753259360528e+00
5.349999999999999645e+00,-2.154791431932896018e+01,-1.057495794983630475e+02,4.717658169114395861e+01,-7.652330501342863300e+00
5.360000000000000320e+00,-2.156221103849844312e+01,-1.066330787610640840e+02,4.707138654202631756e+01,-7.588480013560847226e+00
5.370000000000000107e+00,-2.157630435780923506e+01,-1.075154013139022027e+02,4.696758086993206405e+01,-7.523626443577418499e+00
5.379999999999999893e+00,-2.159013708985128588e+01,-1.083962652829006430e+02,4.686517254010170319e+01,-7.457858670120238287e+00
5.389999999999999680e+00,-2.160364931839531621e+01,-1.092754064965564709e+02,4.676416212345290546e+01,-7.391265776262299525e+00
5.400000000000000355e+00,-2.161677852897775054e+01,-1.101525796554882106e+02,4.666454290134075933e+01,-7.323936529841361676e+00
5.410000000000000142e+00,-2.162945975180495140e+01,-1.110275595022110338e+02,4.656630090176547299e+01,-7.255958866514681027e+00
5.419999999999999929e+00,-2.164162571783720779e+01,-1.119001419850197578e+02,4.646941496670434191e+01,-7.187419376913885216e+00
5.429999999999999716e+00,-2.165320702884986659e+01,-1.127701454089036019e+02,4.637385685023254212e+01,-7.118402799341255083e+00
5.440000000000000391e+00,-2.166413234218272521e+01,-1.136374115653660226e+02,4.627959134708482480e+01,-7.048991519435414688e+00
5.450000000000000178e+00,-2.167432857077994512e+01,-1.145018068320124769e+02,4.618657645129406575e+01,-6.979265078229189179e+00
5.459999999999999964e+00,-2.168372109899015499e+01,-1.153632232317758763e+02,4.609476354452650071e+01,-6.909299690027309815e+00
5.469999999999999751e+00,-2.169223401443782961e+01,-1.162215794407382674e+02,4.600409761370935513e+01,-6.839167771544645724e+00
5.480000000000000426e+00,-2.169979035609655327e+01,-1.170768217326819354e+02,4.591451749751752942e+01,-6.768937483764315033e+00
5.490000000000000213e+00,-2.170631237848729711e+01,-1.179289248477892329e+02,4.582595616124796578e+01,-6.698672288001857211e+00
5.500000000000000000e+00,-2.171172183169625924e+01,-1.187778927723463056e+02,4.573834099956282273e+01,-6.628430517691512591e+00
5.509999999999999787e+00,-2.171594025665774552e+01,-1.196237594159170357e+02,4.565159416652430480e+01,-6.558264967442711146e+00
5.519999999999999574e+00,-2.171888929487756670e+01,-1.204665891722496411e+02,4.556563293227474531e+01,-6.488222500951061456e+00
5.530000000000000249e+00,-2.172049101149150729e+01,-1.213064773502297271e+02,4.548037006563255602e+01,-6.418343679378621935e+00
5.540000000000000036e+00,-2.172066823025820881e+01,-1.221435504614705252e+02,4.539571424178032544e+01,-6.348662411850338749e+00
5.549999999999999822e+00,-2.171934487878881015e+01,-1.229779663516935528e+02,4.531157047411413430e+01,-6.279205629737383276e+00
5.559999999999999609e+00,-2.171644634201721402e+01,-1.238099141639139589e+02,4.522784056920185236e+01,-6.209992986415078242e+00
5.570000000000000284e+00,-2.171189982162523435e+01,-1.246396141225861953e+02,4.514442360366686557e+01,-6.141036584191358116e+00
5.580000000000000071e+00,-2.170563469886165819e+01,-1.254673171293303255e+02,4.506121642166972663e+01,-6.072340730096436268e+00
5.589999999999999858e+00,-2.169758289794155104e+01,-1.262933041626181847e+02,4.497811415150609804e+01,-6.003901722205413627e+00
5.599999999999999645e+00,-2.168767924698985894e+01,-1.271178854758325514e+02,4.489501073967849720e+01,-5.935707668131168013e+00
5.610000000000000320e+00,-2.167586183330958960e+01,-1.279413995904331500e+02,4.481179950062942652e+01,-5.867738337269969406e+00
5.620000000000000107e+00,-2.166207234961534311e+01,-1.287642120834944421e+02,4.472837368015071746e+01,-5.799965048309969617e+00
5.629999999999999893e+00,-2.164625642778693049e+01,-1.295867141716071842e+02,4.464462703030925894e+01,-5.732350593417526952e+00
5.639999999999999680e+00,-2.162836395666968414e+01,-1.304093210960112970e+02,4.456045439355426652e+01,-5.664849200397806150e+00
5.650000000000000355e+00,-2.160834938048074250e+01,-1.312324703167633402e+02,4.447575229350123749e+01,-5.597406533986723609e+00
5.660000000000000142e+00,-2.158617197448087310e+01,-1.320566195267114153e+02,4.439041952972390703e+01,-5.529959737265174091e+00
5.669999999999999929e+00,-2.156179609473736036e+01,-1.328822444989456244e+02,4.430435777373329387e+01,-5.462437513998930960e+00
5.679999999999999716e+00,-2.153519139903470858e+01,-1.337098367841836932e+02,4.421747216318178175e+01,-5.394760252494804398e+00
5.690000000000000391e+00,-2.150633303628660542e+01,-1.345399012771108289e+02,4.412967189121047085e+01,-5.326840191330543206e+00
5.700000000000000178e+00,-2.147520180215559904e+01,-1.353729536730143650e+02,4.404087078775435771e+01,-5.258581627060469721e+00
5.709999999999999964e+00,-2.144178425899438523e+01,-1.362095178380205596e+02,4.395098788954376801e+01,-5.189881163725046598e+00
5.719999999999999751e+00,-2.140607281867236011e+01,-1.370501231178280648e+02,4.385994799548905831e+01,-5.120628003702752729e+00
5.730000000000000426e+00,-2.136806578733519402e+01,-1.378953016109793168e+02,4.376768220411478438e+01,-5.050704279139358377e+00
5.740000000000000213e+00,-2.132776737165370307e+01,-1.387455854333911134e+02,4.367412842972143494e+01,-4.979985422875810031e+00
5.750000000000000000e+00,-2.128518764663508733e+01,-1.396015040010551900e+02,4.357923189399720343e+01,-4.908340577477320998e+00
5.759999999999999787e+00,-2.124034248558836424e+01,-1.404635813575087013e+02,4.348294558988466463e+01,-4.835633040644617964e+00
5.769999999999999574e+00,-2.119325345333903243e+01,-1.413323335718885119e+02,4.338523071462390845e+01,-4.761720744969409225e+00
5.780000000000000249e+00,-2.114394766426689642e+01,-1.422082662321154771e+02,4.328605706904917838e+01,-4.686456769685605650e+00
5.790000000000000036e+00,-2.109245760718498275e+01,-1.430918720560763404e+02,4.318540342040761715e+01,-4.609689881767349284e+00
5.799999999999999822e+00,-2.103882093947331811e+01,-1.439836286416024507e+02,4.308325782619498057e+01,-4.531265103443588238e+00
5.809999999999999609e+00,-2.098308025322697645e+01,-1.448839963736570837e+02,4.297961791676548415e+01,-4.451024302937192978e+00
5.820000000000000284e+00,-2.092528281646139732e+01,-1.457934165044993620e+02,4.287449113476517226e+01,-4.368806805002425797e+00
5.830000000000000071e+00,-2.086548029263834891e+01,-1.467123094197644662e+02,4.276789492975976970e+01,-4.284450017629785279e+00
5.839999999999999858e+00,-2.080372844193107795e+01,-1.476410731004501429e+02,4.265985690677558750e+01,-4.197790071117357691e+00
5.849999999999999645e+00,-2.074008680773363977e+01,-1.485800817878196654e+02,4.255041492783829682e+01,-4.108662465574993483e+00
5.860000000000000320e+00,-2.067461839194351825e+01,-1.495296848552621327e+02,4.243961716597989664e+01,-4.016902722835983930e+00
5.870000000000000107e+00,-2.060738932250801625e+01,-1.504902058882902338e+02,4.232752211157882982e+01,-3.922347038700311650e+00
5.879999999999999893e+00,-2.053846851662893869e+01,-1.514619419711238208e+02,4.221419853129994948e+01,-3.824832931429320126e+00
5.889999999999999680e+00,-2.046792734287435422e+01,-1.524451631757897019e+02,4.209972538030239519e+01,-3.724199882449859444e+00
5.900000000000000355e+00,-2.039583928525646073e+01,-1.534401122473758221e+02,4.198419166878122866e+01,-3.620289965310200753e+00
5.910000000000000142e+00,-2.032227961210688250e+01,-1.544470044770534116e+02,4.186769628429365753e+01,-3.512948459058544248e+00
5.919999999999999929e+00,-2.024732505232647384e+01,-1.554660277527511880e+02,4.175034777169182121e+01,-3.402024442384377068e+00
5.929999999999999716e+00,-2.017105348130951015e+01,-1.564973427759276490e+02,4.163226407283227104e+01,-3.287371365073749274e+00
5.940000000000000391e+00,-2.009354361855232440e+01,-1.575410834317524973e+02,4.151357222855547491e+01,-3.168847593577249988e+00
5.950000000000000178e+00,-2.001487473866037448e+01,-1.585973572991714775e+02,4.139440804572125643e+01,-3.046316927770312155e+00
5.959999999999999964e+00,-1.993512639717207691e+01,-1.596662462867777208e+02,4.127491573234493671e+01,-2.919649086295400764e+00
5.969999999999999751e+00,-1.985437817232663349e+01,-1.607478073801159155e+02,4.115524750409974075e+01,-2.788720158212626199e+00
5.980000000000000426e+00,-1.977270942362556028e+01,-1.618420734860166021e+02,4.103556316563360440e+01,-2.653413019038086240e+00
5.990000000000000213e+00,-1.969019906777285911e+01,-1.629490543597149781e+02,4.091602967028872939e+01,-2.513617709622100627e+00
6.000000000000000000e+00,-1.960692537233321531e+01,-1.640687376008896763e+02,4.079682066190948575e+01,-2.369231776696997027e+00
6.009999999999999787e+00,-1.952296576722433485e+01,-1.652010897052734606e+02,4.067811600248109727e+01,-2.220160574309474111e+00
6.019999999999999574e+00,-1.943839667395597459e+01,-1.663460571591562598e+02,4.056010128935290027e+01,-2.066317525734954419e+00
6.030000000000000249e+00,-1.935329335235096693e+01,-1.675035675648656763e+02,4.044296736577264539e+01,-1.907624345848736303e+00
6.040000000000000036e+00,-1.926772976432835804e+01,-1.686735307861538331e+02,4.032690982839056204e+01,-1.744011224295708651e+00
6.049999999999999822e+00,-1.918177845419712213e+01,-1.698558401033293990e+02,4.021212853528578535e+01,-1.575416970151088281e+00
6.059999999999999609e+00,-1.909551044480123849e+01,-1.710503733688945829e+02,4.009882711792972287e+01,-1.401789119098819647e+00
6.070000000000000284e+00,-1.900899514876950391e+01,-1.722569941554046409e+02,3.998721250032885166e+01,-1.223084004463313779e+00
6.080000000000000071e+00,-1.892230029405585512e+01,-1.734755528882006104e+02,3.987749442839032099e+01,-1.039266793716583370e+00
6.089999999999999858e+00,-1.883549186291023503e+01,-1.747058879565898053e+02,3.976988501233309847e+01,-8.503114923399400782e-01
6.099999999999999645e+00,-1.874863404338566042e+01,-1.759478267979389727e+02,3.966459828472132187e+01,-6.562009171479079583e-01
6.110000000000000320e+00,-1.866178919247360568e+01,-1.772011869499890793e+02,3.956184977644036849e+01,-4.569266413803539373e-01
6.120000000000000107e+00,-1.857501780995453089e+01,-1.784657770675051154e+02,3.946185611266238880e+01,-2.524889140345771832e-01
6.129999999999999893e+00,-1.848837852206021282e+01,-1.797413979001132418e+02,3.936483463057015086e+01,-4.289655604540378725e-02
6.139999999999999680e+00,-1.840192807406121744e+01,1.789721567711316652e+02,3.927100302032260970e+01,1.718331639749859363e-01
6.150000000000000355e+00,-1.831572133091948729e+01,1.776750992402779161e+02,3.918057899046097958e+01,3.916746716516097404e-01
6.160000000000000142e+00,-1.822981128517776028e+01,1.763676470273761083e+02,3.909377995867058075e+01,6.165942435837820090e-01
6.169999999999999929e+00,-1.814424907129495423e+01,1.750500220744960416e+02,3.901082276853566100e+01,8.465501760567201162e-01
6.179999999999999716e+00,-1.805908398567781248e+01,1.737224499871752244e+02,3.893192343265425137e+01,1.081492962885501896e+00
6.190000000000000391e+00,-1.797436351170275159e+01,1.723851593212071123e+02,3.885729690221968724e+01,1.321365479582622404e+00
6.200000000000000178e+00,-1.789013334906680797e+01,1.710383809143438896e+02,3.878715686292648712e+01,1.566103171091978830e+00
6.209999999999999964e+00,-1.780643744685352203e+01,1.696823472621965720e+02,3.872171555682390931e+01,1.815634240403904531e+00
6.219999999999999751e+00,-1.772331803974462616e+01,1.683172919373635352e+02,3.866118362951878140e+01,2.069879835455621819e+00
6.230000000000000426e+00,-1.764081568685526591e+01,1.669434490506268673e+02,3.860577000192461128e+01,2.328754231822007359e+00
6.240000000000000213e+00,-1.755896931271372452e+01,1.655610527528774867e+02,3.855568176556347026e+01,2.592165008818758665e+00
6.250000000000000000e+00,-1.747781624995107563e+01,1.641703367763147980e+02,3.851112410025370991e+01,2.860013216761664090e+00
6.259999999999999787e+00,-1.739739228330639520e+01,1.627715340133545112e+02,3.847230021285791679e+01,3.132193533259755469e+00
6.269999999999999574e+00,-1.731773169459293271e+01,1.613648761316191553e+02,3.843941129562198000e+01,3.408594406555499834e+00
6.280000000000000249e+00,-1.723886730830812652e+01,1.599505932233297472e+02,3.841265650250842612e+01,3.689098184067510555e+00
6.290000000000000036e+00,-1.716083053760452160e+01,1.585289134873971477e+02,3.839223294181112323e+01,3.973581224433532899e+00
6.299999999999999822e+00,-1.708365143037160649e+01,1.571000629425051613e+02,3.837833568323635092e+01,4.261913991494998832e+00
6.309999999999999609e+00,-1.700735871520901554e+01,1.556642651694790231e+02,3.837115777754507917e+01,4.553961128808640346e+00
6.320000000000000284e+00,-1.693197984709841108e+01,1.542217410812662592e+02,3.837089028676864189e+01,4.849581513410688771e+00
6.330000000000000071e+00,-1.685754105260846103e+01,1.527727087188756627e+02,3.837772232294059904e+01,5.148628287700606876e+00
6.339999999999999858e+00,-1.678406737448898411e+01,1.513173830716755788e+02,3.839184109322029315e+01,5.450948868446186424e+00
6.349999999999999645e+00,-1.671158271553316155e+01,1.498559759204905504e+02,3.841343194922782089e+01,5.756384932047225789e+00
6.360000000000000320e+00,-1.664010988160448434e+01,1.483886957019957151e+02,3.844267843835404364e+01,6.064772375325297560e+00
6.370000000000000107e+00,-1.656967062374378941e+01,1.469157473929659545e+02,3.847976235476082962e+01,6.375941251234888973e+00
6.379999999999999893e+00,-1.650028567928602996e+01,1.454373324129965397e+02,3.852486378773675568e+01,6.689715679017840699e+00
6.389999999999999680e+00,-1.643197481193117326e+01,1.439536485443800871e+02,3.857816116502675641e+01,7.005913728445696265e+00
6.400000000000000355e+00,-1.636475685072526431e+01,1.424648898678820785e+02,3.863983128870607686e+01,7.324347277919332377e+00
6.410000000000000142e+00,-1.629864972791893507e+01,1.409712467132309257e+02,3.871004936111945938e+01,7.644821846316355973e+00
6.419999999999999929e+00,-1.623367051567993258e+01,1.394729056231972208e+02,3.878898899835516545e+01,7.967136398602176151e+00
6.429999999999999716e+00,-1.616983546164451724e+01,1.379700493301998279e+02,3.887682222866922643e+01,8.291083125347888938e+00
6.440000000000000391e+00,-1.610716002330002539e+01,1.364628567444479188e+02,3.897371947321686747e+01,8.616447196426621602e+00
6.450000000000000178e+00,-1.604565890119648586e+01,1.349515029526734509e+02,3.907984950638694954e+01,8.943006489300222128e+00
6.459999999999999964e+00,-1.598534607099127314e+01,1.334361592265868808e+02,3.919537939296880324e+01,9.270531292447863336e+00
6.469999999999999751e+00,-1.592623481433436972e+01,1.319169930402249804e+02,3.932047439931172761e+01,9.598783984645862688e+00
6.480000000000000426e+00,-1.586833774860615875e+01,1.303941680954320361e+02,3.945529787556315426e+01,9.927518690969572290e+00
6.490000000000000213e+00,-1.581166685552234163e+01,1.288678443547568122e+02,3.960001110599521468e+01,1.025648091656864480e+01
6.500000000000000000e+00,-1.575623350862329985e+01,1.273381780810978228e+02,3.975477312435096167e+01,1.058540715946167765e+01
6.509999999999999787e+00,-1.570204849966680705e+01,1.258053218834846376e+02,3.991974049105994737e+01,1.091402450380730826e+01
6.519999999999999574e+00,-1.564912206394495620e+01,1.242694247684139413e+02,4.009506702909539655e+01,1.124205019534483796e+01
6.530000000000000249e+00,-1.559746390454696652e+01,1.227306321962160496e+02,4.028090351516556211e+01,1.156919120095125386e+01
6.540000000000000036e+00,-1.554708321559006379e+01,1.211890861419516057e+02,4.047739732286121495e+01,1.189514375454680462e+01
6.549999999999999822e+00,-1.549798870444179499e+01,1.196449251603881976e+02,4.068469201431472015e+01,1.221959289188826148e+01
6.559999999999999609e+00,-1.545018861295641877e+01,1.180982844546332871e+02,4.090292687687207263e+01,1.254221197713193625e+01
6.570000000000000284e+00,-1.540369073774867203e+01,1.165492959480329915e+02,4.113223640123982960e+01,1.286266222442064588e+01
6.580000000000000071e+00,-1.535850244952740340e+01,1.149980883589815619e+02,4.137274969754647458e+01,1.318059221815611082e+01
6.589999999999999858e+00,-1.531463071151183186e+01,1.134447872783035507e+02,4.162458984576336718e+01,1.349563743606384136e+01
6.599999999999999645e+00,-1.527208209695196572e+01,1.118895152489126588e+02,4.188787317695923207e+01,1.380741977963736744e+01
6.610000000000000320e+00,-1.523086280577452456e+01,1.103323918474556109e+02,4.216270848193499177e+01,1.411554711707260168e+01
6.620000000000000107e+00,-1.519097868037485810e+01,1.087735337676894432e+02,4.244919614389375084e+01,1.441961284436059998e+01
6.629999999999999893e+00,-1.515243522057439840e+01,1.072130549053506030e+02,4.274742719196483165e+01,1.471919547080873691e+01
6.639999999999999680e+00,-1.511523759776279618e+01,1.056510664442922973e+02,4.305748227262348848e+01,1.501385823589716217e+01
6.650000000000000355e+00,-1.507939066824222785e+01,1.040876769436946034e+02,4.337943053633473056e+01,1.530314876505109289e+01
6.660000000000000142e+00,-1.504489898579135065e+01,1.025229924261516175e+02,4.371332843712307437e+01,1.558659877261740512e+01
6.669999999999999929e+00,-1.501176681346460917e+01,1.009571164664693441e+02,4.405921844322342906e+01,1.586372382106802092e+01
6.679999999999999716e+00,-1.497999813464234720e+01,9.939015028101019311e+01,4.441712765752935610e+01,1.613402314621075462e+01
6.690000000000000391e+00,-1.494959666334576376e+01,9.782219281743870454e+01,4.478706634722210822e+01,1.639697955895934101e+01
6.700000000000000178e+00,-1.492056585382999678e+01,9.625334084473068685e+01,4.516902638275713144e+01,1.665205943499022467e+01
6.709999999999999964e+00,-1.489290890946778845e+01,9.468368904331626368e+01,4.556297958731243369e+01,1.689871280438067558e+01
6.719999999999999751e+00,-1.486662879093510625e+01,9.311333009524267368e+01,4.596887599887463693e+01,1.713637355406618923e+01
6.730000000000000426e+00,-1.484172822370935130e+01,9.154235477424050771e+01,4.638664204837115079e+01,1.736445975665882102e+01
6.740000000000000213e+00,-1.481820970488982603e+01,8.997085203559430511e+01,4.681617865865064232e+01,1.758237413980751640e+01
6.750000000000000000e+00,-1.479607550934944626e+01,8.839890910571615734e+01,4.725735927068679132e+01,1.778950471083752660e+01
6.759999999999999787e+00,-1.477532769522573375e+01,8.682661157133195218e+01,4.771002780512922925e+01,1.798522555184718641e+01
6.769999999999999574e+00,-1.475596810875837051e+01,8.525404346819333057e+01,4.817399656925918094e+01,1.816889780073880800e+01
6.780000000000000249e+00,-1.473799838848014332e+01,8.368128736922855637e+01,4.864904412152404944e+01,1.833987083378121952e+01
6.790000000000000036e+00,-1.472141996876675840e+01,8.210842447205710926e+01,4.913491310811392765e+01,1.849748366520829990e+01
6.799999999999999822e+00,-1.470623408275118571e+01,8.053553468578542152e+01,4.963130808850476683e+01,1.864106657901006159e+01
6.809999999999999609e+00,-1.469244176460685125e+01,7.896269671701534776e+01,5.013789336949519537e+01,1.876994300742986610e+01
6.820000000000000284e+00,-1.468004385120351429e+01,7.738998815498607087e+01,5.065429086999945696e+01,1.888343166970031461e+01
6.830000000000000071e+00,-1.466904098313965932e+01,7.581748555578253956e+01,5.118007804167849883e+01,1.898084898318310110e+01
6.839999999999999858e+00,-1.465943360515376703e+01,7.424526452553942590e+01,5.171478587336588362e+01,1.906151175728902203e+01
6.849999999999999645e+00,-1.465122196591701176e+01,7.267339980256730314e+01,5.225789701011781574e+01,1.912474017829513784e+01
6.860000000000000320e+00,-1.464440611720917218e+01,7.110196533833683930e+01,5.280884402052160453e+01,1.916986109041293673e+01
6.870000000000000107e+00,-1.463898591247930625e+01,6.953103437724479363e+01,5.336700784857180224e+01,1.919621157516413490e+01
6.879999999999999893e+00,-1.463496100479169115e+01,6.796067953509705717e+01,5.393171648886956149e+01,1.920314282726577204e+01
6.889999999999999680e+00,-1.463233084415818297e+01,6.639097287623172861e+01,5.450224392603990253e+01,1.919002432079928511e+01
6.900000000000000355e+00,-1.463109467425675270e+01,6.482198598921380039e+01,5.507780938097414491e+01,1.915624825444796997e+01
6.910000000000000142e+00,-1.463125152853615418e+01,6.325379006102389923e+01,5.565757690769277843e+01,1.910123425904517092e+01
6.919999999999999929e+00,-1.463280022570650729e+01,6.168645594966451284e+01,5.624065538515905160e+01,1.902443434462346517e+01
6.929999999999999716e+00,-1.463573936461484948e+01,6.012005425510727719e+01,5.682609894814002871e+01,1.892533805765425114e+01
6.940000000000000391e+00,-1.464006731850463261e+01,5.855465538849488638e+01,5.741290790009252731e+01,1.880347781229804127e+01
6.950000000000000178e+00,-1.464578222865834434e+01,5.699032963951902531e+01,5.800003014892200781e+01,1.865843435236219605e+01
6.959999999999999964e+00,-1.465288199742168018e+01,5.542714724187933228e+01,5.858636320323508073e+01,1.848984229342104513e+01
6.969999999999999751e+00,-1.466136428060769425e+01,5.386517843673727413e+01,5.917075676227501191e+01,1.829739568735984534e+01
6.980000000000000426e+00,-1.467122647927959811e+01,5.230449353406650204e+01,5.975201592704704012e+01,1.808085354464556360e+01
6.990000000000000213e+00,-1.468246573091043672e+01,5.074516297179803104e+01,6.032890505316059659e+01,1.784004524312394224e+01
7.000000000000000000e+00,-1.469507889991801441e+01,4.918725737265918951e+01,6.090015225764074813e+01,1.757487574632373750e+01
7.009999999999999787e+00,-1.470906256757332997e+01,4.763084759859036410e+01,6.146445458244160420e+01,1.728533054936301738e+01
7.019999999999999574e+00,-1.472441302128122231e+01,4.607600480263058529e+01,6.202048380670535010e+01,1.697148026685425748e+01
7.030000000000000249e+00,-1.474112624323144871e+01,4.452280047814311104e+01,6.256689288811239891e+01,1.663348477494360012e+01
7.040000000000000036e+00,-1.475919789841930729e+01,4.297130650525878792e+01,6.310232300113324300e+01,1.627159681903276578e+01
7.049999999999999822e+00,-1.477862332203450713e+01,4.142159519439965010e+01,6.362541112688965939e+01,1.588616500003310250e+01
7.059999999999999609e+00,-1.479939750621786487e+01,3.987373932673934007e+01,6.413479813594611301e+01,1.547763605536207621e+01
7.070000000000000284e+00,-1.482151508618540348e+01,3.832781219145552143e+01,6.462913729203025071e+01,1.504655635644532197e+01
7.080000000000000071e+00,-1.484497032572020458e+01,3.678388761961020492e+01,6.510710309181263256e+01,1.459357255228812278e+01
7.089999999999999858e+00,-1.486975710203260803e+01,3.524204001449918167e+01,6.556740034385340721e+01,1.411943129873466596e+01
7.099999999999999645e+00,-1.489586888999060221e+01,3.370234437828754892e+01,6.600877337908485742e+01,1.362497802524196544e+01
7.110000000000000320e+00,-1.492329874572216752e+01,3.216487633475450281e+01,6.643001527614097768e+01,1.311115470520802972e+01
7.120000000000000107e+00,-1.495203928959334050e+01,3.062971214794704622e+01,6.682997697787608615e+01,1.257899661183447293e+01
7.129999999999999893e+00,-1.498208268856567926e+01,2.909692873654140399e+01,6.720757617087497238e+01,1.202962805885810660e+01
7.139999999999999680e+00,-1.501342063793909531e+01,2.756660368369612968e+01,6.756180579794278174e+01,1.146425714382363914e+01
7.150000000000000355e+00,-1.504604434248643052e+01,2.603881524216865628e+01,6.789174207469068278e+01,1.088416953042708535e+01
7.160000000000000142e+00,-1.507994449698847994e+01,2.451364233445994856e+01,6.819655188551897140e+01,1.029072132530830075e+01
7.169999999999999929e+00,-1.511511126617916467e+01,2.299116454773621854e+01,6.847549944157256618e+01,9.685331122960297634e+00
7.179999999999999716e+00,-1.515153426411337101e+01,2.147146212326296677e+01,6.872795209350631751e+01,9.069471309592445962e+00
7.190000000000000391e+00,-1.518920253297107159e+01,1.995461594008223827e+01,6.895338520495553780e+01,8.444658732302974258e+00
7.200000000000000178e+00,-1.522810452131492909e+01,1.844070749263950759e+01,6.915138600815119219e+01,7.812444853266034883e+00
7.209999999999999964e+00,-1.526822806182013004e+01,1.692981886206521125e+01,6.932165638074604885e+01,7.174405519407530463e+00
7.219999999999999751e+00,-1.530956034849912051e+01,1.542203268079408041e+01,6.946401450214169415e+01,6.532130485858704816e+00
7.230000000000000426e+00,-1.535208791344651047e+01,1.391743209019804084e+01,6.957839536787921020e+01,5.887212836104859903e+00
7.240000000000000213e+00,-1.539579660313333598e+01,1.241610069089568924e+01,6.966485016138842923e+01,5.241238443039969219e+00
7.250000000000000000e+00,-1.544067155428375671e+01,1.091812248538281516e+01,6.972354450298122686e+01,4.595775613077934807e+00
7.259999999999999787e+00,-1.548669716937158469e+01,9.423581812628009757e+00,6.975475561582702255e+01,3.952365050166300353e+00
7.269999999999999574e+00,-1.553385709177851837e+01,7.932563274252354191e+00,6.975886846721276413e+01,3.312510268192099705e+00
7.280000000000000249e+00,-1.558213418066158340e+01,6.445151651916736668e+00,6.973637096015715997e+01,2.677668569196890225e+00
7.290000000000000036e+00,-1.563151048558212075e+01,4.961431815516236021e+00,6.968784826501011764e+01,2.049242691404069561e+00
7.299999999999999822e+00,-1.568196722095536622e+01,3.481488621787769855e+00,6.961397639268035675e+01,1.428573215792762419e+00
7.309999999999999609e+00,-1.573348474038549938e+01,2.005406802919643461e+00,6.951551512038160752e+01,8.169318033155675840e-01
7.320000000000000284e+00,-1.578604251095839750e+01,5.332708447523336615e-01,6.939330038713720228e+01,2.155153173964852731e-01
7.330000000000000071e+00,-1.583961908757151882e+01,-9.348351458365102840e-01,6.924823627972308770e+01,-3.745591314182287190e-01
7.339999999999999858e+00,-1.589419208738843636e+01,-2.398827584782259770e+00,6.908128673033772316e+01,-9.522581993541272549e-01
7.349999999999999645e+00,-1.594973816451358672e+01,-3.858623566317875397e+00,6.889346704523312326e+01,-1.516635379440429254e+00
7.360000000000000320e+00,-1.600623298499220581e+01,-5.314141030496950080e+00,6.868583537906684455e+01,-2.066833141109005734e+00
7.370000000000000107e+00,-1.606365120224948129e+01,-6.765298943138006393e+00,6.845948426314473068e+01,-2.602084167207801002e+00
7.379999999999999893e+00,-1.612196643309272304e+01,-8.212017488561679457e+00,6.821553228736141250e+01,-3.121711729025500759e+00
7.389999999999999680e+00,-1.618115123441121384e+01,-9.654218275468505084e+00,6.795511602587842503e+01,-3.625129250808267756e+00
7.400000000000000355e+00,-1.624117708071808153e+01,-1.109182455627521691e+01,6.767938228579161830e+01,-4.111839124160716175e+00
7.410000000000000142e+00,-1.630201434269106286e+01,-1.252476146019647629e+01,6.738948074659180065e+01,-4.581430839623702234e+00
7.419999999999999929e+00,-1.636363226687863559e+01,-1.395295624031294857e+01,6.708655704648185747e+01,-5.033578507635600552e+00
7.429999999999999716e+00,-1.642599895675145660e+01,-1.537633853482439328e+01,6.677174635988386342e+01,-5.468037844099555400e+00
7.440000000000000391e+00,-1.648908135528911956e+01,-1.679484064262034337e+01,6.644616749905549113e+01,-5.884642697021952529e+00
7.450000000000000178e+00,-1.655284522930540092e+01,-1.820839781323931561e+01,6.611091756185912516e+01,-6.283301190331425090e+00
7.459999999999999964e+00,-1.661725515572567247e+01,-1.961694855121472969e+01,6.576706713759890022e+01,-6.663991559224302641e+00
7.469999999999999751e+00,-1.668227451004300121e+01,-2.102043493470793223e+01,6.541565607360199408e+01,-7.026757748413150040e+00
7.480000000000000426e+00,-1.674786545718902531e+01,-2.241880294824634134e+01,6.505768979697937482e+01,-7.371704840712692608e+00
7.490000000000000213e+00,-1.681398894506780550e+01,-2.381200282926209155e+01,6.469413617881828316e+01,-7.698994378673175376e+00
7.500000000000000000e+00,-1.688060470100945309e+01,-2.519998942801835540e+01,6.432592292196115125e+01,-8.008839636692707487e+00
7.509999999999999787e+00,-1.694767123141003395e+01,-2.658272258037036906e+01,6.395393544850382739e+01,-8.301500895380110379e+00
7.519999999999999574e+00,-1.701514582483126148e+01,-2.796016749266586032e+01,6.357901525916746976e+01,-8.577280764084830977e+00
7.530000000000000249e+00,-1.708298455884020939e+01,-2.933229513794102417e+01,6.320195873370023776e+01,-8.836519591609045321e+00
7.540000000000000036e+00,-1.715114231087320817e+01,-3.069908266238470418e+01,6.282351633938372970e+01,-9.079590999295996667e+00
7.549999999999999822e+00,-1.721957277341097736e+01,-3.206051380088086233e+01,6.244439221345461277e+01,-9.306897565069169431e+00
7.559999999999999609e+00,-1.728822847375131389e+01,-3.341657930023606582e+01,6.206524408472709098e+01,-9.518866681653243234e+00
7.570000000000000284e+00,-1.735706079866410789e+01,-3.476727734850646812e+01,6.168668349980556087e+01,-9.715946607215824926e+00
7.580000000000000071e+00,-1.742602002420654372e+01,-3.611261400862435522e+01,6.130927631992627624e+01,-9.898602722073361448e+00
7.589999999999999858e+00,-1.749505535096846387e+01,-3.745260365431028760e+01,6.093354345555737694e+01,-1.006731400093540429e+01
7.599999999999999645e+00,-1.756411494500443737e+01,-3.878726940603755935e+01,6.055996180733689016e+01,-1.022256970643758223e+01
7.610000000000000320e+00,-1.763314598469311534e+01,-4.011664356458171454e+01,6.018896538365468274e+01,-1.036486630643247686e+01
7.620000000000000107e+00,-1.770209471374303334e+01,-4.144076803947769605e+01,5.982094656710697933e+01,-1.049470461467149107e+01
7.629999999999999893e+00,-1.777090650053939314e+01,-4.275969476946444559e+01,5.945625750411481647e+01,-1.061258715209013559e+01
7.639999999999999680e+00,-1.783952590399542260e+01,-4.407348613180042918e+01,5.909521159412813773e+01,-1.071901572389862700e+01
7.650000000000000355e+00,-1.790789674603805892e+01,-4.538221533710833455e+01,5.873808505699960847e+01,-1.081448920603432207e+01
7.660000000000000142e+00,-1.797596219081672686e+01,-4.668596680622465556e+01,5.838511855925236915e+01,-1.089950153323823656e+01
7.669999999999999929e+00,-1.804366483067993698e+01,-4.798483652535108490e+01,5.803651888205622100e+01,-1.097453988003115022e+01
7.679999999999999716e+00,-1.811094677891406590e+01,-4.927893237564747864e+01,5.769246061573787898e+01,-1.104008302515778972e+01
7.690000000000000391e+00,-1.817774976918410701e+01,-5.056837443329037285e+01,5.735308786755807375e+01,-1.109659988960909160e+01
7.700000000000000178e+00,-1.824401526155685005e+01,-5.185329523591703094e+01,5.701851597128204929e+01,-1.114454823808453199e+01
7.709999999999999964e+00,-1.830968455492408964e+01,-5.313384001133333356e+01,5.668883318873022148e+01,-1.118437353369572840e+01
7.719999999999999751e+00,-1.837469890557560248e+01,-5.441016686433776783e+01,5.636410239502735209e+01,-1.121650793580457162e+01
7.730000000000000426e+00,-1.843899965160169785e+01,-5.568244691756275699e+01,5.604436274065491830e+01,-1.124136943111193077e+01
7.740000000000000213e+00,-1.850252834273337044e+01,-5.695086440231178671e+01,5.572963128466375338e+01,-1.125936108843575845e+01
7.750000000000000000e+00,-1.856522687515305137e+01,-5.821561669551780227e+01,5.541990459451803730e+01,-1.127087042802680017e+01
7.759999999999999787e+00,-1.862703763073570684e+01,-5.947691429915052908e+01,5.511516030902207319e+01,-1.127626889673669552e+01
7.769999999999999574e+00,-1.868790362010506101e+01,-6.073498075865944656e+01,5.481535866163726212e+01,-1.127591144086728647e+01
7.780000000000000249e+00,-1.874776862881950024e+01,-6.199005251736966216e+01,5.452044396222861167e+01,-1.127013616906894811e+01
7.790000000000000036e+00,-1.880657736593165197e+01,-6.324237870413302431e+01,5.423034603590285485e+01,-1.125926409821321350e+01
7.799999999999999822e+00,-1.886427561410311426e+01,-6.449222085198654497e+01,5.394498161811603865e+01,-1.124359897572107947e+01
7.809999999999999609e+00,-1.892081038039611940e+01,-6.573985254608668072e+01,5.366425570564768321e+01,-1.122342717238167964e+01
7.820000000000000284e+00,-1.897613004681321058e+01,-6.698555899974942918e+01,5.338806286337189277e+01,-1.119901764023057922e+01
7.830000000000000071e+00,-1.903018451961376201e+01,-6.822963655804845473e+01,5.311628848700814842e+01,-1.117062193056981556e+01
7.839999999999999858e+00,-1.908292537640213027e+01,-6.947239212908542072e+01,5.284881002221750634e+01,-1.113847426769805082e+01
7.849999999999999645e+00,-1.913430600996169062e+01,-7.071414254375402209e+01,5.258549814052877736e+01,-1.110279167436962844e+01
7.860000000000000320e+00,-1.918428176779756100e+01,-7.195521384553825328e+01,5.232621787264763213e+01,-1.106377414541860915e+01
7.870000000000000107e+00,-1.923281008635469647e+01,-7.319594051264469670e+01,5.207082969971869346e+01,-1.102160486635944459e+01
7.879999999999999893e+00,-1.927985061889330964e+01,-7.443666461551504199e+01,5.181919060309332536e+01,-1.097645047411327113e+01
7.889999999999999680e+00,-1.932536535603369998e+01,-7.567773491351518089e+01,5.157115507310468416e+01,-1.092846135730308710e+01
7.900000000000000355e+00,-1.936931873802593884e+01,-7.691950589533132643e+01,5.132657607727517757e+01,-1.087777199381421411e+01
7.910000000000000142e+00,-1.941167775785716287e+01,-7.816233676829625665e+01,5.108530598828884450e+01,-1.082450132352806804e+01
7.919999999999999929e+00,-1.945241205437914900e+01,-7.940659040253085266e+01,5.084719747195324402e+01,-1.076875315430845426e+01
7.929999999999999716e+00,-1.949149399472186417e+01,-8.065263223638199008e+01,5.061210433526272112e+01,-1.071061659945107003e+01
7.940000000000000391e+00,-1.952889874535181391e+01,-8.190082915016662923e+01,5.037988233456045606e+01,-1.065016654490248271e+01
7.950000000000000178e+00,-1.956460433123822540e+01,-8.315154831569334704e+01,5.015038994368288883e+01,-1.058746414461388596e+01
7.959999999999999964e+00,-1.959859168270180874e+01,-8.440515602938401685e+01,4.992348908186829703e+01,-1.052255734242297258e+01
7.969999999999999751e+00,-1.963084466963930552e+01,-8.566201653710427877e+01,4.969904580111470693e+01,-1.045548141885534221e+01
7.980000000000000426e+00,-1.966135012294036244e+01,-8.692249085896547456e+01,4.947693093259636754e+01,-1.038625956120930205e+01
7.990000000000000213e+00,-1.969009784303809596e+01,-8.818693562243591089e+01,4.925702069168437447e+01,-1.031490345523797991e+01
8.000000000000000000e+00,-1.971708059566235605e+01,-8.945570191204885191e+01,4.903919724107731781e+01,-1.024141389667241953e+01
8.009999999999999787e+00,-1.974229409498586207e+01,-9.072913414385226361e+01,4.882334921152626350e+01,-1.016578142074859414e+01
8.019999999999999574e+00,-1.976573697447783573e+01,-9.200756897249448230e+01,4.860937217964244894e+01,-1.008798694780173300e+01
8.029999999999999361e+00,-1.978741074588988269e+01,-9.329133423848638529e+01,4.839716910230286828e+01,-1.000800244289486862e+01
8.039999999999999147e+00,-1.980731974690934649e+01,-9.458074796274733842e+01,4.818665070721978338e+01,-9.925791587339265476e+00
8.050000000000000711e+00,-1.982547107811002718e+01,-9.587611739501379304e+01,4.797773583931547847e+01,-9.841310459864054394e+00
8.060000000000000497e+00,-1.984187452991915634e+01,-9.717773812210164408e+01,4.777035176264130456e+01,-9.754508225090388507e+00
8.070000000000000284e+00,-1.985654250039244317e+01,-9.848589324134964329e+01,4.756443441770107938e+01,-9.665327826876893624e+00
8.080000000000000071e+00,-1.986948990465227638e+01,-9.980085260386913149e+01,4.735992863417938281e+01,-9.573706684022688762e+00
8.089999999999999858e+00,-1.988073407689264016e+01,-1.011228721314881511e+02,4.715678829923369619e+01,-9.479577385749465179e+00
8.099999999999999645e+00,-1.989029466588838702e+01,-1.024521932105002833e+02,4.695497648168583993e+01,-9.382868384338634016e+00
8.109999999999999432e+00,-1.989819352497012162e+01,-1.037890421645663253e+02,4.675446551263522821e+01,-9.283504682269130726e+00
8.119999999999999218e+00,-1.990445459743114753e+01,-1.051336298083295446e+02,4.655523702321575996e+01,-9.181408511198991818e+00
8.130000000000000782e+00,-1.990910379833134769e+01,-1.064861510825535049e+02,4.635728194042363981e+01,-9.076500000147465386e+00
8.140000000000000568e+00,-1.991216889364305587e+01,-1.078467847708442378e+02,4.616060044215286240e+01,-8.968697830278880900e+00
8.150000000000000355e+00,-1.991367937765940255e+01,-1.092156932973223888e+02,4.596520187278511571e+01,-8.857919873751848527e+00
8.160000000000000142e+00,-1.991366634954494330e+01,-1.105930226039442061e+02,4.577110462088695186e+01,-8.744083814190187098e+00
8.169999999999999929e+00,-1.991216238986406140e+01,-1.119789021055617013e+02,4.557833596076751093e+01,-8.627107746444201197e+00
8.179999999999999716e+00,-1.990920143786766872e+01,-1.133734447202480737e+02,4.538693185984123346e+01,-8.506910753449457019e+00
8.189999999999999503e+00,-1.990481867025953377e+01,-1.147767469719259736e+02,4.519693675391663135e+01,-8.383413458147943587e+00
8.199999999999999289e+00,-1.989905038209873567e+01,-1.161888891618890227e+02,4.500840329269596651e+01,-8.256538548616648043e+00
8.210000000000000853e+00,-1.989193387042686467e+01,-1.176099356054473191e+02,4.482139205791311554e+01,-8.126211274744401081e+00
8.220000000000000639e+00,-1.988350732113941888e+01,-1.190399349296026941e+02,4.463597125666386489e+01,-7.992359915011087779e+00
8.230000000000000426e+00,-1.987380969955003707e+01,-1.204789204274355541e+02,4.445221639258181057e+01,-7.854916212146909160e+00
8.240000000000000213e+00,-1.986288064502534567e+01,-1.219269104646784712e+02,4.427020991759479784e+01,-7.713815776686935521e+00
8.250000000000000000e+00,-1.985076037000136395e+01,-1.233839089338463708e+02,4.409004086704985781e+01,-7.568998457675253810e+00
8.259999999999999787e+00,-1.983748956362377314e+01,-1.248499057512071460e+02,4.391180448102498701e+01,-7.420408680022039682e+00
8.269999999999999574e+00,-1.982310930019266948e+01,-1.263248773918693217e+02,4.373560181465054342e+01,-7.267995748261903977e+00
8.279999999999999361e+00,-1.980766095253227022e+01,-1.278087874582881796e+02,4.356153934024316499e+01,-7.111714116707215538e+00
8.289999999999999147e+00,-1.979118611035049824e+01,-1.293015872775530966e+02,4.338972854401176704e+01,-6.951523626231648656e+00
8.300000000000000711e+00,-1.977372650360224782e+01,-1.308032165229443819e+02,4.322028552002608848e+01,-6.787389708149785150e+00
8.310000000000000497e+00,-1.975532393082591298e+01,-1.323136038553676030e+02,4.305333056405251568e+01,-6.619283555882235603e+00
8.320000000000000284e+00,-1.973602019237922534e+01,-1.338326675804596277e+02,4.288898776974927785e+01,-6.447182265305470672e+00
8.330000000000000071e+00,-1.971585702846706667e+01,-1.353603163173359007e+02,4.272738462958905359e+01,-6.271068944881528218e+00
8.339999999999999858e+00,-1.969487606182132566e+01,-1.368964496751665649e+02,4.256865164273136060e+01,-6.090932796842431607e+00
8.349999999999999645e+00,-1.967311874486842882e+01,-1.384409589339914817e+02,4.241292193191068804e+01,-5.906769170865943330e+00
8.359999999999999432e+00,-1.965062631119741710e+01,-1.399937277264131126e+02,4.226033087123640541e+01,-5.718579591824475727e+00
8.369999999999999218e+00,-1.962743973112609552e+01,-1.415546327170548011e+02,4.211101572662197867e+01,-5.526371763312037722e+00
8.380000000000000782e+00,-1.960359967114926860e+01,-1.431235442769030897e+02,4.196511531037566556e+01,-5.330159548761370658e+00
8.390000000000000568e+00,-1.957914645704498824e+01,-1.447003271499173422e+02,4.182276965129315727e+01,-5.129962932045985191e+00
8.400000000000000355e+00,-1.955412004040869434e+01,-1.462848411095089887e+02,4.168411968140072332e+01,-4.925807959531234737e+00
8.410000000000000142e+00,-1.952855996838443531e+01,-1.478769416027524244e+02,4.154930694030335303e+01,-4.717726665582004486e+00
8.419999999999999929e+00,-1.950250535636153515e+01,-1.494764803804128235e+02,4.141847329789995058e+01,-4.505756983564850771e+00
8.429999999999999716e+00,-1.947599486340943287e+01,-1.510833061110973006e+02,4.129176069604032051e+01,-4.289942644393466509e+00
8.439999999999999503e+00,-1.944906667022812741e+01,-1.526972649780674942e+02,4.116931090951352701e+01,-4.070333064658662181e+00
8.449999999999999289e+00,-1.942175845939897982e+01,-1.543182012574440591e+02,4.105126532658152883e+01,-3.846983226365043862e+00
8.460000000000000853e+00,-1.939410739772843684e+01,-1.559459578767400671e+02,4.093776474910130503e+01,-3.619953550260300634e+00
8.470000000000000639e+00,-1.936615012048783413e+01,-1.575803769528401119e+02,4.082894921211929073e+01,-3.389309764695868310e+00
8.480000000000000426e+00,-1.933792271736171386e+01,-1.592213003087236984e+02,4.072495782266923214e+01,-3.155122771898144940e+00
8.490000000000000213e+00,-1.930946071992886104e+01,-1.608685699683895223e+02,4.062592861736465721e+01,-2.917468513461338286e+00
8.500000000000000000e+00,-1.928079909051135488e+01,-1.625220286295868561e+02,4.053199843824636872e+01,-2.676427836796562598e+00
8.509999999999999787e+00,-1.925197221223787025e+01,-1.641815201141102705e+02,4.044330282622442496e+01,-2.432086364186696770e+00
8.519999999999999574e+00,-1.922301388018034274e+01,-1.658468897955310695e+02,4.035997593134710115e+01,-2.184534366008939354e+00
8.529999999999999361e+00,-1.919395729343221291e+01,-1.675179850043660963e+02,4.028215043902829962e+01,-1.933866639592542791e+00
8.539999999999999147e+00,-1.916483504800994808e+01,-1.691946554107841791e+02,4.020995751127948381e+01,-1.680182395083979374e+00
8.550000000000000711e+00,-1.913567913046762925e+01,-1.708767533850533482e+02,4.014352674191169967e+01,-1.423585149593091126e+00
8.560000000000000497e+00,-1.910652091212624626e+01,-1.725641343360147744e+02,4.008298612460630750e+01,-1.164182630795595141e+00
8.570000000000000284e+00,-1.907739114382771461e+01,-1.742566570279467726e+02,4.002846203269245962e+01,-9.020866910689664397e-01
8.580000000000000071e+00,-1.904831995113283938e+01,-1.759541838762521593e+02,3.998007920941781634e+01,-6.374132331407222907e-01
8.589999999999999858e+00,-1.901933682989020724e+01,-1.776565812224582714e+02,3.993796076745466905e+01,-3.702821481330716424e-01
8.599999999999999645e+00,-1.899047064211110936e+01,-1.793637195890719624e+02,3.990222819634649909e+01,-1.008172667937973499e-01
8.609999999999999432e+00,-1.896174961209136711e+01,1.789245260851238868e+02,3.987300137656730925e+01,1.708536753878782122e-01
8.619999999999999218e+00,-1.893320132272768319e+01,1.772082762287141691e+02,3.985039859883996627e+01,4.445990585690866026e-01
8.630000000000000782e+00,-1.890485271198123129e+01,1.754876464395836990e+02,3.983453658733647984e+01,7.202833839190656562e-01
8.640000000000000568e+00,-1.887673006944551446e+01,1.737627473044665294e+02,3.982553052536371752e+01,9.977672635185993455e-01
8.650000000000000355e+00,-1.884885903298030385e+01,1.720336842354218447e+02,3.982349408212122199e+01,1.276907394427788667e+00
8.660000000000000142e+00,-1.882126458537615576e+01,1.703005573225414935e+02,3.982853943910217254e+01,1.557556516631706467e+00
8.669999999999999929e+00,-1.879397105101694976e+01,1.685634612021738974e+02,3.984077731469383821e+01,1.839563354648651838e+00
8.679999999999999716e+00,-1.876700209251085738e+01,1.668224849399679499e+02,3.986031698552034896e+01,2.122772542653225791e+00
8.689999999999999503e+00,-1.874038070726092542e+01,1.650777119280291458e+02,3.988726630305490772e+01,2.407024533037639191e+00
8.699999999999999289e+00,-1.871412922394845779e+01,1.633292197954875178e+02,3.992173170401369475e+01,2.692155488401940744e+00
8.710000000000000853e+00,-1.868826929890357391e+01,1.615770803318026481e+02,3.996381821302614412e+01,2.977997157028213771e+00
8.720000000000000639e+00,-1.866282191233680976e+01,1.598213594221269602e+02,4.001362943605661826e+01,3.264376731963093192e+00
8.730000000000000426e+00,-1.863780736440735453e+01,1.580621169940807533e+02,4.007126754303172333e+01,3.551116693897970578e+00
8.740000000000000213e+00,-1.861324527110208038e+01,1.562994069753052031e+02,4.013683323810203518e+01,3.838034638105896956e+00
8.750000000000000000e+00,-1.858915455990030097e+01,1.545332772611865835e+02,4.021042571594071546e+01,4.124943085764746442e+00
8.759999999999999787e+00,-1.856555346519832028e+01,1.527637696921721329e+02,4.029214260245056067e+01,4.411649280069959822e+00
8.769999999999999574e+00,-1.854245952346706616e+01,1.509909200401170324e+02,4.038207987821814271e+01,4.697954967620392885e+00
8.779999999999999361e+00,-1.851988956811546316e+01,1.492147580031495409e+02,4.048033178301643176e+01,4.983656165641777491e+00
8.789999999999999147e+00,-1.849785972403158496e+01,1.474353072085508813e+02,4.058699069961969030e+01,5.268542915706198926e+00
8.800000000000000711e+00,-1.847638540177251798e+01,1.456525852232030047e+02,4.070214701515136113e+01,5.552399024700195085e+00
8.810000000000000497e+00,-1.845548129137272397e+01,1.438666035711727602e+02,4.082588895814298269e+01,5.835001793904308620e+00
8.820000000000000284e+00,-1.843516135574006043e+01,1.420773677580509684e+02,4.095830240943687528e+01,6.116121737161458682e+00
8.830000000000000071e+00,-1.841543882360773665e+01,1.402848773016975485e+02,4.109947068501977441e+01,6.395522289240281211e+00
8.839999999999999858e+00,-1.839632618200936420e+01,1.384891257690810846e+02,4.124947428882956046e+01,6.672959505641173017e+00
8.849999999999999645e+00,-1.837783516824363161e+01,1.366901008189475135e+02,4.140839063353263327e+01,6.948181755246110924e+00
8.859999999999999432e+00,-1.835997676129449729e+01,1.348877842500863551e+02,4.157629372722933425e+01,7.220929407384719667e+00
8.869999999999999218e+00,-1.834276117267225814e+01,1.330821520550134096e+02,4.175325382400699681e+01,7.490934515074059163e+00
8.880000000000000782e+00,-1.832619783664030422e+01,1.312731744789215611e+02,4.193933703623052622e+01,7.757920496395972698e+00
8.890000000000000568e+00,-1.831029539979264342e+01,1.294608160838085951e+02,4.213460490643688416e+01,8.021601816196385570e+00
8.900000000000000355e+00,-1.829506170994653758e+01,1.276450358177247466e+02,4.233911393668828538e+01,8.281683670537216102e+00
8.910000000000000142e+00,-1.828050380431567845e+01,1.258257870891305146e+02,4.255291507324078992e+01,8.537861676594895144e+00
8.919999999999999929e+00,-1.826662789692926481e+01,1.240030178464125328e+02,4.277605314440036466e+01,8.789821570985434818e+00
8.929999999999999716e+00,-1.825343936526336819e+01,1.221766706626333558e+02,4.300856624947797258e+01,9.037238919808054050e+00
8.939999999999999503e+00,-1.824094273605214056e+01,1.203466828256601957e+02,4.325048509681268172e+01,9.279778844029101137e+00
8.949999999999999289e+00,-1.822914167024774557e+01,1.185129864338494912e+02,4.350183228892118592e+01,9.517095764186841222e+00
8.960000000000000853e+00,-1.821803894710009075e+01,1.166755084975268062e+02,4.376262155294973155e+01,9.748833168774721614e+00
8.970000000000000639e+00,-1.820763644732918607e+01,1.148341710465427923e+02,4.403285691476092012e+01,9.974623411064474254e+00
8.980000000000000426e+00,-1.819793513536627927e+01,1.129888912442409037e+02,4.431253181518537332e+01,1.019408753955258540e+01
8.990000000000000213e+00,-1.818893504064289601e+01,1.111395815082286589e+02,4.460162816721238954e+01,1.040683516765598782e+01
9.000000000000000000e+00,-1.818063523791073521e+01,1.092861496383831081e+02,4.490011535319421654e+01,1.061246438874451847e+01
9.009999999999999787e+00,-1.817303382657991762e+01,1.074284989525928466e+02,4.520794916149423415e+01,1.081056174306857898e+01
9.019999999999999574e+00,-1.816612790906792441e+01,1.055665284307711573e+02,4.552507066243695988e+01,1.100070224362634086e+01
9.029999999999999361e+00,-1.815991356815753477e+01,1.037001328677451539e+02,4.585140502391332973e+01,1.118244946849939581e+01
9.039999999999999147e+00,-1.815438584336840933e+01,1.018292030356676037e+02,4.618686026757386998e+01,1.135535572767198431e+01
9.050000000000000711e+00,-1.814953870635458344e+01,9.995362585665185406e+01,4.653132596720732295e+01,1.151896231282244010e+01
9.060000000000000497e+00,-1.814536503534781886e+01,9.807328458638855295e+01,4.688467189165851323e+01,1.167279983902967722e+01
9.070000000000000284e+00,-1.814185658867641493e+01,9.618805900954185972e+01,4.724674659549921785e+01,1.181638868776160756e+01
9.080000000000000071e+00,-1.813900397739890735e+01,9.429782564778420806e+01,4.761737596162591757e+01,1.194923956089128581e+01
9.089999999999999858e+00,-1.813679663710341927e+01,9.240245798136191979e+01,4.799636170103303101e+01,1.207085415580946020e+01
9.099999999999999645e+00,-1.813522279893546951e+01,9.050182668514096918e+01,4.838347981619309479e+01,1.218072597194839801e+01
9.109999999999999432e+00,-1.813426945993102635e+01,8.859579988011479657e+01,4.877847903577714561e+01,1.227834125918606567e+01
9.119999999999999218e+00,-1.813392235274565678e+01,8.668424340139122819e+01,4.918107922986337854e+01,1.236318011864149113e+01
9.130000000000000782e+00,-1.813416591488739371e+01,8.476702108371765121e+01,4.959096981630683842e+01,1.243471776627550085e+01
9.140000000000000568e+00,-1.813498325757741725e+01,8.284399506561328508e+01,5.000780817057870564e+01,1.249242596945929407e+01
9.150000000000000355e+00,-1.813635613438228233e+01,8.091502611321398319e+01,5.043121805310992301e+01,1.253577466623220715e+01
9.160000000000000142e+00,-1.813826490978061656e+01,7.897997396492714017e+01,5.086078806999115898e+01,1.256423377632185456e+01
9.169999999999999929e+00,-1.814068852784966523e+01,7.703869769800843414e+01,5.129607018475773828e+01,1.257727521210973798e+01
9.179999999999999716e+00,-1.814360448127880332e+01,7.509105611815783732e+01,5.173657830091124055e+01,1.257437509657294861e+01
9.189999999999999503e+00,-1.814698878094263534e+01,7.313690817320222948e+01,5.218178693676786395e+01,1.255501619378429545e+01
9.199999999999999289e+00,-1.815081592629067231e+01,7.117611339190791853e+01,5.263113001613668729e+01,1.251869055579120626e+01
9.210000000000000853e+00,-1.815505887683828945e+01,6.920853234889703742e+01,5.308399980018901232e+01,1.246490238758816638e+01
9.220000000000000639e+00,-1.815968902507064442e+01,6.723402715658593820e+01,5.353974598762117409e+01,1.239317112943698973e+01
9.230000000000000426e+00,-1.816467617110086508e+01,6.525246198495770500e+01,5.399767501179722728e+01,1.230303475295300331e+01
9.240000000000000213e+00,-1.816998849945219519e+01,6.326370360987641561e+01,5.445704956491118764e+01,1.219405326416427648e+01
9.250000000000000000e+00,-1.817559255836500398e+01,6.126762199051110258e+01,5.491708838027197714e+01,1.206581240315875725e+01
9.259999999999999787e+00,-1.818145324205847047e+01,5.926409087626556982e+01,5.537696630451485902e+01,1.191792752598002814e+01
9.269999999999999574e+00,-1.818753377640713254e+01,5.725298844343391380e+01,5.583581469179740964e+01,1.175004765013488139e+01
9.279999999999999361e+00,-1.819379570852165529e+01,5.523419796155693717e+01,5.629272215178222893e+01,1.156185964047212877e+01
9.289999999999999147e+00,-1.820019890075117530e+01,5.320760848922408570e+01,5.674673568234388910e+01,1.135309250733766184e+01
9.300000000000000711e+00,-1.820670152965036692e+01,5.117311559875427918e+01,5.719686221641039481e+01,1.112352178386899126e+01
9.310000000000000497e+00,-1.821326009047872319e+01,4.913062212888789304e+01,5.764207061006508326e+01,1.087297394415223195e+01
9.320000000000000284e+00,-1.821982940782017479e+01,4.708003896424756363e+01,5.808129409595200343e+01,1.060133081882478479e+01
9.330000000000000071e+00,-1.822636265292755908e+01,4.502128583993991384e+01,5.851343322208089859e+01,1.030853395969210418e+01
9.339999999999999858e+00,-1.823281136840883221e+01,4.295429216924329552e+01,5.893735929128993689e+01,9.994588900168855261e+00
9.349999999999999645e+00,-1.823912550087783302e+01,4.087899789185621557e+01,5.935191831088376091e+01,9.659569254006054706e+00
9.359999999999999432e+00,-1.824525344219285117e+01,3.879535433969341085e+01,5.975593545532545647e+01,9.303620590987785377e+00
9.369999999999999218e+00,-1.825114207989626181e+01,3.670332511668877373e+01,6.014822003737311462e+01,8.926964025247526635e+00
9.380000000000000782e+00,-1.825673685745439556e+01,3.460288698850978051e+01,6.052757097477669390e+01,8.529899449727285088e+00
9.390000000000000568e+00,-1.826198184486761278e+01,3.249403077752939595e+01,6.089278273070070213e+01,8.112808349270416386e+00
9.400000000000000355e+00,-1.826681982018491723e+01,3.037676225780056072e+01,6.124265169655363650e+01,7.676156125040835221e+00
9.410000000000000142e+00,-1.827119236240786293e+01,2.825110304420585194e+01,6.157598297605616011e+01,7.220493864560042496e+00
9.419999999999999929e+00,-1.827503995620693189e+01,2.611709146934827785e+01,6.189159751938915832e+01,6.746459494751447572e+00
9.429999999999999716e+00,-1.827830210879948325e+01,2.397478344119318550e+01,6.218833954635731942e+01,6.254778260078424523e+00
9.439999999999999503e+00,-1.828091747924854005e+01,2.182425327390758696e+01,6.246508418796690165e+01,5.746262474192540992e+00
9.449999999999999289e+00,-1.828282402034131593e+01,1.966559448383639364e+01,6.272074526691818619e+01,5.221810501474494437e+00
9.460000000000000853e+00,-1.828395913308736453e+01,1.749892054210454972e+01,6.295428312956365602e+01,4.682404934402563335e+00
9.470000000000000639e+00,-1.828425983374788188e+01,1.532436557492537865e+01,6.316471243516884471e+01,4.129109943694097673e+00
9.480000000000000426e+00,-1.828366293316268809e+01,1.314208500240929212e+01,6.335110980312101958e+01,3.563067790486979192e+00
9.490000000000000213e+00,-1.828210522798622861e+01,1.095225610643666236e+01,6.351262121532224825e+01,2.985494503206517880e+00
9.500000000000000000e+00,-1.827952370327739473e+01,8.755078518082374472e+00,6.364846906959476769e+01,2.397674735938704504e+00
9.509999999999999787e+00,-1.827585574571227411e+01,6.550774615108899468e+00,6.375795878069767753e+01,1.800955839755930654e+00
9.519999999999999574e+00,-1.827103936650707539e+01,4.339589820220660421e+00,6.384048482861258833e+01,1.196741193152545568e+00
9.529999999999999361e+00,-1.826501343295304736e+01,2.121792791128310540e+00,6.389553615914685025e+01,5.864828521553574481e-01
9.539999999999999147e+00,-1.825771790727881694e+01,-1.023245060455156702e-01,6.392270084959829290e+01,-2.832640564778039771e-02
9.550000000000000711e+00,-1.824909409137217153e+01,-2.332446847785379251e+00,6.392166996211078356e+01,-6.461615563528060324e-01
9.560000000000000497e+00,-1.823908487571813097e+01,-4.568235935554294969e+00,6.389224051923864778e+01,-1.265474226406151814e+00
9.570000000000000284e+00,-1.822763499074410021e+01,-6.809330715391038957e+00,6.383431754987007878e+01,-1.884701903650156884e+00
9.580000000000000071e+00,-1.821469125861440475e+01,-9.055347839413114386e+00,6.374791516870129016e+01,-2.502277348682083513e+00
9.589999999999999858e+00,-1.820020284338664851e+01,-1.130588227252682643e+01,6.363315666852366093e+01,-3.116638087828748738e+00
9.599999999999999645e+00,-1.818412149733727645e+01,-1.356050804611922800e+01,6.349027362125848839e+01,-3.726235866959226595e+00
9.609999999999999432e+00,-1.816640180118591275e+01,-1.581877915887236696e+01,6.331960400049777604e+01,-4.329545945912848914e+00
9.619999999999999218e+00,-1.814700139590343753e+01,-1.808023062307099948e+01,6.312158935482676725e+01,-4.925076116482031807e+00
9.630000000000000782e+00,-1.812588120377760958e+01,-2.034437965296186590e+01,6.289677107696824265e+01,-5.511375332577840069e+00
9.640000000000000568e+00,-1.810300563643677663e+01,-2.261072698984396467e+01,6.264578582838380783e+01,-6.087041849224648971e+00
9.650000000000000355e+00,-1.807834278759789726e+01,-2.487875835670171654e+01,6.236936019201733927e+01,-6.650730777133996519e+00
9.660000000000000142e+00,-1.805186460840954510e+01,-2.714794603335885981e+01,6.206830463705883005e+01,-7.201160971475156103e+00
9.669999999999999929e+00,-1.802354706340466350e+01,-2.941775054136130052e+01,6.174350688869775183e+01,-7.737121186722345278e+00
9.679999999999999716e+00,-1.799337026525954641e+01,-3.168762242615919433e+01,6.139592480265235963e+01,-8.257475443723413022e+00
9.689999999999999503e+00,-1.796131858677214410e+01,-3.395700412265814094e+01,6.102657884872111538e+01,-8.761167569980496950e+00
9.699999999999999289e+00,-1.792738074872118048e+01,-3.622533188892237632e+01,6.063654430968893649e+01,-9.247224889154043836e+00
9.710000000000000853e+00,-1.789154988254354350e+01,-3.849203779171997297e+01,6.022694330170799759e+01,-9.714761050588295532e+00
9.720000000000000639e+00,-1.785382356706504225e+01,-4.075655172678549576e+01,5.979893671988706672e+01,-1.016297800385532923e+01
9.730000000000000426e+00,-1.781420383883343916e+01,-4.301830345612400208e+01,5.935371620846279228e+01,-1.059116713659118503e+01
9.740000000000000213e+00,-1.777269717592600884e+01,-4.527672464439997668e+01,5.889249624883424872e+01,-1.099870960597814751e+01
9.750000000000000000e+00,-1.772931445542986850e+01,-4.753125087649940639e+01,5.841650645118522789e+01,-1.138507590490320531e+01
9.759999999999999787e+00,-1.768407088511561298e+01,-4.978132363866154719e+01,5.792698412670531383e+01,-1.174982471292457653e+01
9.769999999999999574e+00,-1.763698591013587702e+01,-5.202639224618611280e+01,5.742516720785060613e+01,-1.209260108962039304e+01
9.779999999999999361e+00,-1.758808309587417540e+01,-5.426591570159594369e+01,5.691228757396496718e+01,-1.241313407363185028e+01
9.789999999999999147e+00,-1.753738998834097629e+01,-5.649936446825346081e+01,5.638956482920393398e+01,-1.271123375476248718e+01
9.800000000000000711e+00,-1.748493795375598836e+01,-5.872622214577204147e+01,5.585820056933527411e+01,-1.298678788892184244e+01
9.810000000000000497e+00,-1.743076199916643176e+01,-6.094598703507525528e+01,5.531937316387681136e+01,-1.323975812660121143e+01
9.820000000000000284e+00,-1.737490057612530592e+01,-6.315817358264354908e+01,5.477423307037285838e+01,-1.347017592508378137e+01
9.830000000000000071e+00,-1.731739536959051406e+01,-6.536231369524831791e+01,5.422389868859077211e+01,-1.367813821286914333e+01
9.839999999999999858e+00,-1.725829107430248399e+01,-6.755795791833558894e+01,5.366945275415693573e+01,-1.386380287201621897e+01
9.849999999999999645e+00,-1.719763516095657607e+01,-6.974467647308044604e+01,5.311193926375892715e+01,-1.402738410044869433e+01
9.859999999999999432e+00,-1.713547763450487338e+01,-7.192206014901047695e+01,5.255236091756592032e+01,-1.416914771191655831e+01
9.869999999999999218e+00,-1.707187078690540716e+01,-7.408972105089891613e+01,5.199167705900530478e+01,-1.428940642643133963e+01
9.880000000000000782e+00,-1.700686894658453951e+01,-7.624729320036919944e+01,5.143080208746976467e+01,-1.438851519876741136e+01
9.890000000000000568e+00,-1.694052822679508452e+01,-7.839443299428251066e+01,5.087060431589773657e+01,-1.446686662719605643e+01
9.900000000000000355e+00,-1.687290627494295947e+01,-8.053081952346106220e+01,5.031190524243020690e+01,-1.452488647913058628e+01
9.910000000000000142e+00,-1.680406202482067002e+01,-8.265615475665862277e+01,4.975547920342715003e+01,-1.456302936493122324e+01
9.919999999999999929e+00,-1.673405545353351442e+01,-8.477016359585061878e+01,4.920205337397233336e+01,-1.458177458584711950e+01
9.929999999999999716e+00,-1.666294734473705219e+01,-8.687259380992756519e+01,4.865230808151108022e+01,-1.458162217704167318e+01
9.939999999999999503e+00,-1.659079905962558854e+01,-8.896321585470236926e+01,4.810687739837697308e+01,-1.456308916192411118e+01
9.949999999999999289e+00,-1.651767231692790006e+01,-9.104182258777584025e+01,4.756634997958740740e+01,-1.452670602963847202e+01
9.960000000000000853e+00,-1.644362898298000886e+01,-9.310822888729622093e+01,4.703127011333006635e+01,-1.447301344357404496e+01
9.970000000000000639e+00,-1.636873087275823124e+01,-9.516227118393868523e+01,4.650213895295752309e+01,-1.440255918518267819e+01
9.980000000000000426e+00,-1.629303956257567165e+01,-9.720380691560188779e+01,4.597941590096488085e+01,-1.431589533421435156e+01
9.990000000000000213e+00,-1.621661621497062811e+01,-9.923271391431242705e+01,4.546352011729140230e+01,-1.421357568372129698e+01
1.000000000000000000e+01,-1.613952141615042635e+01,-1.012488897347256227e+02,4.495483212628443681e+01,-1.409615338581164856e+01
1.000999999999999979e+01,-1.606181502620005475e+01,-1.032522509333784058e+02,4.445369549874837389e+01,-1.396417882214485573e+01
1.001999999999999957e+01,-1.598355604212427039e+01,-1.052427323075193470e+02,4.396041858762223598e+01,-1.381819769152459010e+01
1.002999999999999936e+01,-1.590480247366242850e+01,-1.072202861019494122e+02,4.347527629793884074e+01,-1.365874930563874479e+01
1.003999999999999915e+01,-1.582561123170205875e+01,-1.091848811918206508e+02,4.299851187379697848e+01,-1.348636508298885239e+01
1.005000000000000071e+01,-1.574603802901658156e+01,-1.111365022488416940e+02,4.253033868708010345e+01,-1.330156723031189081e+01
1.006000000000000050e+01,-1.566613729296602031e+01,-1.130751488977627588e+02,4.207094201457793048e+01,-1.310486760030294562e+01
1.007000000000000028e+01,-1.558596208972807595e+01,-1.150008348694515519e+02,4.162048079197883510e+01,-1.289676671415647924e+01
1.008000000000000007e+01,-1.550556405956594830e+01,-1.169135871562780409e+02,4.117908933489838574e+01,-1.267775293734093367e+01
1.008999999999999986e+01,-1.542499336259385778e+01,-1.188134451749311609e+02,4.074687901868629325e+01,-1.244830179706973361e+01
1.009999999999999964e+01,-1.534429863446432307e+01,-1.207004599412191368e+02,4.032393991019789325e+01,-1.220887543011113330e+01
1.010999999999999943e+01,-1.526352695137691029e+01,-1.225746932608262938e+02,3.991034234603782238e+01,-1.195992214986652513e+01
1.011999999999999922e+01,-1.518272380379231912e+01,-1.244362169394673288e+02,3.950613845297282722e+01,-1.170187612201690186e+01
1.013000000000000078e+01,-1.510193307822923003e+01,-1.262851120153479485e+02,3.911136360728177408e+01,-1.143515713847751414e+01
1.014000000000000057e+01,-1.502119704652089283e+01,-1.281214680163617459e+02,3.872603783075812345e+01,-1.116017047988913191e+01
1.015000000000000036e+01,-1.494055636191649050e+01,-1.299453822439943735e+02,3.835016712191891486e+01,-1.087730685739806091e+01
1.016000000000000014e+01,-1.486005006142424989e+01,-1.317569590854773764e+02,3.798374472170638683e+01,-1.058694242502652649e+01
1.016999999999999993e+01,-1.477971557381032497e+01,-1.335563093553623730e+02,3.762675231359865080e+01,-1.028943885449168150e+01
1.017999999999999972e+01,-1.469958873268907773e+01,-1.353435496673161254e+02,3.727916115859222401e+01,-9.985143464897197063e+00
1.018999999999999950e+01,-1.461970379416322352e+01,-1.371188018366411541e+02,3.694093316597330556e+01,-9.674389400276041329e+00
1.019999999999999929e+01,-1.454009345849947898e+01,-1.388821923137268186e+02,3.661202190118257960e+01,-9.357495848513062597e+00
1.021000000000000085e+01,-1.446078889535260359e+01,-1.406338516484000820e+02,3.629237353239044950e+01,-9.034768295704846963e+00
1.022000000000000064e+01,-1.438181977207959861e+01,-1.423739139849237745e+02,3.598192771765457820e+01,-8.706498810526989374e+00
1.023000000000000043e+01,-1.430321428471564715e+01,-1.441025165871968738e+02,3.568061843473237360e+01,-8.372966353668912731e+00
1.024000000000000021e+01,-1.422499919121226597e+01,-1.458197993935656314e+02,3.538837475577045666e+01,-8.034437107858346749e+00
1.025000000000000000e+01,-1.414719984656862906e+01,-1.475259046004993877e+02,3.510512156920624705e+01,-7.691164824439867154e+00
1.025999999999999979e+01,-1.406984023951456564e+01,-1.492209762742977261e+02,3.483078025128606470e+01,-7.343391182879573265e+00
1.026999999999999957e+01,-1.399294303043311416e+01,-1.509051599898853908e+02,3.456526928964928658e+01,-6.991346159956647099e+00
1.027999999999999936e+01,-1.391652959023686265e+01,-1.525786024956934170e+02,3.430850486144034051e+01,-6.635248405758070511e+00
1.028999999999999915e+01,-1.384062003993843604e+01,-1.542414514035710909e+02,3.406040136840237409e+01,-6.275305623925114595e+00
1.030000000000000071e+01,-1.376523329068098889e+01,-1.558938549026299540e+02,3.382087193138031722e+01,-5.911714953906596293e+00
1.031000000000000050e+01,-1.369038708401709670e+01,-1.575359614959063492e+02,3.358982884661541135e+01,-5.544663353253883820e+00
1.032000000000000028e+01,-1.361609803224730619e+01,-1.591679197587075123e+02,3.336718400615913538e+01,-5.174327978251837656e+00
1.033000000000000007e+01,-1.354238165865012000e+01,-1.607898781175168779e+02,3.315284928466609671e+01,-4.800876561412255938e+00
1.033999999999999986e+01,-1.346925243745473288e+01,-1.624019846483295453e+02,3.294673689475229139e+01,-4.424467784572716944e+00
1.034999999999999964e+01,-1.339672383342528050e+01,-1.640043868933125850e+02,3.274875971302259359e+01,-4.045251646535677814e+00
1.035999999999999943e+01,-1.332480834094306843e+01,-1.655972316947058971e+02,3.255883157878808021e+01,-3.663369824357531002e+00
1.036999999999999922e+01,-1.325351752248728943e+01,-1.671806650448992571e+02,3.237686756740407645e+01,-3.278956027556665376e+00
1.038000000000000078e+01,-1.318286204642990000e+01,-1.687548319516627657e+02,3.220278424007112505e+01,-2.892136344648628121e+00
1.039000000000000057e+01,-1.311285172407256994e+01,-1.703198763175322767e+02,3.203649987185057313e+01,-2.503029581545388904e+00
1.040000000000000036e+01,-1.304349554586545779e+01,-1.718759408323973332e+02,3.187793465955617833e+01,-2.111747591466670126e+00
1.041000000000000014e+01,-1.297480171675815086e+01,-1.734231668783700400e+02,3.172701091109457039e+01,-1.718395596113524215e+00
1.041999999999999993e+01,-1.290677769064306446e+01,-1.749616944460594823e+02,3.158365321774051182e+01,-1.323072497942011205e+00
1.042999999999999972e+01,-1.283943020385922296e+01,-1.764916620614163776e+02,3.144778861074617637e+01,-9.258711834535714447e-01
1.043999999999999950e+01,-1.277276530773358054e+01,-1.780132067223504180e+02,3.131934670360366724e+01,-5.268788174887528708e-01
1.044999999999999929e+01,-1.270678840014244670e+01,-1.795264638443685214e+02,3.119825982119763452e+01,-1.261771285702785739e-01
1.046000000000000085e+01,-1.264150425608262474e+01,1.789684327854782850e+02,3.108446311700951270e+01,2.761573146049982053e-01
1.047000000000000064e+01,-1.257691705724721842e+01,1.774713510470145366e+02,3.097789467946140007e+01,6.800528353792307801e-01
1.048000000000000043e+01,-1.251303042060519033e+01,1.759821605183542204e+02,3.087849562841597972e+01,1.085442389867975033e+00
1.049000000000000021e+01,-1.244984742598901306e+01,1.745007325009094927e+02,3.078621020278368192e+01,1.492263315994620587e+00
1.050000000000000000e+01,-1.238737064269731114e+01,1.730269400385451490e+02,3.070098584012299270e+01,1.900457090577816199e+00
1.050999999999999979e+01,-1.232560215512332036e+01,1.715606579314068654e+02,3.062277324906039411e+01,2.309969094196269168e+00
1.051999999999999957e+01,-1.226454358742221018e+01,1.701017627449024019e+02,3.055152647529863685e+01,2.720748383537771709e+00
1.052999999999999936e+01,-1.220419612723306102e+01,1.686501328142959437e+02,3.048720296192883694e+01,3.132747470917955912e+00
1.053999999999999915e+01,-1.214456054847259558e+01,1.672056482453359649e+02,3.042976360470953168e+01,3.545922110641331670e+00
1.055000000000000071e+01,-1.208563723322027172e+01,1.657681909113040604e+02,3.037917280292979427e+01,3.960231091865539010e+00
1.056000000000000050e+01,-1.202742619271457691e+01,1.643376444468556770e+02,3.033539850642608471e+01,4.375636037616414953e+00
1.057000000000000028e+01,-1.196992708748250855e+01,1.629138942389824365e+02,3.029841225928212012e+01,4.792101209596554945e+00
1.058000000000000007e+01,-1.191313924662424739e+01,1.614968274154110190e+02,3.026818924069950256e+01,5.209593318420703056e+00
1.058999999999999986e+01,-1.185706168627602430e+01,1.600863328307222559e+02,3.024470830349032369e+01,5.628081338907268361e+00
1.059999999999999964e+01,-1.180169312727470299e+01,1.586823010504546119e+02,3.022795201060744930e+01,6.047536330049988251e+00
1.060999999999999943e+01,-1.174703201204749448e+01,1.572846243334373639e+02,3.021790667009459241e+01,6.467931259289656509e+00
1.061999999999999922e+01,-1.169307652075101345e+01,1.558931966125687154e+02,3.021456236880851165e+01,6.889240830705054996e+00
1.063000000000000078e+01,-1.163982458668309761e+01,1.545079134742504152e+02,3.021791300523440071e+01,7.311441316735799667e+00
1.064000000000000057e+01,-1.158727391099151305e+01,1.531286721366571726e+02,3.022795632168994473e+01,7.734510393052006272e+00
1.065000000000000036e+01,-1.153542197670317471e+01,1.517553714270154330e+02,3.024469393618641178e+01,8.158426976179468326e+00
1.066000000000000014e+01,-1.148426606209703493e+01,1.503879117580420086e+02,3.026813137419043542e+01,8.583171063490109276e+00
1.066999999999999993e+01,-1.143380325344391224e+01,1.490261951036832215e+02,3.029827810050733916e+01,9.008723575163729791e+00
1.067999999999999972e+01,-1.138403045713620543e+01,1.476701249742824018e+02,3.033514755148469888e+01,9.435066197724255588e+00
1.068999999999999950e+01,-1.133494441122930141e+01,1.463196063912864986e+02,3.037875716771264223e+01,9.862181228753572171e+00
1.069999999999999929e+01,-1.128654169641723826e+01,1.449745458615976474e+02,3.042912842737846901e+01,1.029005142237951809e+01
1.071000000000000085e+01,-1.123881874646363421e+01,1.436348513516593641e+02,3.048628688041234369e+01,1.071865983513449017e+01
1.072000000000000064e+01,-1.119177185810904263e+01,1.423004322613626869e+02,3.055026218354218770e+01,1.114798967177447864e+01
1.073000000000000043e+01,-1.114539720047507032e+01,1.409711993978402802e+02,3.062108813635754956e+01,1.157802413064680636e+01
1.074000000000000021e+01,-1.109969082398552409e+01,1.396470649492208622e+02,3.069880271846362518e+01,1.200874624818593972e+01
1.075000000000000000e+01,-1.105464866882365982e+01,1.383279424583955972e+02,3.078344812778834694e+01,1.244013874211460546e+01
1.075999999999999979e+01,-1.101026657294465494e+01,1.370137467968484088e+02,3.087507082008801262e+01,1.287218385291927980e+01
1.076999999999999957e+01,-1.096654027966174105e+01,1.357043941385978485e+02,3.097372154967785107e+01,1.330486318316077821e+01
1.077999999999999936e+01,-1.092346544482370518e+01,1.343998019342824932e+02,3.107945541139662637e+01,1.373815753417562036e+01
1.078999999999999915e+01,-1.088103764360129233e+01,1.330998888854299196e+02,3.119233188379433486e+01,1.417204673971156659e+01
1.080000000000000071e+01,-1.083925237689925147e+01,1.318045749189316211e+02,3.131241487351388031e+01,1.460650949603384419e+01
1.081000000000000050e+01,-1.079810507741037817e+01,1.305137811617518651e+02,3.143977276081656669e+01,1.504152318802637112e+01
1.082000000000000028e+01,-1.075759111532749834e+01,1.292274299158890472e+02,3.157447844618107169e+01,1.547706371080118082e+01
1.083000000000000007e+01,-1.071770580372862369e+01,1.279454446336038274e+02,3.171660939788356615e+01,1.591310528631834131e+01
1.083999999999999986e+01,-1.067844440365034053e+01,1.266677498929323633e+02,3.186624770044260302e+01,1.634962027450261601e+01
1.084999999999999964e+01,-1.063980212886366772e+01,1.253942713734884506e+02,3.202348010378955223e+01,1.678657897833307899e+01
1.085999999999999943e+01,-1.060177415036665138e+01,1.241249358325698893e+02,3.218839807299732314e+01,1.722394944236249259e+01
1.086999999999999922e+01,-1.056435560060701384e+01,1.228596710815668587e+02,3.236109783837419940e+01,1.766169724411259878e+01
1.088000000000000078e+01,-1.052754157744803365e+01,1.215984059626827047e+02,3.254168044569760099e+01,1.809978527777032653e+01
1.089000000000000057e+01,-1.049132714789065268e+01,1.203410703259657879e+02,3.273025180633259623e+01,1.853817352959579523e+01
1.090000000000000036e+01,-1.045570735156365316e+01,1.190875950066524069e+02,3.292692274694368137e+01,1.897681884443485245e+01
1.091000000000000014e+01,-1.042067720399437114e+01,1.178379118028231289e+02,3.313180905847197977e+01,1.941567468270823582e+01
1.091999999999999993e+01,-1.038623169967116944e+01,1.165919534533665853e+02,3.334503154400955083e+01,1.985469086723402299e+01
1.092999999999999972e+01,-1.035236581490908314e+01,1.153496536162536898e+02,3.356671606515817530e+01,2.029381331921649689e+01
1.093999999999999950e+01,-1.031907451052934022e+01,1.141109468471119186e+02,3.379699358641435936e+01,2.073298378271978848e+01
1.094999999999999929e+01,-1.028635273436355035e+01,1.128757685781041999e+02,3.403600021706900947e+01,2.117213953691912209e+01
1.096000000000000085e+01,-1.025419542359245284e+01,1.116440550971001642e+02,3.428387725005722331e+01,2.161121309540898139e+01
1.097000000000000064e+01,-1.022259750692938951e+01,1.104157435271417995e+02,3.454077119713180366e+01,2.205013189182254507e+01
1.098000000000000043e+01,-1.019155390665795835e+01,1.091907718061954000e+02,3.480683381967020296e+01,2.248881795100161440e+01
1.099000000000000021e+01,-1.016105954053318072e+01,1.079690786671881710e+02,3.508222215435377933e+01,2.292718754493580491e+01
1.100000000000000000e+01,-1.013110932355509419e+01,1.067506036183209233e+02,3.536709853288299854e+01,2.336515083267540049e+01
1.100999999999999979e+01,-1.010169816962362077e+01,1.055352869236586315e+02,3.566163059480819442e+01,2.380261148340296273e+01
1.101999999999999957e+01,-1.007282099308316425e+01,1.043230695839909714e+02,3.596599129246842352e+01,2.423946628183898611e+01
1.102999999999999936e+01,-1.004447271016494980e+01,1.031138933179604749e+02,3.628035888693344191e+01,2.467560471514412868e+01
1.103999999999999915e+01,-1.001664824033515444e+01,1.019077005434578496e+02,3.660491693373991495e+01,2.511090854047201404e+01
1.105000000000000071e+01,-9.989342507556553841e+00,1.007044343592773288e+02,3.693985425710297221e+01,2.554525133232410639e+01
1.106000000000000050e+01,-9.962550441470893858e+00,9.950403852703658458e+01,3.728536491115997364e+01,2.597849800885557769e+01
1.107000000000000028e+01,-9.936266978509424419e+00,9.830645745335549179e+01,3.764164812667757332e+01,2.641050433628873506e+01
1.108000000000000007e+01,-9.910487062938212688e+00,9.711163617229605904e+01,3.800890824151031211e+01,2.684111641060082576e+01
1.108999999999999986e+01,-9.885205647845252130e+00,9.591952032806419481e+01,3.838735461295151197e+01,2.727017011567096816e+01
1.109999999999999964e+01,-9.860417696075458593e+00,9.473005615797133316e+01,3.877720150995638448e+01,2.769749055710076391e+01
1.110999999999999943e+01,-9.836118181120166781e+00,9.354319047566411882e+01,3.917866798304437737e+01,2.812289147095496844e+01
1.111999999999999922e+01,-9.812302087966706665e+00,9.235887065461977841e+01,3.959197770950666495e+01,2.854617460672200124e+01
1.113000000000000078e+01,-9.788964413914149176e+00,9.117704461191560483e+01,4.001735881134788286e+01,2.896712908384989049e+01
1.114000000000000057e+01,-9.766100169360447225e+00,8.999766079227224225e+01,4.045504364318590973e+01,2.938553072129296240e+01
1.115000000000000036e+01,-9.743704378566489410e+00,8.882066815238270863e+01,4.090526854711054483e+01,2.980114133959190781e+01
1.116000000000000014e+01,-9.721772080401949623e+00,8.764601614552968556e+01,4.136827357127210547e+01,3.021370803512468939e+01
1.116999999999999993e+01,-9.700298329077847725e+00,8.647365470650009911e+01,4.184430214872460851e+01,3.062296242629556176e+01
1.117999999999999972e+01,-9.679278194870345686e+00,8.530353423680729463e+01,4.233360073278974056e+01,3.102861987158603441e+01
1.118999999999999950e+01,-9.658706764840136572e+00,8.413560559022575092e+01,4.283641838494090592e+01,3.143037865957617072e+01
1.119999999999999929e+01,-9.638579143551485373e+00,8.296982005865515930e+01,4.335300631092071910e+01,3.182791917125492276e+01
1.121000000000000085e+01,-9.618890453794900708e+00,8.180612935831973687e+01,4.388361734051898111e+01,3.222090301518842637e+01
1.122000000000000064e+01,-9.599635837316887077e+00,8.064448561631930090e+01,4.442850534613225477e+01,3.260897213639677261e+01
1.123000000000000043e+01,-9.580810455560300198e+00,7.948484135754250701e+01,4.498792459492149476e+01,3.299174790011744562e+01
1.124000000000000021e+01,-9.562409490418273705e+00,7.832714949195563747e+01,4.556212902906855788e+01,3.336883015200484692e+01
1.125000000000000000e+01,-9.544428145004726360e+00,7.717136330228514396e+01,4.615137146831423109e+01,3.373979625673560179e+01
1.125999999999999979e+01,-9.526861644443874511e+00,7.601743643210662071e+01,4.675590272864665309e+01,3.410420011746911229e+01
1.126999999999999957e+01,-9.509705236681400109e+00,7.486532287435734645e+01,4.737597065069656566e+01,3.446157117914808055e+01
1.127999999999999936e+01,-9.492954193318896117e+00,7.371497696028738744e+01,4.801181903109389282e+01,3.481141341922939603e+01
1.128999999999999915e+01,-9.476603810473925193e+00,7.256635334887023703e+01,4.866368644975221258e+01,3.515320433010622025e+01
1.130000000000000071e+01,-9.460649409666739729e+00,7.141940701668802660e+01,4.933180498578503403e+01,3.548639389823718915e+01
1.131000000000000050e+01,-9.445086338735348974e+00,7.027409324830996695e+01,5.001639881452344838e+01,3.581040358582753669e+01
1.132000000000000028e+01,-9.429909972779691785e+00,6.913036762718552097e+01,5.071768267790763218e+01,3.612462532182860997e+01
1.133000000000000007e+01,-9.415115715135662811e+00,6.798818602706606384e+01,5.143586022038579841e+01,3.642842051003554360e+01
1.133999999999999986e+01,-9.400698998379489524e+00,6.684750460398019811e+01,5.217112218236651699e+01,3.672111906316894192e+01
1.134999999999999964e+01,-9.386655285362575540e+00,6.570827978877903774e+01,5.292364444327122186e+01,3.700201847303930691e+01
1.135999999999999943e+01,-9.372980070276737408e+00,6.457046828027097263e+01,5.369358590632086958e+01,3.727038292820519416e+01
1.136999999999999922e+01,-9.359668879749282411e+00,6.343402703896823880e+01,5.448108621738842317e+01,3.752544249195565840e+01
1.138000000000000078e+01,-9.346717273967501072e+00,6.229891328145919971e+01,5.528626331058503496e+01,3.776639235497276559e+01
1.139000000000000057e+01,-9.334120847831176349e+00,6.116508447543376548e+01,5.610921077372172761e+01,3.799239217865875418e+01
1.140000000000000036e+01,-9.321875232132324385e+00,6.003249833537203273e+01,5.694999502746132691e+01,3.820256554684073080e+01
1.141000000000000014e+01,-9.309976094760321175e+00,5.890111281892362882e+01,5.780865231282670180e+01,3.839599954538709881e+01
1.141999999999999993e+01,-9.298419141930651222e+00,5.777088612398702594e+01,5.868518548284032477e+01,3.857174449117378856e+01
1.142999999999999972e+01,-9.287200119435102152e+00,5.664177668651417008e+01,5.957956059541632499e+01,3.872881383380715192e+01
1.143999999999999950e+01,-9.276314813911398005e+00,5.551374317905180078e+01,6.049170330628793835e+01,3.886618425552579481e+01
1.144999999999999929e+01,-9.265759054129096839e+00,5.438674451003854671e+01,6.142149506272508575e+01,3.898279599674611262e+01
1.146000000000000085e+01,-9.255528712289265769e+00,5.326073982387185168e+01,6.236876910113851835e+01,3.907755343674054416e+01
1.147000000000000064e+01,-9.245619705334656047e+00,5.213568850175735747e+01,6.333330625439865003e+01,3.914932596091798445e+01
1.148000000000000043e+01,-9.236027996266914286e+00,5.101155016335687264e+01,6.431483057784954838e+01,3.919694914805915431e+01
1.149000000000000021e+01,-9.226749595467310883e+00,4.988828466924313432e+01,6.531300480661461449e+01,3.921922631258906478e+01
1.150000000000000000e+01,-9.217780562016987034e+00,4.876585212417439408e+01,6.632742566087642899e+01,3.921493043848286675e+01
1.150999999999999979e+01,-9.209117005012895874e+00,4.764421288119665832e+01,6.735761902040719917e+01,3.918280654262051144e+01
1.151999999999999957e+01,-9.200755084874769452e+00,4.652332754657832226e+01,6.840303499473246518e+01,3.912157450625175414e+01
1.152999999999999936e+01,-9.192691014638942448e+00,4.540315698558841007e+01,6.946304292092293053e+01,3.902993241359822463e+01
1.153999999999999915e+01,-9.184921061234330608e+00,4.428366232911695022e+01,7.053692632714597721e+01,3.890656043641113371e+01
1.155000000000000071e+01,-9.177441546735519040e+00,4.316480498114292885e+01,7.162387790670801735e+01,3.875012530239835939e+01
1.156000000000000050e+01,-9.170248849588331197e+00,4.204654662704604107e+01,7.272299455437131144e+01,3.855928538370753245e+01
1.157000000000000028e+01,-9.163339405802457094e+00,4.092884924276572889e+01,7.383327252413947406e+01,3.833269643898518808e+01
1.158000000000000007e+01,-9.156709710105982225e+00,3.981167510479787097e+01,7.495360277541905702e+01,3.806901803877613588e+01
1.158999999999999986e+01,-9.150356317056790090e+00,3.869498680102668686e+01,7.608276658232371403e+01,3.776692069906113858e+01
1.159999999999999964e+01,-9.144275842104889307e+00,3.757874724238203612e+01,7.721943148877926433e+01,3.742509374142830580e+01
1.160999999999999943e+01,-9.138464962600751917e+00,3.646291967530857647e+01,7.836214769980952610e+01,3.704225389059799056e+01
1.161999999999999922e+01,-9.132920418743688984e+00,3.534746769503975372e+01,7.950934500671405658e+01,3.661715461070291155e+01
1.163000000000000078e+01,-9.127639014465081857e+00,3.423235525965392156e+01,8.065933035056615097e+01,3.614859617074866804e+01
1.164000000000000057e+01,-9.122617618240786541e+00,3.311754670490012131e+01,8.181028613422890317e+01,3.563543641704131204e+01
1.165000000000000036e+01,-9.117853163827144058e+00,3.200300675976929909e+01,8.296026939763630992e+01,3.507660221603428852e+01
1.166000000000000014e+01,-9.113342650915354781e+00,3.088870056278870635e+01,8.410721197402683913e+01,3.447110151508592679e+01
1.166999999999999993e+01,-9.109083145698532391e+00,2.977459367901485621e+01,8.524892174580480741e+01,3.381803595114323713e+01
1.167999999999999972e+01,-9.105071781346413928e+00,2.866065211769548426e+01,8.638308511734507533e+01,3.311661391855069070e+01
1.168999999999999950e+01,-9.101305758382396860e+00,2.754684235057221642e+01,8.750727081797151641e+01,3.236616398730942024e+01
1.169999999999999929e+01,-9.097782344957774825e+00,2.643313133078420663e+01,8.861893514117144832e+01,3.156614854251175117e+01
1.171000000000000085e+01,-9.094498877018518002e+00,2.531948651234668546e+01,8.971542871549380038e+01,3.071617749482483717e+01
1.172000000000000064e+01,-9.091452758359627850e+00,2.420587587015742415e+01,9.079400488830042093e+01,2.981602189129368341e+01
1.173000000000000043e+01,-9.088641460562728369e+00,2.309226792049498300e+01,9.185182978532728271e+01,2.886562723604328440e+01
1.174000000000000021e+01,-9.086062522812593301e+00,2.197863174196518443e+01,9.288599408682117087e+01,2.786512631236283610e+01
1.175000000000000000e+01,-9.083713551588397550e+00,2.086493699684741188e+01,9.389352653485165945e+01,2.681485128193452283e+01
1.175999999999999979e+01,-9.081592220226275103e+00,1.975115395279753372e+01,9.487140915641856509e+01,2.571534482444956993e+01
1.176999999999999957e+01,-9.079696268349337629e+00,1.863725350485373866e+01,9.581659415355595399e+01,2.456737007235672010e+01
1.177999999999999936e+01,-9.078023501162276077e+00,1.752320719769531365e+01,9.672602237525451585e+01,2.337191909184790006e+01
1.178999999999999915e+01,-9.076571788607514790e+00,1.640898724809970588e+01,9.759664324742333008e+01,2.213021966315710998e+01
1.180000000000000071e+01,-9.075339064380639087e+00,1.529456656754057953e+01,9.842543599716823621e+01,2.084374012149857691e+01
1.181000000000000050e+01,-9.074323324802801238e+00,1.417991878487167945e+01,9.920943196745331250e+01,1.951419203503083821e+01
1.182000000000000028e+01,-9.073522627548413766e+00,1.306501826903450869e+01,9.994573777895952560e+01,1.814353051841318987e+01
1.183000000000000007e+01,-9.072935090226950550e+00,1.194984015173107927e+01,1.006315590589968139e+02,1.673395200994582765e+01
1.183999999999999986e+01,-9.072558888817711775e+00,1.083436034999525255e+01,1.012642244240875158e+02,1.528788937675884441e+01
1.184999999999999964e+01,-9.072392255957259621e+00,9.718555588604010254e+00,1.018412093747289333e+02,1.380800425560396860e+01
1.185999999999999943e+01,-9.072433479079419882e+00,8.602403422259126131e+00,1.023601597392688518e+02,1.229717658569648187e+01
1.186999999999999922e+01,-9.072680898408190586e+00,7.485882257475822144e+00,1.028189142900161528e+02,1.075849134371555138e+01
1.188000000000000078e+01,-9.073132904804559473e+00,6.368971374110675931e+00,1.032155261497420753e+02,9.195222548101515514e+00
1.189000000000000057e+01,-9.073787937468603459e+00,5.251650946458976676e+00,1.035482826114002393e+02,7.610814658593768378e+00
1.190000000000000036e+01,-9.074644481498452819e+00,4.133902063857849640e+00,1.038157230086789014e+02,6.008861555733642668e+00
1.191000000000000014e+01,-9.075701065308710014e+00,3.015706750721964369e+00,1.040166543000008375e+02,4.393083341853336599e+00
1.191999999999999993e+01,-9.076956257911207970e+00,1.897047985945381265e+00,1.041501640635051160e+02,2.767301257967854866e+00
1.192999999999999972e+01,-9.078408666060974852e+00,7.779097216005407267e-01,1.042156306446723733e+02,1.135411058036784437e+00
1.193999999999999950e+01,-9.080056931271801801e+00,-3.417230991371171256e-01,1.042127302504562749e+02,-4.986447784796866900e-01
1.194999999999999929e+01,-9.081899726705284337e+00,-1.461864524903504936e+00,1.041414408426086595e+02,-2.130905584479373616e+00
1.196000000000000085e+01,-9.083935753938398250e+00,-2.582527579969999376e+00,1.040020427465200470e+02,-3.757421362154423683e+00
1.197000000000000064e+01,-9.086163739614857349e+00,-3.703724249043710781e+00,1.037951159583447236e+02,-5.374281518711576666e+00
1.198000000000000043e+01,-9.088582431986143462e+00,-4.825465463112683651e+00,1.035215342002821046e+02,-6.977643043111865673e+00
1.199000000000000021e+01,-9.091190597348370872e+00,-5.947761086397886920e+00,1.031824558394634153e+02,-8.563757699973406190e+00
1.200000000000000000e+01,-9.093987016382042654e+00,-7.070619904479983120e+00,1.027793118478226404e+02,-1.012899784156432048e+01
1.200999999999999979e+01,-9.096970480401783021e+00,-8.194049613663418441e+00,1.023137910366795893e+02,-1.166988047348007562e+01
1.201999999999999957e+01,-9.100139787523961132e+00,-9.318056811635312187e+00,1.017878228488313681e+02,-1.318308925284073396e+01
1.202999999999999936e+01,-9.103493738760374043e+00,-1.044264698948824233e+01,1.012035580313792167e+02,-1.466549414805717610e+01
1.203999999999999915e+01,-9.107031134046694731e+00,-1.156782452515511572e+01,1.005633475433502184e+02,-1.611416854449712233e+01
1.205000000000000071e+01,-9.110750768214989748e+00,-1.269359267831668348e+01,9.986972007281508468e+01,-1.752640363886607489e+01
1.206000000000000050e+01,-9.114651426919650135e+00,-1.381995358683740882e+01,9.912535854853352646e+01,-1.889972002476031321e+01
1.207000000000000028e+01,-9.118731882527024268e+00,-1.494690826477540035e+01,9.833307603140890762e+01,-2.023187643075062780e+01
1.208000000000000007e+01,-9.122990889978876083e+00,-1.607445660202243687e+01,9.749579136182093464e+01,-2.152087562879545146e+01
1.208999999999999986e+01,-9.127427182640971637e+00,-1.720259736561207120e+01,9.661650492115303734e+01,-2.276496758314506863e+01
1.209999999999999964e+01,-9.132039468147310046e+00,-1.833132820274556707e+01,9.569827484069547552e+01,-2.396264995699423750e+01
1.210999999999999943e+01,-9.136826424252241452e+00,-1.946064564557218901e+01,9.474419395991552051e+01,-2.511266613490516164e+01
1.211999999999999922e+01,-9.141786694702014771e+00,-2.059054511776020746e+01,9.375736780029009765e+01,-2.621400095286211851e+01
1.213000000000000078e+01,-9.146918885138031641e+00,-2.172102094289520480e+01,9.274089378192375932e+01,-2.726587435434541007e+01
1.214000000000000057e+01,-9.152221559044386723e+00,-2.285206635473117842e+01,9.169784186947306637e+01,-2.826773320996224115e+01
1.215000000000000036e+01,-9.157693233752489448e+00,-2.398367350932363706e+01,9.063123679276922928e+01,-2.921924155017118707e+01
1.216000000000000014e+01,-9.163332376515864297e+00,-2.511583349906341311e+01,8.954404194718804888e+01,-3.012026946587586451e+01
1.216999999999999993e+01,-9.169137400668429194e+00,-2.624853636863528195e+01,8.843914504026230361e+01,-3.097088093077341142e+01
1.217999999999999972e+01,-9.175106661879762981e+00,-2.738177113290625897e+01,8.731934551513850806e+01,-3.177132079301295420e+01
1.218999999999999950e+01,-9.181238454521004400e+00,-2.851552579676196686e+01,8.618734374884540728e+01,-3.252200117281763880e+01
1.219999999999999929e+01,-9.187531008155392698e+00,-2.964978737688949906e+01,8.504573199447655441e+01,-3.322348748804050445e+01
1.221000000000000085e+01,-9.193982484167307234e+00,-3.078454192551025415e+01,8.389698701152005356e+01,-3.387648431207492195e+01
1.222000000000000064e+01,-9.200590972543952972e+00,-3.191977455605948322e+01,8.274346430783214146e+01,-3.448182124891000910e+01
1.223000000000000043e+01,-9.207354488823757066e+00,-3.305546947079871956e+01,8.158739390011540138e+01,-3.504043898919668720e+01
1.224000000000000021e+01,-9.214270971225900553e+00,-3.419160999035166526e+01,8.043087748705129059e+01,-3.555337568967149053e+01
1.225000000000000000e+01,-9.221338277974842512e+00,-3.532817858514199116e+01,7.927588692024117734e+01,-3.602175379676745592e+01
1.225999999999999979e+01,-9.228554184834345975e+00,-3.646515690870609916e+01,7.812426385248630822e+01,-3.644676741424348165e+01
1.226999999999999957e+01,-9.235916382864925112e+00,-3.760252583285778627e+01,7.697772044032562633e+01,-3.682967029461214992e+01
1.227999999999999936e+01,-9.243422476418647449e+00,-3.874026548466132880e+01,7.583784097779032152e+01,-3.717176451534290749e+01
1.228999999999999915e+01,-9.251069981385473540e+00,-3.987835528517640427e+01,7.470608434057707825e+01,-3.747438988352088529e+01
1.230000000000000071e+01,-9.258856323704435454e+00,-4.101677398992799084e+01,7.358378712394213039e+01,-3.773891409699744770e+01
1.231000000000000050e+01,-9.266778838153404863e+00,-4.215549973104970150e+01,7.247216736317058405e+01,-3.796672367615491339e+01
1.232000000000000028e+01,-9.274834767430590432e+00,-4.329451006103981570e+01,7.137232873214695417e+01,-3.815921566826329325e+01
1.233000000000000007e+01,-9.283021261540625346e+00,-4.443378199806921458e+01,7.028526512300646800e+01,-3.831779011599921603e+01
1.233999999999999986e+01,-9.291335377497951242e+00,-4.557329207277029326e+01,6.921186551782176366e+01,-3.844384327296008763e+01
1.234999999999999964e+01,-9.299774079359528045e+00,-4.671301637643133375e+01,6.815291907151406292e+01,-3.853876154185033442e+01
1.235999999999999943e+01,-9.308334238598765964e+00,-4.785293061051769570e+01,6.710912033346805572e+01,-3.860391610532172280e+01
1.236999999999999922e+01,-9.317012634831838724e+00,-4.899301013742817190e+01,6.608107454351448951e+01,-3.864065821508550158e+01
1.238000000000000078e+01,-9.325805956907341709e+00,-5.013323003239715803e+01,6.506930294586095442e+01,-3.865031510174413398e+01
1.239000000000000057e+01,-9.334710804369047210e+00,-5.127356513644543412e+01,6.407424807211859275e+01,-3.863418646567579628e+01
1.240000000000000036e+01,-9.343723689301835833e+00,-5.241399011026745569e+01,6.309627895170420686e+01,-3.859354150809665640e+01
1.241000000000000014e+01,-9.352841038569369658e+00,-5.355447948895715626e+01,6.213569621451073033e+01,-3.852961646100894200e+01
1.241999999999999993e+01,-9.362059196451541609e+00,-5.469500773744581323e+01,6.119273705686021714e+01,-3.844361257497518380e+01
1.242999999999999972e+01,-9.371374427689428188e+00,-5.583554930653644277e+01,6.026758004729602192e+01,-3.833669452442888570e+01
1.243999999999999950e+01,-9.380782920944033876e+00,-5.697607868940717424e+01,5.936034975378678524e+01,-3.820998919144086159e+01
1.244999999999999929e+01,-9.390280792674657206e+00,-5.811657047845424984e+01,5.847112117838500467e+01,-3.806458479040306742e+01
1.246000000000000085e+01,-9.399864091441243019e+00,-5.925699942233379147e+01,5.759992398934303992e+01,-3.790153029789210848e+01
1.247000000000000064e+01,-9.409528802635296785e+00,-6.039734048306650038e+01,5.674674654414377528e+01,-3.772183515394932840e+01
1.248000000000000043e+01,-9.419270853641013019e+00,-6.153756889305585531e+01,5.591153969990987349e+01,-3.752646920312120216e+01
1.249000000000000021e+01,-9.429086119429204160e+00,-6.267766021187151182e+01,5.509422041022187955e+01,-3.731636284575773743e+01
1.250000000000000000e+01,-9.438970428584021022e+00,-6.381759038264710426e+01,5.429467510955098675e+01,-3.709240737225685081e+01
1.250999999999999979e+01,-9.448919569762045612e+00,-6.495733578792911089e+01,5.351276288833706474e+01,-3.685545545510832000e+01
1.251999999999999957e+01,-9.458929298581733036e+00,-6.609687330482252321e+01,5.274831846322835105e+01,-3.660632177571464041e+01
1.252999999999999936e+01,-9.468995344940330128e+00,-6.723618035926669734e+01,5.200115494821324802e+01,-3.634578376502061303e+01
1.253999999999999915e+01,-9.479113420753449759e+00,-6.837523497927567462e+01,5.127106643332224678e+01,-3.607458243895607808e+01
1.255000000000000071e+01,-9.489279228112017961e+00,-6.951401584698035663e+01,5.055783037830217808e+01,-3.579342331156357915e+01
1.256000000000000050e+01,-9.499488467849023010e+00,-7.065250234929456497e+01,4.986120982920309075e+01,-3.550297737045454483e+01
1.257000000000000028e+01,-9.509736848507845508e+00,-7.179067462704425395e+01,4.918095546616883951e+01,-3.520388210088495384e+01
1.258000000000000007e+01,-9.520020095701903884e+00,-7.292851362238234003e+01,4.851680749094879985e+01,-3.489674254628617689e+01
1.258999999999999986e+01,-9.530333961854566382e+00,-7.406600112432509775e+01,4.786849736273470768e+01,-3.458213239450579835e+01
1.259999999999999964e+01,-9.540674236306022848e+00,-7.520311981223468933e+01,4.723574939092432601e+01,-3.426059508033117140e+01
1.260999999999999943e+01,-9.551036755773141707e+00,-7.633985329708363565e+01,4.661828219331506062e+01,-3.393264489606431766e+01
1.261999999999999922e+01,-9.561417415146198806e+00,-7.747618616033433625e+01,4.601581002806939580e+01,-3.359876810301639694e+01
1.263000000000000078e+01,-9.571812178605117793e+00,-7.861210399026779783e+01,4.542804400757646022e+01,-3.325942403778407197e+01
1.264000000000000057e+01,-9.582217091036765666e+00,-7.974759341560537962e+01,4.485469320206831867e+01,-3.291504620806660597e+01
1.265000000000000036e+01,-9.592628289732472169e+00,-8.088264213626408150e+01,4.429546564055731039e+01,-3.256604337359657109e+01
1.266000000000000014e+01,-9.603042016344572218e+00,-8.201723895109462603e+01,4.375006921633950441e+01,-3.221280060847780646e+01
1.266999999999999993e+01,-9.613454629078475477e+00,-8.315137378245755428e+01,4.321821250397167091e+01,-3.185568034187484443e+01
1.267999999999999972e+01,-9.623862615095973183e+00,-8.428503769749532637e+01,4.269960549428510177e+01,-3.149502337457180090e+01
1.268999999999999950e+01,-9.634262603103753264e+00,-8.541822292597147737e+01,4.219396025364417824e+01,-3.113114986942844808e+01
1.269999999999999929e+01,-9.644651376100217277e+00,-8.655092287454631617e+01,4.170099151331184117e+01,-3.076436031421022221e+01
1.271000000000000085e+01,-9.655025884252028234e+00,-8.768313213737603462e+01,4.122041719442982810e+01,-3.039493645566174251e+01
1.272000000000000064e+01,-9.665383257871113187e+00,-8.881484650292472338e+01,4.075195887378463055e+01,-3.002314220403691536e+01
1.273000000000000043e+01,-9.675720820461439331e+00,-8.994606295689564490e+01,4.029534219519302951e+01,-2.964922450759481265e+01
1.274000000000000021e+01,-9.686036101804162968e+00,-9.107677968118602507e+01,3.985029723102496035e+01,-2.927341419683091317e+01
1.275000000000000000e+01,-9.696326851048596041e+00,-9.220699604879774824e+01,3.941655879806381790e+01,-2.889592679842813538e+01
1.275999999999999979e+01,-9.706591049776022828e+00,-9.333671261462927760e+01,3.899386673161587424e+01,-2.851696331910412141e+01
1.276999999999999957e+01,-9.716826925002331805e+00,-9.446593110210496036e+01,3.858196612148902460e+01,-2.813671099968362199e+01
1.277999999999999936e+01,-9.727032962085328194e+00,-9.559465438559372785e+01,3.818060751320028601e+01,-2.775534403986042520e+01
1.278999999999999915e+01,-9.737207917501725873e+00,-9.672288646859406924e+01,3.778954707751130115e+01,-2.737302429421871253e+01
1.280000000000000071e+01,-9.747350831459016263e+00,-9.785063245766971818e+01,3.740854675115489414e+01,-2.698990194017190802e+01
1.281000000000000050e+01,-9.757461040306830924e+00,-9.897789853213724598e+01,3.703737435138818768e+01,-2.660611611854681868e+01
1.282000000000000028e+01,-9.767538188712865832e+00,-1.001046919095167738e+02,3.667580366679881365e+01,-2.622179554759489051e+01
1.283000000000000007e+01,-9.777582241568296695e+00,-1.012310208067803217e+02,3.632361452658931711e+01,-2.583705911125018062e+01
1.283999999999999986e+01,-9.787593495587914916e+00,-1.023568943974328818e+02,3.598059285038551280e+01,-2.545201642248612828e+01
1.284999999999999964e+01,-9.797572590571434148e+00,-1.034823227644903625e+02,3.564653068043917017e+01,-2.506676836263468644e+01
1.285999999999999943e+01,-9.807520520291538091e+00,-1.046073168494207124e+02,3.532122619793742757e+01,-2.468140759754743385e+01
1.286999999999999922e+01,-9.817438642976904717e+00,-1.057318883971398833e+02,3.500448372498394889e+01,-2.429601907147221951e+01
1.288000000000000078e+01,-9.827328691358149015e+00,-1.068560498971583712e+02,3.469611371368088726e+01,-2.391068047951969788e+01
1.289000000000000057e+01,-9.837192782246203748e+00,-1.079798145209934006e+02,3.439593272361418741e+01,-2.352546271958134128e+01
1.290000000000000036e+01,-9.847033425613851421e+00,-1.091031960559771221e+02,3.410376338892802295e+01,-2.314043032454527804e+01
1.291000000000000014e+01,-9.856853533152843738e+00,-1.102262088355952869e+02,3.381943437607066727e+01,-2.275564187564047813e+01
1.291999999999999993e+01,-9.866656426280584924e+00,-1.113488676665172932e+02,3.354278033319246077e+01,-2.237115039771460800e+01
1.292999999999999972e+01,-9.876445843571509897e+00,-1.124711877524730141e+02,3.327364183209037662e+01,-2.198700373723412227e+01
1.293999999999999950e+01,-9.886225947591508856e+00,-1.135931846151584779e+02,3.301186530351034776e+01,-2.160324492376322070e+01
1.294999999999999929e+01,-9.896001331114135269e+00,-1.147148740123538033e+02,3.275730296654298712e+01,-2.121991251565780345e+01
1.296000000000000085e+01,-9.905777022701169443e+00,-1.158362718534432787e+02,3.250981275278423510e+01,-2.083704093068251240e+01
1.297000000000000064e+01,-9.915558491630946492e+00,-1.169573941125518388e+02,3.226925822586369463e+01,-2.045466076222869845e+01
1.298000000000000043e+01,-9.925351652161150895e+00,-1.180782567394937530e+02,3.203550849689559499e+01,-2.007279908179159378e+01
1.299000000000000021e+01,-9.935162867114911478e+00,-1.191988755687600161e+02,3.180843813634929518e+01,-1.969147972833068394e+01
1.300000000000000000e+01,-9.944998950781464231e+00,-1.203192662267587565e+02,3.158792708279419159e+01,-1.931072358511692855e+01
1.300999999999999979e+01,-9.954867171125549419e+00,-1.214394440375398716e+02,3.137386054892941445e+01,-1.893054884464060805e+01
1.301999999999999957e+01,-9.964775251301775327e+00,-1.225594239272213173e+02,3.116612892527324874e+01,-1.855097126213485481e+01
1.302999999999999936e+01,-9.974731370474021475e+00,-1.236792203273534625e+02,3.096462768185143943e+01,-1.817200439823937330e+01
1.303999999999999915e+01,-9.984744163940563411e+00,-1.247988470774442646e+02,3.076925726819074214e+01,-1.779365985131346406e+01
1.305000000000000071e+01,-9.994822722570862794e+00,-1.259183173268709908e+02,3.057992301190066087e+01,-1.741594747988129654e+01
1.306000000000000050e+01,-1.000497659156056862e+01,-1.270376434364058724e+02,3.039653501609500097e+01,-1.703887561567373510e+01
1.307000000000000028e+01,-1.001521576851464523e+01,-1.281568368795674644e+02,3.021900805588562733e+01,-1.666245126771502783e+01
1.308000000000000007e+01,-1.002555070087139910e+01,-1.292759081440176772e+02,3.004726147415700055e+01,-1.628668031788004100e+01
1.308999999999999986e+01,-1.003599228268211974e+01,-1.303948666332049697e+02,2.988121907681189526e+01,-1.591156770833661405e+01
1.309999999999999964e+01,-1.004655185076381585e+01,-1.315137205684536923e+02,2.972080902765948096e+01,-1.553711762126940066e+01
1.310999999999999943e+01,-1.005724118024513913e+01,-1.326324768916911125e+02,2.956596374310077024e+01,-1.516333365126729404e+01
1.311999999999999922e+01,-1.006807247952638917e+01,-1.337511411689827412e+02,2.941661978674898137e+01,-1.479021897074841441e+01
1.313000000000000078e+01,-1.007905838467897830e+01,-1.348697174950488034e+02,2.927271776411027915e+01,-1.441777648877823204e+01
1.314000000000000057e+01,-1.009021195330946519e+01,-1.359882083989092791e+02,2.913420221743317029e+01,-1.404600900363184657e+01
1.315000000000000036e+01,-1.010154665791585415e+01,-1.371066147508017252e+02,2.900102152082094520e+01,-1.367491934943772947e+01
1.316000000000000014e+01,-1.011307637876627652e+01,-1.382249356704918171e+02,2.887312777569120925e+01,-1.330451053723359323e+01
1.316999999999999993e+01,-1.012481539633034622e+01,-1.393431684370861490e+02,2.875047670664949706e+01,-1.293478589075630580e+01
1.317999999999999972e+01,-1.013677838329541991e+01,-1.404613084004400889e+02,2.863302755783237430e+01,-1.256574917728018193e+01
1.318999999999999950e+01,-1.014898039620145553e+01,-1.415793488942325666e+02,2.852074298976324584e+01,-1.219740473381168577e+01
1.319999999999999929e+01,-1.016143686672827684e+01,-1.426972811507695837e+02,2.841358897674819417e+01,-1.182975758894060014e+01
1.321000000000000085e+01,-1.017416359267024184e+01,-1.438150942175463740e+02,2.831153470482822598e+01,-1.146281358064540967e+01
1.322000000000000064e+01,-1.018717672863398960e+01,-1.449327748755942764e+02,2.821455247028913860e+01,-1.109657947034017234e+01
1.323000000000000043e+01,-1.020049277649469666e+01,-1.460503075596082851e+02,2.812261757871593915e+01,-1.073106305344831135e+01
1.324000000000000021e+01,-1.021412857564693688e+01,-1.471676742798349267e+02,2.803570824456537025e+01,-1.036627326678169148e+01
1.325000000000000000e+01,-1.022810129308598448e+01,-1.482848545456843397e+02,2.795380549121412983e+01,-1.000222029299678894e+01
1.325999999999999979e+01,-1.024242841335458287e+01,-1.494018252909999376e+02,2.787689305142523821e+01,-9.638915662397257833e+00
1.326999999999999957e+01,-1.025712772839066922e+01,-1.505185608009112457e+02,2.780495726815973256e+01,-9.276372352342102445e+00
1.327999999999999936e+01,-1.027221732731009851e+01,-1.516350326401663438e+02,2.773798699564410697e+01,-8.914604884515087591e+00
1.328999999999999915e+01,-1.028771558615760817e+01,-1.527512095828242593e+02,2.767597350058668226e+01,-8.553629420302989672e+00
1.330000000000000071e+01,-1.030364115765822675e+01,-1.538670575431672773e+02,2.761891036341925698e+01,-8.193463854522830658e+00
1.331000000000000050e+01,-1.032001296100033372e+01,-1.549825395076710208e+02,2.756679337942308905e+01,-7.834127907730442431e+00
1.332000000000000028e+01,-1.033685017167959863e+01,-1.560976154678558885e+02,2.751962045957860070e+01,-7.475643217332271995e+00
1.333000000000000007e+01,-1.035417221143153377e+01,-1.572122423538141618e+02,2.747739153096070552e+01,-7.118033427715279693e+00
1.333999999999999986e+01,-1.037199873827857388e+01,-1.583263739682031144e+02,2.744010843648122844e+01,-6.761324279593942777e+00
1.334999999999999964e+01,-1.039034963671605283e+01,-1.594399609204589581e+02,2.740777483376260548e+01,-6.405543698766313909e+00
1.335999999999999943e+01,-1.040924500805769526e+01,-1.605529505609798377e+02,2.738039609290311205e+01,-6.050721884454306476e+00
1.336999999999999922e+01,-1.042870516096130906e+01,-1.616652869150042022e+02,2.735797919287881896e+01,-5.696891397388823108e+00
1.338000000000000078e+01,-1.044875060215042772e+01,-1.627769106158912109e+02,2.734053261630230836e+01,-5.344087247785473060e+00
1.339000000000000057e+01,-1.046940202734642433e+01,-1.638877588374960510e+02,2.732806624224015835e+01,-4.992346983336737765e+00
1.340000000000000036e+01,-1.049068031242233090e+01,-1.649977652253124631e+02,2.732059123676996037e+01,-4.641710777328152737e+00
1.341000000000000014e+01,-1.051260650478676695e+01,-1.661068598260403633e+02,2.731811994093698814e+01,-4.292221516963370398e+00
1.341999999999999993e+01,-1.053520181500272201e+01,-1.672149690152194523e+02,2.732066575574899048e+01,-3.943924891959758483e+00
1.342999999999999972e+01,-1.055848760864314073e+01,-1.683220154225494980e+02,2.732824302382855208e+01,-3.596869483451290428e+00
1.343999999999999950e+01,-1.058248539838190183e+01,-1.694279178545133391e+02,2.734086690732193148e+01,-3.251106853204128733e+00
1.344999999999999929e+01,-1.060721683631393475e+01,-1.705325912138845297e+02,2.735855326164211476e+01,-2.906691633125488394e+00
1.346000000000000085e+01,-1.063270370649649799e+01,-1.716359464157038133e+02,2.738131850460838024e+01,-2.563681615007345815e+00
1.347000000000000064e+01,-1.065896791769711704e+01,-1.727378902992810765e+02,2.740917948052171127e+01,-2.222137840415236543e+00
1.348000000000000043e+01,-1.068603149633150551e+01,-1.738383255357692860e+02,2.744215331870231722e+01,-1.882124690591582938e+00
1.349000000000000021e+01,-1.071391657956935184e+01,-1.749371505308389203e+02,2.748025728599755979e+01,-1.543709976202316314e+00
1.350000000000000000e+01,-1.074264540858145978e+01,-1.760342593219671414e+02,2.752350863275445292e+01,-1.206965026710824951e+00
1.350999999999999979e+01,-1.077224032189647218e+01,-1.771295414698356296e+02,2.757192443173792995e+01,-8.719647791164016892e-01
1.351999999999999957e+01,-1.080272374883091402e+01,-1.782228819433236140e+02,2.762552140946625201e+01,-5.387878657407485505e-01
1.352999999999999936e+01,-1.083411820295049921e+01,-1.793141609975582469e+02,2.768431576942671768e+01,-2.075167006937372605e-01
1.353999999999999915e+01,-1.086644627551384623e+01,1.795967459555333789e+02,2.774832300662717088e+01,1.217624354079516191e-01
1.355000000000000071e+01,-1.089973062884579669e+01,1.785099684847320987e+02,2.781755771294103852e+01,4.489593129613686506e-01
1.356000000000000050e+01,-1.093399398957861912e+01,1.774256412856869645e+02,2.789203337270087246e+01,7.739796736901146668e-01
1.357000000000000028e+01,-1.096925914169347394e+01,1.763439043363308372e+02,2.797176214800298055e+01,1.096725154374387667e+00
1.358000000000000007e+01,-1.100554891928735657e+01,1.752649030621713848e+02,2.805675465319728801e+01,1.417093214696452996e+00
1.358999999999999986e+01,-1.104288619898156654e+01,1.741887885121008992e+02,2.814701971805016001e+01,1.734977069975011998e+00
1.359999999999999964e+01,-1.108129389187952540e+01,1.731157175453845412e+02,2.824256413909052554e+01,2.050265629643267751e+00
1.360999999999999943e+01,-1.112079493497286897e+01,1.720458530305075442e+02,2.834339241867949966e+01,2.362843442408676164e+00
1.361999999999999922e+01,-1.116141228188350532e+01,1.709793640565735018e+02,2.844950649137727439e+01,2.672590649121764361e+00
1.363000000000000078e+01,-1.120316889281927253e+01,1.699164261579828974e+02,2.856090543722688935e+01,2.979382944466159255e+00
1.364000000000000057e+01,-1.124608772360807407e+01,1.688572215531186487e+02,2.867758518162644776e+01,3.283091548681156269e+00
1.365000000000000036e+01,-1.129019171366235952e+01,1.678019393978001972e+02,2.879953818152388223e+01,3.583583190617824155e+00
1.366000000000000014e+01,-1.133550377271296838e+01,1.667507760542852111e+02,2.892675309774468317e+01,3.880720103526051901e+00
1.366999999999999993e+01,-1.138204676613310973e+01,1.657039353765991336e+02,2.905921445334342224e+01,4.174360035071946307e+00
1.367999999999999972e+01,-1.142984349865907490e+01,1.646616290130152436e+02,2.919690227797221738e+01,4.464356273173452294e+00
1.368999999999999950e+01,-1.147891669629401967e+01,1.636240767265002205e+02,2.933979173836769405e+01,4.750557689344263146e+00
1.369999999999999929e+01,-1.152928898616121423e+01,1.625915067339604434e+02,2.948785275518417848e+01,5.032808801327011139e+00
1.371000000000000085e+01,-1.158098287405166360e+01,1.615641560651339148e+02,2.964104960654271181e+01,5.310949856885282649e+00
1.372000000000000064e+01,-1.163402071938533311e+01,1.605422709419753744e+02,2.979934051881966184e+01,5.584816940709399269e+00
1.373000000000000043e+01,-1.168842470727936700e+01,1.595261071793756571e+02,2.996267724537397115e+01,5.854242106469140339e+00
1.374000000000000021e+01,-1.174421681738798995e+01,1.585159306080578574e+02,3.013100463410324181e+01,6.119053536112088132e+00
1.375000000000000000e+01,-1.180141878914479392e+01,1.575120175204714599e+02,3.030426018492379825e+01,6.379075728565303471e+00
1.375999999999999979e+01,-1.186005208300578673e+01,1.565146551404730246e+02,3.048237359850170236e+01,6.634129720042381884e+00
1.376999999999999957e+01,-1.192013783725019849e+01,1.555241421175548453e+02,3.066526631780002177e+01,6.884033338182935502e+00
1.377999999999999936e+01,-1.198169681985653590e+01,1.545407890463213505e+02,3.085285106427500068e+01,7.128601492260923322e+00
1.378999999999999915e+01,-1.204474937492377506e+01,1.535649190118430454e+02,3.104503137082994257e+01,7.367646501684521176e+00
1.380000000000000071e+01,-1.210931536305811917e+01,1.525968681614213551e+02,3.124170111393331339e+01,7.600978464971579918e+00
1.381000000000000050e+01,-1.217541409509142269e+01,1.516369863031852105e+02,3.144274404761841524e+01,7.828405671314548009e+00
1.382000000000000028e+01,-1.224306425843611201e+01,1.506856375317840389e+02,3.164803334240367150e+01,8.049735056751448070e+00
1.383000000000000007e+01,-1.231228383531952986e+01,1.497432008812585593e+02,3.185743113251264091e+01,8.264772706821448267e+00
1.383999999999999986e+01,-1.238309001206761195e+01,1.488100710049437794e+02,3.207078807511043550e+01,8.473324407409121406e+00
1.384999999999999964e+01,-1.245549907853368943e+01,1.478866588819770982e+02,3.228794292562471924e+01,8.675196245263785855e+00
1.385999999999999943e+01,-1.252952631668635242e+01,1.469733925496491054e+02,3.250872213356668539e+01,8.870195259414931144e+00
1.386999999999999922e+01,-1.260518587728090623e+01,1.460707178604327225e+02,3.273293946360797690e+01,9.058130144391380867e+00
1.388000000000000078e+01,-1.268249064344744603e+01,1.451790992620300358e+02,3.296039564700770796e+01,9.238812005787057302e+00
1.389000000000000057e+01,-1.276145207992603403e+01,1.442990205982109728e+02,3.319087806879481661e+01,9.412055168293965934e+00
1.390000000000000036e+01,-1.284208006657567580e+01,1.434309859275232100e+02,3.342416049640767994e+01,9.577678035847652538e+00
1.391000000000000014e+01,-1.292438271467052324e+01,1.425755203561405438e+02,3.366000285575101003e+01,9.735504002998688122e+00
1.391999999999999993e+01,-1.300836616438391857e+01,1.417331708801716559e+02,3.389815106085487884e+01,9.885362416028744548e+00
1.392999999999999972e+01,-1.309403436173795576e+01,1.409045072316181120e+02,3.413833690348823779e+01,1.002708958168980224e+01
1.393999999999999950e+01,-1.318138881317866051e+01,1.400901227208800037e+02,3.438027800919628874e+01,1.016052982073811073e+01
1.394999999999999929e+01,-1.327042831581372440e+01,1.392906350671631799e+02,3.462367786627522293e+01,1.028553656269166794e+01
1.396000000000000085e+01,-1.336114866123262424e+01,1.385066872063958954e+02,3.486822593416231797e+01,1.040197347743961309e+01
1.397000000000000064e+01,-1.345354231071826234e+01,1.377389480642115700e+02,3.511359783759938580e+01,1.050971563850217194e+01
1.398000000000000043e+01,-1.354759803955972508e+01,1.369881132791912819e+02,3.535945565270839808e+01,1.060865071188069919e+01
1.399000000000000021e+01,-1.364330054809320103e+01,1.362549058588954836e+02,3.560544829078584428e+01,1.069868016355083817e+01
1.400000000000000000e+01,-1.374063003704295127e+01,1.355400767480979880e+02,3.585121198518687180e+01,1.077972047777366527e+01
1.400999999999999979e+01,-1.383956174470987399e+01,1.348444052851635035e+02,3.609637088609915168e+01,1.085170437751762229e+01
1.401999999999999957e+01,-1.394006544358123989e+01,1.341686995185634146e+02,3.634053776731663277e+01,1.091458203742749689e+01
1.402999999999999936e+01,-1.404210489401745932e+01,1.335137963510569818e+02,3.658331484830204516e+01,1.096832227897331435e+01
1.403999999999999915e+01,-1.414563725283196760e+01,1.328805614741451109e+02,3.682429473386742558e+01,1.101291373665355344e+01
1.405000000000000071e+01,-1.425061243483914097e+01,1.322698890499093238e+02,3.706306147272135831e+01,1.104836598345989351e+01
1.406000000000000050e+01,-1.435697242582076605e+01,1.316827010913209222e+02,3.729919173492097428e+01,1.107471060324781043e+01
1.407000000000000028e+01,-1.446465054588727206e+01,1.311199464856094323e+02,3.753225610693613845e+01,1.109200219720679392e+01
1.408000000000000007e+01,-1.457357066291545067e+01,1.305825995982521590e+02,3.776182050160799974e+01,1.110031931133161898e+01
1.408999999999999986e+01,-1.468364635666107532e+01,1.300716583877911603e+02,3.798744767875577821e+01,1.109976527166063498e+01
1.409999999999999964e+01,-1.479478003532226360e+01,1.295881419540554873e+02,3.820869887059976122e+01,1.109046891409527014e+01
1.410999999999999943e+01,-1.490686200779634163e+01,1.291330874346932660e+02,3.842513550452252247e+01,1.107258519586998702e+01
1.411999999999999922e+01,-1.501976951669082005e+01,1.287075461574572728e+02,3.863632101403610619e+01,1.104629567620547803e+01
1.413000000000000078e+01,-1.513336573934968676e+01,1.283125789488386772e+02,3.884182272716518725e+01,1.101180885436846602e+01
1.414000000000000057e+01,-1.524749876679472038e+01,1.279492504938429676e+02,3.904121381984878525e+01,1.096936035428203837e+01
1.415000000000000036e+01,-1.536200057358525051e+01,1.276186226376096897e+02,3.923407532041849066e+01,1.091921294598550674e+01
1.416000000000000014e+01,-1.547668599521272625e+01,1.273217465178907588e+02,3.941999814979406835e+01,1.086165639562257645e+01
1.416999999999999993e+01,-1.559135173375935501e+01,1.270596534191348326e+02,3.959858518074327804e+01,1.079700713723409500e+01
1.417999999999999972e+01,-1.570577541716795089e+01,1.268333442450340698e+02,3.976945329846048338e+01,1.072560776143531314e+01
1.418999999999999950e+01,-1.581971474253074206e+01,1.266437775182212704e+02,3.993223544382824031e+01,1.064782631803754676e+01
1.419999999999999929e+01,-1.593290673921530676e+01,1.264918558346828377e+02,4.008658262007973860e+01,1.056405543180755835e+01
1.421000000000000085e+01,-1.604506719325774355e+01,1.263784107277926125e+02,4.023216584321828293e+01,1.047471123281094663e+01
1.422000000000000064e+01,-1.615589028002013805e+01,1.263041859341961555e+02,4.036867801646091891e+01,1.038023210512289651e+01
1.423000000000000043e+01,-1.626504845734437055e+01,1.262698191023342957e+02,4.049583570921701892e+01,1.028107726005705125e+01
1.424000000000000021e+01,-1.637219267589780713e+01,1.262758220452663380e+02,4.061338082165381991e+01,1.017772514243969972e+01
1.425000000000000000e+01,-1.647695296662529074e+01,1.263225597131986007e+02,4.072108211677679179e+01,1.007067168075908548e+01
1.425999999999999979e+01,-1.657893946657410567e+01,1.264102281474543616e+02,4.081873660314131058e+01,9.960428394237839100e+00
1.426999999999999957e+01,-1.667774394317861919e+01,1.265388317753735521e+02,4.090617075279474335e+01,9.847520371940198913e+00
1.427999999999999936e+01,-1.677294187267795422e+01,1.267081605121855148e+02,4.098324154082076376e+01,9.732484140886237256e+00
1.428999999999999915e+01,-1.686409511997463184e+01,1.269177672470428888e+02,4.104983729487345556e+01,9.615865441784503531e+00
1.430000000000000071e+01,-1.695075525433832908e+01,1.271669464002189329e+02,4.110587834532761775e+01,9.498216932348597652e+00
1.431000000000000050e+01,-1.703246751747805021e+01,1.274547143391407928e+02,4.115131746907621846e+01,9.380095839220004450e+00
1.432000000000000028e+01,-1.710877543753706576e+01,1.277797925230140379e+02,4.118614012254477075e+01,9.262061580242464842e+00
1.433000000000000007e+01,-1.717922605478556264e+01,1.281405942986218918e+02,4.121036446210791127e+01,9.144673379217840292e+00
1.433999999999999986e+01,-1.724337569299875739e+01,1.285352162824396203e+02,4.122404115273026548e+01,9.028487895301017474e+00
1.434999999999999964e+01,-1.730079617610190112e+01,1.289614352260429087e+02,4.122725296827258035e+01,8.914056888869465567e+00
1.435999999999999943e+01,-1.735108135460880874e+01,1.294167111646497403e+02,4.122011418943602479e+01,8.801924945038470227e+00
1.436999999999999922e+01,-1.739385377319832315e+01,1.298981974877293055e+02,4.120276980773024178e+01,8.692627275002417164e+00
1.438000000000000078e+01,-1.742877128233838135e+01,1.304027583462799669e+02,4.117539454608624538e+01,8.586687614092779697e+00
1.439000000000000057e+01,-1.745553337619013234e+01,1.309269935300718544e+02,4.113819170876315212e+01,8.484616233883452097e+00
1.440000000000000036e+01,-1.747388702888491707e+01,1.314672706230806511e+02,4.109139187497101631e+01,8.386908083885170839e+00
1.441000000000000014e+01,-1.748363180389050697e+01,1.320197638960397057e+02,4.103525145214700842e+01,8.294041076382535849e+00
1.441999999999999993e+01,-1.748462402779529867e+01,1.325804990461485318e+02,4.097005110602725608e+01,8.206474525853087343e+00
1.442999999999999972e+01,-1.747677985050724203e+01,1.331454025731171953e+02,4.089609408556261627e+01,8.124647752163291159e+00
1.443999999999999950e+01,-1.746007705721092407e+01,1.337103543149828226e+02,4.081370446133320939e+01,8.048978854472730760e+00
1.444999999999999929e+01,-1.743455555076917207e+01,1.342712414807831465e+02,4.072322529639356503e+01,7.979863660480999599e+00
1.446000000000000085e+01,-1.740031648279951781e+01,1.348240124273584684e+02,4.062501676848189192e+01,7.917674853401208246e+00
1.447000000000000064e+01,-1.735752007286858145e+01,1.353647284429904118e+02,4.051945426223205260e+01,7.862761276869639104e+00
1.448000000000000043e+01,-1.730638221343180305e+01,1.358896119197289352e+02,4.040692644948052958e+01,7.815447415938546527e+00
1.449000000000000021e+01,-1.724717000893900831e+01,1.363950895078535268e+02,4.028783337497559103e+01,7.776033050372983091e+00
1.450000000000000000e+01,-1.718019643740682056e+01,1.368778291302951686e+02,4.016258456380376884e+01,7.744793074723036241e+00
1.450999999999999979e+01,-1.710581434942301726e+01,1.373347700667403615e+02,4.003159716569439297e+01,7.721977478082614255e+00
1.451999999999999957e+01,-1.702441003203898617e+01,1.377631456689439631e+02,3.989529415005193158e+01,7.707811475077113172e+00
1.452999999999999936e+01,-1.693639656373953883e+01,1.381604986133242505e+02,3.975410256416327570e+01,7.702495778486512457e+00
1.453999999999999915e+01,-1.684220717322474314e+01,1.385246889110916015e+02,3.960845186554094255e+01,7.706207002966545261e+00
1.455000000000000071e+01,-1.674228879149987748e+01,1.388538951619146928e+02,3.945877233784169391e+01,7.719098188627070201e+00
1.456000000000000050e+01,-1.663709595664910523e+01,1.391466097434725668e+02,3.930549359826050448e+01,7.741299432709361383e+00
1.457000000000000028e+01,-1.652708519665769060e+01,1.394016287713714348e+02,3.914904320278310479e+01,7.772918617302067901e+00
1.458000000000000007e+01,-1.641270998054121222e+01,1.396180377432584692e+02,3.898984535419336339e+01,7.814042220916184611e+00
1.458999999999999986e+01,-1.629441629422028015e+01,1.397951938034132127e+02,3.882831971631669177e+01,7.864736201787063230e+00
1.459999999999999964e+01,-1.617263886683738150e+01,1.399327055387228711e+02,3.866488033663434010e+01,7.925046940981864907e+00
1.460999999999999943e+01,-1.604779804677295729e+01,1.400304111544828345e+02,3.849993467815412629e+01,7.995002233731141494e+00
1.461999999999999922e+01,-1.592029730511907459e+01,1.400883557899261405e+02,3.833388276028077257e+01,8.074612317861804556e+00
1.463000000000000078e+01,-1.579052132795856878e+01,1.401067686291503946e+02,3.816711640738973443e+01,8.163870928770544211e+00
1.464000000000000057e+01,-1.565883464726824492e+01,1.400860403522036393e+02,3.800001860289329159e+01,8.262756371005849587e+00
1.465000000000000036e+01,-1.552558075311615227e+01,1.400267013607253261e+02,3.783296294578708796e+01,8.371232597226097027e+00
1.466000000000000014e+01,-1.539108162641824151e+01,1.399294011081884150e+02,3.766631320598241217e+01,8.489250286042095084e+00
1.466999999999999993e+01,-1.525563763115190241e+01,1.397948887701733156e+02,3.750042297416128179e+01,8.616747911013213468e+00
1.467999999999999972e+01,-1.511952770688443337e+01,1.396239954073268734e+02,3.733563540143616422e+01,8.753652793845995816e+00
1.468999999999999950e+01,-1.498300980610876110e+01,1.394176177036760862e+02,3.717228302374349624e+01,8.899882135624201496e+00
1.469999999999999929e+01,-1.484632152561894181e+01,1.391767033057738558e+02,3.701068766564408463e+01,9.055344020657585702e+00
1.471000000000000085e+01,-1.470968088652473682e+01,1.389022377429502626e+02,3.685116041804479892e+01,9.219938388284251829e+00
1.472000000000000064e+01,-1.457328722311182645e+01,1.385952328746928970e+02,3.669400168426504649e+01,9.393557968673320602e+00
1.473000000000000043e+01,-1.443732214633099353e+01,1.382567167864287683e+02,3.653950128887094451e+01,9.576089179347443192e+00
1.474000000000000021e+01,-1.430195055301775753e+01,1.378877250383073090e+02,3.638793864374778764e+01,9.767412979783598459e+00
1.475000000000000000e+01,-1.416732165688691936e+01,1.374892931615533485e+02,3.623958296599636952e+01,9.967405682035767711e+00
1.475999999999999979e+01,-1.403357002181831703e+01,1.370624502922325121e+02,3.609469354239375605e+01,1.017593971586524582e+01
1.476999999999999957e+01,-1.390081658192068126e+01,1.366082138316547230e+02,3.595352003535668928e+01,1.039288434735514777e+01
1.477999999999999936e+01,-1.376916963632053914e+01,1.361275850250879103e+02,3.581630282557603806e+01,1.061810635043133111e+01
1.478999999999999915e+01,-1.363872580959001368e+01,1.356215453551565417e+02,3.568327338673889670e+01,1.085147063109630672e+01
1.480000000000000071e+01,-1.350957097123406392e+01,1.350910536524121142e+02,3.555465468803343043e+01,1.109284080453737786e+01
1.481000000000000050e+01,-1.338178110974287449e+01,1.345370438326863223e+02,3.543066162040959455e+01,1.134207972555729604e+01
1.482000000000000028e+01,-1.325542315842314522e+01,1.339604231783550574e+02,3.531150144286235815e+01,1.159904997303847551e+01
1.483000000000000007e+01,-1.313055577160616849e+01,1.333620710883522236e+02,3.519737424530089953e+01,1.186361428935301277e+01
1.483999999999999986e+01,-1.300723005091971096e+01,1.327428382293245477e+02,3.508847342485339027e+01,1.213563597581215525e+01
1.484999999999999964e+01,-1.288549022217097040e+01,1.321035460276068534e+02,3.498498617275560463e+01,1.241497924537377351e+01
1.485999999999999943e+01,-1.276537426402929754e+01,1.314449864485673345e+02,3.488709396924111417e+01,1.270150953393346605e+01
1.486999999999999922e+01,-1.264691449018170744e+01,1.307679220162309548e+02,3.479497308413480994e+01,1.299509377159529322e+01
1.488000000000000078e+01,-1.253013808697107123e+01,1.300730860319986846e+02,3.470879508110004963e+01,1.329560061535111792e+01
1.489000000000000057e+01,-1.241506760875402549e+01,1.293611829565519713e+02,3.462872732374624007e+01,1.360290064462711257e+01
1.490000000000000036e+01,-1.230172143335148505e+01,1.286328889238802731e+02,3.455493348202978865e+01,1.391686652113842193e+01
1.491000000000000014e+01,-1.219011418002948233e+01,1.278888523606354113e+02,3.448757403760428275e+01,1.423737311447354870e+01
1.491999999999999993e+01,-1.208025709245766777e+01,1.271296946878526484e+02,3.442680678697697516e+01,1.456429759477940067e+01
1.492999999999999972e+01,-1.197215838905452401e+01,1.263560110854335647e+02,3.437278734151059467e+01,1.489751949386840479e+01
1.493999999999999950e+01,-1.186582358307198781e+01,1.255683713027672042e+02,3.432566962349255846e+01,1.523692073598065200e+01
1.494999999999999929e+01,-1.176125577467264449e+01,1.247673205014422706e+02,3.428560635763226117e+01,1.558238563936622256e+01
1.496000000000000085e+01,-1.165845591716045959e+01,1.239533801182792558e+02,3.425274955750375483e+01,1.593380088973978204e+01
1.497000000000000064e+01,-1.155742305940239234e+01,1.231270487388528068e+02,3.422725100656123232e+01,1.629105548657126334e+01
1.498000000000000043e+01,-1.145815456636545981e+01,1.222888029733834401e+02,3.420926273347303237e+01,1.665404066305277908e+01
1.499000000000000021e+01,-1.136064631956896065e+01,1.214390983283284271e+02,3.419893748160993141e+01,1.702264978046969901e+01
1.500000000000000000e+01,-1.126489289912963088e+01,1.205783700682523545e+02,3.419642917260227222e+01,1.739677819758125921e+01
1.500999999999999979e+01,-1.117088774896314973e+01,1.197070340636299619e+02,3.420189336395402080e+01,1.777632311548113364e+01
1.501999999999999957e+01,-1.107862332658261550e+01,1.188254876211424431e+02,3.421548770074044654e+01,1.816118339828745931e+01
1.502999999999999936e+01,-1.098809123883227201e+01,1.179341102937982555e+02,3.423737236147007224e+01,1.855125936986621582e+01
1.503999999999999915e+01,-1.089928236478564294e+01,1.170332646688722065e+02,3.426771049820693094e+01,1.894645258665672216e+01
1.505000000000000071e+01,-1.081218696693793113e+01,1.161232971321935139e+02,3.430666867106369011e+01,1.934666558653092849e+01
1.506000000000000050e+01,-1.072679479173244133e+01,1.152045386077789999e+02,3.435441727717984151e+01,1.975180161346967012e+01
1.507000000000000028e+01,-1.064309516037176984e+01,1.142773052721913274e+02,3.441113097428106471e+01,2.016176431769655153e+01
1.508000000000000007e+01,-1.056107705078449932e+01,1.133418992433236667e+02,3.447698909888994478e+01,2.057645743076040645e+01
1.508999999999999986e+01,-1.048072917154376782e+01,1.123986092435553275e+02,3.455217607922308787e+01,2.099578441491271974e+01
1.509999999999999964e+01,-1.040204002846497566e+01,1.114477112374613057e+02,3.463688184275053317e+01,2.141964808596727465e+01
1.510999999999999943e+01,-1.032499798454358420e+01,1.104894690444109386e+02,3.473130221832504105e+01,2.184795020868665105e+01
1.511999999999999922e+01,-1.024959131384070510e+01,1.095241349265338471e+02,3.483563933271574342e+01,2.228059106357481767e+01
1.513000000000000078e+01,-1.017580824986259280e+01,1.085519501526403587e+02,3.495010200126687039e+01,2.271746898381198676e+01
1.514000000000000057e+01,-1.010363702893937443e+01,1.075731455387681450e+02,3.507490611230431909e+01,2.315847986089491073e+01
1.515000000000000036e+01,-1.003306592905394368e+01,1.065879419660835481e+02,3.521027500476363059e+01,2.360351661740534368e+01
1.516000000000000014e+01,-9.964083304539242292e+00,1.055965508769133976e+02,3.535643983837832138e+01,2.405246864515409300e+01
1.516999999999999993e+01,-9.896677617016708339e+00,1.045991747497161128e+02,3.551363995557969133e+01,2.450522120680137661e+01
1.517999999999999972e+01,-9.830837462918962544e+00,1.035960075538131662e+02,3.568212323407696118e+01,2.496165479888837169e+01
1.518999999999999950e+01,-9.766551597906197202e+00,1.025872351847165191e+02,3.586214642886259441e+01,2.542164447405879102e+01
1.519999999999999929e+01,-9.703808958457056377e+00,1.015730358808833387e+02,3.605397550214588165e+01,2.588505912009448551e+01
1.521000000000000085e+01,-9.642598680888601947e+00,1.005535806227175613e+02,3.625788593944727722e+01,2.635176069323889436e+01
1.522000000000000064e+01,-9.582910118035668390e+00,9.952903351464334492e+01,3.647416304977770096e+01,2.682160340312931979e+01
1.523000000000000043e+01,-9.524732853799683596e+00,9.849955215103793194e+01,3.670310224750121364e+01,2.729443284652256096e+01
1.524000000000000021e+01,-9.468056715752565466e+00,9.746528796680418338e+01,3.694500931309377023e+01,2.777008508687276134e+01
1.525000000000000000e+01,-9.412871785970843064e+00,9.642638657333807828e+01,3.720020062961778962e+01,2.824838567668520994e+01
1.525999999999999979e+01,-9.359168410249436576e+00,9.538298808062266687e+01,3.746900339125834023e+01,2.872914861948651932e+01
1.526999999999999957e+01,-9.306937205837268579e+00,9.433522740614729685e+01,3.775175577978833985e+01,2.921217526815104293e+01
1.527999999999999936e+01,-9.256169067818415641e+00,9.328323457134202101e+01,3.804880710426473200e+01,2.969725315626862283e+01
1.528999999999999915e+01,-9.206855174251703744e+00,9.222713498616364802e+01,3.836051789867162398e+01,3.018415475921125335e+01
1.530000000000000071e+01,-9.158986990170003395e+00,9.116704972246796501e+01,3.868725997155930685e+01,3.067263618155349647e+01
1.531000000000000050e+01,-9.112556270530063784e+00,9.010309577675174353e+01,3.902941640102193332e+01,3.116243576755653422e+01
1.532000000000000028e+01,-9.067555062194434967e+00,8.903538632284430321e+01,3.938738146756903546e+01,3.165327263151671033e+01
1.533000000000000007e+01,-9.023975705017381443e+00,8.796403095507621117e+01,3.976156051661027391e+01,3.214484510495125136e+01
1.533999999999999986e+01,-8.981810832100459052e+00,8.688913592244287543e+01,4.015236974135769543e+01,3.263682909781729080e+01
1.534999999999999964e+01,-8.941053369274657214e+00,8.581080435425288044e+01,4.056023587596449431e+01,3.312887637128371665e+01
1.535999999999999943e+01,-8.901696533860288696e+00,8.472913647770594991e+01,4.098559578767764577e+01,3.362061271999856871e+01
1.536999999999999922e+01,-8.863733832749773001e+00,8.364422982785288241e+01,4.142889595564263061e+01,3.411163606231846046e+01
1.538000000000000078e+01,-8.827159059852849765e+00,8.255617945032969374e+01,4.189059182282215943e+01,3.460151443764786450e+01
1.539000000000000057e+01,-8.791966292938582228e+00,8.146507809726172411e+01,4.237114700621855690e+01,3.508978391085098281e+01
1.540000000000000036e+01,-8.758149889903775076e+00,8.037101641668613183e+01,4.287103234928243722e+01,3.557594638470833104e+01
1.541000000000000014e+01,-8.725704484495935276e+00,7.927408313584496113e+01,4.339072479901254553e+01,3.605946732257353204e+01
1.541999999999999993e+01,-8.694624981508694006e+00,7.817436523864881792e+01,4.393070608884264061e+01,3.653977338484772019e+01
1.542999999999999972e+01,-8.664906551473309904e+00,7.707194813761371677e+01,4.449146120698620877e+01,3.701624998453594628e+01
1.543999999999999950e+01,-8.636544624858688124e+00,7.596691584053894530e+01,4.507347662846256497e+01,3.748823876915626130e+01
1.544999999999999929e+01,-8.609534885792859527e+00,7.485935111217270332e+01,4.567723828762400018e+01,3.795503503855498906e+01
1.546000000000000085e+01,-8.583873265318624490e+00,7.374933563110948853e+01,4.630322926664376837e+01,3.841588511081342006e+01
1.547000000000000064e+01,-8.559555934187971005e+00,7.263695014211411660e+01,4.695192717417272377e+01,3.886998365149755585e+01
1.548000000000000043e+01,-8.536579295204283824e+00,7.152227460407453918e+01,4.762380118726281353e+01,3.931647098492351233e+01
1.549000000000000021e+01,-8.514939975114163673e+00,7.040538833376010075e+01,4.831930872874799121e+01,3.975443041004280076e+01
1.550000000000000000e+01,-8.494634816052380799e+00,6.928637014552874973e+01,4.903889175166877124e+01,4.018288554793356582e+01
1.550999999999999979e+01,-8.475660866540630778e+00,6.816529848713771855e+01,4.978297260204752916e+01,4.060079775277791470e+01
1.551999999999999957e+01,-8.458015372040042834e+00,6.704225157176112759e+01,5.055194943154587151e+01,4.100706362363496282e+01
1.552999999999999936e+01,-8.441695765054733513e+00,6.591730750634266656e+01,5.134619113227609688e+01,4.140051266026856069e+01
1.553999999999999915e+01,-8.426699654785673843e+00,6.479054441634488626e+01,5.216603176754739479e+01,4.177990511276961172e+01
1.555000000000000071e+01,-8.413024816330148425e+00,6.366204056699203306e+01,5.301176447459008756e+01,4.214393008169888333e+01
1.556000000000000050e+01,-8.400669179423923438e+00,6.253187448104687007e+01,5.388363481863259352e+01,4.249120393292048448e+01
1.557000000000000028e+01,-8.389630816719636286e+00,6.140012505317420022e+01,5.478183358213947685e+01,4.282026909914030455e+01
1.558000000000000007e+01,-8.379907931599179349e+00,6.026687166091476655e+01,5.570648897883636153e+01,4.312959334826762614e+01
1.558999999999999986e+01,-8.371498845512665099e+00,5.913219427228046499e+01,5.665765828946733507e+01,4.341756960701265200e+01
1.559999999999999964e+01,-8.364401984837995130e+00,5.799617354997481300e+01,5.763531892527394263e+01,4.368251643635782955e+01
1.560999999999999943e+01,-8.358615867258453846e+00,5.685889095221926226e+01,5.863935893615043682e+01,4.392267926348213791e+01
1.561999999999999922e+01,-8.354139087648793094e+00,5.572042883015846115e+01,5.966956699344461867e+01,4.413623248214886274e+01
1.563000000000000078e+01,-8.350970303467169842e+00,5.458087052180663790e+01,6.072562189263764765e+01,4.432128254000156886e+01
1.564000000000000057e+01,-8.349108219646804940e+00,5.344030044247145383e+01,6.180708163873600824e+01,4.447587213636492720e+01
1.565000000000000036e+01,-8.348551572982156443e+00,5.229880417159699846e+01,6.291337219717848228e+01,4.459798565743959387e+01
1.566000000000000014e+01,-8.349299116005205690e+00,5.115646853593709409e+01,6.404377601543581022e+01,4.468555597669123358e+01
1.566999999999999993e+01,-8.351349600349267988e+00,5.001338168897734704e+01,6.519742044507707135e+01,4.473647274612944358e+01
1.567999999999999972e+01,-8.354701759594355792e+00,4.886963318648804488e+01,6.637326622073403826e+01,4.474859229843388420e+01
1.568999999999999950e+01,-8.359354291594625508e+00,4.772531405810100580e+01,6.757009618065421819e+01,4.471974926970275988e+01
1.569999999999999929e+01,-8.365305840284200656e+00,4.658051687478135960e+01,6.878650444291174892e+01,4.464777003740314854e+01
1.571000000000000085e+01,-8.372554976961017914e+00,4.543533581204804506e+01,7.002088628107819090e+01,4.453048804707524511e+01
1.572000000000000064e+01,-8.381100181049953690e+00,4.428986670880140508e+01,7.127142897226900686e+01,4.436576107392339452e+01
1.573000000000000043e+01,-8.390939820344957667e+00,4.314420712158819526e+01,7.253610391786600076e+01,4.415149043111127014e+01
1.574000000000000021e+01,-8.402072130735183109e+00,4.199845637413664434e+01,7.381266036141654752e+01,4.388564209496092161e+01
1.575000000000000000e+01,-8.414495195416758833e+00,4.085271560197507767e+01,7.509862104768897950e+01,4.356626966834900117e+01
1.575999999999999979e+01,-8.428206923597715061e+00,3.970708779194442428e+01,7.639128017980218033e+01,4.319153904748533535e+01
1.576999999999999957e+01,-8.443205028702204018e+00,3.856167781639859271e+01,7.768770403589326179e+01,4.275975459466982898e+01
1.577999999999999936e+01,-8.459487006083300287e+00,3.741659246187818866e+01,7.898473460096306553e+01,4.226938655151580804e+01
1.578999999999999915e+01,-8.477050110254333859e+00,3.627194045203867745e+01,8.027899655146534030e+01,4.171909935511660450e+01
1.580000000000000071e+01,-8.495891331652838829e+00,3.512783246459746067e+01,8.156690789817093901e+01,4.110778044576044010e+01
1.581000000000000050e+01,-8.516007372949896848e+00,3.398438114206502547e+01,8.284469454542872313e+01,4.043456908179100395e+01
1.582000000000000028e+01,-8.537394624923665631e+00,3.284170109600038501e+01,8.410840896126246946e+01,3.969888460811358044e+01
1.583000000000000007e+01,-8.560049141915280657e+00,3.169990890454372590e+01,8.535395307247021890e+01,3.890045356339474125e+01
1.583999999999999986e+01,-8.583966616888726975e+00,3.055912310295397560e+01,8.657710540261805932e+01,3.803933496099455880e+01
1.584999999999999964e+01,-8.609142356120745632e+00,2.941946416688011112e+01,8.777355235993938720e+01,3.711594304420545143e+01
1.585999999999999943e+01,-8.635571253545698767e+00,2.828105448809129641e+01,8.893892345922344589e+01,3.613106680143433636e+01
1.586999999999999922e+01,-8.663247764787939786e+00,2.714401834237089517e+01,9.006883013033576901e+01,3.508588553501958529e+01
1.588000000000000078e+01,-8.692165880913549358e+00,2.600848184928469209e+01,9.115890763067754676e+01,3.398197981148197044e+01
1.589000000000000057e+01,-8.722319101939641328e+00,2.487457292354137195e+01,9.220485944514788912e+01,3.282133718298616998e+01
1.590000000000000036e+01,-8.753700410140462296e+00,2.374242121761408342e+01,9.320250343135077742e+01,3.160635216035230144e+01
1.591000000000000014e+01,-8.786302243194905159e+00,2.261215805535033141e+01,9.414781885625710345e+01,3.033982003634564606e+01
1.591999999999999993e+01,-8.820116467224901058e+00,2.148391635624316365e+01,9.503699338015726994e+01,2.902492430160193493e+01
1.592999999999999972e+01,-8.855134349774470337e+00,2.035783055006057296e+01,9.586646898048763887e+01,2.766521756043152180e+01
1.593999999999999950e+01,-8.891346532789246027e+00,1.923403648153055201e+01,9.663298577725858252e+01,2.626459603396793341e+01
1.594999999999999929e+01,-8.928743005655658038e+00,1.811267130476772635e+01,9.733362272734476051e+01,2.482726792668990257e+01
1.596000000000000085e+01,-8.967313078368238877e+00,1.699387336713989782e+01,9.796583419879675603e+01,2.335771612098736227e+01
1.597000000000000064e+01,-9.007045354894755107e+00,1.587778208228258414e+01,9.852748151885511163e+01,2.186065584454508581e+01
1.598000000000000043e+01,-9.047927706818800431e+00,1.476453779196298655e+01,9.901685870832589842e+01,2.034098811804777185e+01
1.599000000000000021e+01,-9.089947247339678071e+00,1.365428161651106187e+01,9.943271176629772867e+01,1.880374992809396417e+01
1.600000000000000000e+01,-9.133090305721914604e+00,1.254715529355322978e+01,9.977425104653714527e+01,1.725406217514856877e+01
