f_GHz,S11_dB,S11_deg,ReZin_ohm,ImZin_ohm
1.000000000000000000e+00,-3.466849537241384338e-01,-1.303983952365036032e+02,1.210634195034081539e+00,-2.309293061630562249e+01
1.010000000000000009e+00,-3.469406925530212904e-01,-1.319602375096548315e+02,1.196637869473530236e+00,-2.227157744177019438e+01
1.020000000000000018e+00,-3.486463481210732573e-01,-1.335311906720819195e+02,1.188187792886556071e+00,-2.145533933942950355e+01
1.030000000000000027e+00,-3.517242582260130535e-01,-1.351092178557832995e+02,1.184854914560045547e+00,-2.064495981080563070e+01
1.040000000000000036e+00,-3.559989148647715318e-01,-1.366926235007015578e+02,1.185906412351833472e+00,-1.984096972561180294e+01
1.050000000000000044e+00,-3.612174589859936669e-01,-1.382802348000932966e+02,1.190388475321014772e+00,-1.904360934000114014e+01
1.060000000000000053e+00,-3.670774855301548456e-01,-1.398715344761026245e+02,1.197226608387280677e+00,-1.825277843053695648e+01
1.070000000000000062e+00,-3.732596779028232170e-01,-1.414667324804997861e+02,1.205334728601628047e+00,-1.746801802679423332e+01
1.080000000000000071e+00,-3.794622985893064127e-01,-1.430667693938075615e+02,1.213723676605836355e+00,-1.668852476993108169e+01
1.090000000000000080e+00,-3.854343073172898926e-01,-1.446732504650564124e+02,1.221599734432529782e+00,-1.591319627432684136e+01
1.100000000000000089e+00,-3.910039224222508492e-01,-1.462883159163016273e+02,1.228444459454644644e+00,-1.514070316589612375e+01
1.110000000000000098e+00,-3.960998209530991465e-01,-1.479144596310437976e+02,1.234068706849385189e+00,-1.436958096435044396e+01
1.120000000000000107e+00,-4.007628787000230286e-01,-1.495543138222608093e+02,1.238636092750902584e+00,-1.359833299542348506e+01
1.129999999999999893e+00,-4.051473166462576381e-01,-1.512104209340048442e+02,1.242654155189600429e+00,-1.282553439229334380e+01
1.139999999999999902e+00,-4.095112280348219835e-01,-1.528850152926524402e+02,1.246934748769532364e+00,-1.204992720757260827e+01
1.149999999999999911e+00,-4.141975625394465066e-01,-1.545798356871112560e+02,1.252528315279184845e+00,-1.127049776655765534e+01
1.159999999999999920e+00,-4.196075936055015387e-01,-1.562959863529560494e+02,1.260639166863542826e+00,-1.048652949742786511e+01
1.169999999999999929e+00,-4.261695760961854429e-01,-1.580338583715373204e+02,1.272530475659013893e+00,-9.697627242832160377e+00
1.179999999999999938e+00,-4.343056510570559858e-01,-1.597931171026003483e+02,1.289428145232096368e+00,-8.903712060206668610e+00
1.189999999999999947e+00,-4.444000683441187705e-01,-1.615727548071809849e+02,1.312432208122030985e+00,-8.104988334352734469e+00
1.199999999999999956e+00,-4.567715202789320861e-01,-1.633712018025562713e+02,1.342443072748869426e+00,-7.301887335879614582e+00
1.209999999999999964e+00,-4.716518832102723491e-01,-1.651864847950138540e+02,1.380108133009174676e+00,-6.494992995968241978e+00
1.219999999999999973e+00,-4.891730281687270421e-01,-1.670164176739581308e+02,1.425792247863328921e+00,-5.684956615479920039e+00
1.229999999999999982e+00,-5.093626554263390727e-01,-1.688588080376457583e+02,1.479573615971573997e+00,-4.872407576038538579e+00
1.239999999999999991e+00,-5.321493809401286468e-01,-1.707116619663106007e+02,1.541264732485288391e+00,-4.057867006859606995e+00
1.250000000000000000e+00,-5.573765885996452285e-01,-1.725733699570760109e+02,1.610456455510961060e+00,-3.241670901290003570e+00
1.260000000000000009e+00,-5.848238854588676539e-01,-1.744428584219338347e+02,1.686581716717966861e+00,-2.423908434580320126e+00
1.270000000000000018e+00,-6.142343842373058083e-01,-1.763196937063498524e+02,1.768994076448168418e+00,-1.604380213264423594e+00
1.280000000000000027e+00,-6.453455251250719282e-01,-1.782041291960458409e+02,1.857055185882584780e+00,-7.825798563166185273e-01
1.290000000000000036e+00,-6.779207864377947423e-01,1.799029093429138015e+02,1.950224376313626440e+00,4.229935098967720075e-02
1.300000000000000044e+00,-7.117794762496365557e-01,1.779998997318208751e+02,2.048143194423794000e+00,8.713329401860987478e-01
1.310000000000000053e+00,-7.468218928391647804e-01,1.760848545652133339e+02,2.150707893103876778e+00,1.705811204464219744e+00
1.320000000000000062e+00,-7.830475144023661960e-01,1.741554961685185390e+02,2.258123766899229778e+00,2.547166992992705215e+00
1.330000000000000071e+00,-8.205645128741025918e-01,1.722094594757106449e+02,2.370936781377667391e+00,3.396891481348360831e+00
1.340000000000000080e+00,-8.595897225493931426e-01,1.702445041496816032e+02,2.490040047212094709e+00,4.256445195491671107e+00
1.350000000000000089e+00,-9.004391320911137031e-01,1.682587164519767100e+02,2.616655076120609102e+00,5.127171943383473263e+00
1.360000000000000098e+00,-9.435098878321467319e-01,1.662506826814300496e+02,2.752290106095809818e+00,6.010222856875580000e+00
1.370000000000000107e+00,-9.892555800204438921e-01,1.642196192173485940e+02,2.898679787289539789e+00,6.906496561564388514e+00
1.379999999999999893e+00,-1.038157142405956357e+00,1.621654488071062588e+02,3.057711950140632240e+00,7.816599790394088920e+00
1.389999999999999902e+00,-1.090691983240094753e+00,1.600888180525685698e+02,3.231347934831236834e+00,8.740830815695824541e+00
1.399999999999999911e+00,-1.147303982890745200e+00,1.579910563889358173e+02,3.421543080474199083e+00,9.679186160202801759e+00
1.409999999999999920e+00,-1.208376778348123404e+00,1.558740816532367148e+02,3.630173588434462584e+00,1.063138935408015051e+01
1.419999999999999929e+00,-1.274212367996889972e+00,1.537402612502686452e+02,3.858975264991042486e+00,1.159693912219218781e+01
1.429999999999999938e+00,-1.345016574953099786e+00,1.515922407948384034e+02,4.109498775020829164e+00,1.257517330435886649e+01
1.439999999999999947e+00,-1.420892357500327607e+00,1.494327539570035412e+02,4.383085098743059405e+00,1.356534395643449997e+01
1.449999999999999956e+00,-1.501841386997661010e+00,1.472644281615687589e+02,4.680863894679696102e+00,1.456669836153787045e+01
1.459999999999999964e+00,-1.587773746937749308e+00,1.450896008979804321e+02,5.003776380363357035e+00,1.557856004344419354e+01
1.469999999999999973e+00,-1.678525051825247694e+00,1.429101607334128232e+02,5.352623060007038802e+00,1.660040333354259801e+01
1.479999999999999982e+00,-1.773879751559652496e+00,1.407274256722514849e+02,5.728135083299100039e+00,1.763191469619289009e+01
1.489999999999999991e+00,-1.873598895687207833e+00,1.385420692068236121e+02,6.131066206118211070e+00,1.867303402533964274e+01
1.500000000000000000e+00,-1.977450216510416636e+00,1.363541012086517981e+02,6.562300338108062903e+00,1.972396966609051461e+01
1.510000000000000009e+00,-2.085238098572066878e+00,1.341629067568936478e+02,7.022967706519354536e+00,2.078518212260152609e+01
1.520000000000000018e+00,-2.196830888115400171e+00,1.319673412847278939e+02,7.514561019252590235e+00,2.185733331766084575e+01
1.530000000000000027e+00,-2.312183105473616163e+00,1.297658754218045090e+02,8.039041963664182333e+00,2.294120075837189532e+01
1.540000000000000036e+00,-2.431350478125753778e+00,1.275567781547202770e+02,8.598928155705648280e+00,2.403755878793201006e+01
1.550000000000000044e+00,-2.554496298564089329e+00,1.253383230231687833e+02,9.197351345916993992e+00,2.514703193056366359e+01
1.560000000000000053e+00,-2.681888375104801270e+00,1.231089995692407228e+02,9.838079219697597466e+00,2.626992782709147178e+01
1.570000000000000062e+00,-2.813886697707267182e+00,1.208677115308033194e+02,1.052549528341866036e+01,2.740605916095033123e+01
1.580000000000000071e+00,-2.950922780146806979e+00,1.186139444117675055e+02,1.126453382228964450e+01,2.855456518513192776e+01
1.590000000000000080e+00,-3.093472364823857124e+00,1.163478878707957733e+02,1.206056949873179995e+01,2.971374403179712331e+01
1.600000000000000089e+00,-3.242023712651921130e+00,1.140705024043233635e+02,1.291926369854541257e+01,3.088090707146013258e+01
1.610000000000000098e+00,-3.397044011199191083e+00,1.117835244944463966e+02,1.384637225398271276e+01,3.205226634161503085e+01
1.620000000000000107e+00,-3.558946522106579913e+00,1.094894091940563214e+02,1.484752183909959911e+01,3.322286552380941060e+01
1.629999999999999893e+00,-3.728060986385300701e+00,1.071912136029441029e+02,1.592796533991045571e+01,3.438656394587030007e+01
1.639999999999999902e+00,-3.904609560465368112e+00,1.048924286075771874e+02,1.709232992904685844e+01,3.553608122236483524e+01
1.649999999999999911e+00,-4.088690211200328939e+00,1.025967695534688886e+02,1.834437521216250033e+01,3.666310685779231449e+01
1.659999999999999920e+00,-4.280269083152939302e+00,1.003079392538025587e+02,1.968678202511112829e+01,3.775847387437573133e+01
1.669999999999999929e+00,-4.479182873642792551e+00,9.802937900104953428e+01,2.112099414735440206e+01,3.881238803187528674e+01
1.679999999999999938e+00,-4.685151698773152518e+00,9.576402505973700841e+01,2.264713392768760158e+01,3.981469483673173926e+01
1.689999999999999947e+00,-4.897802287568847390e+00,9.351408935288742441e+01,2.426400717836162002e+01,4.075515652696556401e+01
1.699999999999999956e+00,-5.116700590554307482e+00,9.128088341297480213e+01,2.596920182142446265e+01,4.162370274390021763e+01
1.709999999999999964e+00,-5.341392049430431221e+00,8.906470371495333893e+01,2.775926896060502358e+01,4.241061450258064980e+01
1.719999999999999973e+00,-5.571446903167331044e+00,8.686479378006352192e+01,2.962995619094839483e+01,4.310660418921104053e+01
1.729999999999999982e+00,-5.806507106086958636e+00,8.467939360869392829e+01,3.157644454165730252e+01,4.370276655008350986e+01
1.739999999999999991e+00,-6.046330844206334376e+00,8.250588006597709523e+01,3.359352701167301092e+01,4.419039706016258151e+01
1.750000000000000000e+00,-6.290830404176587010e+00,8.034099326846589406e+01,3.567566271731557492e+01,4.456070241680354371e+01
1.760000000000000009e+00,-6.540099389629553173e+00,7.818113476355027558e+01,3.781684950530085843e+01,4.480445881019065979e+01
1.770000000000000018e+00,-6.794426034747180765e+00,7.602271468055204195e+01,4.001028062926903317e+01,4.491170138616558205e+01
1.780000000000000027e+00,-7.054290576977968463e+00,7.386251847165131323e+01,4.224778645066735550e+01,4.487154703689819968e+01
1.790000000000000036e+00,-7.320346164226483765e+00,7.169806048100652163e+01,4.451910665213969764e+01,4.467225710469912769e+01
1.800000000000000044e+00,-7.593384365262306090e+00,6.952789191572551886e+01,4.681108694024951689e+01,4.430163264779914556e+01
1.810000000000000053e+00,-7.874287794689333708e+00,6.735183463351216915e+01,4.910693978956278016e+01,4.374779978402226277e+01
1.820000000000000062e+00,-8.163973474909676398e+00,6.517111863885332923e+01,5.138574254769987704e+01,4.300038538396660925e+01
1.830000000000000071e+00,-8.463331249010277446e+00,6.298840904726218781e+01,5.362235709190746036e+01,4.205200660159617598e+01
1.840000000000000080e+00,-8.773161845939876358e+00,6.080771629845658310e+01,5.578793111918394487e+01,4.089991000742579530e+01
1.850000000000000089e+00,-9.094119180012556924e+00,5.863419069426330310e+01,5.785107272434679970e+01,3.954751428781656131e+01
1.860000000000000098e+00,-9.426661274489658737e+00,5.647380858951454741e+01,5.977967682489821044e+01,3.800555922732567637e+01
1.870000000000000107e+00,-9.771013950745517818e+00,5.433296304156975509e+01,6.154323934324493450e+01,3.629256978858986571e+01
1.879999999999999893e+00,-1.012715117344905380e+01,5.221797711685136534e+01,6.311535564699111944e+01,3.443442546935881410e+01
1.889999999999999902e+00,-1.049479564742045667e+01,5.013456417666284892e+01,6.447600750540389924e+01,3.246297822413870193e+01
1.899999999999999911e+00,-1.087344278237037187e+01,4.808726687685332735e+01,6.561323692247655970e+01,3.041385546897420156e+01
1.909999999999999920e+00,-1.126241026055293659e+01,4.607891520657175022e+01,6.652390094420145772e+01,2.832376456373982876e+01
1.919999999999999929e+00,-1.166091392600941568e+01,4.411015253721254936e+01,6.721337884953071296e+01,2.622772583816772141e+01
1.929999999999999938e+00,-1.206816840855908879e+01,4.217908507398107076e+01,6.769431150614011017e+01,2.415666836906444814e+01
1.939999999999999947e+00,-1.248350784500332367e+01,4.028111110486208446e+01,6.798463154667570052e+01,2.213572837302948670e+01
1.949999999999999956e+00,-1.290651860991355449e+01,3.840897869486977356e+01,6.810524670228028299e+01,2.018342984487449598e+01
1.959999999999999964e+00,-1.333717279512636722e+01,3.655310180249276186e+01,6.807775197434902736e+01,1.831175209795808456e+01
1.969999999999999973e+00,-1.377594917977181765e+01,3.470213563491836339e+01,6.792248434036358162e+01,1.652694403050514182e+01
1.979999999999999982e+00,-1.422392847123806092e+01,3.284377638598800075e+01,6.765712849863672318e+01,1.483085477675187214e+01
1.989999999999999991e+00,-1.468285214391501015e+01,3.096571549716625782e+01,6.729596683510733612e+01,1.322251737046445896e+01
2.000000000000000000e+00,-1.515513905901721614e+01,2.905665270758387564e+01,6.684976444546617813e+01,1.169973412683856395e+01
2.009999999999999787e+00,-1.564386030246968318e+01,2.710726217986928077e+01,6.632620109644990691e+01,1.026045329284019125e+01
2.020000000000000018e+00,-1.615267896747870324e+01,2.511101426133660652e+01,6.573070773379275522e+01,8.903782760903977689e+00
2.029999999999999805e+00,-1.668576660989251081e+01,2.306477884668285583e+01,6.506753329482508263e+01,7.630550239682315272e+00
2.040000000000000036e+00,-1.724771101446853550e+01,2.096916740083536368e+01,6.434085662305388098e+01,6.443385797947937199e+00
2.049999999999999822e+00,-1.784343071231532818e+01,1.882860042545754808e+01,6.355576851168881802e+01,5.346368024528810103e+00
2.060000000000000053e+00,-1.847811112489675978e+01,1.665110774248191206e+01,6.271898075124921235e+01,4.344332963107807366e+00
2.069999999999999840e+00,-1.915717654180288676e+01,1.444787571447536934e+01,6.183917017024933216e+01,3.441987210072423142e+00
2.080000000000000071e+00,-1.988631290259828788e+01,1.223254691969434127e+01,6.092692893799772946e+01,2.642985272522192730e+00
2.089999999999999858e+00,-2.067156026179454642e+01,1.002025434120472980e+01,5.999435651038250228e+01,1.949122609950120877e+00
2.100000000000000089e+00,-2.151950295582185291e+01,7.826334286443825228e+00,5.905438103631160374e+01,1.359762279714892497e+00
2.109999999999999876e+00,-2.243760290261549528e+01,5.664607736541133143e+00,5.811992927298579303e+01,8.715635459347892411e-01
2.120000000000000107e+00,-2.343475237290147106e+01,3.545038916235018434e+00,5.720307063275323856e+01,4.785273099618754800e-01
2.129999999999999893e+00,-2.452217698563673665e+01,1.470444802057597755e+00,5.631424610317347401e+01,1.723271232371169637e-01
2.140000000000000124e+00,-2.571491838528833895e+01,-5.683336416280884151e-01,5.546166428171626706e+01,-5.713695072661396229e-02
2.149999999999999911e+00,-2.703431567859210460e+01,-2.599976134246237969e+00,5.465091376341214868e+01,-2.210394919933340863e-01
2.160000000000000142e+00,-2.851229843515871920e+01,-4.685592118120980309e+00,5.388481093625388496e+01,-3.308653223394762422e-01
2.169999999999999929e+00,-3.019920059560975290e+01,-6.943702314956643029e+00,5.316347872947127939e+01,-3.976520540825074779e-01
2.180000000000000160e+00,-3.217906739864933030e+01,-9.606578151531161680e+00,5.248463537205638829e+01,-4.313017333842186773e-01
2.189999999999999947e+00,-3.460280707307721570e+01,-1.317291753529410414e+01,5.184406074988086033e+01,-4.400131790021433176e-01
2.200000000000000178e+00,-3.776926816810036058e+01,-1.893135760054178363e+01,5.123619879277966049e+01,-4.298767833478277511e-01
2.209999999999999964e+00,-4.232932980807550649e+01,-3.148373949804789973e+01,5.065484558388629921e+01,-4.046632924901087391e-01
2.220000000000000195e+00,-4.846583279980884384e+01,-7.539993303459901597e+01,5.009386443610175377e+01,-3.658253521533653685e-01
2.229999999999999982e+00,-4.515747942565955242e+01,-1.451509347186748471e+02,4.954786282589987678e+01,-3.127137736902591558e-01
2.240000000000000213e+00,-3.977000071427732308e+01,-1.660319506549229516e+02,4.901276485728100596e+01,-2.429895737826083812e-01
2.250000000000000000e+00,-3.622201420686368323e+01,-1.741323846221150120e+02,4.848621980253836483e+01,-1.531901692173045226e-01
2.259999999999999787e+00,-3.366072331925040118e+01,-1.788666012238047358e+02,4.796780357726886734e+01,-3.938786399115532660e-02
2.270000000000000018e+00,-3.166932021325675350e+01,1.776382242399067763e+02,4.745899443703864762e+01,1.021342376049142325e-01
2.279999999999999805e+00,-3.004778736906935066e+01,1.746777710281347424e+02,4.696293271403276748e+01,2.742658738577272159e-01
2.290000000000000036e+00,-2.868851254327326572e+01,1.719646256214593620e+02,4.648400144419821345e+01,4.785800386101073389e-01
2.299999999999999822e+00,-2.752793246880186118e+01,1.693704001642643675e+02,4.602728493306990742e+01,7.150178728332187150e-01
2.310000000000000053e+00,-2.652555454272373225e+01,1.668388642995035696e+02,4.559797235313608610e+01,9.817710297465137570e-01
2.319999999999999840e+00,-2.565381254964984237e+01,1.643504967969744541e+02,4.520077294757579978e+01,1.275359868322751833e+00
2.330000000000000071e+00,-2.489272004732755050e+01,1.619057406848193921e+02,4.483940055169637162e+01,1.590885551383268925e+00
2.339999999999999858e+00,-2.422685580866142274e+01,1.595160742784473200e+02,4.451617158558516252e+01,1.922420377624098897e+00
2.350000000000000089e+00,-2.364357236365640347e+01,1.571986866481227310e+02,4.423174602116763765e+01,2.263493353695827714e+00
2.359999999999999876e+00,-2.313189116557042624e+01,1.549729166999709378e+02,4.398502748102864501e+01,2.607625407332959000e+00
2.370000000000000107e+00,-2.268181260436726987e+01,1.528575736744487301e+02,4.377322730240032911e+01,2.948868557024761028e+00
2.379999999999999893e+00,-2.228390118559300603e+01,1.508687038320953491e+02,4.359208737089335983e+01,3.282304159129654675e+00
2.390000000000000124e+00,-2.192907537936660489e+01,1.490176190853757134e+02,4.343624637263561539e+01,3.604456668297293831e+00
2.399999999999999911e+00,-2.160856689669718378e+01,1.473091767580124838e+02,4.329972267803804442e+01,3.913582156575996951e+00
2.410000000000000142e+00,-2.131402757333566456e+01,1.457404343763852808e+02,4.317647433729261053e+01,4.209797030990328537e+00
2.419999999999999929e+00,-2.103775916598124596e+01,1.442998974969885921e+02,4.306098421481009808e+01,4.495023842767634115e+00
2.430000000000000160e+00,-2.077302675988076430e+01,1.429676074298436674e+02,4.294880911371468102e+01,4.772748544187699338e+00
2.439999999999999947e+00,-2.051439706610013758e+01,1.417162510666602486e+02,4.283702937330872373e+01,5.047605772411976943e+00
2.450000000000000178e+00,-2.025802859398242362e+01,1.405133099243567187e+02,4.272454255332727513e+01,5.324832281139939560e+00
2.459999999999999964e+00,-2.000184172443331931e+01,1.393240357918954828e+02,4.261216195547156360e+01,5.609648611545234864e+00
2.470000000000000195e+00,-1.974551824345006068e+01,1.381148243905256265e+02,4.250250552903807488e+01,5.906640698750131868e+00
2.479999999999999982e+00,-1.949031773941113954e+01,1.368564452399595552e+02,4.239968840955444307e+01,6.219213386687515666e+00
2.490000000000000213e+00,-1.923873967529144835e+01,1.355266263621792575e+02,4.230885726696301674e+01,6.549176784322918721e+00
2.500000000000000000e+00,-1.899409009640599422e+01,1.341116683186851901e+02,4.223562208402461238e+01,6.896507008213853318e+00
2.509999999999999787e+00,-1.876002186476106814e+01,1.326069975872276530e+02,4.218544867064549919e+01,7.259299873703648487e+00
2.520000000000000018e+00,-1.854010771179358841e+01,1.310167759668402425e+02,4.216307371553222794e+01,7.633914303155452608e+00
2.529999999999999805e+00,-1.833748433562065117e+01,1.293528034329207799e+02,4.217199618981639020e+01,8.015284887613043807e+00
2.540000000000000036e+00,-1.815458314156563446e+01,1.276329772231589743e+02,4.221408790458075089e+01,8.397371202461583195e+00
2.549999999999999822e+00,-1.799294617942438990e+01,1.258795261607903910e+02,4.228935477666038878e+01,8.773704170622901088e+00
2.560000000000000053e+00,-1.785311716887854416e+01,1.241171650877445529e+02,4.239587008943703950e+01,9.137984969408286418e+00
2.569999999999999840e+00,-1.773459655736022356e+01,1.223712432443460898e+02,4.252989122165248403e+01,9.484687834342564017e+00
2.580000000000000071e+00,-1.763585386755313777e+01,1.206659136664295886e+02,4.268616024119919672e+01,9.809613977865325296e+00
2.589999999999999858e+00,-1.755439720066338793e+01,1.190223378741950313e+02,4.285837456961141356e+01,1.011034081431779263e+01
2.600000000000000089e+00,-1.748690573589127695e+01,1.174569625421081582e+02,4.303979586338608243e+01,1.038651144825929507e+01
2.609999999999999876e+00,-1.742943360606491865e+01,1.159799565877416683e+02,4.322394468228454656e+01,1.063991727631098527e+01
2.620000000000000107e+00,-1.737769013449053190e+01,1.145939639632792506e+02,4.340530919370850427e+01,1.087434404534787546e+01
2.629999999999999893e+00,-1.732739056603197625e+01,1.132933850038758976e+02,4.357998355169798543e+01,1.109517879622319114e+01
2.640000000000000124e+00,-1.727465381344843109e+01,1.120644149119309532e+02,4.374615104540637134e+01,1.130880834506630883e+01
2.649999999999999911e+00,-1.721640349430064632e+01,1.108860109981184934e+02,4.390434161746134833e+01,1.152187276126957372e+01
2.660000000000000142e+00,-1.715071314071795427e+01,1.097318193736743552e+02,4.405742177104268364e+01,1.174046191844185572e+01
2.669999999999999929e+00,-1.707703429851435573e+01,1.085728921979436592e+02,4.421031174936324959e+01,1.196935339627870754e+01
2.680000000000000160e+00,-1.699626206200306200e+01,1.073808313428050525e+02,4.436946205300785806e+01,1.221138353579550362e+01
2.689999999999999947e+00,-1.691062367022538027e+01,1.061308797614003936e+02,4.454215095995358809e+01,1.246702283930598831e+01
2.700000000000000178e+00,-1.682341187436166763e+01,1.048044972195238103e+02,4.473568182583785102e+01,1.273419832408921337e+01
2.709999999999999964e+00,-1.673861300422494480e+01,1.033910952823552094e+02,4.495656301476677896e+01,1.300837608223713815e+01
2.720000000000000195e+00,-1.666049122302732144e+01,1.018888083441630101e+02,4.520974759370167817e+01,1.328289267406050023e+01
2.729999999999999982e+00,-1.659318455135159098e+01,1.003043661543535592e+02,4.549799947868116590e+01,1.354950622451033659e+01
2.740000000000000213e+00,-1.654035093692575842e+01,9.865225286046438669e+01,4.582144199999895307e+01,1.379912586972618804e+01
2.750000000000000000e+00,-1.650488256134742571e+01,9.695337184957334387e+01,4.617733581684611011e+01,1.402266800497080368e+01
2.759999999999999787e+00,-1.648869069215164984e+01,9.523340216397525637e+01,4.656012448049269636e+01,1.421197599353411967e+01
2.770000000000000018e+00,-1.649255518726018366e+01,9.352096413566091826e+01,4.696177374889345657e+01,1.436072501127456391e+01
2.779999999999999805e+00,-1.651603253575466113e+01,9.184564189970720349e+01,4.737241007599747178e+01,1.446521751498125496e+01
2.790000000000000036e+00,-1.655742241020109162e+01,9.023586371086915392e+01,4.778123125993690223e+01,1.452496339028395766e+01
2.799999999999999822e+00,-1.661380243158493286e+01,8.871663462473414086e+01,4.817761913893466641e+01,1.454294072833052276e+01
2.810000000000000053e+00,-1.668115073394257308e+01,8.730716063516391046e+01,4.855233767130974343e+01,1.452545638254314042e+01
2.819999999999999840e+00,-1.675458145755898443e+01,8.601850076437526127e+01,4.889866236024592894e+01,1.448157305430511954e+01
2.830000000000000071e+00,-1.682871405725570568e+01,8.485151985394975327e+01,4.921327307881707469e+01,1.442213629889864102e+01
2.839999999999999858e+00,-1.689817836071051715e+01,8.379554973832514975e+01,4.949676184788414446e+01,1.435850631962636115e+01
2.850000000000000089e+00,-1.695822262735464392e+01,8.282823102307479246e+01,4.975366003551366845e+01,1.430115669566386316e+01
2.859999999999999876e+00,-1.700534854727881395e+01,8.191692303118090024e+01,4.999196414666147348e+01,1.425832879305473533e+01
2.870000000000000107e+00,-1.703786189636360859e+01,8.102179431456674763e+01,5.022221637700029362e+01,1.423491978260508972e+01
2.879999999999999893e+00,-1.705622116206426142e+01,8.010029060728115269e+01,5.045625595537750030e+01,1.423173983328900505e+01
2.890000000000000124e+00,-1.706310099881483566e+01,7.911227405501672649e+01,5.070578840555243261e+01,1.424521569518277886e+01
2.899999999999999911e+00,-1.706315485005897870e+01,7.802492417353172982e+01,5.098092229421931165e+01,1.426756144022460404e+01
2.910000000000000142e+00,-1.706253420006246557e+01,7.681659170985575713e+01,5.128880678567230689e+01,1.428739531622355585e+01
2.919999999999999929e+00,-1.706826970864576509e+01,7.547914964088742806e+01,5.163248254888318911e+01,1.429075763810938504e+01
2.930000000000000160e+00,-1.708762581462784169e+01,7.401881899663852948e+01,5.201004489621171700e+01,1.426247201352089000e+01
2.939999999999999947e+00,-1.712751080321355346e+01,7.245578117192341949e+01,5.241421552124543126e+01,1.418777873653086630e+01
2.950000000000000178e+00,-1.719397797232609193e+01,7.082302844536427244e+01,5.283242206882711400e+01,1.405414242574801342e+01
2.959999999999999964e+00,-1.729180978656987477e+01,6.916485678652040292e+01,5.324747836428623771e+01,1.385308950375070403e+01
2.970000000000000195e+00,-1.742414717554133219e+01,6.753523093615429218e+01,5.363892338877973742e+01,1.358187013059739812e+01
2.979999999999999982e+00,-1.759211382299420734e+01,6.599601337419368008e+01,5.398499875349148880e+01,1.324468359123946293e+01
2.990000000000000213e+00,-1.779439074413940247e+01,6.461478271158050291e+01,5.426512184864007793e+01,1.285318774660706254e+01
3.000000000000000000e+00,-1.802672245124211514e+01,6.346169230863686295e+01,5.446256805175619320e+01,1.242606471096379117e+01
3.009999999999999787e+00,-1.828139095450680074e+01,6.260457598448495276e+01,5.456695709025903795e+01,1.198755171046040324e+01
3.020000000000000018e+00,-1.854678938056097337e+01,6.210141735026481769e+01,5.457610127140081602e+01,1.156504876158416906e+01
3.029999999999999805e+00,-1.880736418579387248e+01,6.198963622039711652e+01,5.449685340676051482e+01,1.118612634756533630e+01
3.040000000000000036e+00,-1.904433230946938593e+01,6.227281742553893196e+01,5.434478197654612330e+01,1.087540164907063200e+01
3.049999999999999822e+00,-1.923759346496234457e+01,6.290775428093965616e+01,5.414274312185951032e+01,1.065177413210829016e+01
3.060000000000000053e+00,-1.936895760570281766e+01,6.379734191546682354e+01,5.391863061587321226e+01,1.052640252483166527e+01
3.069999999999999840e+00,-1.942611060262903422e+01,6.479574490962545497e+01,5.370269774159105935e+01,1.050161145025735721e+01
3.080000000000000071e+00,-1.940596432593155640e+01,6.572872788035445524e+01,5.352483616121266863e+01,1.057071240149012858e+01
3.089999999999999858e+00,-1.931588971560734791e+01,6.642440278256967190e+01,5.341209309260786142e+01,1.071857768087333795e+01
3.100000000000000089e+00,-1.917223144196001527e+01,6.674320715314809149e+01,5.338656506471448893e+01,1.092275065083138585e+01
3.109999999999999876e+00,-1.899688232252301034e+01,6.659648725315598483e+01,5.346368076988909479e+01,1.115490614584863671e+01
3.120000000000000107e+00,-1.881346269697250051e+01,6.595009418809486590e+01,5.365081543850525492e+01,1.138256039043350931e+01
3.129999999999999893e+00,-1.864437496320247334e+01,6.481671586397526141e+01,5.394617997002939802e+01,1.157103010758716444e+01
3.140000000000000124e+00,-1.850919889831540743e+01,6.324354311351749658e+01,5.433799589099911742e+01,1.168571684952017975e+01
3.149999999999999911e+00,-1.842424016540415010e+01,6.130060381100043543e+01,5.480408356723486918e+01,1.169481095225552103e+01
3.160000000000000142e+00,-1.840279151567174765e+01,5.907245134441720325e+01,5.531212258838868223e+01,1.157244234866138832e+01
3.169999999999999929e+00,-1.845569691323294492e+01,5.665385480985266042e+01,5.582093797872166618e+01,1.130213859471049176e+01
3.180000000000000160e+00,-1.859193190403240337e+01,5.414919557216086332e+01,5.628315485127933471e+01,1.088019961808934610e+01
3.189999999999999947e+00,-1.881901057109148567e+01,5.167512778657383876e+01,5.664937988104954769e+01,1.031833054038049369e+01
3.200000000000000178e+00,-1.914305359386191085e+01,4.936628428759134124e+01,5.687368755667608156e+01,9.644712552457011867e+00
3.209999999999999964e+00,-1.956828250817832426e+01,4.738405575901677480e+01,5.691968687837329099e+01,8.902784179622532434e+00
3.220000000000000195e+00,-2.009551269132862217e+01,4.592832850032463909e+01,5.676601084003670650e+01,8.147435682022667436e+00
3.229999999999999982e+00,-2.071886007183716316e+01,4.525063130752683804e+01,5.640995028547065004e+01,7.439012508114025479e+00
3.240000000000000213e+00,-2.141938893615467165e+01,4.566217746987330628e+01,5.586829718038805481e+01,6.836222002257716035e+00
3.250000000000000000e+00,-2.215433134640917245e+01,4.751731728871942551e+01,5.517519538632705434e+01,6.389414558289738366e+00
3.259999999999999787e+00,-2.284297292143460112e+01,5.112870425773538585e+01,5.437762058786019281e+01,6.135570895814848491e+00
3.270000000000000018e+00,-2.336005411921513897e+01,5.655786187453603020e+01,5.352966974023119917e+01,6.095740994347454311e+00
3.279999999999999805e+00,-2.356315144622172042e+01,6.332247520255567963e+01,5.268693544680856178e+01,6.274934248095058287e+00
3.290000000000000036e+00,-2.336755423217839578e+01,7.032930567057279347e+01,5.190192159997849330e+01,6.663870423380565455e+00
3.299999999999999822e+00,-2.280899461295474495e+01,7.633785888942070130e+01,5.122094231028188460e+01,7.241739812129559972e+00
3.310000000000000053e+00,-2.201545302193786569e+01,8.058005052128031309e+01,5.068246841582097062e+01,7.979175160831712077e+00
3.319999999999999840e+00,-2.112557959885835146e+01,8.291274428377258232e+01,5.031657905651451301e+01,8.840880317775638986e+00
3.330000000000000071e+00,-2.023935441071070329e+01,8.356883820247901440e+01,5.014505997903515322e+01,9.787651158128076290e+00
3.339999999999999858e+00,-1.941393133493323830e+01,8.289367826990115873e+01,5.018171618822417912e+01,1.077777210836939048e+01
3.350000000000000089e+00,-1.867683624717085777e+01,8.121183021144899783e+01,5.043256982983873371e+01,1.176794368545152203e+01
3.359999999999999876e+00,-1.803872993360878851e+01,7.878790363860896662e+01,5.089574786462942768e+01,1.271399775855902448e+01
3.370000000000000107e+00,-1.750164314497020968e+01,7.582731342592070689e+01,5.156100696319931131e+01,1.357170413478488058e+01
3.379999999999999893e+00,-1.706354692589738420e+01,7.248829598645578187e+01,5.240899210289822463e+01,1.429797367594749069e+01
3.390000000000000124e+00,-1.672070442638915821e+01,6.889449015776220620e+01,5.341048132672560200e+01,1.485271286392869605e+01
3.399999999999999911e+00,-1.646880944340455599e+01,6.514519862197724365e+01,5.452602027824055142e+01,1.520146227405087025e+01
3.410000000000000142e+00,-1.630348360490339843e+01,6.132311597859621344e+01,5.570645859915516951e+01,1.531873639754242156e+01
3.419999999999999929e+00,-1.622043255394129346e+01,5.750000119908646923e+01,5.689489915988978908e+01,1.519167947072780755e+01
3.430000000000000160e+00,-1.621541157096774555e+01,5.374081488879480872e+01,5.803038401536321089e+01,1.482332136688716240e+01
3.439999999999999947e+00,-1.628407182434527201e+01,5.010670892609467586e+01,5.905323109381028246e+01,1.423448779519656782e+01
3.450000000000000178e+00,-1.642171749389266111e+01,4.665709285392686922e+01,5.991136848508295998e+01,1.346345424395318879e+01
3.459999999999999964e+00,-1.662298462731767046e+01,4.345084016457606424e+01,6.056648545114740756e+01,1.256284120354608014e+01
3.470000000000000195e+00,-1.688144803178425946e+01,4.054653811139922226e+01,6.099859736423719880e+01,1.159397128987892600e+01
3.479999999999999982e+00,-1.718917250846297762e+01,3.800152741587021410e+01,6.120788940403796374e+01,1.061968900008631955e+01
3.490000000000000213e+00,-1.753625322516634810e+01,3.586934736333849827e+01,6.121341365369796250e+01,9.697133549878275360e+00
3.500000000000000000e+00,-1.791044175597360066e+01,3.419517080328930803e+01,6.104907687131515814e+01,8.871925050591237039e+00
3.509999999999999787e+00,-1.829702724367415101e+01,3.300902758310739671e+01,6.075800372406748551e+01,8.174710413049638191e+00
3.520000000000000018e+00,-1.867921290114886546e+01,3.231727051373978554e+01,6.038656428667347598e+01,7.620285454387679458e+00
3.529999999999999805e+00,-1.903923592849566049e+01,3.209394274261690327e+01,5.997913141245234669e+01,7.208881955766767824e+00
3.540000000000000036e+00,-1.936033264718133395e+01,3.227516850404445847e+01,5.957417957001846531e+01,6.928875870603629750e+00
3.549999999999999822e+00,-1.962929766199501813e+01,3.276043408978674165e+01,5.920187944530726298e+01,6.760147699213530537e+00
3.560000000000000053e+00,-1.983893726287024961e+01,3.342331193375421350e+01,5.888302701717974230e+01,6.677499024900916069e+00
3.569999999999999840e+00,-1.998948910384961053e+01,3.413044303726181283e+01,5.862900708124214333e+01,6.653764782693479596e+00
3.580000000000000071e+00,-2.008836883870849022e+01,3.476332839736209479e+01,5.844248939193487757e+01,6.662461290554594129e+00
3.589999999999999858e+00,-2.014832337159789688e+01,3.523586698314963428e+01,5.831862463378700312e+01,6.679932886288632687e+00
3.600000000000000089e+00,-2.018472922851546514e+01,3.550296179287710885e+01,5.824658865242575700e+01,6.687005789340362050e+00
3.609999999999999876e+00,-2.021294226842574915e+01,3.555990570202838796e+01,5.821137904955160991e+01,6.670150720849587600e+00
3.620000000000000107e+00,-2.024629856939249350e+01,3.543551702338595533e+01,5.819578276372331516e+01,6.622128090641401066e+00
3.629999999999999893e+00,-2.029491961542077405e+01,3.518272845694065865e+01,5.818240988418500592e+01,6.542071526246999724e+00
3.640000000000000124e+00,-2.036517013570388457e+01,3.486925978755303390e+01,5.815564544404762160e+01,6.434978690613608165e+00
3.649999999999999911e+00,-2.045952300300719173e+01,3.456947328768536920e+01,5.810333353241738763e+01,6.310629891131943836e+00
3.660000000000000142e+00,-2.057663517482682281e+01,3.435736588507716505e+01,5.801800257892593748e+01,6.182034892809124216e+00
3.669999999999999929e+00,-2.071154638935899683e+01,3.430011259014585079e+01,5.789748216064224806e+01,6.063591961600202751e+00
3.680000000000000160e+00,-2.085602434924837567e+01,3.445157060836609730e+01,5.774484687726071286e+01,5.969200456648233732e+00
3.689999999999999947e+00,-2.099916640768402587e+01,3.484558436451494146e+01,5.756773011589818623e+01,5.910576801788872459e+00
3.700000000000000178e+00,-2.112839889772097735e+01,3.548971148899581607e+01,5.737714879236093424e+01,5.895978688896447828e+00
3.709999999999999964e+00,-2.123095342465676083e+01,3.636091416344975613e+01,5.718604236177990430e+01,5.929458624095187425e+00
3.720000000000000195e+00,-2.129572160559619931e+01,3.740535553553732484e+01,5.700774335468218368e+01,6.010671960276812165e+00
3.729999999999999982e+00,-2.131513949823951393e+01,3.854404333847703867e+01,5.685456782083767990e+01,6.135182587804859367e+00
3.740000000000000213e+00,-2.128657105806376393e+01,3.968432650599992684e+01,5.673665985233024145e+01,6.295157540148228037e+00
3.750000000000000000e+00,-2.121271515632891891e+01,4.073479365703573052e+01,5.666116507625532250e+01,6.480322475240221536e+00
3.759999999999999787e+00,-2.110088975200008932e+01,4.161945216240325607e+01,5.663175877170765204e+01,6.679055345388225540e+00
3.770000000000000018e+00,-2.096147043093284168e+01,4.228740106473575366e+01,5.664852145954831286e+01,6.879513138268685601e+00
3.779999999999999805e+00,-2.080601696805954504e+01,4.271630315938546829e+01,5.670813679013161845e+01,7.070705218204891729e+00
3.790000000000000036e+00,-2.064559334479854158e+01,4.291035083646984560e+01,5.680437684515162289e+01,7.243440159802373657e+00
3.799999999999999822e+00,-2.048956685065684624e+01,4.289479538863553643e+01,5.692883111036336885e+01,7.391080399328491701e+00
3.810000000000000053e+00,-2.034493418162168155e+01,4.270919721686715320e+01,5.707182213082852229e+01,7.510044545483901324e+00
3.819999999999999840e+00,-2.021607682505356252e+01,4.240088007504405709e+01,5.722343225593509430e+01,7.600007121891460216e+00
3.830000000000000071e+00,-2.010480725885555486e+01,4.201927433652409860e+01,5.737454571979503015e+01,7.663765531760529548e+00
3.839999999999999858e+00,-2.001059237495299925e+01,4.161127086897742799e+01,5.751779595217933405e+01,7.706776286065355031e+00
3.850000000000000089e+00,-1.993088782253395763e+01,4.121745330695200238e+01,5.764830761200911979e+01,7.736403848295915431e+00
3.859999999999999876e+00,-1.986155888017784221e+01,4.086906500245530083e+01,5.776414169739244642e+01,7.760967565718870809e+00
3.870000000000000107e+00,-1.979738684871588106e+01,4.058569624185941649e+01,5.786638980400639554e+01,7.788704305210564449e+00
3.879999999999999893e+00,-1.973266038352513618e+01,4.037385012517773220e+01,5.795891332759287451e+01,7.826777367072069502e+00
3.890000000000000124e+00,-1.966183006358048502e+01,4.022667001357530836e+01,5.804777395455766253e+01,7.880452094058854939e+00
3.899999999999999911e+00,-1.958016982658632443e+01,4.012510517293663526e+01,5.814044172574489266e+01,7.952528287624779146e+00
3.910000000000000142e+00,-1.948435614305662966e+01,4.004060773092367498e+01,5.824488870828165687e+01,8.043077554862948730e+00
3.919999999999999929e+00,-1.937286419498520473e+01,3.993912287956336371e+01,5.836867831567613507e+01,8.149490483674572516e+00
3.930000000000000160e+00,-1.924610325260962185e+01,3.978577588258725228e+01,5.851814654375998970e+01,8.266802677777098651e+00
3.939999999999999947e+00,-1.910626815436235404e+01,3.954943890847149390e+01,5.869774877777435051e+01,8.388244519098311258e+00
3.950000000000000178e+00,-1.895694978688748833e+01,3.920639219588107949e+01,5.890962118165289496e+01,8.505946888462689870e+00
3.959999999999999964e+00,-1.880259752220809943e+01,3.874256562827841321e+01,5.915338340335640765e+01,8.611730767911504714e+00
3.970000000000000195e+00,-1.864794298033063313e+01,3.815422993262022544e+01,5.942619062557592002e+01,8.697908685661801087e+00
3.979999999999999982e+00,-1.849747772233490295e+01,3.744734218312969176e+01,5.972302650151451076e+01,8.758027565521826929e+00
3.990000000000000213e+00,-1.835504207558256695e+01,3.663593757723239008e+01,6.003721184095036989e+01,8.787485229224786920e+00
4.000000000000000000e+00,-1.822354571625990260e+01,3.573998836810473279e+01,6.036108537367700677e+01,8.783958391840322122e+00
4.009999999999999787e+00,-1.810481441256361279e+01,3.478307411345248568e+01,6.068679295538684215e+01,8.747591569684455948e+00
4.019999999999999574e+00,-1.799954468026931664e+01,3.379009353604417498e+01,6.100710328032817387e+01,8.680916515866485383e+00
4.030000000000000249e+00,-1.790734633932875397e+01,3.278514881562502836e+01,6.131615660582254179e+01,8.588500974139352095e+00
4.040000000000000036e+00,-1.782685708322398455e+01,3.178967280641272808e+01,6.161005348467588050e+01,8.476360646984804958e+00
4.049999999999999822e+00,-1.775591836430809778e+01,3.082085107275678837e+01,6.188720627083205272e+01,8.351203031455039394e+00
4.059999999999999609e+00,-1.769180463205986342e+01,2.989040233225785670e+01,6.214840649777865877e+01,8.219598391055818354e+00
4.070000000000000284e+00,-1.763149632780382703e+01,2.900380389016858373e+01,6.239660104038693333e+01,8.087184966096089056e+00
4.080000000000000071e+00,-1.757198089615458159e+01,2.816006098991851303e+01,6.263641118433662314e+01,7.958009573648010537e+00
4.089999999999999858e+00,-1.751055717263821165e+01,2.735210087928925660e+01,6.287346296009038582e+01,7.834082729301942827e+00
4.099999999999999645e+00,-1.744511030913209026e+01,2.656781302661358879e+01,6.311361840189925942e+01,7.715194961716618671e+00
4.110000000000000320e+00,-1.737432113930120892e+01,2.579166155933470961e+01,6.336220381771387622e+01,7.599005362640042449e+00
4.120000000000000107e+00,-1.729777883789676096e+01,2.500668823605155566e+01,6.362332457404330910e+01,7.481380985942447381e+00
4.129999999999999893e+00,-1.721597934205870928e+01,2.419663932372030501e+01,6.389934041280266541e+01,7.356940226317925102e+00
4.139999999999999680e+00,-1.713021112588958417e+01,2.334791936779053501e+01,6.419055519403013932e+01,7.219735608849773278e+00
4.150000000000000355e+00,-1.704234889930952335e+01,2.245111143674256127e+01,6.449515306356639144e+01,7.064000398064712805e+00
4.160000000000000142e+00,-1.695458906332313731e+01,2.150189364532340619e+01,6.480939033011938477e+01,6.884877601277570314e+00
4.169999999999999929e+00,-1.686916530854846030e+01,2.050129383674508432e+01,6.512802843595126490e+01,6.679048806289724638e+00
4.179999999999999716e+00,-1.678807915001645767e+01,1.945532409676210506e+01,6.544496795022421054e+01,6.445184966115037106e+00
4.190000000000000391e+00,-1.671287163342984883e+01,1.837410233572231277e+01,6.575401753475468070e+01,6.184153981265906097e+00
4.200000000000000178e+00,-1.664445282665981551e+01,1.727059543105046657e+01,6.604970857331801426e+01,5.898942772299745840e+00
4.209999999999999964e+00,-1.658299794898041668e+01,1.615911765729574512e+01,6.632805077148137229e+01,5.594284542834834006e+00
4.219999999999999751e+00,-1.652791424263493170e+01,1.505370591574762074e+01,6.658712204017710690e+01,5.276021867361602169e+00
4.230000000000000426e+00,-1.647788041544389870e+01,1.396648470377936491e+01,6.682740093659785430e+01,4.950276502841002291e+00
4.240000000000000213e+00,-1.643095901002267212e+01,1.290613734486060871e+01,6.705178139858806219e+01,4.622529043697667817e+00
4.250000000000000000e+00,-1.638477932391557346e+01,1.187661526313742222e+01,6.726525232710662294e+01,4.296728335448114500e+00
4.259999999999999787e+00,-1.633678285216508286e+01,1.087623436622888740e+01,6.747427020339647186e+01,3.974548311761191055e+00
4.269999999999999574e+00,-1.628451419336895256e+01,9.897310237273153177e+00,6.768589230148909053e+01,3.654890148319484222e+00
4.280000000000000249e+00,-1.622592936524390339e+01,8.926453700519196843e+00,6.790676471373063805e+01,3.333696261461938093e+00
4.290000000000000036e+00,-1.615968389823084550e+01,7.945574640878438899e+00,6.814207144840271724e+01,3.004107512390553847e+00
4.299999999999999822e+00,-1.608535933796245132e+01,6.933530557527332050e+00,6.839455086089351710e+01,2.656962558367188976e+00
4.309999999999999609e+00,-1.600359237239939247e+01,5.868233394245487844e+00,6.866367875780588292e+01,2.281611647240589402e+00
4.320000000000000284e+00,-1.591608606251643643e+01,4.728933091338519468e+00,6.894510848836675621e+01,1.866995212448703478e+00
4.330000000000000071e+00,-1.582550387380346990e+01,3.498364338172177401e+00,6.923044918590903762e+01,1.402916470741340405e+00
4.339999999999999858e+00,-1.573526784964538017e+01,2.164487112327239782e+00,6.950745182621395202e+01,8.814126335747390906e-01
4.349999999999999645e+00,-1.564929598504163977e+01,7.216550976493002478e-01,6.976065290644532979e+01,2.980998586126371586e-01
4.360000000000000320e+00,-1.557171734696354903e+01,-8.288284794143129242e-01,6.997248980559209031e+01,-3.466633973421798243e-01
4.370000000000000107e+00,-1.550659751610260706e+01,-2.478700289122939715e+00,7.012484526898030879e+01,-1.046971126362042703e+00
4.379999999999999893e+00,-1.545769520744454617e+01,-4.213139733177421853e+00,7.020090320926242100e+01,-1.791096145171060527e+00
4.389999999999999680e+00,-1.542825794632938674e+01,-6.011437646080266539e+00,7.018711703722986783e+01,-2.561880398581317220e+00
4.400000000000000355e+00,-1.542085388875614527e+01,-7.847807200180615617e+00,7.007502799749983069e+01,-3.337836423035341671e+00
4.410000000000000142e+00,-1.543723002868246752e+01,-9.692261182517709628e+00,6.986265100680566320e+01,-4.094888267795077752e+00
4.419999999999999929e+00,-1.547818447701232891e+01,-1.151153737868336435e+01,6.955518793801503818e+01,-4.808554444723679211e+00
4.429999999999999716e+00,-1.554344191546994836e+01,-1.327011139015641028e+01,6.916493266672057416e+01,-5.456279868096559404e+00
4.440000000000000391e+00,-1.563152644546271297e+01,-1.493138779297926888e+01,6.871037465615610529e+01,-6.019590410436460814e+00
4.450000000000000178e+00,-1.573963497983337412e+01,-1.645920031031882758e+01,6.821464838676789100e+01,-6.485785140540247795e+00
4.459999999999999964e+00,-1.586352745044180601e+01,-1.781976941314152185e+01,6.770357443403685238e+01,-6.848983813713101831e+00
4.469999999999999751e+00,-1.599746735636047390e+01,-1.898424264329894484e+01,6.720357073940759562e+01,-7.110476825378860610e+00
4.480000000000000426e+00,-1.613426554212071196e+01,-1.993185058421269318e+01,6.673968023333800659e+01,-7.278442510218864570e+00
4.490000000000000213e+00,-1.626549552804668153e+01,-2.065351984161970833e+01,6.633388466421993712e+01,-7.367173499350325727e+00
4.500000000000000000e+00,-1.638194859554704763e+01,-2.115548615951223255e+01,6.600378441511026040e+01,-7.395979411791929969e+00
4.509999999999999787e+00,-1.647436576786554951e+01,-2.146210160637912878e+01,6.576164711488895875e+01,-7.387914408337763916e+00
4.519999999999999574e+00,-1.653441137531946836e+01,-2.161678406264560692e+01,6.561378022353731865e+01,-7.368432334981386056e+00
4.530000000000000249e+00,-1.655574893764902100e+01,-2.168014432473357544e+01,6.556016896930502469e+01,-7.364018884140111965e+00
4.540000000000000036e+00,-1.653498618721177138e+01,-2.172491524069490154e+01,6.559433659342332135e+01,-7.400805845492546275e+00
4.549999999999999822e+00,-1.647223338425362016e+01,-2.182830540957288790e+01,6.570341924456552363e+01,-7.503148396514291996e+00
4.559999999999999609e+00,-1.637110638446614530e+01,-2.206337342498690290e+01,6.586849102256651634e+01,-7.692148753746901768e+00
4.570000000000000284e+00,-1.623817716237676478e+01,-2.249141867245264947e+01,6.606521218737962897e+01,-7.984140019185137049e+00
4.580000000000000071e+00,-1.608204442180451110e+01,-2.315696253714863317e+01,6.626489109557516599e+01,-8.389199182995497495e+00
4.589999999999999858e+00,-1.591228125113225467e+01,-2.408591083565324809e+01,6.643603417088017693e+01,-8.909827576217445255e+00
4.599999999999999645e+00,-1.573849141166063248e+01,-2.528649524993265274e+01,6.654639857101062717e+01,-9.540001788845712483e+00
4.610000000000000320e+00,-1.556961077432705665e+01,-2.675201441528486868e+01,6.656545997118527680e+01,-1.026483208485069198e+01
4.620000000000000107e+00,-1.541348671038612750e+01,-2.846431785783161317e+01,6.646708041729927174e+01,-1.106104158526562387e+01
4.629999999999999893e+00,-1.527669655326782738e+01,-3.039722473873248987e+01,6.623204405353061475e+01,-1.189838170256491168e+01
4.639999999999999680e+00,-1.516453564221033545e+01,-3.251941602839774959e+01,6.585006755003593071e+01,-1.274193526071752025e+01
4.650000000000000355e+00,-1.508110509079443418e+01,-3.479663208275184161e+01,6.532092538895611256e+01,-1.355506651188175837e+01
4.660000000000000142e+00,-1.502944384874746220e+01,-3.719319501073825762e+01,6.465446707507085478e+01,-1.430261677627067840e+01
4.669999999999999929e+00,-1.501166731977164481e+01,-3.967296659970953243e+01,6.386951271503144767e+01,-1.495387386138421881e+01
4.679999999999999716e+00,-1.502908987079798031e+01,-4.219987996939093478e+01,6.299183220035807551e+01,-1.548489151270060127e+01
4.690000000000000391e+00,-1.508231924633078336e+01,-4.473817724415262376e+01,6.205157304889409176e+01,-1.587988607849317368e+01
4.700000000000000178e+00,-1.517131754756142747e+01,-4.725246768809228115e+01,6.108055925575141032e+01,-1.613163844309907802e+01
4.709999999999999964e+00,-1.529542717656675599e+01,-4.970770310795619196e+01,6.010983574236392712e+01,-1.624101567904035193e+01
4.719999999999999751e+00,-1.545336219885785844e+01,-5.206915566576402199e+01,5.916771327592212515e+01,-1.621585052541301053e+01
4.730000000000000426e+00,-1.564316703593909708e+01,-5.430247946075996168e+01,5.827842544293519467e+01,-1.606946051252450047e+01
4.740000000000000213e+00,-1.586214623821984482e+01,-5.637394081384121591e+01,5.746138445320526955e+01,-1.581906396992107311e+01
4.750000000000000000e+00,-1.610677222794677732e+01,-5.825091041134479042e+01,5.673093963316704702e+01,-1.548428464067106525e+01
4.759999999999999787e+00,-1.637258320960362923e+01,-5.990271767251650203e+01,5.609650537468861131e+01,-1.508585885478636435e+01
4.769999999999999574e+00,-1.665409155752758608e+01,-6.130196381010043893e+01,5.556292495286397326e+01,-1.464459002710899860e+01
4.780000000000000249e+00,-1.694473381534760392e+01,-6.242635930287492130e+01,5.513095895578545225e+01,-1.418054506706180540e+01
4.790000000000000036e+00,-1.723690525579476684e+01,-6.326107344578245062e+01,5.479781896061807345e+01,-1.371245803142765496e+01
4.799999999999999822e+00,-1.752213025198797780e+01,-6.380143980279945737e+01,5.455769912314562475e+01,-1.325729491495611256e+01
4.809999999999999609e+00,-1.779141662257846690e+01,-6.405565118801881397e+01,5.440228512096292945e+01,-1.282993485940234635e+01
4.820000000000000284e+00,-1.803581795778427121e+01,-6.404684270171034655e+01,5.432123910532112632e+01,-1.244293232727241261e+01
4.830000000000000071e+00,-1.824717681055583185e+01,-6.381380302035202590e+01,5.430267059555578868e+01,-1.210633787516803395e+01
4.839999999999999858e+00,-1.841895041545787137e+01,-6.340961660990154769e+01,5.433360720862271620e+01,-1.182756900050105564e+01
4.849999999999999645e+00,-1.854695521994266727e+01,-6.289792923922723844e+01,5.440047684592609301e+01,-1.161133481716306015e+01
4.860000000000000320e+00,-1.862984526138071217e+01,-6.234719794143731519e+01,5.448960585829640024e+01,-1.145962726424075662e+01
4.870000000000000107e+00,-1.866918925045796129e+01,-6.182397865234091228e+01,5.458772750398068752e+01,-1.137179583602036637e+01
4.879999999999999893e+00,-1.866912189701610458e+01,-6.138667002482967661e+01,5.468248379405857662e+01,-1.134472165696915980e+01
4.889999999999999680e+00,-1.863566742003534671e+01,-6.108096385659448657e+01,5.476289394128504995e+01,-1.137310009813307232e+01
4.900000000000000355e+00,-1.857591022214021592e+01,-6.093764806055683181e+01,5.481975641098513563e+01,-1.144983000453197519e+01
4.910000000000000142e+00,-1.849719239366313062e+01,-6.097269107603609939e+01,5.484595082143803779e+01,-1.156649394383828700e+01
4.919999999999999929e+00,-1.840646495400037352e+01,-6.118902243700958365e+01,5.483661144092116047e+01,-1.171390039784206749e+01
4.929999999999999716e+00,-1.830984692632415545e+01,-6.157924240923463799e+01,5.478915521206049988e+01,-1.188264837491517412e+01
4.940000000000000391e+00,-1.821238597430745898e+01,-6.212858396312897469e+01,5.470316220342191826e+01,-1.206366985393278668e+01
4.950000000000000178e+00,-1.811798035811052188e+01,-6.281767024249241871e+01,5.458012234334399437e+01,-1.224870693459543070e+01
4.959999999999999964e+00,-1.802941227526157775e+01,-6.362483667161437495e+01,5.442307625136341187e+01,-1.243068824643382264e+01
4.969999999999999751e+00,-1.794844808560896254e+01,-6.452795496626058025e+01,5.423618755707693140e+01,-1.260398140477237483e+01
4.980000000000000426e+00,-1.787597248661878169e+01,-6.550579373285638951e+01,5.402428803453284445e+01,-1.276451263322439900e+01
4.990000000000000213e+00,-1.781213553587937071e+01,-6.653899089208952944e+01,5.379243523754594491e+01,-1.290975853003710583e+01
5.000000000000000000e+00,-1.775650076905414565e+01,-6.761071765668708622e+01,5.354551623190275933e+01,-1.303862629466130230e+01
5.009999999999999787e+00,-1.770818884570199003e+01,-6.870710012080778029e+01,5.328792221739347212e+01,-1.315124639761246783e+01
5.019999999999999574e+00,-1.766601450057357070e+01,-6.981744496324186855e+01,5.302330911517278622e+01,-1.324870545613383754e+01
5.030000000000000249e+00,-1.762861577393758239e+01,-7.093429766740750608e+01,5.275445001571723935e+01,-1.333274748453868597e+01
5.040000000000000036e+00,-1.759457428383614541e+01,-7.205334889769784468e+01,5.248317763667275671e+01,-1.340546962779784934e+01
5.049999999999999822e+00,-1.756252437528748089e+01,-7.317319885050244466e+01,5.221040896842523438e+01,-1.346903492658338131e+01
5.059999999999999609e+00,-1.753124794391925789e+01,-7.429499050739453025e+01,5.193624001186196182e+01,-1.352542039057445677e+01
5.070000000000000284e+00,-1.749975108509611132e+01,-7.542192942822551061e+01,5.166009564481569782e+01,-1.357621417629451166e+01
5.080000000000000071e+00,-1.746731881193805691e+01,-7.655871762647998935e+01,5.138091787109311781e+01,-1.362247119891043390e+01
5.089999999999999858e+00,-1.743354505612517258e+01,-7.771093909902369035e+01,5.109737479253946191e+01,-1.366463208682683472e+01
5.099999999999999645e+00,-1.739833691431683249e+01,-7.888444166379119338e+01,5.080807254114897376e+01,-1.370250598015071297e+01
5.110000000000000320e+00,-1.736189431586804233e+01,-8.008476158439793835e+01,5.051175319072721948e+01,-1.373531329723457439e+01
5.120000000000000107e+00,-1.732466852296517601e+01,-8.131663310409494727e+01,5.020746346864483201e+01,-1.376178039422288180e+01
5.129999999999999893e+00,-1.728730469237950729e+01,-8.258361513479356120e+01,4.989468199236503665e+01,-1.378027431322006002e+01
5.139999999999999680e+00,-1.725057481307269569e+01,-8.388785390199537062e+01,4.957339670356059003e+01,-1.378896294724640370e+01
5.150000000000000355e+00,-1.721530756751312197e+01,-8.522998589947094672e+01,4.924412890754086192e+01,-1.378598434125704308e+01
5.160000000000000142e+00,-1.718232112773856812e+01,-8.660917246397966096e+01,4.890790539904882195e+01,-1.376960878656859499e+01
5.169999999999999929e+00,-1.715236381146032585e+01,-8.802324729688020000e+01,4.856618499704401160e+01,-1.373837893627117346e+01
5.179999999999999716e+00,-1.712606616341796339e+01,-8.946895200411726989e+01,4.822074984040427381e+01,-1.369121620845474396e+01
5.190000000000000391e+00,-1.710390663958974855e+01,-9.094223198181208545e+01,4.787357454274514623e+01,-1.362748586037536569e+01
5.200000000000000178e+00,-1.708619182531212743e+01,-9.243856496114787547e+01,4.752668749858656838e+01,-1.354701776650814615e+01
5.209999999999999964e+00,-1.707305108915769054e+01,-9.395329627838877684e+01,4.718203824627504872e+01,-1.345008453115344516e+01
5.219999999999999751e+00,-1.706444476177185621e+01,-9.548195761403913195e+01,4.684138301759670497e+01,-1.333734259203821892e+01
5.230000000000000426e+00,-1.706018428604613035e+01,-9.702054901476446958e+01,4.650619778797346271e+01,-1.320974504845785091e+01
5.240000000000000213e+00,-1.705996225383457698e+01,-9.856576728591507219e+01,4.617762470396435504e+01,-1.306843687428889922e+01
5.250000000000000000e+00,-1.706338978401104356e+01,-1.001151674151673348e+02,4.585645411956108575e+01,-1.291464391478785956e+01
5.259999999999999787e+00,-1.707003830113677623e+01,-1.016672477949729938e+02,4.554314097367710445e+01,-1.274956670273106241e+01
5.269999999999999574e+00,-1.707948247682996268e+01,-1.032214548638971081e+02,4.523785116188216193e+01,-1.257428882643967505e+01
5.280000000000000249e+00,-1.709134096068891751e+01,-1.047781084142946213e+02,4.494053109202039309e+01,-1.238970753829714333e+01
5.290000000000000036e+00,-1.710531162749771994e+01,-1.063382549625330995e+02,4.465099189991924078e+01,-1.219649172024672446e+01
5.299999999999999822e+00,-1.712119845840126686e+01,-1.079034626950195417e+02,4.436899892389102007e+01,-1.199506944346247472e+01
5.309999999999999609e+00,-1.713892786915440070e+01,-1.094755768212277047e+02,4.409435703681156582e+01,-1.178564440525017432e+01
5.320000000000000284e+00,-1.715855325378671381e+01,-1.110564578734333594e+02,4.382698330152010868e+01,-1.156823774218480239e+01
5.330000000000000071e+00,-1.718024762536918715e+01,-1.126477269482813881e+02,4.356696007144773120e+01,-1.134274935276447849e+01
5.339999999999999858e+00,-1.720428536676452325e+01,-1.142505407912136093e+02,4.331456394759051420e+01,-1.110903114395256353e+01
5.349999999999999645e+00,-1.723101510540124792e+01,-1.158654161202619264e+02,4.307026869204532460e+01,-1.086696371968071695e+01
5.360000000000000320e+00,-1.726082647492176392e+01,-1.174921172109911538e+02,4.283472299709055875e+01,-1.061652804533105687e+01
5.370000000000000107e+00,-1.729411395094717818e+01,-1.191296143180557436e+02,4.260870660708086177e+01,-1.035786453140378427e+01
5.379999999999999893e+00,-1.733124103519929093e+01,-1.207761138501120115e+02,4.239307040446386310e+01,-1.009131365169352890e+01
5.389999999999999680e+00,-1.737250785002951048e+01,-1.224291550787683747e+02,4.218866748704598280e+01,-9.817434424455234065e+00
5.400000000000000355e+00,-1.741812476367548612e+01,-1.240857630428088783e+02,4.199628286622760243e+01,-9.536999563278715897e+00
5.410000000000000142e+00,-1.746819407300839799e+01,-1.257426434332817564e+02,4.181656919750255952e+01,-9.250968562714989574e+00
5.419999999999999929e+00,-1.752270109172578572e+01,-1.273964026286646032e+02,4.164999500199571969e+01,-8.960442169018733694e+00
5.429999999999999716e+00,-1.758151527343478548e+01,-1.290437745977417592e+02,4.149681030596732256e+01,-8.666603405265986382e+00
5.440000000000000391e+00,-1.764440126606019987e+01,-1.306818360035154001e+02,4.135703270494301620e+01,-8.370651449825340151e+00
5.450000000000000178e+00,-1.771103906062847599e+01,-1.323081914991578003e+02,4.123045474985897840e+01,-8.073735152139569493e+00
5.459999999999999964e+00,-1.778105168046988993e+01,-1.339211129744981577e+02,4.111667144416704645e+01,-7.776892809889605296e+00
5.469999999999999751e+00,-1.785403818852643454e+01,-1.355196195093867573e+02,4.101512470529328169e+01,-7.481004069458883521e+00
5.480000000000000426e+00,-1.792960922563269577e+01,-1.371034891014332118e+02,4.092516003371564892e+01,-7.186758524108862289e+00
5.490000000000000213e+00,-1.800742190626447226e+01,-1.386731987925277281e+02,4.084608948023527120e+01,-6.894643880156105631e+00
5.500000000000000000e+00,-1.808721077179894721e+01,-1.402297963076932206e+02,4.077725441319542199e+01,-6.604954582311456157e+00
5.509999999999999787e+00,-1.816881170092793241e+01,-1.417747131461212575e+02,4.071808163224115162e+01,-6.317819709195538813e+00
5.519999999999999574e+00,-1.825217622908571613e+01,-1.433095354053201333e+02,4.066812707166409524e+01,-6.033246968107812691e+00
5.530000000000000249e+00,-1.833737460278891973e+01,-1.448357535711805610e+02,4.062710263656233423e+01,-5.751177941882923861e+00
5.540000000000000036e+00,-1.842458699877893835e+01,-1.463545152864436147e+02,4.059488349893840820e+01,-5.471548560104258385e+00
5.549999999999999822e+00,-1.851408353302728926e+01,-1.478664052513241813e+02,4.057149526292284492e+01,-5.194348224980562811e+00
5.559999999999999609e+00,-1.860619481410049048e+01,-1.493712738838191285e+02,4.055708255838352727e+01,-4.919671189001928013e+00
5.570000000000000284e+00,-1.870127571848309955e+01,-1.508681315809224657e+02,4.055186259735720000e+01,-4.647754640260267855e+00
5.580000000000000071e+00,-1.879966568647384051e+01,-1.523551190990440602e+02,4.055606880792471003e+01,-4.378999399804274439e+00
5.589999999999999858e+00,-1.890164911877848297e+01,-1.538295575562010526e+02,4.056989067877719179e+01,-4.113971003170839857e+00
5.599999999999999645e+00,-1.900741941222214137e+01,-1.552880746152514178e+02,4.059341631069666079e+01,-3.853381014437512686e+00
5.610000000000000320e+00,-1.911704985908965071e+01,-1.567267970861156812e+02,4.062658386132095245e+01,-3.598050485293815548e+00
5.620000000000000107e+00,-1.923047410915811994e+01,-1.581415947820879637e+02,4.066914713835387829e+01,-3.348859319944138324e+00
5.629999999999999893e+00,-1.934747820537547369e+01,-1.595283560852483049e+02,4.072065914838024980e+01,-3.106686769352070332e+00
5.639999999999999680e+00,-1.946770537973353044e+01,-1.608832723564288187e+02,4.078047558465739542e+01,-2.872349227508447012e+00
5.650000000000000355e+00,-1.959067384265012279e+01,-1.622031061763815387e+02,4.084777820204539012e+01,-2.646541853507313302e+00
5.660000000000000142e+00,-1.971580672244256505e+01,-1.634854177059070537e+02,4.092161596010133451e+01,-2.429790255046901049e+00
5.669999999999999929e+00,-1.984247213913037200e+01,-1.647287246601111121e+02,4.100095990526668288e+01,-2.222417546105533770e+00
5.679999999999999716e+00,-1.997003020318133792e+01,-1.659325750340326806e+02,4.108476620100571353e+01,-2.024530590373929240e+00
5.690000000000000391e+00,-2.009788264804200963e+01,-1.670975181841348274e+02,4.117204068020227936e+01,-1.836027277974477068e+00
5.700000000000000178e+00,-2.022552001832697499e+01,-1.682249691531533813e+02,4.126189793392204308e+01,-1.656624433442531075e+00
5.709999999999999964e+00,-2.035256104128440313e+01,-1.693169725946496840e+02,4.135360835256241785e+01,-1.485903649953175698e+00
5.719999999999999751e+00,-2.047877916508251417e+01,-1.703758849904187969e+02,4.144662770306562294e+01,-1.323370253717028211e+00
5.730000000000000426e+00,-2.060411231126370168e+01,-1.714040052184430465e+02,4.154060566344850258e+01,-1.168518987337566317e+00
5.740000000000000213e+00,-2.072865357882351134e+01,-1.724031919554102785e+02,4.163537205006278441e+01,-1.020899082354990384e+00
5.750000000000000000e+00,-2.085262273400927313e+01,-1.733745103096855189e+02,4.173090199489464425e+01,-8.801713071837143909e-01
5.759999999999999787e+00,-2.097632051275488152e+01,-1.743179487367230820e+02,4.182726375438596733e+01,-7.461503563473266265e-01
5.769999999999999574e+00,-2.110006973058782265e+01,-1.752322409732970812e+02,4.192455486268178078e+01,-6.188275048453338867e-01
5.780000000000000249e+00,-2.122414868773817886e+01,-1.761148176002547814e+02,4.202283374001711280e+01,-4.983706031378582479e-01
5.790000000000000036e+00,-2.134872324754709538e+01,-1.769618995179109504e+02,4.212205447516245727e+01,-3.851009818416192831e-01
5.799999999999999822e+00,-2.147378425213001663e+01,-1.777687326378288901e+02,4.222201226095159399e+01,-2.794493903293933657e-01
5.809999999999999609e+00,-2.159909670107883173e+01,-1.785299505356746295e+02,4.232230590877843923e+01,-1.818954363967104360e-01
5.820000000000000284e+00,-2.172416645181178296e+01,-1.792400401525401321e+02,4.242232211478818726e+01,-9.289688433324083672e-02
5.830000000000000071e+00,-2.184822915067675808e+01,-1.798938749459396433e+02,4.252124387072439760e+01,-1.281641378117558128e-02
5.839999999999999858e+00,-2.197026463991106127e+01,1.795127297436727360e+02,4.261808282390835245e+01,5.814609422716382481e-02
5.849999999999999645e+00,-2.208903811566136710e+01,1.789824923433526465e+02,4.271173274400162967e+01,1.200080677683991598e-01
5.860000000000000320e+00,-2.220316675872413015e+01,1.785162298597543327e+02,4.280103882056556586e+01,1.730391203432853076e-01
5.870000000000000107e+00,-2.231120746878625383e+01,1.781125695217405394e+02,4.288487557123299609e+01,2.177718811262832066e-01
5.879999999999999893e+00,-2.241175798467796554e+01,1.777678564501694609e+02,4.296222494033477091e+01,2.549869838705949299e-01
5.889999999999999680e+00,-2.250356063149261843e+01,1.774762882494645453e+02,4.303224590900138224e+01,2.856733649019271848e-01
5.900000000000000355e+00,-2.258559598004379154e+01,1.772302795522760164e+02,4.309432771839873055e+01,3.109679519054787677e-01
5.910000000000000142e+00,-2.265715361842939757e+01,1.770210254720292085e+02,4.314812059344958328e+01,3.320813633751327765e-01
5.919999999999999929e+00,-2.271786949969159863e+01,1.768391989915183444e+02,4.319354046336974307e+01,3.502180271941520706e-01
5.929999999999999716e+00,-2.276772384625043344e+01,1.766756914406949761e+02,4.323074729244025605e+01,3.664998947537421170e-01
5.940000000000000391e+00,-2.280699959754093342e+01,1.765222942930997192e+02,4.326009985481288567e+01,3.819025413610654951e-01
5.950000000000000178e+00,-2.283620763543165566e+01,1.763722279020294366e+02,4.328209268133418419e+01,3.972109373898481954e-01
5.959999999999999964e+00,-2.285599017896916507e+01,1.762204470638357634e+02,4.329728309086247151e+01,4.129997413548617824e-01
5.969999999999999751e+00,-2.286701681261707009e+01,1.760636888418288777e+02,4.330621741475192010e+01,4.296399245102081044e-01
5.980000000000000426e+00,-2.286988820543236756e+01,1.759002673377928545e+02,4.330936559209162340e+01,4.473302752641459268e-01
5.990000000000000213e+00,-2.286506088812856774e+01,1.757296560356957400e+02,4.330707226218338946e+01,4.661492500212934820e-01
6.000000000000000000e+00,-2.285280304906351745e+01,1.755519261689767347e+02,4.329953044680230079e+01,4.861200952268970310e-01
6.009999999999999787e+00,-2.283318685422415584e+01,1.753671270115787308e+02,4.328678113623529811e+01,5.072804506447412543e-01
6.019999999999999574e+00,-2.280611786592956847e+01,1.751747005362495599e+02,4.326873887806202390e+01,5.297469518870663308e-01
6.030000000000000249e+00,-2.277139718361193133e+01,1.749730186495299051e+02,4.324524016652701164e+01,5.537657755419820305e-01
6.040000000000000036e+00,-2.272880737635912496e+01,1.747591163791136921e+02,4.321610841110428680e+01,5.797415998187369635e-01
6.049999999999999822e+00,-2.267820961394725643e+01,1.745286694266359007e+02,4.318122688417660271e+01,6.082399601197280292e-01
6.059999999999999609e+00,-2.261963722106185060e+01,1.742762310732275921e+02,4.314060962477503836e+01,6.399612178343886404e-01
6.070000000000000284e+00,-2.255337074419609067e+01,1.739957053055335052e+02,4.309446003703305905e+01,6.756879790257604990e-01
6.080000000000000071e+00,-2.247998183823522211e+01,1.736809962081003675e+02,4.304320796664678284e+01,7.162113651928463387e-01
6.089999999999999858e+00,-2.240033766427781714e+01,1.733267452176819745e+02,4.298751829991586249e+01,7.622445914741817763e-01
6.099999999999999645e+00,-2.231556328646179566e+01,1.729290537511898833e+02,4.292826736845844238e+01,8.143344316400757954e-01
6.110000000000000320e+00,-2.222696560252366282e+01,1.724860916970976632e+02,4.286648727195464659e+01,8.727820415415512567e-01
6.120000000000000107e+00,-2.213592743656474227e+01,1.719985105879587479e+02,4.280328217705341842e+01,9.375841394551248653e-01
6.129999999999999893e+00,-2.204378371340342113e+01,1.714696084940517267e+02,4.273972423032738988e+01,1.008403757495827113e+00
6.139999999999999680e+00,-2.195169287010805448e+01,1.709052247367202142e+02,4.267673952383585601e+01,1.084576905301362082e+00
6.150000000000000355e+00,-2.186051617649104273e+01,1.703133703187525612e+02,4.261499628483777968e+01,1.165157862375601372e+00
6.160000000000000142e+00,-2.177071612140829870e+01,1.697036212235537960e+02,4.255480798129585907e+01,1.249001822983293986e+00
6.169999999999999929e+00,-2.168228319257884351e+01,1.690863164792019120e+02,4.249606332424510668e+01,1.334879630201399880e+00
6.179999999999999716e+00,-2.159469869483145033e+01,1.684716136941210323e+02,4.243819327926095752e+01,1.421615682339291142e+00
6.190000000000000391e+00,-2.150693976089656445e+01,1.678684651860671408e+02,4.238018229737166820e+01,1.508237057585954943e+00
6.200000000000000178e+00,-2.141753103417723736e+01,1.672835905075563119e+02,4.232062720070199191e+01,1.594119736059691483e+00
6.209999999999999964e+00,-2.132464498698614008e+01,1.667205362466767724e+02,4.225784271501832023e+01,1.679116750265230662e+00
6.219999999999999751e+00,-2.122624881702248700e+01,1.661789279681332800e+02,4.219000781451478588e+01,1.763653406240468957e+00
6.230000000000000426e+00,-2.112029004965920365e+01,1.656540249797295985e+02,4.211534223479274175e+01,1.848776585834747355e+00
6.240000000000000213e+00,-2.100490583986853466e+01,1.651366773082633301e+02,4.203229824870523146e+01,1.936148646175215093e+00
6.250000000000000000e+00,-2.087863397260827014e+01,1.646137486375534706e+02,4.193974970808677227e+01,2.027981448558123123e+00
6.259999999999999787e+00,-2.074059894409799654e+01,1.640690082424848981e+02,4.183715904369801564e+01,2.126912170005160529e+00
6.269999999999999574e+00,-2.059064655155711421e+01,1.634844183591310411e+02,4.172470383818228612e+01,2.235829081514467909e+00
6.280000000000000249e+00,-2.042940636004212962e+01,1.628416696192153381e+02,4.160334788049517840e+01,2.357661512814047455e+00
6.290000000000000036e+00,-2.025827254298189573e+01,1.621237682924243018e+02,4.147484699581906398e+01,2.495152817720853289e+00
6.299999999999999822e+00,-2.007930718528409741e+01,1.613164713819847407e+02,4.134168672544993939e+01,2.650637536082375956e+00
6.309999999999999609e+00,-1.989508243434346824e+01,1.604094017176581417e+02,4.120695611402184255e+01,2.825843720621817212e+00
6.320000000000000284e+00,-1.970848564850825468e+01,1.593967426817383455e+02,4.107416837638668738e+01,3.021738645180925165e+00
6.330000000000000071e+00,-1.952251348034265277e+01,1.582774895827078865e+02,4.094704416228659483e+01,3.238431378819878415e+00
6.339999999999999858e+00,-1.934007730188115914e+01,1.570553008077307595e+02,4.082927597708349055e+01,3.475139849726114782e+00
6.349999999999999645e+00,-1.916383563359916664e+01,1.557380335437289034e+02,4.072429296215868533e+01,3.730223967770676996e+00
6.360000000000000320e+00,-1.899606173578165169e+01,1.543370633014801001e+02,4.063504399970122449e+01,4.001280916665803211e+00
6.370000000000000107e+00,-1.883854817540495574e+01,1.528664791162084100e+02,4.056381454372552753e+01,4.285294362025349635e+00
6.379999999999999893e+00,-1.869254597701277021e+01,1.513422262925453481e+02,4.051208930931880303e+01,4.578826203971580355e+00
6.389999999999999680e+00,-1.855873402884677859e+01,1.497812448948448036e+02,4.048046947684310481e+01,4.878237502104477485e+00
6.400000000000000355e+00,-1.843721432087841094e+01,1.482006314818065960e+02,4.046864966832289667e+01,5.179924031990516653e+00
6.410000000000000142e+00,-1.832752967939301669e+01,1.466168376185225952e+02,4.047545667284064308e+01,5.480551309319803721e+00
6.419999999999999929e+00,-1.822870225059801541e+01,1.450449128479742171e+02,4.049894860505228422e+01,5.777273682085458439e+00
6.429999999999999716e+00,-1.813929246479940716e+01,1.434978017438333779e+02,4.053656968918082981e+01,6.067922284865034044e+00
6.440000000000000391e+00,-1.805747907469014990e+01,1.419857128539530322e+02,4.058535206771271930e+01,6.351147512257021788e+00
6.450000000000000178e+00,-1.798116071068429633e+01,1.405155891914611743e+02,4.064215204177865104e+01,6.626503556694107289e+00
6.459999999999999964e+00,-1.790807799286028157e+01,1.390907218286090199e+02,4.070390432732867225e+01,6.894465799008081319e+00
6.469999999999999751e+00,-1.783595258455812171e+01,1.377105556454949067e+02,4.076787486582396269e+01,7.156376574398359836e+00
6.480000000000000426e+00,-1.776263601406135351e+01,1.363707347479976306e+02,4.083189118402000872e+01,7.414320863496278058e+00
6.490000000000000213e+00,-1.768625737445992741e+01,1.350634209758481461e+02,4.089452989427856267e+01,7.670940186827557739e+00
6.500000000000000000e+00,-1.760535620226708886e+01,1.337778915542133404e+02,4.095524400025040279e+01,7.929199490678535689e+00
6.509999999999999787e+00,-1.751898604746268262e+01,1.325013847503321074e+02,4.101441808887636142e+01,8.192127040777020142e+00
6.519999999999999574e+00,-1.742677623629046835e+01,1.312201230725824246e+02,4.107334660439590124e+01,8.462550347563615460e+00
6.530000000000000249e+00,-1.732894409959581239e+01,1.299204121780553862e+02,4.113413817339427681e+01,8.742851373436678841e+00
6.540000000000000036e+00,-1.722625660325847718e+01,1.285896992902029012e+02,4.119955618834465128e+01,9.034761697658860058e+00
6.549999999999999822e+00,-1.711994731585345519e+01,1.272174820371370600e+02,4.127281150582170000e+01,9.339213459643307402e+00
6.559999999999999609e+00,-1.701160030118202471e+01,1.257959852191858801e+02,4.135732650188081294e+01,9.656255674906148556e+00
6.570000000000000284e+00,-1.690301562833705518e+01,1.243205615252036580e+02,4.145649067771684315e+01,9.985038965319031234e+00
6.580000000000000071e+00,-1.679607139719145792e+01,1.227898125722708045e+02,4.157342681555427077e+01,1.032386578876386984e+01
6.589999999999999858e+00,-1.669259496841587165e+01,1.212054599638043300e+02,4.171078394977748616e+01,1.067029850670605029e+01
6.599999999999999645e+00,-1.659425246551716526e+01,1.195720172015666378e+02,4.187056984452021169e+01,1.102131432913326314e+01
6.610000000000000320e+00,-1.650246167043969692e+01,1.178963214381914781e+02,4.205403186898752921e+01,1.137349423398865866e+01
6.620000000000000107e+00,-1.641833000566045442e+01,1.161869817155803162e+02,4.226159153627465059e+01,1.172323207937197331e+01
6.629999999999999893e+00,-1.634261683278232979e+01,1.144537915643269343e+02,4.249283467599360620e+01,1.206694996743713766e+01
6.639999999999999680e+00,-1.627571787834168759e+01,1.127071426934564471e+02,4.274655620288421431e+01,1.240130621491514162e+01
6.650000000000000355e+00,-1.621766904545042109e+01,1.109574660560936650e+02,4.302085558041989088e+01,1.272338292994058762e+01
6.660000000000000142e+00,-1.616816688719808681e+01,1.092147186090606255e+02,4.331327623442979302e+01,1.303084125121212189e+01
6.669999999999999929e+00,-1.612660329056449271e+01,1.074879291626072160e+02,4.362097933790550996e+01,1.332203395523334599e+01
6.679999999999999716e+00,-1.609211218328041682e+01,1.057848144961848931e+02,4.394093972879347376e+01,1.359606758494581591e+01
6.690000000000000391e+00,-1.606362614821526336e+01,1.041114764585906300e+02,4.427014957095877179e+01,1.385280961105318198e+01
6.700000000000000178e+00,-1.603994062395302933e+01,1.024721908286508949e+02,4.460581415806197469e+01,1.409284032732292857e+01
6.709999999999999964e+00,-1.601978289887930629e+01,1.008692979876988289e+02,4.494552440584320152e+01,1.431735388347696514e+01
6.719999999999999751e+00,-1.600188247563315969e+01,9.930320285180705753e+01,4.528739234074120645e+01,1.452801753488915715e+01
6.730000000000000426e+00,-1.598503877490404079e+01,9.777248639141581066e+01,4.563013926675296261e+01,1.472680217509705258e+01
6.740000000000000213e+00,-1.596818178345626649e+01,9.627412346405958488e+01,4.597313096079832206e+01,1.491579987812755981e+01
6.750000000000000000e+00,-1.595042133797399053e+01,9.480379241539330337e+01,4.631635961982811978e+01,1.509704505746545067e+01
6.759999999999999787e+00,-1.593108140497947289e+01,9.335625246509796682e+01,4.666037761555104879e+01,1.527235478888061948e+01
6.769999999999999574e+00,-1.590971697170661869e+01,9.192575715789706692e+01,4.700619266504664751e+01,1.544320102211300139e+01
6.780000000000000249e+00,-1.588611286075751394e+01,9.050646787886805100e+01,4.735513721622082528e+01,1.561062328488049999e+01
6.790000000000000036e+00,-1.586026565839944169e+01,8.909283173272730494e+01,4.770872635532660411e+01,1.577518569691982186e+01
6.799999999999999822e+00,-1.583235168241214907e+01,8.767989312187755502e+01,4.806851833794033269e+01,1.593697732845930126e+01
6.809999999999999609e+00,-1.580268521916691782e+01,8.626351725979579044e+01,4.843599014092092858e+01,1.609565073185519779e+01
6.820000000000000284e+00,-1.577167194157334684e+01,8.484051500107786126e+01,4.881243760980598978e+01,1.625049025435685479e+01
6.830000000000000071e+00,-1.573976242858246266e+01,8.340866984390858363e+01,4.919890628008722189e+01,1.640049972137294176e+01
6.839999999999999858e+00,-1.570741012268166692e+01,8.196667804651232814e+01,4.959615521800118643e+01,1.654449831182035524e+01
6.849999999999999645e+00,-1.567503705248652324e+01,8.051402031369715928e+01,5.000465263650740866e+01,1.668121385325549610e+01
6.860000000000000320e+00,-1.564300941456560778e+01,7.905078792619251260e+01,5.042459890184526472e+01,1.680936418581236325e+01
6.870000000000000107e+00,-1.561162383853785762e+01,7.757748755420081466e+01,5.085597009176269978e+01,1.692771947088881745e+01
6.879999999999999893e+00,-1.558110399527848422e+01,7.609484775167376824e+01,5.129857367056127515e+01,1.703514110778961310e+01
6.889999999999999680e+00,-1.555160624191485752e+01,7.460364687853110865e+01,5.175210721746117315e+01,1.713059599399001698e+01
6.900000000000000355e+00,-1.552323227813402085e+01,7.310457757288280334e+01,5.221621152015793399e+01,1.721314792327654075e+01
6.910000000000000142e+00,-1.549604633551377475e+01,7.159815746448070684e+01,5.269051067555210466e+01,1.728193065277067575e+01
6.919999999999999929e+00,-1.547009423674879436e+01,7.008469008496388142e+01,5.317463397926022850e+01,1.733610929482380314e+01
6.929999999999999716e+00,-1.544542173468902746e+01,6.856427434375392238e+01,5.366821709620196401e+01,1.737483796658288782e+01
6.940000000000000391e+00,-1.542208985033716218e+01,6.703685592836183105e+01,5.417088297465624436e+01,1.739722191105633087e+01
6.950000000000000178e+00,-1.540018543795739880e+01,6.550230995238916876e+01,5.468220584662481798e+01,1.740229155504376379e+01
6.959999999999999964e+00,-1.537982586072612534e+01,6.396054144845010825e+01,5.520166410605054352e+01,1.738899427929086983e+01
6.969999999999999751e+00,-1.536115739281865089e+01,6.241158910717661001e+01,5.572858958140846397e+01,1.735620724311824858e+01
6.980000000000000426e+00,-1.534434769540619747e+01,6.085571805659763811e+01,5.626212151205151457e+01,1.730277171222865107e+01
6.990000000000000213e+00,-1.532957336815729654e+01,5.929348933543703026e+01,5.680117329342100874e+01,1.722754631744944476e+01
7.000000000000000000e+00,-1.531700409077770786e+01,5.772579675075096617e+01,5.734441877992945535e+01,1.712947387261903387e+01
7.009999999999999787e+00,-1.530678519876571109e+01,5.615386562297192796e+01,5.789030273904465673e+01,1.700765413497796885e+01
7.019999999999999574e+00,-1.529902066706572583e+01,5.457921206637234235e+01,5.843707714963819200e+01,1.686141349093971087e+01
7.030000000000000249e+00,-1.529375841111876788e+01,5.300356551436365038e+01,5.898286173554026846e+01,1.669036221234438599e+01
7.040000000000000036e+00,-1.529097958042086880e+01,5.142876083721501601e+01,5.952572379696563587e+01,1.649443077108733391e+01
7.049999999999999822e+00,-1.529059314780748302e+01,4.985660936874958793e+01,6.006376946605661260e+01,1.627387871161978694e+01
7.059999999999999609e+00,-1.529243662357330713e+01,4.828876029605220310e+01,6.059523638336832363e+01,1.602927259794808634e+01
7.070000000000000284e+00,-1.529628318163647549e+01,4.672656506708536739e+01,6.111857682217198118e+01,1.576143325529444539e+01
7.080000000000000071e+00,-1.530185490902048251e+01,4.517095766139847512e+01,6.163252070135467875e+01,1.547135646508321294e+01
7.089999999999999858e+00,-1.530884131587518837e+01,4.362236269498745855e+01,6.213610976635724370e+01,1.516011491695504532e+01
7.099999999999999645e+00,-1.531692171250862700e+01,4.208064137001066030e+01,6.262869731072926527e+01,1.482875204878596520e+01
7.110000000000000320e+00,-1.532578962067442774e+01,4.054508227719363589e+01,6.310991178947203650e+01,1.447817998558548247e+01
7.120000000000000107e+00,-1.533517709090012460e+01,3.901444016529590897e+01,6.357958702606221379e+01,1.410909386344513905e+01
7.129999999999999893e+00,-1.534487669465065274e+01,3.748702130140966204e+01,6.403766586505730629e+01,1.372191335514951049e+01
7.139999999999999680e+00,-1.535475908362438702e+01,3.596080939595008630e+01,6.448408753323630549e+01,1.331675937700958734e+01
7.150000000000000355e+00,-1.536478436623347577e+01,3.443362179838657511e+01,6.491867122077186991e+01,1.289347010660780590e+01
7.160000000000000142e+00,-1.537500611691755559e+01,3.290328234514251449e+01,6.534100922034828329e+01,1.245165604410724036e+01
7.169999999999999929e+00,-1.538556754626718082e+01,3.136779533111137042e+01,6.575038228437975363e+01,1.199078941018899336e+01
7.179999999999999716e+00,-1.539669013158176014e+01,2.982550485942730845e+01,6.614570775915680656e+01,1.151031917498775847e+01
7.190000000000000391e+00,-1.540865574054557818e+01,2.827522532153358981e+01,6.652552774433829086e+01,1.100979987691527384e+01
7.200000000000000178e+00,-1.542178388564537883e+01,2.671633173133758987e+01,6.688804032640180708e+01,1.048902045688367402e+01
7.209999999999999964e+00,-1.543640615904646118e+01,2.514880264168046153e+01,6.723117224906471279e+01,9.948118842923333816e+00
7.219999999999999751e+00,-1.545284008628596162e+01,2.357321286668880589e+01,6.755268668344143634e+01,9.387669097008224384e+00
7.230000000000000426e+00,-1.547136460612603770e+01,2.199067768987823612e+01,6.785031556243133366e+01,8.808730561758862265e+00
7.240000000000000213e+00,-1.549219916378681106e+01,2.040275422596963395e+01,6.812190276996696525e+01,8.212852428657308579e+00
7.250000000000000000e+00,-1.551548804084142752e+01,1.881130884189976626e+01,6.836554279063787476e+01,7.602032109675239901e+00
7.259999999999999787e+00,-1.554129108523940594e+01,1.721836189230271330e+01,6.857969955280779573e+01,6.978631169757238517e+00
7.269999999999999574e+00,-1.556958149111355283e+01,1.562592245795085688e+01,6.876329224017111130e+01,6.345257683571460028e+00
7.280000000000000249e+00,-1.560025074259547573e+01,1.403582631935057279e+01,6.891573862662579586e+01,5.704628006598808199e+00
7.290000000000000036e+00,-1.563312030323896273e+01,1.244959008809910728e+01,6.903695155025519625e+01,5.059423488473648867e+00
7.299999999999999822e+00,-1.566795912423286197e+01,1.086829327631623343e+01,6.912728980562869197e+01,4.412158216595749138e+00
7.309999999999999609e+00,-1.570450558447306300e+01,9.292498118041626398e+00,6.918747021389160068e+01,3.765072373081717050e+00
7.320000000000000284e+00,-1.574249209440152342e+01,7.722214192646184472e+00,6.921845217533308414e+01,3.120062449982542230e+00
7.330000000000000071e+00,-1.578167033041673939e+01,6.156911428319548740e+00,6.922130903210461383e+01,2.478654896683191833e+00
7.339999999999999858e+00,-1.582183495632137138e+01,4.595581076824519329e+00,6.919710173514322094e+01,1.842024436043147473e+00
7.349999999999999645e+00,-1.586284376409596142e+01,3.036840065398820787e+00,6.914676956617071824e+01,1.211052991878336371e+00
7.360000000000000320e+00,-1.590463244185175817e+01,1.479070169875563057e+00,6.907105021347254592e+01,5.864205614533757327e-01
7.370000000000000107e+00,-1.594722263921397598e+01,-7.941981549020440956e-02,6.897043772793455219e+01,-3.128406066092354748e-02
7.379999999999999893e+00,-1.599072260693570335e+01,-1.640222881398569088e+00,6.884518229308517334e+01,-6.414467312347433836e-01
7.389999999999999680e+00,-1.603532036991368059e+01,-3.204668275370623043e+00,6.869533087011257066e+01,-1.243319904864509162e+00
7.400000000000000355e+00,-1.608127006828464900e+01,-4.773675549922953287e+00,6.852080315501054031e+01,-1.835936113006400028e+00
7.410000000000000142e+00,-1.612887268846693445e+01,-6.347639930561545185e+00,6.832149339072233829e+01,-2.418053312680645828e+00
7.419999999999999929e+00,-1.617845284006849838e+01,-7.926357540673321544e+00,6.809738581422517711e+01,-2.988138652807099671e+00
7.429999999999999716e+00,-1.623033347827302819e+01,-9.508995230397198739e+00,6.784867017795082234e+01,-3.544392751872611491e+00
7.440000000000000391e+00,-1.628481051860799766e+01,-1.109410586883115357e+01,6.757584401148139364e+01,-4.084811969655559594e+00
7.450000000000000178e+00,-1.634212916334256960e+01,-1.267968639729300584e+01,6.727979004924949891e+01,-4.607281931149840304e+00
7.459999999999999964e+00,-1.640246349601190445e+01,-1.426327300752232929e+01,6.696182031519305156e+01,-5.109692233742320511e+00
7.469999999999999751e+00,-1.646590054997876607e+01,-1.584206566170751351e+01,6.662368231893007930e+01,-5.590060240908161227e+00
7.480000000000000426e+00,-1.653242966346922316e+01,-1.741307284270584788e+01,6.626752714528498700e+01,-6.046651359423434791e+00
7.490000000000000213e+00,-1.660193753353411950e+01,-1.897326685519910683e+01,6.589584333042495246e+01,-6.478084211908814893e+00
7.500000000000000000e+00,-1.667420900058818134e+01,-2.051974009021733281e+01,6.551136378651003156e+01,-6.883411428519723430e+00
7.509999999999999787e+00,-1.674893325000314093e+01,-2.204985330826081125e+01,6.511695527642775971e+01,-7.262169987725236808e+00
7.519999999999999574e+00,-1.682571481836065885e+01,-2.356136809698872980e+01,6.471550086278068648e+01,-7.614398633361902924e+00
7.530000000000000249e+00,-1.690408854823012064e+01,-2.505255714258867883e+01,6.430978538503499919e+01,-7.940623373974343480e+00
7.540000000000000036e+00,-1.698353745646148028e+01,-2.652228774899299424e+01,6.390239256374986354e+01,-8.241814999732675062e+00
7.549999999999999822e+00,-1.706351237826435963e+01,-2.797007605972657274e+01,6.349562012416865286e+01,-8.519324637627216035e+00
7.559999999999999609e+00,-1.714345223382667882e+01,-2.939611156134311187e+01,6.309141675965805973e+01,-8.774804473477885836e+00
7.570000000000000284e+00,-1.722280384292247746e+01,-3.080125350823301744e+01,6.269134219170858557e+01,-9.010120918057946682e+00
7.580000000000000071e+00,-1.730104038420286727e+01,-3.218700270170591438e+01,6.229654933745808876e+01,-9.227266823767227066e+00
7.589999999999999858e+00,-1.737767784539749272e+01,-3.355545336657366562e+01,6.190778588621279255e+01,-9.428278086391177482e+00
7.599999999999999645e+00,-1.745228911005869321e+01,-3.490923051146744882e+01,6.152541153077144997e+01,-9.615158349192238774e+00
7.610000000000000320e+00,-1.752451563507260346e+01,-3.625141802763958765e+01,6.114942671969927090e+01,-9.789813820911879461e+00
7.620000000000000107e+00,-1.759407694361637198e+01,-3.758548188422384584e+01,6.077950903345773526e+01,-9.953998656529963185e+00
7.629999999999999893e+00,-1.766077834502616994e+01,-3.891519125998943451e+01,6.041505401650165652e+01,-1.010927011645486928e+01
7.639999999999999680e+00,-1.772451736189435323e+01,-4.024453858176367049e+01,6.005521834937092507e+01,-1.025695194544215205e+01
7.650000000000000355e+00,-1.778528928084601546e+01,-4.157765757226778902e+01,5.969896442326288621e+01,-1.039810416082373656e+01
7.660000000000000142e+00,-1.784319205634476546e+01,-4.291873692151612829e+01,5.934510648200037508e+01,-1.053349770530831009e+01
7.669999999999999929e+00,-1.789843052028459880e+01,-4.427192641079486890e+01,5.899235933465062942e+01,-1.066359312910544688e+01
7.679999999999999716e+00,-1.795131953679749870e+01,-4.564123244119525680e+01,5.863939106384447797e+01,-1.078852348394090299e+01
7.690000000000000391e+00,-1.800228545382907086e+01,-4.703040098737188401e+01,5.828488106303409921e+01,-1.090808275308495645e+01
7.700000000000000178e+00,-1.805186500006557182e+01,-4.844278786821307392e+01,5.792758410524587021e+01,-1.102172219277336929e+01
7.709999999999999964e+00,-1.810070070243809681e+01,-4.988121859955640502e+01,5.756640003296101327e+01,-1.112855770374996212e+01
7.719999999999999751e+00,-1.814953197637365534e+01,-5.134784257268286467e+01,5.720044720337516253e+01,-1.122739159642677187e+01
7.730000000000000426e+00,-1.819918126086418653e+01,-5.284398847363956264e+01,5.682913623789535507e+01,-1.131675172759744363e+01
7.740000000000000213e+00,-1.825053490017379687e+01,-5.437002938030492061e+01,5.645223917094918420e+01,-1.139494992679231977e+01
7.750000000000000000e+00,-1.830451886293671748e+01,-5.592526664275646198e+01,5.606994804554194189e+01,-1.146015995975589341e+01
7.759999999999999787e+00,-1.836206978135312795e+01,-5.750784143586553654e+01,5.568291660360679884e+01,-1.151051317034534271e+01
7.769999999999999574e+00,-1.842410213925892037e+01,-5.911468190126530686e+01,5.529227913052544352e+01,-1.154420767101897738e+01
7.780000000000000249e+00,-1.849147270662306752e+01,-6.074149231358341439e+01,5.489964177900697706e+01,-1.155962484427148063e+01
7.790000000000000036e+00,-1.856494350086662593e+01,-6.238278899954146084e+01,5.450704372295766831e+01,-1.155544530395368419e+01
7.799999999999999822e+00,-1.864514466587261765e+01,-6.403198605872788107e+01,5.411688805063406704e+01,-1.153075561882098299e+01
7.809999999999999609e+00,-1.873253872762921901e+01,-6.568153243021907883e+01,5.373184507620024419e+01,-1.148513718100408276e+01
7.820000000000000284e+00,-1.882738774797287462e+01,-6.732310052532761802e+01,5.335473337032284036e+01,-1.141872962553514448e+01
7.830000000000000071e+00,-1.892972498731388953e+01,-6.894782535451112437e+01,5.298838595355029923e+01,-1.133226304520725591e+01
7.839999999999999858e+00,-1.903933281996802762e+01,-7.054659153102302582e+01,5.263551051874559761e+01,-1.122705565608237599e+01
7.849999999999999645e+00,-1.915572881160977659e+01,-7.211036336409252101e+01,5.229855313171797349e+01,-1.110497625146905598e+01
7.860000000000000320e+00,-1.927816202214675911e+01,-7.363055008420064951e+01,5.197957461093991327e+01,-1.096837343642062912e+01
7.870000000000000107e+00,-1.940562165434516118e+01,-7.509939380767748673e+01,5.168014781922850887e+01,-1.081997601467507231e+01
7.879999999999999893e+00,-1.953686000802522571e+01,-7.651036214384284051e+01,5.140128258313546894e+01,-1.066277084312880952e+01
7.889999999999999680e+00,-1.967043118024106718e+01,-7.785852079966625183e+01,5.114338307141421325e+01,-1.049986590000026077e+01
7.900000000000000355e+00,-1.980474594424347146e+01,-7.914085513711751219e+01,5.090624036738193325e+01,-1.033434722299149477e+01
7.910000000000000142e+00,-1.993814167761561151e+01,-8.035650498396833541e+01,5.068906077113479114e+01,-1.016913878686030337e+01
7.919999999999999929e+00,-2.006896415034153591e+01,-8.150687612493216250e+01,5.049052813524458827e+01,-1.000687432764655860e+01
7.929999999999999716e+00,-2.019565566067409534e+01,-8.259559683436189914e+01,5.030889632258602262e+01,-9.849789579599743661e+00
7.940000000000000391e+00,-2.031684184299461293e+01,-8.362829986716928943e+01,5.014210574237103657e+01,-9.699642337388732827e+00
7.950000000000000178e+00,-2.043140801962122666e+01,-8.461222930637667616e+01,4.998791597900305561e+01,-9.557666145669974966e+00
7.959999999999999964e+00,-2.053855576987631437e+01,-8.555569533257228443e+01,4.984404494452958545e+01,-9.424561229737838275e+00
7.969999999999999751e+00,-2.063783178639786442e+01,-8.646742414037805702e+01,4.970830397392451516e+01,-9.300523560439740933e+00
7.980000000000000426e+00,-2.072912405414441395e+01,-8.735586966178361479e+01,4.957871807011302678e+01,-9.185309840925187430e+00
7.990000000000000213e+00,-2.081262446892574047e+01,-8.822856377793307558e+01,4.945362127601179481e+01,-9.078332973257378313e+00
8.000000000000000000e+00,-2.088876143263662755e+01,-8.909157973755296211e+01,4.933171898260567900e+01,-8.978779564795246415e+00
8.009999999999999787e+00,-2.095810985698214068e+01,-8.994916998077191295e+01,4.921211180156441856e+01,-8.885738663949112492e+00
8.019999999999999574e+00,-2.102128869451750859e+01,-9.080361766750419861e+01,4.909427919602885027e+01,-8.798329534149660347e+00
8.029999999999999361e+00,-2.107885728099916633e+01,-9.165531558892853070e+01,4.897802498849014796e+01,-8.715816132309470277e+00
8.039999999999999147e+00,-2.113122149514488513e+01,-9.250306129262199306e+01,4.886339068411290043e+01,-8.637697131448874188e+00
8.050000000000000711e+00,-2.117855936877586487e+01,-9.334453621951750790e+01,4.875054579910878516e+01,-8.563762703788414754e+00
8.060000000000000497e+00,-2.122077373179258686e+01,-9.417692057982031884e+01,4.863966669012995681e+01,-8.494112581556128916e+00
8.070000000000000284e+00,-2.125747706906560808e+01,-9.499758425660607486e+01,4.853081650776794476e+01,-8.429133751847510680e+00
8.080000000000000071e+00,-2.128801112821675190e+01,-9.580478637917180151e+01,4.842383877194641428e+01,-8.369440099424467761e+00
8.089999999999999858e+00,-2.131150091580832040e+01,-9.659831202808986461e+01,4.831827575908285155e+01,-8.315779999834511216e+00
8.099999999999999645e+00,-2.132693948277415785e+01,-9.737997466463868079e+01,4.821332057128843473e+01,-8.268920970143728510e+00
8.109999999999999432e+00,-2.133329638298511810e+01,-9.815391930857164482e+01,4.810780865267354756e+01,-8.229522774962870102e+00
8.119999999999999218e+00,-2.132963921430245335e+01,-9.892667654784879971e+01,4.800025087564160486e+01,-8.198011701585929956e+00
8.130000000000000782e+00,-2.131525484789434444e+01,-9.970694240270741204e+01,4.788890640152423828e+01,-8.174468951514153758e+00
8.140000000000000568e+00,-2.128975563076486921e+01,-1.005050925570043887e+02,4.777188960648015836e+01,-8.158545178787655061e+00
8.150000000000000355e+00,-2.125315672266866329e+01,-1.013324768052211908e+02,4.764730177264394939e+01,-8.149411121859012397e+00
8.160000000000000142e+00,-2.120591407435341225e+01,-1.022005732657479484e+02,4.751337533298768534e+01,-8.145751091317082526e+00
8.169999999999999929e+00,-2.114891795989366940e+01,-1.031201038845162685e+02,4.736861659928751322e+01,-8.145801980480024795e+00
8.179999999999999716e+00,-2.108344337067049423e+01,-1.041002172324615742e+02,4.721193242919149213e+01,-8.147435803450795433e+00
8.189999999999999503e+00,-2.101106454773617926e+01,-1.051478304983047281e+02,4.704272741458233753e+01,-8.148279029957004482e+00
8.199999999999999289e+00,-2.093354520038273492e+01,-1.062671939889934265e+02,4.686096091369492456e+01,-8.145857772119882156e+00
8.210000000000000853e+00,-2.085271782270381635e+01,-1.074597060261287282e+02,4.666715736822939675e+01,-8.137754782301179546e+00
8.220000000000000639e+00,-2.077036499663204694e+01,-1.087239721962131398e+02,4.646236836304051110e+01,-8.121762722704193749e+00
8.230000000000000426e+00,-2.068811327590395166e+01,-1.100560767699404181e+02,4.624809014288874920e+01,-8.096018517592419528e+00
8.240000000000000213e+00,-2.060734707527590004e+01,-1.114500185804135839e+02,4.602614508603535626e+01,-8.059105756897563921e+00
8.250000000000000000e+00,-2.052914678246688851e+01,-1.128982582168793414e+02,4.579853932010497175e+01,-8.010115757945181159e+00
8.259999999999999787e+00,-2.045425263230292856e+01,-1.143923253346321758e+02,4.556731082478979289e+01,-7.948662469633727135e+00
8.269999999999999574e+00,-2.038305396055750407e+01,-1.159234407643278786e+02,4.533438283502989918e+01,-7.874851286208827794e+00
8.279999999999999361e+00,-2.031560223298925294e+01,-1.174831149421304843e+02,4.510143623144600866e+01,-7.789206423182059247e+00
8.289999999999999147e+00,-2.025164549686994775e+01,-1.190636901031486019e+02,4.486981217185254422e+01,-7.692565322358175806e+00
8.300000000000000711e+00,-2.019068135043426082e+01,-1.206587980843731032e+02,4.464045287312151089e+01,-7.585951298584012292e+00
8.310000000000000497e+00,-2.013202493821574279e+01,-1.222637089626625340e+02,4.441388460793660187e+01,-7.470437190851973774e+00
8.320000000000000284e+00,-2.007488773613049204e+01,-1.238755493144137176e+02,4.419024300458904264e+01,-7.347013138018826162e+00
8.330000000000000071e+00,-2.001846201189219698e+01,-1.254933740584233988e+02,4.396933693309574664e+01,-7.216470845765691422e+00
8.339999999999999858e+00,-1.996200499730652922e+01,-1.271180837618091175e+02,4.375074387437484802e+01,-7.079314964743470995e+00
8.349999999999999645e+00,-1.990491625259192787e+01,-1.287521902947145520e+02,4.353392691516602042e+01,-6.935709599451398866e+00
8.359999999999999432e+00,-1.984680172477899873e+01,-1.303994470609311520e+02,4.331836158988880925e+01,-6.785464683050942192e+00
8.369999999999999218e+00,-1.978751881089941378e+01,-1.320643738637072602e+02,4.310365988580197438e+01,-6.628063208525277972e+00
8.380000000000000782e+00,-1.972719837219942107e+01,-1.337517182451195481e+02,4.288967898062958994e+01,-6.462726397817754709e+00
8.390000000000000568e+00,-1.966624193421944966e+01,-1.354659023381352654e+02,4.267660374500698595e+01,-6.288510184696960437e+00
8.400000000000000355e+00,-1.960529488774059814e+01,-1.372105051956478405e+02,4.246499463472685676e+01,-6.104423287154480349e+00
8.410000000000000142e+00,-1.954519892390620228e+01,-1.389878249265366605e+02,4.225579608052431979e+01,-5.909555027294162599e+00
8.419999999999999929e+00,-1.948692877964252190e+01,-1.407985540172507228e+02,4.205030447098905455e+01,-5.703200194187238559e+00
8.429999999999999716e+00,-1.943151937888752201e+01,-1.426415873098451073e+02,4.185009884028694671e+01,-5.484968743531638324e+00
8.439999999999999503e+00,-1.937998958590651810e+01,-1.445139679793697098e+02,4.165694093214479921e+01,-5.254869894078649573e+00
8.449999999999999289e+00,-1.933326819020842890e+01,-1.464109648398445813e+02,4.147265401357402226e+01,-5.013362938938648483e+00
8.460000000000000853e+00,-1.929212669280832770e+01,-1.483262658129591784e+02,4.129899140866958618e+01,-4.761370441103905726e+00
8.470000000000000639e+00,-1.925712226515397063e+01,-1.502522677313286863e+02,4.113750615199361249e+01,-4.500252989727511199e+00
8.480000000000000426e+00,-1.922855315876112314e+01,-1.521804412132757136e+02,4.098943252960282990e+01,-4.231747966600579502e+00
8.490000000000000213e+00,-1.920642801101755026e+01,-1.541017499714364760e+02,4.085558880802440740e+01,-3.957877528776652998e+00
8.500000000000000000e+00,-1.919044996481949994e+01,-1.560071052669385665e+02,4.073630841928935808e+01,-3.680833103471332191e+00
8.509999999999999787e+00,-1.918001624166599228e+01,-1.578878371179053488e+02,4.063140452810977621e+01,-3.402845083684883587e+00
8.519999999999999574e+00,-1.917423365157342374e+01,-1.597361635284879640e+02,4.054017045043114820e+01,-3.126047153776204457e+00
8.529999999999999361e+00,-1.917195031992476473e+01,-1.615456371673714671e+02,4.046141594437128930e+01,-2.852344837425127899e+00
8.539999999999999147e+00,-1.917180348741450402e+01,-1.633115459436550054e+02,4.039353702342579311e+01,-2.583297505217869716e+00
8.550000000000000711e+00,-1.917228245640309581e+01,-1.650312407642644814e+02,4.033461469601986238e+01,-2.320022227851466390e+00
8.560000000000000497e+00,-1.917180455758914803e+01,-1.667043618817708648e+02,4.028253598178646655e+01,-2.063126503314366200e+00
8.570000000000000284e+00,-1.916880046095617374e+01,-1.683329363806271886e+02,4.023512880643759360e+01,-1.812675006752198836e+00
8.580000000000000071e+00,-1.916180347047422927e+01,-1.699213250453541661e+02,4.019030109865781952e+01,-1.568193130462905982e+00
8.589999999999999858e+00,-1.914953597757433812e+01,-1.714760078898732445e+02,4.014617379887752691e+01,-1.328707295446260650e+00
8.599999999999999645e+00,-1.913098543089381209e+01,-1.730052134810937048e+02,4.010119771999986682e+01,-1.092819022282063290e+00
8.609999999999999432e+00,-1.910546238938177410e+01,-1.745184157647923371e+02,4.005424537955893527e+01,-8.588068401351947045e-01
8.619999999999999218e+00,-1.907263465475272213e+01,-1.760257399719488092e+02,4.000467103160066529e+01,-6.247476374982413594e-01
8.630000000000000782e+00,-1.903253402447227671e+01,-1.775373324221223470e+02,3.995233499288305978e+01,-3.886473579198683193e-01
8.640000000000000568e+00,-1.898553545344473648e+01,-1.790627544119895163e+02,3.989759166791780842e+01,-1.485702765328598685e-01
8.650000000000000355e+00,-1.893231173442139337e+01,1.793895435636704576e+02,3.984124402390501984e+01,9.724342885215989107e-02
8.660000000000000142e+00,-1.887376954899987425e+01,1.778126234024252597e+02,3.978447022533361377e+01,3.502805392542354679e-01
8.669999999999999929e+00,-1.881097441581497876e+01,1.762013109167507992e+02,3.972873034903273748e+01,6.116844060596541288e-01
8.679999999999999716e+00,-1.874507247738666749e+01,1.745522910851250060e+02,3.967566233360705752e+01,8.822147174123959879e-01
8.689999999999999503e+00,-1.867721633778225865e+01,1.728640585025751193e+02,3.962697650401865701e+01,1.162237802220302596e+00
8.699999999999999289e+00,-1.860850062684433581e+01,1.711367476068886049e+02,3.958435723945332541e+01,1.451745088165739661e+00
8.710000000000000853e+00,-1.853991104560621395e+01,1.693718747495227888e+02,3.954937882491937273e+01,1.750395099355230633e+00
8.720000000000000639e+00,-1.847228872364051000e+01,1.675720263835585513e+02,3.952344051189610497e+01,2.057572849780014757e+00
8.730000000000000426e+00,-1.840631005744891624e+01,1.657405257475579106e+02,3.950772358746965551e+01,2.372459711694152595e+00
8.740000000000000213e+00,-1.834248092831129640e+01,1.638811059292199559e+02,3.950317105921445915e+01,2.694106771125792665e+00
8.750000000000000000e+00,-1.828114333419377857e+01,1.619976114541731818e+02,3.951048859414651560e+01,3.021505221754826387e+00
8.759999999999999787e+00,-1.822249195968445079e+01,1.600937445492225208e+02,3.953016373392713945e+01,3.353648357788192147e+00
8.769999999999999574e+00,-1.816659797029162604e+01,1.581728665464861763e+02,3.956249922150262677e+01,3.689581062439873715e+00
8.779999999999999361e+00,-1.811343727747122401e+01,1.562378597610704105e+02,3.960765555127952808e+01,4.028434212133506165e+00
8.789999999999999147e+00,-1.806292062414255639e+01,1.542910506258467080e+02,3.966569759930727912e+01,4.369442998035604653e+00
8.800000000000000711e+00,-1.801492305662540616e+01,1.523341908694596611e+02,3.973664038018576150e+01,4.711949686303923635e+00
8.810000000000000497e+00,-1.796931066453712944e+01,1.503684900709210410e+02,3.982048956848312571e+01,5.055392687008053443e+00
8.820000000000000284e+00,-1.792596287833357138e+01,1.483946900799070363e+02,3.991727334527987381e+01,5.399284882724903589e+00
8.830000000000000071e+00,-1.788478910371834729e+01,1.464131696861582270e+02,4.002706329235255822e+01,5.743184904593668705e+00
8.839999999999999858e+00,-1.784573902045509186e+01,1.444240667095540971e+02,4.014998334507061628e+01,6.086665387220269174e+00
8.849999999999999645e+00,-1.780880644410837377e+01,1.424274044871589524e+02,4.028620710670119820e+01,6.429282170622829362e+00
8.859999999999999432e+00,-1.777402719685516175e+01,1.404232105910449775e+02,4.043594499903277750e+01,6.770547972829871419e+00
8.869999999999999218e+00,-1.774147190916216488e+01,1.384116174392260064e+02,4.059942366941545799e+01,7.109913293512152954e+00
8.880000000000000782e+00,-1.771123503556732715e+01,1.363929370612102616e+02,4.077686071191040185e+01,7.446756319824808124e+00
8.890000000000000568e+00,-1.768342158665337038e+01,1.343677053602817750e+02,4.096843804484791463e+01,7.780382501447823174e+00
8.900000000000000355e+00,-1.765813314518086230e+01,1.323366944471945601e+02,4.117427721130469820e+01,8.110033358626111522e+00
8.910000000000000142e+00,-1.763545465486081198e+01,1.303008946879685368e+02,4.139441946102229508e+01,8.434903093255277540e+00
8.919999999999999929e+00,-1.761544326743347710e+01,1.282614707508049321e+02,4.162881278981332400e+01,8.754160779803584091e+00
8.929999999999999716e+00,-1.759812023852582996e+01,1.262196979719368386e+02,4.187730723474531658e+01,9.066975387420223242e+00
8.939999999999999503e+00,-1.758346650936442401e+01,1.241768866885759763e+02,4.213965874275969270e+01,9.372540667222542865e+00
8.949999999999999289e+00,-1.757142223285669402e+01,1.221343027810283104e+02,4.241554094485301363e+01,9.670097041658868520e+00
8.960000000000000853e+00,-1.756189012829023000e+01,1.200930925501612307e+02,4.270456327406801478e+01,9.958948040251895506e+00
8.970000000000000639e+00,-1.755474220427060317e+01,1.180542192902730960e+02,4.300629315176252021e+01,1.023846949533255923e+01
8.980000000000000426e+00,-1.754982909622907883e+01,1.160184175850169197e+02,4.332027950632242863e+01,1.050811057526025216e+01
8.990000000000000213e+00,-1.754699104163560008e+01,1.139861695610670864e+02,4.364607473282643468e+01,1.076738670306182399e+01
9.000000000000000000e+00,-1.754606937873239048e+01,1.119577052110129927e+02,4.398325237346160321e+01,1.101586538325952702e+01
9.009999999999999787e+00,-1.754691741488007750e+01,1.099330266021814424e+02,4.433141828533616291e+01,1.125314683199908394e+01
9.019999999999999574e+00,-1.754940957415085379e+01,1.079119535069979889e+02,4.469021381827288764e+01,1.147884197537941198e+01
9.029999999999999361e+00,-1.755344789793419125e+01,1.058941859248508024e+02,4.505931047166843939e+01,1.169255076708269492e+01
9.039999999999999147e+00,-1.755896522441374685e+01,1.038793773132629070e+02,4.543839653382384114e+01,1.189384382770921000e+01
9.050000000000000711e+00,-1.756592469015714286e+01,1.018672112756187005e+02,4.582715721387357632e+01,1.208225011025653295e+01
9.060000000000000497e+00,-1.757431554890842307e+01,9.985747407537245124e+01,4.622525064100648962e+01,1.225725267384320460e+01
9.070000000000000284e+00,-1.758414565376827809e+01,9.785011569836859735e+01,4.663228272764537508e+01,1.241829376242157323e+01
9.080000000000000071e+00,-1.759543126449632666e+01,9.584529321927794854e+01,4.704778419726211780e+01,1.256478932757209677e+01
9.089999999999999858e+00,-1.760818509208377236e+01,9.384339182517612699e+01,4.747119302080828618e+01,1.269615201471200372e+01
9.099999999999999645e+00,-1.762240365721299185e+01,9.184502083683229046e+01,4.790184508197724256e+01,1.281182056877371167e+01
9.109999999999999432e+00,-1.763805510734794169e+01,8.985098424993860533e+01,4.833897513128859913e+01,1.291129272463878941e+01
9.119999999999999218e+00,-1.765506860856459070e+01,8.786222750124024117e+01,4.878172905776985147e+01,1.299415803244717260e+01
9.130000000000000782e+00,-1.767332631037198709e+01,8.587976417872540935e+01,4.922918730094306028e+01,1.306012680884914801e+01
9.140000000000000568e+00,-1.769265868746277093e+01,8.390458810442038384e+01,4.968039796517189899e+01,1.310905155124471300e+01
9.150000000000000355e+00,-1.771284380710972783e+01,8.193757751973045345e+01,5.013441701819027685e+01,1.314093771245070208e+01
9.160000000000000142e+00,-1.773361077163517763e+01,7.997939891990252192e+01,5.059035199291137985e+01,1.315594167222349498e+01
9.169999999999999929e+00,-1.775464725990871528e+01,7.803041835834436313e+01,5.104740498983856867e+01,1.315435497702182666e+01
9.179999999999999716e+00,-1.777561075983480876e+01,7.609062773144684400e+01,5.150491058912191278e+01,1.313657532538227635e+01
9.189999999999999503e+00,-1.779614276770248438e+01,7.415959263939427615e+01,5.196236457220584271e+01,1.310306619777795589e+01
9.199999999999999289e+00,-1.781588495564192698e+01,7.223642691120586790e+01,5.241944011080096999e+01,1.305430829935071735e+01
9.210000000000000853e+00,-1.783449610286598741e+01,7.031979684711679113e+01,5.287598923240029336e+01,1.299074694505671523e+01
9.220000000000000639e+00,-1.785166847653648858e+01,6.840795579905385182e+01,5.333202878977539996e+01,1.291274004767856631e+01
9.230000000000000426e+00,-1.786714235511485072e+01,6.649880708251883732e+01,5.378771168283259385e+01,1.282051140146334234e+01
9.240000000000000213e+00,-1.788071752123811109e+01,6.458999065286469943e+01,5.424328552723554253e+01,1.271411348335665181e+01
9.250000000000000000e+00,-1.789226080751383208e+01,6.267898677746808289e+01,5.469904216948982167e+01,1.259340307901421419e+01
9.259999999999999787e+00,-1.790170913484687176e+01,6.076322836864054011e+01,5.515526228114077867e+01,1.245803179409567640e+01
9.269999999999999574e+00,-1.790906790088747158e+01,5.884021291992836922e+01,5.561215964340916429e+01,1.230745208000906921e+01
9.279999999999999361e+00,-1.791440500724628393e+01,5.690760521147579709e+01,5.606982963219871863e+01,1.214093794846714047e+01
9.289999999999999147e+00,-1.791784120689548843e+01,5.496332308803845734e+01,5.652820586034533079e+01,1.195761822597314961e+01
9.300000000000000711e+00,-1.791953776229092909e+01,5.300560050899966313e+01,5.698702800359313159e+01,1.175651914035865708e+01
9.310000000000000497e+00,-1.791968259808498587e+01,5.103302447000528019e+01,5.744582263770651309e+01,1.153661233610460535e+01
9.320000000000000284e+00,-1.791847619515238321e+01,4.904454499797726186e+01,5.790389757674445548e+01,1.129686414325639454e+01
9.330000000000000071e+00,-1.791611840817225954e+01,4.703945992493957817e+01,5.836034886690206491e+01,1.103628209406202743e+01
9.339999999999999858e+00,-1.791279721528980673e+01,4.501737829646630473e+01,5.881407839492013068e+01,1.075395526744109453e+01
9.349999999999999645e+00,-1.790868015352357290e+01,4.297816788551750733e+01,5.926381914063189527e+01,1.044908597860803567e+01
9.359999999999999432e+00,-1.790390889024763865e+01,4.092189326161618368e+01,5.970816454146606844e+01,1.012101151711831193e+01
9.369999999999999218e+00,-1.789859706182128463e+01,3.884875118413538075e+01,6.014559830897437109e+01,9.769215938604164151e+00
9.380000000000000782e+00,-1.789283120451274556e+01,3.675900978357158522e+01,6.057452136449294500e+01,9.393333181853900982e+00
9.390000000000000568e+00,-1.788667433456084410e+01,3.465295714713916908e+01,6.099327331137803299e+01,8.993143858453308326e+00
9.400000000000000355e+00,-1.788017152231437024e+01,3.253086364581579204e+01,6.140014694997663014e+01,8.568568806825732409e+00
9.410000000000000142e+00,-1.787335666313461147e+01,3.039296075970271716e+01,6.179339563645856259e+01,8.119662810424721044e+00
9.419999999999999929e+00,-1.786625958287511295e+01,2.823943742011006108e+01,6.217123462223482733e+01,7.646611696279721926e+00
9.429999999999999716e+00,-1.785891263030821818e+01,2.607045313922190743e+01,6.253183870766167729e+01,7.149735362101909075e+00
9.439999999999999503e+00,-1.785135599887833280e+01,2.388616558889986763e+01,6.287333943246508738e+01,6.629498199214995502e+00
9.449999999999999289e+00,-1.784364117553216289e+01,2.168676895460751197e+01,6.319382546885398710e+01,6.086527014480692443e+00
9.460000000000000853e+00,-1.783583211930438495e+01,1.947253843958346309e+01,6.349134979691711322e+01,5.521635080985271671e+00
9.470000000000000639e+00,-1.782800400655312245e+01,1.724387580241728912e+01,6.376394660666843350e+01,4.935849562018958636e+00
9.480000000000000426e+00,-1.782023962055164645e+01,1.500135080633867801e+01,6.400965973968251888e+01,4.330438452862145127e+00
9.490000000000000213e+00,-1.781262368801447593e+01,1.274573391969660641e+01,6.422658297750199097e+01,3.706932541446673834e+00
9.500000000000000000e+00,-1.780523565432673649e+01,1.047801646796328079e+01,6.441291078399926562e+01,3.067137823899919624e+00
9.509999999999999787e+00,-1.779814152793079884e+01,8.199415597209339879e+00,6.456699643394856025e+01,2.413134376596389963e+00
9.519999999999999574e+00,-1.779138550384499950e+01,5.911362747063902745e+00,6.468741304239523515e+01,1.747258852249599537e+00
9.529999999999999361e+00,-1.778498209428480337e+01,3.615475724070218444e+00,6.477301206267516420e+01,1.072069417338394448e+00
9.539999999999999147e+00,-1.777890945395959577e+01,1.313515800810529655e+00,6.482297350743085929e+01,3.902938882615394345e-01
9.550000000000000711e+00,-1.777310449602799736e+01,-9.926675515646294912e-01,6.483684254861150009e+01,-2.952361940911253368e-01
9.560000000000000497e+00,-1.776746026158148339e+01,-3.301200730722718912e+00,6.481454825177526402e+01,-9.816610557995064656e-01
9.570000000000000284e+00,-1.776182584169801970e+01,-5.610254617138449085e+00,6.475640187650721202e+01,-1.666171970222089849e+00
9.580000000000000071e+00,-1.775600896767261716e+01,-7.918113098606541556e+00,6.466307421924925336e+01,-2.346087928814417634e+00
9.589999999999999858e+00,-1.774978119314721070e+01,-1.022323680789286371e+01,6.453555362067423573e+01,-3.018923436244068892e+00
9.599999999999999645e+00,-1.774288540287104254e+01,-1.252431764229957700e+01,6.437508822530439545e+01,-3.682442032660433906e+00
9.609999999999999432e+00,-1.773504520853563093e+01,-1.482032022107210878e+01,6.418311761483636246e+01,-4.334691630544381447e+00
9.619999999999999218e+00,-1.772597564486542154e+01,-1.711050732181091050e+01,6.396119985551350595e+01,-4.974019649625134321e+00
9.630000000000000782e+00,-1.771539447125766742e+01,-1.939444747585164563e+01,6.371094021352472225e+01,-5.599067990075859313e+00
9.640000000000000568e+00,-1.770303332703928234e+01,-2.167200422407146476e+01,6.343392730974345994e+01,-6.208749844400086815e+00
9.650000000000000355e+00,-1.768864799038206925e+01,-2.394330794082190650e+01,6.313168140420653884e+01,-6.802211985804738958e+00
9.660000000000000142e+00,-1.767202705600765711e+01,-2.620871250417333798e+01,6.280561798618641234e+01,-7.378787317510475674e+00
9.669999999999999929e+00,-1.765299847267542432e+01,-2.846874029366655279e+01,6.245702809996998894e+01,-7.937943028925107392e+00
9.679999999999999716e+00,-1.763143355865692996e+01,-3.072401990593441568e+01,6.208707507065376774e+01,-8.479229662695308534e+00
9.689999999999999503e+00,-1.760724832580293864e+01,-3.297522149176634798e+01,6.169680570302988798e+01,-9.002235802480647919e+00
9.699999999999999289e+00,-1.758040216919458132e+01,-3.522299467503788151e+01,6.128717276881302212e+01,-9.506552052074860981e+00
9.710000000000000853e+00,-1.755089419621913294e+01,-3.746791360689292105e+01,6.085906478325008351e+01,-9.991746638773948419e+00
9.720000000000000639e+00,-1.751875765370657945e+01,-3.971043288578545827e+01,6.041333875605335635e+01,-1.045735350544032372e+01
9.730000000000000426e+00,-1.748405304613568845e+01,-4.195085693212320166e+01,5.995085178066955933e+01,-1.090287232717167498e+01
9.740000000000000213e+00,-1.744686061003934796e+01,-4.418932407578940058e+01,5.947248794298995733e+01,-1.132777865557353891e+01
9.750000000000000000e+00,-1.740727281547180283e+01,-4.642580524073477477e+01,5.897917798266799139e+01,-1.173154148102931593e+01
9.759999999999999787e+00,-1.736538750820577803e+01,-4.866011583303108523e+01,5.847191029137999152e+01,-1.211364499161169483e+01
9.769999999999999574e+00,-1.732130219603496002e+01,-5.089193837595475145e+01,5.795173303105028140e+01,-1.247361122472395856e+01
9.779999999999999361e+00,-1.727510983353101537e+01,-5.312085267431977087e+01,5.741974825316760445e+01,-1.281102062855344670e+01
9.789999999999999147e+00,-1.722689628863901845e+01,-5.534636988005667035e+01,5.687709977194282374e+01,-1.312552820086447269e+01
9.800000000000000711e+00,-1.717673949891118568e+01,-5.756796678475182460e+01,5.632495710083733087e+01,-1.341687374201034011e+01
9.810000000000000497e+00,-1.712471016125200407e+01,-5.978511696209949378e+01,5.576449796260964575e+01,-1.368488571711839619e+01
9.820000000000000284e+00,-1.707087366084224556e+01,-6.199731597582432130e+01,5.519689173548343319e+01,-1.392947913808801452e+01
9.830000000000000071e+00,-1.701529284345637194e+01,-6.420409868647976737e+01,5.462328575487411797e+01,-1.415064863482838575e+01
9.839999999999999858e+00,-1.695803117808376115e+01,-6.640504764822040329e+01,5.404479573764551503e+01,-1.434845840299433029e+01
9.849999999999999645e+00,-1.689915584696954198e+01,-6.859979258981289263e+01,5.346250083997780678e+01,-1.452303094706499209e+01
9.859999999999999432e+00,-1.683874033699390438e+01,-7.078800192708079919e+01,5.287744311046735390e+01,-1.467453647884457446e+01
9.869999999999999218e+00,-1.677686618458510637e+01,-7.296936806732942671e+01,5.229063045649503039e+01,-1.480318451618398790e+01
9.880000000000000782e+00,-1.671362363715649124e+01,-7.514358886536201965e+01,5.170304178153423891e+01,-1.490921871909808871e+01
9.890000000000000568e+00,-1.664911112540522709e+01,-7.731034792283286095e+01,5.111563272129794910e+01,-1.499291538435258886e+01
9.900000000000000355e+00,-1.658343357893359382e+01,-7.946929646268107206e+01,5.052934042134027948e+01,-1.505458538649045863e+01
9.910000000000000142e+00,-1.651669974840540434e+01,-8.162003926319405878e+01,4.994508603904949950e+01,-1.509457879023536897e+01
9.919999999999999929e+00,-1.644901880785059944e+01,-8.376212663560097837e+01,4.936377407197491607e+01,-1.511329093821683145e+01
9.929999999999999716e+00,-1.638049659029104532e+01,-8.589505373322663218e+01,4.878628814491813159e+01,-1.511116858777365479e+01
9.939999999999999503e+00,-1.631123185157058941e+01,-8.801826766436772687e+01,4.821348345267939095e+01,-1.508871465201804796e+01
9.949999999999999289e+00,-1.624131295810243714e+01,-9.013118202891070041e+01,4.764617657655850280e+01,-1.504649028537491873e+01
9.960000000000000853e+00,-1.617081535515976043e+01,-9.223319769380790945e+01,4.708513380366545675e+01,-1.498511340856028262e+01
9.970000000000000639e+00,-1.609980009791294009e+01,-9.432372794048706055e+01,4.653105932994617433e+01,-1.490525323878823727e+01
9.980000000000000426e+00,-1.602831362520399239e+01,-9.640222562017450514e+01,4.598458479471925386e+01,-1.480762091273957637e+01
9.990000000000000213e+00,-1.595638883578348199e+01,-9.846820968519261896e+01,4.544626147517453063e+01,-1.469295679483653672e+01
1.000000000000000000e+01,-1.588404739951783640e+01,-1.005212884497627641e+02,4.491655618516833925e+01,-1.456201548996938655e+01
1.000999999999999979e+01,-1.581130311355890328e+01,-1.025611771753238202e+02,4.439585151368899574e+01,-1.441554987917948871e+01
1.001999999999999957e+01,-1.573816600702177837e+01,-1.045877080537511574e+02,4.388445055684193363e+01,-1.425429563754619622e+01
1.002999999999999936e+01,-1.566464681756108135e+01,-1.066008313369160305e+02,4.338258580101057049e+01,-1.407895766391773051e+01
1.003999999999999915e+01,-1.559076141755870104e+01,-1.086006071733954883e+02,4.289043136088745456e+01,-1.389019965996113548e+01
1.005000000000000071e+01,-1.551653476169644996e+01,-1.105871885884133974e+02,4.240811741427530990e+01,-1.368863776659402554e+01
1.006000000000000050e+01,-1.544200396310748857e+01,-1.125607968975532174e+02,4.193574544419259809e+01,-1.347483873850961800e+01
1.007000000000000028e+01,-1.536722017960036624e+01,-1.145216915936632915e+02,4.147340282095906616e+01,-1.324932266094859834e+01
1.008000000000000007e+01,-1.529224909805837207e+01,-1.164701373128426525e+02,4.102117533860853626e+01,-1.301256973998327737e+01
1.008999999999999986e+01,-1.521716993391200745e+01,-1.184063708098269956e+02,4.057915654985067277e+01,-1.276503027977524773e+01
1.009999999999999964e+01,-1.514207300093003283e+01,-1.203305709205847478e+02,4.014745309465053680e+01,-1.250713664206154974e+01
1.010999999999999943e+01,-1.506705604079650662e+01,-1.222428342545989892e+02,3.972618564938478869e+01,-1.223931579736639108e+01
1.011999999999999922e+01,-1.499221961888686572e+01,-1.241431588650347777e+02,3.931548558837013019e+01,-1.196200104180841883e+01
1.013000000000000078e+01,-1.491766198121663045e+01,-1.260314374415732033e+02,3.891548789673674946e+01,-1.167564156867702252e+01
1.014000000000000057e+01,-1.484347381975795344e+01,-1.279074607274766606e+02,3.852632125575964039e+01,-1.138070883438651215e+01
1.015000000000000036e+01,-1.476973340505506371e+01,-1.297709309593741978e+02,3.814809650009396336e+01,-1.107769901396570056e+01
1.016000000000000014e+01,-1.469650251607708213e+01,-1.316214842473094677e+02,3.778089479469529977e+01,-1.076713126162847978e+01
1.016999999999999993e+01,-1.462382353086034037e+01,-1.334587200299712038e+02,3.742475688622997154e+01,-1.044954193169215628e+01
1.017999999999999972e+01,-1.455171794399643659e+01,-1.352822351202758568e+02,3.707967465339839919e+01,-1.012547532870003231e+01
1.018999999999999950e+01,-1.448018645691725226e+01,-1.370916594489212912e+02,3.674558593048364230e+01,-9.795471902380027629e+00
1.019999999999999929e+01,-1.440921065419389890e+01,-1.388866904499743100e+02,3.642237323731619369e+01,-9.460055050947602240e+00
1.021000000000000085e+01,-1.433875614449581626e+01,-1.406671231264906794e+02,3.610986665287902042e+01,-9.119717824184725430e+00
1.022000000000000064e+01,-1.426877691944109827e+01,-1.424328731800518995e+02,3.580785065877468298e+01,-8.774910816898096044e+00
1.023000000000000043e+01,-1.419922057785712610e+01,-1.441839911612430569e+02,3.551607439244263986e+01,-8.426032417257978580e+00
1.024000000000000021e+01,-1.413003398636050001e+01,-1.459206663548908409e+02,3.523426442457405727e+01,-8.073422338015173949e+00
1.025000000000000000e+01,-1.406116890709166789e+01,-1.476432199931540197e+02,3.496213894045062887e+01,-7.717359036350666557e+00
1.025999999999999979e+01,-1.399258712450810194e+01,-1.493520883159267498e+02,3.469942208191022814e+01,-7.358061252318789158e+00
1.026999999999999957e+01,-1.392426464637037498e+01,-1.510477968872998531e+02,3.444585720566882969e+01,-6.995693503440159944e+00
1.027999999999999936e+01,-1.385619463637171656e+01,-1.527309283441005618e+02,3.420121793343054151e+01,-6.630375002359320646e+00
1.028999999999999915e+01,-1.378838885006120307e+01,-1.544020863213677615e+02,3.396531609643572125e+01,-6.262191151826103308e+00
1.030000000000000071e+01,-1.372087748098913806e+01,-1.560618586117516884e+02,3.373800598791103766e+01,-5.891206546982022729e+00
1.031000000000000050e+01,-1.365370746705219673e+01,-1.577107826390923719e+02,3.351918469888726548e+01,-5.517478300327056218e+00
1.032000000000000028e+01,-1.358693944356281769e+01,-1.593493160593613709e+02,3.330878868851626606e+01,-5.141068509613877957e+00
1.033000000000000007e+01,-1.352064364607869251e+01,-1.609778147746667685e+02,3.310678709075939707e+01,-4.762054810384454662e+00
1.033999999999999986e+01,-1.345489515133403025e+01,-1.625965199151947047e+02,3.291317254982661211e+01,-4.380538177793019905e+00
1.034999999999999964e+01,-1.338976889111584967e+01,-1.642055544867363039e+02,3.272795057883714520e+01,-3.996647441175000370e+00
1.035999999999999943e+01,-1.332533487829178576e+01,-1.658049294847679676e+02,3.255112853178121668e+01,-3.610540316656422721e+00
1.036999999999999922e+01,-1.326165404742064169e+01,-1.673945584269582412e+02,3.238270526163347540e+01,-3.222401111623508729e+00
1.038000000000000078e+01,-1.319877503936669960e+01,-1.689742785327036643e+02,3.222266241294755673e+01,-2.832435574341185092e+00
1.039000000000000057e+01,-1.313673215811393291e+01,-1.705438762435106810e+02,3.207095808174690177e+01,-2.440863620975246562e+00
1.040000000000000036e+01,-1.307554460870038682e+01,-1.721031144747099404e+02,3.192752329385974619e+01,-2.047910846511021177e+00
1.041000000000000014e+01,-1.301521699919165442e+01,-1.736517589382036704e+02,3.179226143558519979e+01,-1.653799800618104499e+00
1.041999999999999993e+01,-1.295574096842652345e+01,-1.751896010768064116e+02,3.166505045081448344e+01,-1.258741979658872356e+00
1.042999999999999972e+01,-1.289709769582281140e+01,-1.767164755811636496e+02,3.154574732897820155e+01,-8.629313573608369259e-01
1.043999999999999950e+01,-1.283926096934331618e+01,-1.782322710788607196e+02,3.143419417740492605e+01,-4.665400642723260272e-01
1.044999999999999929e+01,-1.278220044018637047e+01,-1.797369333344283291e+02,3.133022502270028653e+01,-6.971655308875621126e-02
1.046000000000000085e+01,-1.272588468249426796e+01,1.787695388917633750e+02,3.123367243322914533e+01,3.274137177610514371e-01
1.047000000000000064e+01,-1.267028370466883302e+01,1.772871043855334676e+02,3.114437310370877299e+01,7.247453541248609632e-01
1.048000000000000043e+01,-1.261537062342800120e+01,1.758156947842873024e+02,3.106217168803753381e+01,1.122188393141723806e+00
1.049000000000000021e+01,-1.256112230662390239e+01,1.743552324763014383e+02,3.098692239260984493e+01,1.519662720377556786e+00
1.050000000000000000e+01,-1.250751890698830415e+01,1.729056486137835691e+02,3.091848812573539007e+01,1.917092415053371246e+00
1.050999999999999979e+01,-1.245454233496030838e+01,1.714668987050536089e+02,3.085673730936539627e+01,2.314400926935283653e+00
1.051999999999999957e+01,-1.240217384198242634e+01,1.700389734620659397e+02,3.080153876389859136e+01,2.711507910676000055e+00
1.052999999999999936e+01,-1.235039099366651527e+01,1.686219030385099700e+02,3.075275534241238518e+01,3.108328368895480587e+00
1.053999999999999915e+01,-1.229916439401289452e+01,1.672157534587784369e+02,3.071023718794879542e+01,3.504774500885795785e+00
1.055000000000000071e+01,-1.224845456892455076e+01,1.658206148469172376e+02,3.067381559386926781e+01,3.900760344782289391e+00
1.056000000000000050e+01,-1.219820942438891720e+01,1.644365819413355609e+02,3.064329844911128831e+01,4.296208968522352123e+00
1.057000000000000028e+01,-1.214836266035498724e+01,1.630637282431337383e+02,3.061846814402885286e+01,4.691061642976958268e+00
1.058000000000000007e+01,-1.209883344765927760e+01,1.617020759117840498e+02,3.059908260560144555e+01,5.085288152994137612e+00
1.058999999999999986e+01,-1.204952756795465874e+01,1.603515641169466335e+02,3.058487984046008279e+01,5.478897199039718835e+00
1.059999999999999964e+01,-1.200034008412109721e+01,1.590120189175880796e+02,3.057558601644331731e+01,5.871945737659590492e+00
1.060999999999999943e+01,-1.195115946224404979e+01,1.576831278248722299e+02,3.057092674099100904e+01,6.264546118467806401e+00
1.061999999999999922e+01,-1.190187291891242793e+01,1.563644219909908770e+02,3.057064083432775092e+01,6.656870003586749185e+00
1.063000000000000078e+01,-1.185237263324341761e+01,1.550552684551986431e+02,3.057449558453300043e+01,7.049148295588500091e+00
1.064000000000000057e+01,-1.180256235546224097e+01,1.537548741019901684e+02,3.058230224476254833e+01,7.441666633357064242e+00
1.065000000000000036e+01,-1.175236387531537829e+01,1.524623020045776229e+02,3.059393041782952238e+01,7.834756412461550745e+00
1.066000000000000014e+01,-1.170172279332349063e+01,1.511764997256810830e+02,3.060931998751957295e+01,8.228781709750192519e+00
1.066999999999999993e+01,-1.165061307067295004e+01,1.498963380329234383e+02,3.062848940381384111e+01,8.624122898319027897e+00
1.067999999999999972e+01,-1.159903991862876538e+01,1.486206574724610050e+02,3.065153940065295046e+01,9.021158086081801031e+00
1.068999999999999950e+01,-1.154704071895485917e+01,1.473483194417727304e+02,3.067865159607925918e+01,9.420243761146494421e+00
1.069999999999999929e+01,-1.149468383062534116e+01,1.460782579010258928e+02,3.071008186006525520e+01,9.821696152075210406e+00
1.071000000000000085e+01,-1.144206531858285913e+01,1.448095277197449775e+02,3.074614879207998186e+01,1.022577479614280627e+01
1.072000000000000064e+01,-1.138930381885625565e+01,1.435413458881602935e+02,3.078721808310432095e+01,1.063266965421874488e+01
1.073000000000000043e+01,-1.133653391279417555e+01,1.422731224038249138e+02,3.083368390302195294e+01,1.104249283196491405e+01
1.074000000000000021e+01,-1.128389850609481115e+01,1.410044785086883792e+02,3.088594871948924947e+01,1.145527559123083172e+01
1.075000000000000000e+01,-1.123154078489775110e+01,1.397352510065562115e+02,3.094440309509059261e+01,1.187097089922371929e+01
1.075999999999999979e+01,-1.117959634619935372e+01,1.384654825283460013e+02,3.100940701524794463e+01,1.228946130697624639e+01
1.076999999999999957e+01,-1.112818607359878875e+01,1.371953987252854290e+02,3.108127417228081057e+01,1.271057151357880244e+01
1.077999999999999936e+01,-1.107741025706359572e+01,1.359253743625615698e+02,3.116026038504124784e+01,1.313408459559847685e+01
1.078999999999999915e+01,-1.102734434580221290e+01,1.346558910822650432e+02,3.124655699181866098e+01,1.355976059256968647e+01
1.080000000000000071e+01,-1.097803658742969368e+01,1.333874901527373140e+02,3.134028964664054229e+01,1.398735596165577633e+01
1.081000000000000050e+01,-1.092950765632950194e+01,1.321207237935023784e+02,3.144152250981149166e+01,1.441664236053819081e+01
1.082000000000000028e+01,-1.088175222134170639e+01,1.308561086543986676e+02,3.155026738851659118e+01,1.484742329066577859e+01
1.083000000000000007e+01,-1.083474225885770892e+01,1.295940847468012578e+02,3.166649698809134961e+01,1.527954732684693617e+01
1.083999999999999986e+01,-1.078843179220986315e+01,1.283349826026601193e+02,3.179016111194778560e+01,1.571291695797273036e+01
1.084999999999999964e+01,-1.074276264062970299e+01,1.270790007164986690e+02,3.192120442580208106e+01,1.614749244279946083e+01
1.085999999999999943e+01,-1.069767069796627901e+01,1.258261944625274111e+02,3.205958429977915358e+01,1.658329051201583226e+01
1.086999999999999922e+01,-1.065309223751493839e+01,1.245764767405645728e+02,3.220528727020779058e+01,1.702037818579232109e+01
1.088000000000000078e+01,-1.060896975663039044e+01,1.233296296656265270e+02,3.235834281974647553e+01,1.745886238489013209e+01
1.089000000000000057e+01,-1.056525693192124926e+01,1.220853257550187010e+02,3.251883344574491019e+01,1.789887635507442099e+01
1.090000000000000036e+01,-1.052192234782494396e+01,1.208431563581338395e+02,3.268690034658410326e+01,1.834056416667667833e+01
1.091000000000000014e+01,-1.047895177988167958e+01,1.196026645809647846e+02,3.286274446887010470e+01,1.878406467097722654e+01
1.091999999999999993e+01,-1.043634894788296918e+01,1.183633797230829146e+02,3.304662308378414792e+01,1.922949628244247933e+01
1.092999999999999972e+01,-1.039413479037401622e+01,1.171248502874738904e+02,3.323884245647727198e+01,1.967694381438785101e+01
1.093999999999999950e+01,-1.035234543757455938e+01,1.158866729323051885e+02,3.343974749966206872e+01,2.012644834242737346e+01
1.094999999999999929e+01,-1.031102916278553394e+01,1.146485152698427896e+02,3.364970953093159522e+01,2.057800073342326996e+01
1.096000000000000085e+01,-1.027024266358483828e+01,1.134101311196782405e+02,3.386911336330776123e+01,2.103153909372123920e+01
1.097000000000000064e+01,-1.023004705809316661e+01,1.121713676144857743e+02,3.409834494326017307e+01,2.148694999901045222e+01
1.098000000000000043e+01,-1.019050397695242971e+01,1.109321643544047191e+02,3.433778061591713993e+01,2.194407300831493757e+01
1.099000000000000021e+01,-1.015167209107991653e+01,1.096925455325579577e+02,3.458777886095845133e+01,2.240270767100063054e+01
1.100000000000000000e+01,-1.011360434485006188e+01,1.084526065429208330e+02,3.484867503160889868e+01,2.286262203526962367e+01
1.100999999999999979e+01,-1.007634607274354721e+01,1.072124969844036571e+02,3.512077927654956966e+01,2.332356157661497420e+01
1.101999999999999957e+01,-1.003993407478161615e+01,1.059724021642528129e+02,3.540437746697304533e+01,2.378525749133106615e+01
1.102999999999999936e+01,-1.000439662271815955e+01,1.047325251741312968e+02,3.569973462487099880e+01,2.424743343829513265e+01
1.103999999999999915e+01,-9.969754274921040604e+00,1.034930713784745819e+02,3.600710008706036547e+01,2.470981004593242147e+01
1.105000000000000071e+01,-9.936021301696408514e+00,1.022542367497136837e+02,3.632671346917402388e+01,2.517210680522880395e+01
1.106000000000000050e+01,-9.903207471045123000e+00,1.010162009557240168e+02,3.665881043260617389e+01,2.563404131130262797e+01
1.107000000000000028e+01,-9.871319921562554001e+00,9.977912550805895364e+01,3.700362731204780431e+01,2.609532615858941185e+01
1.108000000000000007e+01,-9.840364855705482583e+00,9.854315667655637867e+01,3.736140382662238579e+01,2.655566410059416782e+01
1.108999999999999986e+01,-9.810348821400477703e+00,9.730843232735699644e+01,3.773238335675776511e+01,2.701474232002533782e+01
1.109999999999999964e+01,-9.781279408703172251e+00,9.607509140149969085e+01,3.811681059439781905e+01,2.747222679137974310e+01
1.110999999999999943e+01,-9.753165264377917865e+00,9.484328446284619929e+01,3.851492673068977268e+01,2.792775773811230522e+01
1.111999999999999922e+01,-9.726015412636492385e+00,9.361318363410441634e+01,3.892696269333009695e+01,2.838094708498090668e+01
1.113000000000000078e+01,-9.699837955820195035e+00,9.238499031679705809e+01,3.935313124553606912e+01,2.883137859058422947e+01
1.114000000000000057e+01,-9.674638305603707522e+00,9.115893934455446868e+01,3.979361897434120721e+01,2.927861103569354739e+01
1.115000000000000036e+01,-9.650417155448776541e+00,8.993529862081999227e+01,4.024857929956573344e+01,2.972218447066381231e+01
1.116000000000000014e+01,-9.627168442447953112e+00,8.871436379909165737e+01,4.071812760925404007e+01,3.016162912895546100e+01
1.116999999999999993e+01,-9.604877557649404096e+00,8.749644812362411983e+01,4.120233946843732298e+01,3.059647623689009777e+01
1.117999999999999972e+01,-9.583520047367642292e+00,8.628186810403853713e+01,4.170125256566013405e+01,3.102626963573837671e+01
1.118999999999999950e+01,-9.563061005452976104e+00,8.507092619263477218e+01,4.221487267950799804e+01,3.145057692050049880e+01
1.119999999999999929e+01,-9.543455292057434036e+00,8.386389201851277164e+01,4.274318350151528279e+01,3.186899872125914257e+01
1.121000000000000085e+01,-9.524648634185306051e+00,8.266098396834814821e+01,4.328615968804444236e+01,3.228117482638158009e+01
1.122000000000000064e+01,-9.506579574863152970e+00,8.146235296384028857e+01,4.384378208329426485e+01,3.268678607525768598e+01
1.123000000000000043e+01,-9.489182149609664663e+00,8.026807016035964182e+01,4.441605371010525261e+01,3.308555131751972311e+01
1.124000000000000021e+01,-9.472389089728864064e+00,7.907811998715155255e+01,4.500301491068215398e+01,3.347721921432230374e+01
1.125000000000000000e+01,-9.456135289932751320e+00,7.789239949093744997e+01,4.560475597008499449e+01,3.386155519857549479e+01
1.125999999999999979e+01,-9.440361239727183218e+00,7.671072437213257444e+01,4.622142568892967773e+01,3.423832445751057207e+01
1.126999999999999957e+01,-9.425016108587215058e+00,7.553284146971810742e+01,4.685323468541177050e+01,3.460727229046290887e+01
1.127999999999999936e+01,-9.410060196213787975e+00,7.435844681914915100e+01,4.750045267647853819e+01,3.496810356789900709e+01
1.128999999999999915e+01,-9.395466509996301951e+00,7.318720784231665277e+01,4.816339957007591721e+01,3.532046322527163795e+01
1.130000000000000071e+01,-9.381221307910363905e+00,7.201878778976217177e+01,4.884243083613529990e+01,3.566391973464224918e+01
1.131000000000000050e+01,-9.367323539303253455e+00,7.085287029183317031e+01,4.953791824584267545e+01,3.599795329647322006e+01
1.132000000000000028e+01,-9.353783219058746212e+00,6.968918181831489278e+01,5.025022760804966282e+01,3.632195009467657343e+01
1.133000000000000007e+01,-9.340618872074307077e+00,6.852751000463109676e+01,5.097969552600755350e+01,3.663520339295901351e+01
1.133999999999999986e+01,-9.327854274494903564e+00,6.736771616332777057e+01,5.172660739736743096e+01,3.693692157160666056e+01
1.134999999999999964e+01,-9.315514786659232271e+00,6.620974082724831078e+01,5.249117885412669438e+01,3.722624247697861222e+01
1.135999999999999943e+01,-9.303623613397446590e+00,6.505360181367238681e+01,5.327354257695716910e+01,3.750225275504876521e+01
1.136999999999999922e+01,-9.292198336247782464e+00,6.389938499392990678e+01,5.407374193355982328e+01,3.776401024075940427e+01
1.138000000000000078e+01,-9.281248038573860271e+00,6.274722863388043237e+01,5.489173222025989674e+01,3.801056704674820708e+01
1.139000000000000057e+01,-9.270771290799572739e+00,6.159730277316285907e+01,5.572738948871729292e+01,3.824099079573880289e+01
1.140000000000000036e+01,-9.260755184084979774e+00,6.044978557954986798e+01,5.658052609236234076e+01,3.845438150880792705e+01
1.141000000000000014e+01,-9.251175503958391388e+00,5.930483890616835652e+01,5.745091127914875528e+01,3.864988200966983101e+01
1.141999999999999993e+01,-9.241998029427263006e+00,5.816258536647451649e+01,5.833829448160752662e+01,3.882668031590178970e+01
1.142999999999999972e+01,-9.233180837452128031e+00,5.702308911502810673e+01,5.924242849867337668e+01,3.898400331288932819e+01
1.143999999999999950e+01,-9.224677397023464565e+00,5.588634218990770108e+01,6.016308959537813195e+01,3.912110196685136287e+01
1.144999999999999929e+01,-9.216440160411686122e+00,5.475225776196844407e+01,6.110009170685783175e+01,3.923722932829451082e+01
1.146000000000000085e+01,-9.208424309031633115e+00,5.362067099084431732e+01,6.205329242644529586e+01,3.933161349301351351e+01
1.147000000000000064e+01,-9.200591293158383976e+00,5.249134746564071463e+01,6.302258924805219209e+01,3.940342841206739166e+01
1.148000000000000043e+01,-9.192911820992161864e+00,5.136399847740612756e+01,6.400790554648500574e+01,3.945176587871559803e+01
1.149000000000000021e+01,-9.185368002519052055e+00,5.023830170210115398e+01,6.500916691079714838e+01,3.947561210189490311e+01
1.150000000000000000e+01,-9.177954433010604873e+00,4.911392533463989452e+01,6.602626957109914940e+01,3.947383197385342157e+01
1.150999999999999979e+01,-9.170678102408713173e+00,4.799055336294839691e+01,6.705904364950346519e+01,3.944516346859480649e+01
1.151999999999999957e+01,-9.163557130310929111e+00,4.686790954382485097e+01,6.810721470201993100e+01,3.938822362481928252e+01
1.152999999999999936e+01,-9.156618440441452123e+00,4.574577775439581728e+01,6.917036740428339670e+01,3.930152636603627769e+01
1.153999999999999915e+01,-9.149894591867820282e+00,4.462401673355397946e+01,7.024791520765198527e+01,3.918351111347367066e+01
1.155000000000000071e+01,-9.143420066492346621e+00,4.350256776247167068e+01,7.133907933199799345e+01,3.903257989309594223e+01
1.156000000000000050e+01,-9.137227365515029121e+00,4.238145450806882053e+01,7.244287959100833518e+01,3.884713956934943724e+01
1.157000000000000028e+01,-9.131343286724822761e+00,4.126077500117200714e+01,7.355813833451294670e+01,3.862564508858095991e+01
1.158000000000000007e+01,-9.125785738179265749e+00,4.014068646957349529e+01,7.468349735310050619e+01,3.836663929400921802e+01
1.158999999999999986e+01,-9.120561394020070267e+00,3.902138442485431824e+01,7.581744607222896093e+01,3.806878505313929395e+01
1.159999999999999964e+01,-9.115664419800634022e+00,3.790307794852559198e+01,7.695835793968265648e+01,3.773088613780363687e+01
1.160999999999999943e+01,-9.111076395139992457e+00,3.678596348878352984e+01,7.810453076174617593e+01,3.735189447593001688e+01
1.161999999999999922e+01,-9.106767449845513340e+00,3.567019963144301187e+01,7.925422603451656300e+01,3.693090294781730165e+01
1.163000000000000078e+01,-9.102698515915921718e+00,3.455588523322117567e+01,8.040570217231513084e+01,3.646712466448552448e+01
1.164000000000000057e+01,-9.098824492319076640e+00,3.344304300765644911e+01,8.155723701799468017e+01,3.595986143470721430e+01
1.165000000000000036e+01,-9.095098031867026478e+00,3.233161015793313453e+01,8.270713611514784702e+01,3.540846567520300425e+01
1.166000000000000014e+01,-9.091473598287837632e+00,3.122143699928469118e+01,8.385372483204912442e+01,3.481230113187073982e+01
1.166999999999999993e+01,-9.087911412999867267e+00,3.011229376467585084e+01,8.499532437885851266e+01,3.417070828891721845e+01
1.167999999999999972e+01,-9.084380918559656237e+00,2.900388501077577175e+01,8.613021382546649818e+01,3.348298014726609040e+01
1.168999999999999950e+01,-9.080863429300363165e+00,2.789587031198149347e+01,8.725658215359608505e+01,3.274835313994218922e+01
1.169999999999999929e+01,-9.077353715664330025e+00,2.678788932149576496e+01,8.837247591650265122e+01,3.196601639727705546e+01
1.171000000000000085e+01,-9.073860370036344491e+00,2.567958885305098349e+01,8.947574902420133469e+01,3.113514053846418506e+01
1.172000000000000064e+01,-9.070404918530629246e+00,2.457064943963186820e+01,9.056402137728090906e+01,3.025492487263566233e+01
1.173000000000000043e+01,-9.067019763425934187e+00,2.346080887764712486e+01,9.163465247578969297e+01,2.932465960675419936e+01
1.174000000000000021e+01,-9.063745152598844612e+00,2.234988056090443820e+01,9.268473476086317930e+01,2.834379765549657648e+01
1.175000000000000000e+01,-9.060625464192872514e+00,2.123776491709647019e+01,9.371110942772318708e+01,2.731202918837785276e+01
1.175999999999999979e+01,-9.057705157943605201e+00,2.012445292718297196e+01,9.471040498701279375e+01,2.622935134265753376e+01
1.176999999999999957e+01,-9.055024773295794915e+00,1.901002146683433836e+01,9.567909622431967875e+01,2.509612571226374556e+01
1.177999999999999936e+01,-9.052617346550015043e+00,1.789462098385345001e+01,9.661357873622708325e+01,2.391311732814876834e+01
1.178999999999999915e+01,-9.050505576244754380e+00,1.677845674209947191e+01,9.751025223447186363e+01,2.268151079213421539e+01
1.180000000000000071e+01,-9.048699992524721125e+00,1.566176545492597683e+01,9.836560460106362314e+01,2.140290181171133810e+01
1.181000000000000050e+01,-9.047198289676330774e+00,1.454478954702807592e+01,9.917628845690437345e+01,2.007926529806894322e+01
1.182000000000000028e+01,-9.045985870459393396e+00,1.342775148731584345e+01,9.993918286045973787e+01,1.871290405197006734e+01
1.183000000000000007e+01,-9.045037536490765362e+00,1.231083061050240701e+01,1.006514346160578128e+02,1.730638446994069568e+01
1.183999999999999986e+01,-9.044320151130913032e+00,1.119414459461902389e+01,1.013104763239828685e+02,1.586246729666523514e+01
1.184999999999999964e+01,-9.043796009944360392e+00,1.007773730819315361e+01,1.019140213972859215e+02,1.438404197204484092e+01
1.185999999999999943e+01,-9.043426587395806848e+00,8.961574124895433258e+00,1.024600393733797148e+02,1.287407246692791674e+01
1.186999999999999922e+01,-9.043176293492187767e+00,7.845545081222944361e+00,1.029467175175998932e+02,1.133556073684016141e+01
1.188000000000000078e+01,-9.043015874328927950e+00,6.729475491840011259e+00,1.033724165615168005e+02,9.771531280743815273e+00
1.189000000000000057e+01,-9.042925126399113722e+00,5.613142911013234482e+00,1.037356291664631840e+02,8.185037136110715039e+00
1.190000000000000036e+01,-9.042894662987738030e+00,4.496298709422617890e+00,1.040349492337088719e+02,6.579184413671988807e+00
1.191000000000000014e+01,-9.042926565487316992e+00,3.378692086686943874e+00,1.042690585497716427e+02,4.957169629321316329e+00
1.191999999999999993e+01,-9.043033863655171700e+00,2.260094107978322331e+00,1.044367346742128433e+02,3.322322030783206426e+00
1.192999999999999972e+01,-9.043238905420261986e+00,1.140319362453944718e+00,1.045368807967214906e+02,1.678142141762502648e+00
1.193999999999999950e+01,-9.043570786939284289e+00,1.924309068024011166e-02,1.045685749464687007e+02,2.832800999365240116e-02
1.194999999999999929e+01,-9.044062106039117310e+00,-1.103187908879616375e+00,1.045311328964803010e+02,-1.623217866638901441e+00
1.196000000000000085e+01,-9.044745367801251490e+00,-2.226951656691335213e+00,1.044241768046629630e+02,-3.272405435716644106e+00
1.197000000000000064e+01,-9.045649403621800033e+00,-3.351954987154277088e+00,1.042477004138326890e+02,-4.914999080866842007e+00
1.198000000000000043e+01,-9.046796161883959186e+00,-4.478044742412198076e+00,1.040021216920764147e+02,-6.546682501864543369e+00
1.199000000000000021e+01,-9.048198190256277584e+00,-5.605025038308400376e+00,1.036883151461085930e+02,-8.163141045539656915e+00
1.200000000000000000e+01,-9.049857060724674440e+00,-6.732678882684299815e+00,1.033076185055136733e+02,-9.760153533311449081e+00
1.200999999999999979e+01,-9.051762895662442077e+00,-7.860792002008746948e+00,1.028618117052510286e+02,-1.133368420500211649e+01
1.201999999999999957e+01,-9.053895045439901423e+00,-8.989176515575733717e+00,1.023530696189494336e+02,-1.287996527035712369e+01
1.202999999999999936e+01,-9.056223855395769462e+00,-1.011769210678185615e+01,1.017838933039111851e+02,-1.439556173955587148e+01
1.203999999999999915e+01,-9.058713352966869081e+00,-1.124626257777691052e+01,1.011570271377818244e+02,-1.587741250341626476e+01
1.205000000000000071e+01,-9.061324594515657083e+00,-1.237488611641682112e+01,1.004753707990042102e+02,-1.732284470085375006e+01
1.206000000000000050e+01,-9.064019344772397346e+00,-1.350363821318581969e+01,9.974189537825030527e+01,-1.872956179185316117e+01
1.207000000000000028e+01,-9.066763726621577035e+00,-1.463266688437415830e+01,9.895957200345426941e+01,-2.009560896935399654e+01
1.208000000000000007e+01,-9.069531479197417312e+00,-1.576218061774785006e+01,9.813131939007782023e+01,-2.141932216116993715e+01
1.208999999999999986e+01,-9.072306498510965156e+00,-1.689243018328748747e+01,9.725997400187799258e+01,-2.269926856762961265e+01
1.209999999999999964e+01,-9.075084404050180353e+00,-1.802368607046975413e+01,9.634828342082346353e+01,-2.393418726908051397e+01
1.210999999999999943e+01,-9.077872970373251249e+00,-1.915621376031381828e+01,9.539892049849677846e+01,-2.512293789244352382e+01
1.211999999999999922e+01,-9.080691375111843655e+00,-2.029024926730011202e+01,9.441451328596534154e+01,-2.626446376824125650e+01
1.213000000000000078e+01,-9.083568332530857603e+00,-2.142597736851968193e+01,9.339768392925029161e+01,-2.735777368319599034e+01
1.214000000000000057e+01,-9.086539292744625129e+00,-2.256351467642467767e+01,9.235108887709738212e+01,-2.840194357049286111e+01
1.215000000000000036e+01,-9.089642979525850208e+00,-2.370289923478561533e+01,9.127745294922014807e+01,-2.939613665597106262e+01
1.216000000000000014e+01,-9.092917605076900500e+00,-2.484408767470843316e+01,9.017959099189361893e+01,-3.033963806537367702e+01
1.216999999999999993e+01,-9.096397131886620357e+00,-2.598696022488368840e+01,8.906041281263142650e+01,-3.123189801504000940e+01
1.217999999999999972e+01,-9.100107947145120946e+00,-2.713133310206693238e+01,8.792290954653238089e+01,-3.207257668181517829e+01
1.218999999999999950e+01,-9.104066275044765177e+00,-2.827697708903358631e+01,8.677012221616578813e+01,-3.286158377990584967e+01
1.219999999999999929e+01,-9.108276580907370246e+00,-2.942364050605248949e+01,8.560509565017385114e+01,-3.359910673040192108e+01
1.221000000000000085e+01,-9.112731125467872673e+00,-3.057107435391526096e+01,8.443082281312766213e+01,-3.428562293502615432e+01
1.222000000000000064e+01,-9.117410716878401544e+00,-3.171905719086480602e+01,8.325018574790269099e+01,-3.492189380447341307e+01
1.223000000000000043e+01,-9.122286592391592563e+00,-3.286741732229824464e+01,8.206589963355570205e+01,-3.550894053458041810e+01
1.224000000000000021e+01,-9.127323251989119868e+00,-3.401605013046022918e+01,8.088046592902387033e+01,-3.604800385604990254e+01
1.225000000000000000e+01,-9.132481972793222269e+00,-3.516492883042803186e+01,7.969613932714399596e+01,-3.654049182983848709e+01
1.225999999999999979e+01,-9.137724665038314598e+00,-3.631410756792823946e+01,7.851491148684256416e+01,-3.698792101717597802e+01
1.226999999999999957e+01,-9.143017694692941788e+00,-3.746371651625558741e+01,7.733851249211460299e+01,-3.739185690781345528e+01
1.227999999999999936e+01,-9.148335298637025659e+00,-3.861394941322743790e+01,7.616842896280529374e+01,-3.775385932398945243e+01
1.228999999999999915e+01,-9.153662256248733087e+00,-3.976504472745418184e+01,7.500593595093386057e+01,-3.807543769782030552e+01
1.230000000000000071e+01,-9.158995553184810845e+00,-4.091726227984148068e+01,7.385213838880710568e+01,-3.835801978200865392e+01
1.231000000000000050e+01,-9.164344872213375126e+00,-4.207085760427843013e+01,7.270801704183138270e+01,-3.860293568118500929e+01
1.232000000000000028e+01,-9.169731862274252521e+00,-4.322605656144657615e+01,7.157447372100689620e+01,-3.881141729195371681e+01
1.233000000000000007e+01,-9.175188258577005485e+00,-4.438303269612384838e+01,7.045237091784457562e+01,-3.898461152418669684e+01
1.233999999999999986e+01,-9.180753040909692686e+00,-4.554188955294939234e+01,6.934256196172893283e+01,-3.912360423535766785e+01
1.234999999999999964e+01,-9.186468912648171781e+00,-4.670264966722528754e+01,6.824590913397501879e+01,-3.922945079580345151e+01
1.235999999999999943e+01,-9.192378449586879441e+00,-4.786525127818542558e+01,6.716328873107498509e+01,-3.930320871295637630e+01
1.236999999999999922e+01,-9.198520299176234261e+00,-4.902955304136136760e+01,6.609558365943057368e+01,-3.934596780887962097e+01
1.238000000000000078e+01,-9.204925804278559553e+00,-5.019534622212638197e+01,6.504366557688410921e+01,-3.935887403238324111e+01
1.239000000000000057e+01,-9.211616382184400820e+00,-5.136237311248156345e+01,6.400836971179371915e+01,-3.934314399793861838e+01
1.240000000000000036e+01,-9.218601913905596135e+00,-5.253034979885373446e+01,6.299046617428020056e+01,-3.930006863544547713e+01
1.241000000000000014e+01,-9.225880298133624535e+00,-5.369899097810895228e+01,6.199063177167038674e+01,-3.923100573884448750e+01
1.241999999999999993e+01,-9.233438208327106267e+00,-5.486803431266152842e+01,6.100942605829496301e+01,-3.913736254638417478e+01
1.242999999999999972e+01,-9.241252971093958379e+00,-5.603726185375150237e+01,6.004727465222497074e+01,-3.902057061908210045e+01
1.243999999999999950e+01,-9.249295370735662658e+00,-5.720651634322861412e+01,5.910446184533963532e+01,-3.888205609075522773e+01
1.244999999999999929e+01,-9.257533089455989739e+00,-5.837571070519096850e+01,5.818113335193182678e+01,-3.872320877335208422e+01
1.246000000000000085e+01,-9.265934424876654418e+00,-5.954482971537606772e+01,5.727730882727323802e+01,-3.854535359490549240e+01
1.247000000000000064e+01,-9.274471893447220339e+00,-6.071392362603015158e+01,5.639290267610005714e+01,-3.834972745022805896e+01
1.248000000000000043e+01,-9.283125334271051798e+00,-6.188309435121897195e+01,5.552775077650230884e+01,-3.813746382154015890e+01
1.249000000000000021e+01,-9.291884173218315723e+00,-6.305247559955670766e+01,5.468164015219636553e+01,-3.790958657190832781e+01
1.250000000000000000e+01,-9.300748588325284061e+00,-6.422220899689891382e+01,5.385433838532543405e+01,-3.766701324139877016e+01
1.250999999999999979e+01,-9.309729426846772071e+00,-6.539241870000994084e+01,5.304561968447747233e+01,-3.741056710393757356e+01
1.251999999999999957e+01,-9.318846851165780265e+00,-6.656318721206761779e+01,5.225528498250081810e+01,-3.714099628730885172e+01
1.252999999999999936e+01,-9.328127822217718190e+00,-6.773453504623273602e+01,5.148317417549137787e+01,-3.685899751932177537e+01
1.253999999999999915e+01,-9.337602651665093845e+00,-6.890640654760758821e+01,5.072916953952805130e+01,-3.656524161428922781e+01
1.255000000000000071e+01,-9.347300955180729787e+00,-7.007866360858223231e+01,4.999319036839775521e+01,-3.626039769663517376e+01
1.256000000000000050e+01,-9.357247408563285518e+00,-7.125108825419356151e+01,4.927517985031894909e+01,-3.594515337609384886e+01
1.257000000000000028e+01,-9.367457739027818420e+00,-7.242339420690980489e+01,4.857508603783769985e+01,-3.562022860736714591e+01
1.258000000000000007e+01,-9.377935372761145416e+00,-7.359524664780504111e+01,4.789283937510987954e+01,-3.528638171937268453e+01
1.258999999999999986e+01,-9.388669107551915971e+00,-7.476628855815798147e+01,4.722832957197300630e+01,-3.494440699483185853e+01
1.259999999999999964e+01,-9.399632090529715711e+00,-7.593617133047446544e+01,4.658138463016573638e+01,-3.459512411768718465e+01
1.260999999999999943e+01,-9.410782263480779619e+00,-7.710458684677257679e+01,4.595175454436675722e+01,-3.423936068232629282e+01
1.261999999999999922e+01,-9.422064302057339802e+00,-7.827129798361154656e+01,4.533910166111754592e+01,-3.387792968565605634e+01
1.263000000000000078e+01,-9.433412932444348087e+00,-7.943616454626258871e+01,4.474299894779365161e+01,-3.351160443224270580e+01
1.264000000000000057e+01,-9.444757372646963134e+00,-8.059916196388073217e+01,4.416293658234662445e+01,-3.314109353123520663e+01
1.265000000000000036e+01,-9.456026528507958773e+00,-8.176039067381491066e+01,4.359833640933819510e+01,-3.276701863624516875e+01
1.266000000000000014e+01,-9.467154488842888682e+00,-8.292007494108786148e+01,4.304857300353155836e+01,-3.238989728665750079e+01
1.266999999999999993e+01,-9.478085819451795402e+00,-8.407855082912190881e+01,4.251299941492723633e+01,-3.201013268549247925e+01
1.267999999999999972e+01,-9.488780158542663656e+00,-8.523624407075618592e+01,4.199097520024461261e+01,-3.162801154908338575e+01
1.268999999999999950e+01,-9.499215668079347807e+00,-8.639363958277732536e+01,4.148189411846281160e+01,-3.124371035677179265e+01
1.269999999999999929e+01,-9.509390993363433964e+00,-8.755124521900728496e+01,4.098520890297325536e+01,-3.085730949357068909e+01
1.271000000000000085e+01,-9.519325518183437751e+00,-8.870955297333381395e+01,4.050045081641021483e+01,-3.046881399767515930e+01
1.272000000000000064e+01,-9.529057862044240323e+00,-8.986900115441882519e+01,4.002724221721589970e+01,-3.007817897612800095e+01
1.273000000000000043e+01,-9.538642733213787750e+00,-9.102994102015856015e+01,3.956530106652733991e+01,-2.968533730208459431e+01
1.274000000000000021e+01,-9.548146409397594070e+00,-9.219261098207414307e+01,3.911443710776627114e+01,-2.929022700238546406e+01
1.275000000000000000e+01,-9.557641250621403017e+00,-9.335712080529775392e+01,3.867454027504933123e+01,-2.889281580499678626e+01
1.275999999999999979e+01,-9.567199743164909620e+00,-9.452344730848008680e+01,3.824556264349448043e+01,-2.849312063371938208e+01
1.276999999999999957e+01,-9.576888620279039088e+00,-9.569144200237477094e+01,3.782749584589792136e+01,-2.809122037533869687e+01
1.277999999999999936e+01,-9.586763601089188569e+00,-9.686084999972358389e+01,3.742034628482557679e+01,-2.768726094129551640e+01
1.278999999999999915e+01,-9.596865234700986846e+00,-9.803133848572879572e+01,3.702411063009108005e+01,-2.728145242538071713e+01
1.280000000000000071e+01,-9.607216237699425676e+00,-9.920253215137054781e+01,3.663875399981272807e+01,-2.687405893822241509e+01
1.281000000000000050e+01,-9.617820579164199302e+00,-1.003740523377397267e+02,3.626419289684334046e+01,-2.646538239963528838e+01
1.282000000000000028e+01,-9.628664409819215564e+00,-1.015455562739937534e+02,3.590028445251741829e+01,-2.605574212466528650e+01
1.283000000000000007e+01,-9.639718764470240231e+00,-1.027167727465329392e+02,3.554682287434672361e+01,-2.564545239998070159e+01
1.283999999999999986e+01,-9.650943803750035244e+00,-1.038875308196814871e+02,3.520354327113220450e+01,-2.523480038693460870e+01
1.284999999999999964e+01,-9.662294216624733423e+00,-1.050577788200292986e+02,3.487013230815363585e+01,-2.482402660067831590e+01
1.285999999999999943e+01,-9.673725292370164652e+00,-1.062275916530401361e+02,3.454624449343471326e+01,-2.441330991608677436e+01
1.286999999999999922e+01,-9.685199100981090936e+00,-1.073971655719954725e+02,3.423152237188141811e+01,-2.400275857376267652e+01
1.288000000000000078e+01,-9.696690202126003300e+00,-1.085668006743020300e+02,3.392561855325973852e+01,-2.359240805052976242e+01
1.289000000000000057e+01,-9.708190338270769715e+00,-1.097368725517088848e+02,3.362821735270631507e+01,-2.318222597699357124e+01
1.290000000000000036e+01,-9.719711655615125068e+00,-1.109077955562973443e+02,3.333905389070142888e+01,-2.277212359482653881e+01
1.291000000000000014e+01,-9.731288129553188782e+00,-1.120799809571926176e+02,3.305792877524747553e+01,-2.236197261448953810e+01
1.291999999999999993e+01,-9.742975036864271132e+00,-1.132537937677594897e+02,3.278471694440875694e+01,-2.195162582137481877e+01
1.292999999999999972e+01,-9.754846498272655708e+00,-1.144295121652820626e+02,3.251936983615549082e+01,-2.154093943492059537e+01
1.293999999999999950e+01,-9.766991293986622580e+00,-1.156072931900633449e+02,3.226191071426522683e+01,-2.112979508413057061e+01
1.294999999999999929e+01,-9.779507313313553496e+00,-1.167871478252183692e+02,3.201242364568944510e+01,-2.071811933590148058e+01
1.296000000000000085e+01,-9.792495122029139409e+00,-1.179689276862986134e+02,3.177103722803843766e+01,-2.030589898828663209e+01
1.297000000000000064e+01,-9.806051206758368721e+00,-1.191523244832643087e+02,3.153790464543214966e+01,-1.989319078625146275e+01
1.298000000000000043e+01,-9.820261478413627287e+00,-1.203368822636972766e+02,3.131318194166986757e+01,-1.948012478210226206e+01
1.299000000000000021e+01,-9.835195586414783975e+00,-1.215220213153742890e+02,3.109700651607459676e+01,-1.906690118522829280e+01
1.300000000000000000e+01,-9.850902516591370173e+00,-1.227070715993063743e+02,3.088947776571836457e+01,-1.865378116157462429e+01
1.300999999999999979e+01,-9.867407826880999266e+00,-1.238913127848955327e+02,3.069064153483576618e+01,-1.824107259209341692e+01
1.301999999999999957e+01,-9.884712727517948494e+00,-1.250740174287036410e+02,3.050047962196335405e+01,-1.782911223145071133e+01
1.302999999999999936e+01,-9.902795049336583944e+00,-1.262544936154212110e+02,3.031890508351541413e+01,-1.741824598806088886e+01
1.303999999999999915e+01,-9.921611978832432399e+00,-1.274321234775774911e+02,3.014576351148835798e+01,-1.700880915506092705e+01
1.305000000000000071e+01,-9.941104285399465113e+00,-1.286063944193142845e+02,2.998083990634324891e+01,-1.660110835654419859e+01
1.306000000000000050e+01,-9.961201637590171742e+00,-1.297769205558954297e+02,2.982387026424970600e+01,-1.619540674690081516e+01
1.307000000000000028e+01,-9.981828512647613394e+00,-1.309434527888662672e+02,2.967455659439085736e+01,-1.579191363932352488e+01
1.308000000000000007e+01,-1.000291015577728970e+01,-1.321058769907916144e+02,2.953258381086630990e+01,-1.539077927895834463e+01
1.308999999999999986e+01,-1.002437804803675547e+01,-1.332642008803014448e+02,2.939763682691127400e+01,-1.499209496119064688e+01
1.309999999999999964e+01,-1.004617439531739720e+01,-1.344185312246972615e+02,2.926941622499547080e+01,-1.459589817499429110e+01
1.310999999999999943e+01,-1.006825525167230495e+01,-1.355690439097955391e+02,2.914765107844930370e+01,-1.420218197460051535e+01
1.311999999999999922e+01,-1.009059202915363507e+01,-1.367159500718615561e+02,2.903210783742147427e+01,-1.381090739567834902e+01
1.313000000000000078e+01,-1.011317130987847435e+01,-1.378594618238450664e+02,2.892259462961710526e+01,-1.342201747215166741e+01
1.314000000000000057e+01,-1.013599304768438003e+01,-1.389997610893332194e+02,2.881896081940691801e+01,-1.303545130166883759e+01
1.315000000000000036e+01,-1.015906740872077840e+01,-1.401369746827276117e+02,2.872109216655724495e+01,-1.265115666094407487e+01
1.316000000000000014e+01,-1.018241063583688799e+01,-1.412711580819632786e+02,2.862890237654531234e+01,-1.226909987914928379e+01
1.316999999999999993e+01,-1.020604041679410656e+01,-1.424022894037068454e+02,2.854232219199662524e+01,-1.188927201437117986e+01
1.317999999999999972e+01,-1.022997128173049575e+01,-1.435302740082987043e+02,2.846128740347055341e+01,-1.151169080748753082e+01
1.318999999999999950e+01,-1.025421054684833067e+01,-1.446549590439191775e+02,2.838572723613629023e+01,-1.113639836309234887e+01
1.319999999999999929e+01,-1.027875526037633058e+01,-1.457761561986502556e+02,2.831555449153882265e+01,-1.076345497793503370e+01
1.321000000000000085e+01,-1.030359049993653286e+01,-1.468936700673289977e+02,2.825065860160454534e+01,-1.039292995498668937e+01
1.322000000000000064e+01,-1.032868922817256774e+01,-1.480073289407162349e+02,2.819090241064855817e+01,-1.002489056351039842e+01
1.323000000000000043e+01,-1.035401374966315124e+01,-1.491170145458640093e+02,2.813612307721851735e+01,-9.659390500647086597e+00
1.324000000000000021e+01,-1.037951864249474454e+01,-1.502226873379906920e+02,2.808613702545732949e+01,-9.296459259360769778e+00
1.325000000000000000e+01,-1.040515487887790691e+01,-1.513244043635293679e+02,2.804074842289849201e+01,-8.936093706940374304e+00
1.325999999999999979e+01,-1.043087471677720401e+01,-1.524223274469646299e+02,2.799976026477641255e+01,-8.578252938153623219e+00
1.326999999999999957e+01,-1.045663685265667731e+01,-1.535167204351258761e+02,2.796298684531828727e+01,-8.222857111943648434e+00
1.327999999999999936e+01,-1.048241128470123229e+01,-1.546079353687755429e+02,2.793026622611139231e+01,-7.869790546451302049e+00
1.328999999999999915e+01,-1.050818335210313492e+01,-1.556963886290886876e+02,2.790147128992509451e+01,-7.518908879065158146e+00
1.330000000000000071e+01,-1.053395648923876848e+01,-1.567825292025196120e+02,2.787651809957122140e+01,-7.170049645599714694e+00
1.331000000000000050e+01,-1.055975335757116085e+01,-1.578668021015121496e+02,2.785537055353623614e+01,-6.823045244545143717e+00
1.332000000000000028e+01,-1.058561518072597352e+01,-1.589496105688162118e+02,2.783804071561924687e+01,-6.477736971585660086e+00
1.333000000000000007e+01,-1.061159929248499267e+01,-1.600312809096809019e+02,2.782458465402250170e+01,-6.133988668200468730e+00
1.333999999999999986e+01,-1.063777509376533459e+01,-1.611120336104358728e+02,2.781509410699550600e+01,-5.791698542942061323e+00
1.334999999999999964e+01,-1.066421878300969617e+01,-1.621919638307384162e+02,2.780968474494781262e+01,-5.450807894502896822e+00
1.335999999999999943e+01,-1.069100735696094695e+01,-1.632710334597273345e+02,2.780848217379712040e+01,-5.111305774182483219e+00
1.336999999999999922e+01,-1.071821246186328480e+01,-1.643490757973858365e+02,2.781160708084139088e+01,-4.773229039078723090e+00
1.338000000000000078e+01,-1.074589470057993879e+01,-1.654258126772372179e+02,2.781916103544110541e+01,-4.436657722481686328e+00
1.339000000000000057e+01,-1.077409896680766721e+01,-1.665008826089272134e+02,2.783121441074261071e+01,-4.101706134862347142e+00
1.340000000000000036e+01,-1.080285128712615617e+01,-1.675738774083404508e+02,2.784779769434450714e+01,-3.768510557408147221e+00
1.341000000000000014e+01,-1.083215751364616786e+01,-1.686443839029568323e+02,2.786889712512603268e+01,-3.437214754636713998e+00
1.341999999999999993e+01,-1.086200403706466311e+01,-1.697120267334064465e+02,2.789445516306916772e+01,-3.107954776251539819e+00
1.342999999999999972e+01,-1.089236049739285050e+01,-1.707765080741637576e+02,2.792437581087887466e+01,-2.780844615819484833e+00
1.343999999999999950e+01,-1.092318427469714237e+01,-1.718376402927159461e+02,2.795853430830186070e+01,-2.455964233497843541e+00
1.344999999999999929e+01,-1.095442636278838222e+01,-1.728953681507128692e+02,2.799679026163570228e+01,-2.133351235171260907e+00
1.346000000000000085e+01,-1.098603808234646273e+01,-1.739497780820853450e+02,2.803900289882560770e+01,-1.812997149077104408e+00
1.347000000000000064e+01,-1.101797799195745320e+01,-1.750010932870627585e+02,2.808504689462349191e+01,-1.494848785386927226e+00
1.348000000000000043e+01,-1.105021831789102116e+01,-1.760496547511516781e+02,2.813482711931065339e+01,-1.178814648006861088e+00
1.349000000000000021e+01,-1.108275025276922854e+01,-1.770958897032228379e+02,2.818829074240535704e+01,-8.647758429332432772e-01
1.350000000000000000e+01,-1.111558756949457916e+01,-1.781402703228420989e+02,2.824543536623353290e+01,-5.526004487591487102e-01
1.350999999999999979e+01,-1.114876815239713181e+01,-1.791832665527177824e+02,2.830631225180257715e+01,-2.421599344656946706e-01
1.351999999999999957e+01,-1.118235324785938722e+01,1.797747024520633090e+02,2.837102419305215761e+01,6.665402959294522423e-02
1.352999999999999936e+01,-1.121642446131059145e+01,1.787333134820489420e+02,2.843971814443156987e+01,3.739140911535935308e-01
1.353999999999999915e+01,-1.125107875283859649e+01,1.776923765409804048e+02,2.851257325298374923e+01,6.796446794492478904e-01
1.355000000000000071e+01,-1.128642188591197026e+01,1.766518604420361100e+02,2.858978543152136353e+01,9.838137459441268495e-01
1.356000000000000050e+01,-1.132256094185887463e+01,1.756119040523046522e+02,2.867154998247907116e+01,1.286329694042666061e+00
1.357000000000000028e+01,-1.135959661110634578e+01,1.745728118741879200e+02,2.875804400331942290e+01,1.587043889362778737e+00
1.358000000000000007e+01,-1.139761600181894607e+01,1.735350341519719564e+02,2.884941035092110440e+01,1.885758576878695525e+00
1.358999999999999986e+01,-1.143668666570050974e+01,1.724991331765859570e+02,2.894574480913490788e+01,2.182239477702766273e+00
1.359999999999999964e+01,-1.147685243411318723e+01,1.714657387948699068e+02,2.904708780327939266e+01,2.476231851543018170e+00
1.360999999999999943e+01,-1.151813149554341109e+01,1.704354971937960386e+02,2.915342156620960523e+01,2.767478439163415072e+00
1.361999999999999922e+01,-1.156051694210647796e+01,1.694090177331727034e+02,2.926467312397586440e+01,3.055737479883219976e+00
1.363000000000000078e+01,-1.160397978542473751e+01,1.683868228796155506e+02,2.938072288551822098e+01,3.340798956001972631e+00
1.364000000000000057e+01,-1.164847420989066151e+01,1.673693061184247597e+02,2.950141804608189489e+01,3.622497357043708011e+00
1.365000000000000036e+01,-1.169394461405231844e+01,1.663567020901801072e+02,2.962658950475788799e+01,3.900719573034968857e+00
1.366000000000000014e+01,-1.174033380856054265e+01,1.653490721530659187e+02,2.975607060547711313e+01,4.175406991753868979e+00
1.366999999999999993e+01,-1.178759161026302493e+01,1.643463071859978584e+02,2.988971578160537845e+01,4.446551448169776322e+00
1.367999999999999972e+01,-1.183568301176281778e+01,1.633481478356102912e+02,3.002741714645520332e+01,4.714185300061894957e+00
1.368999999999999950e+01,-1.188459512380973493e+01,1.623542207189074702e+02,3.016911723646336441e+01,4.978366518585643163e+00
1.369999999999999929e+01,-1.193434218652420853e+01,1.613640874914316896e+02,3.031481646996294899e+01,5.239160220783745103e+00
1.371000000000000085e+01,-1.198496811814075969e+01,1.603773023499357748e+02,3.046457440021750429e+01,5.496618472744033035e+00
1.372000000000000064e+01,-1.203654630120304780e+01,1.593934726116786464e+02,3.061850446537634340e+01,5.750760410427053770e+00
1.373000000000000043e+01,-1.208917657282930236e+01,1.584123166112227921e+02,3.077676260533492680e+01,6.001554732646962265e+00
1.374000000000000021e+01,-1.214297965983522865e+01,1.574337133326747562e+02,3.093953075522789931e+01,6.248906413050362652e+00
1.375000000000000000e+01,-1.219808955205465395e+01,1.564577389362330848e+02,3.110699676899866972e+01,6.492649074772531392e+00
1.375999999999999979e+01,-1.225464451182497427e+01,1.554846865636127404e+02,3.127933271622440969e+01,6.732543913646994227e+00
1.376999999999999957e+01,-1.231277755405077912e+01,1.545150673869864590e+02,3.145667368988752699e+01,6.968285400380462846e+00
1.377999999999999936e+01,-1.237260728735945747e+01,1.535495926383182166e+02,3.163909924132825324e+01,7.199513305433118404e+00
1.378999999999999915e+01,-1.243422997911690864e+01,1.525891381482472298e+02,3.182661932214831069e+01,7.425829941275304158e+00
1.380000000000000071e+01,-1.249771359990319120e+01,1.516346945728413687e+02,3.201916618299159012e+01,7.646820969913155075e+00
1.381000000000000050e+01,-1.256309442729713410e+01,1.506873078516858584e+02,3.221659309565984586e+01,7.862077734161403875e+00
1.382000000000000028e+01,-1.263037655998902764e+01,1.497480154103649852e+02,3.241868008222482445e+01,8.071218880211045388e+00
1.383000000000000007e+01,-1.269953443004182958e+01,1.488177841145514151e+02,3.262514611736931158e+01,8.273909070391443521e+00
1.383999999999999986e+01,-1.277051812442060630e+01,1.478974559541142639e+02,3.283566658835121643e+01,8.469872842556108949e+00
1.384999999999999964e+01,-1.284326105906417048e+01,1.469877068698788207e+02,3.304989422096324603e+01,8.658902138637440515e+00
1.385999999999999943e+01,-1.291768931289769817e+01,1.460890230561915075e+02,3.326748127338000671e+01,8.840856660231738218e+00
1.386999999999999922e+01,-1.299373174800323483e+01,1.452016975448574385e+02,3.348810061305064067e+01,9.015656954186786365e+00
1.388000000000000078e+01,-1.307132993612580840e+01,1.443258480125091410e+02,3.371146335462915999e+01,9.183270910940215970e+00
1.389000000000000057e+01,-1.315044689634928332e+01,1.434614547120760619e+02,3.393733105322736776e+01,9.343695089087434624e+00
1.390000000000000036e+01,-1.323107373188918423e+01,1.426084154050568884e+02,3.416552099215868310e+01,9.496932878368758324e+00
1.391000000000000014e+01,-1.331323343300125472e+01,1.417666123784375145e+02,3.439590382513383560e+01,9.642971908234780898e+00
1.391999999999999993e+01,-1.339698137396823086e+01,1.409359852740354881e+02,3.462839365408493819e+01,9.781763249579661590e+00
1.392999999999999972e+01,-1.348240235013708421e+01,1.401166027057682868e+02,3.486293145584946984e+01,9.913204820656012828e+00
1.393999999999999950e+01,-1.356960434310650854e+01,1.393087255933847928e+02,3.509946352109972167e+01,1.003713100381576062e+01
1.394999999999999929e+01,-1.365870953178271741e+01,1.385128558186168277e+02,3.533791715254201193e+01,1.015330984753074617e+01
1.396000000000000085e+01,-1.374984334896096883e+01,1.377297651452416858e+02,3.557817622003486235e+01,1.026144843386784267e+01
1.397000000000000064e+01,-1.384312258827151965e+01,1.369605011990362016e+02,3.582005924652886364e+01,1.036120611876851250e+01
1.398000000000000043e+01,-1.393864367500323986e+01,1.362063694876255227e+02,3.606330248821766560e+01,1.045221449321402929e+01
1.399000000000000021e+01,-1.403647221734983930e+01,1.354688927418067976e+02,3.630754999208052425e+01,1.053410215884976431e+01
1.400000000000000000e+01,-1.413663485294282474e+01,1.347497510691437128e+02,3.655235190861888128e+01,1.060652184371560303e+01
1.400999999999999979e+01,-1.423911420843789344e+01,1.340507083374092758e+02,3.679717147507425778e+01,1.066917706737825888e+01
1.401999999999999957e+01,-1.434384751304319039e+01,1.333735316881790993e+02,3.704140015089543425e+01,1.072184554202540063e+01
1.402999999999999936e+01,-1.445072907067120482e+01,1.327199119888170458e+02,3.728437948010414971e+01,1.076439678099443675e+01
1.403999999999999915e+01,-1.455961642439043047e+01,1.320913932648465448e+02,3.752542747471866136e+01,1.079680196132071046e+01
1.405000000000000071e+01,-1.467033966958364744e+01,1.314893186497028807e+02,3.776386675256667047e+01,1.081913490201562489e+01
1.406000000000000050e+01,-1.478271302112975505e+01,1.309147991251942358e+02,3.799905139636691587e+01,1.083156399405631021e+01
1.407000000000000028e+01,-1.489654745034821914e+01,1.303687093435714530e+02,3.823038957435572627e+01,1.083433594626796648e+01
1.408000000000000007e+01,-1.501166301498845712e+01,1.298517122375332349e+02,3.845735938341357496e+01,1.082775317448657226e+01
1.408999999999999986e+01,-1.512789944157285760e+01,1.293643111404310559e+02,3.867951610852710331e+01,1.081214744151076879e+01
1.409999999999999964e+01,-1.524512360529472765e+01,1.289069250401819033e+02,3.889649006128410491e+01,1.078785285094102520e+01
1.410999999999999943e+01,-1.536323279411221776e+01,1.284799797185193029e+02,3.910797525559000576e+01,1.075518143929948067e+01
1.411999999999999922e+01,-1.548215302680831940e+01,1.280840052374328479e+02,3.931371027189600653e+01,1.071440437042087090e+01
1.413000000000000078e+01,-1.560183218570831087e+01,1.277197288399152768e+02,3.951345362019647212e+01,1.066574113380305455e+01
1.414000000000000057e+01,-1.572222827319224692e+01,1.273881520502361013e+02,3.970695661965653045e+01,1.060935824899998181e+01
1.415000000000000036e+01,-1.584329364754647784e+01,1.270906016747808707e+02,3.989393718100708242e+01,1.054537788228790696e+01
1.416000000000000014e+01,-1.596495657809064994e+01,1.268287464592585820e+02,4.007405785827750577e+01,1.047389561433865701e+01
1.416999999999999993e+01,-1.608710182967282165e+01,1.266045741659555262e+02,4.024691112469001553e+01,1.039500549187070533e+01
1.417999999999999972e+01,-1.620955220356696103e+01,1.264203275191831324e+02,4.041201406311649436e+01,1.030882957971290992e+01
1.418999999999999950e+01,-1.633205300166145690e+01,1.262784015032631828e+02,4.056881362319037265e+01,1.021554861082886489e+01
1.419999999999999929e+01,-1.645426123364614668e+01,1.261812085449935665e+02,4.071670239543671244e+01,1.011543008902209806e+01
1.421000000000000085e+01,-1.657574105426942523e+01,1.261310218313252705e+02,4.085504361960760633e+01,1.000885037201599737e+01
1.422000000000000064e+01,-1.669596641143033722e+01,1.261298100613722966e+02,4.098320302090009903e+01,9.896307846487305326e+00
1.423000000000000043e+01,-1.681433122940606495e+01,1.261790789601031264e+02,4.110058418968102245e+01,9.778425249273624331e+00
1.424000000000000021e+01,-1.693016668468948538e+01,1.262797355370155685e+02,4.120666370221744046e+01,9.655940392907780279e+00
1.425000000000000000e+01,-1.704276431668168357e+01,1.264319900382502198e+02,4.130102209891765597e+01,9.529685883808898694e+00
1.425999999999999979e+01,-1.715140293950835115e+01,1.266353076039149244e+02,4.138336721931133866e+01,9.400559719362801658e+00
1.426999999999999957e+01,-1.725537669460961610e+01,1.268884168034210518e+02,4.145354720753679345e+01,9.269489753338417515e+00
1.427999999999999936e+01,-1.735402122567333194e+01,1.271893757919726227e+02,4.151155165851979945e+01,9.137395783888392131e+00
1.428999999999999915e+01,-1.744673497258486350e+01,1.275356894901051845e+02,4.155750073518107257e+01,9.005153341346346707e+00
1.430000000000000071e+01,-1.753299303014615163e+01,1.279244639475370491e+02,4.159162348284741739e+01,8.873563087330838428e+00
1.431000000000000050e+01,-1.761235189122871603e+01,1.283525781114961148e+02,4.161422782445622204e+01,8.743329099667690230e+00
1.432000000000000028e+01,-1.768444460098660898e+01,1.288168497271845752e+02,4.162566568356196228e+01,8.615048288039686142e+00
1.433000000000000007e+01,-1.774896722229799906e+01,1.293141718858639138e+02,4.162629723568854700e+01,8.489211890848748610e+00
1.433999999999999986e+01,-1.780565884010533395e+01,1.298416001060616338e+02,4.161645836970832590e+01,8.366218602492601519e+00
1.434999999999999964e+01,-1.785427839663238103e+01,1.303963764671042043e+02,4.159643504585850593e+01,8.246397538689375750e+00
1.435999999999999943e+01,-1.789458227059198236e+01,1.309758863292787225e+02,4.156644741748710459e+01,8.130038120482728559e+00
1.436999999999999922e+01,-1.792630657938714478e+01,1.315775532965744787e+02,4.152664543804404218e+01,8.017423171507545021e+00
1.438000000000000078e+01,-1.794915766345874886e+01,1.321986878593397137e+02,4.147711633526406416e+01,7.908861164142211742e+00
1.439000000000000057e+01,-1.796281315652633381e+01,1.328363131811323115e+02,4.141790295227556840e+01,7.804713657124591641e+00
1.440000000000000036e+01,-1.796693457610755118e+01,1.334869965439665691e+02,4.134903068598181619e+01,7.705414528616643999e+00
1.441000000000000014e+01,-1.796119066709414369e+01,1.341467161315607370e+02,4.127053974098026856e+01,7.611478563605391656e+00
1.441999999999999993e+01,-1.794528902621010147e+01,1.348107896385783420e+02,4.118251878090154605e+01,7.523498197317743497e+00
1.442999999999999972e+01,-1.791901208398983059e+01,1.354738837414564614e+02,4.108513587671249923e+01,7.442128605902339267e+00
1.443999999999999950e+01,-1.788225257642227461e+01,1.361301125355566342e+02,4.097866295015661819e+01,7.368062709908848262e+00
1.444999999999999929e+01,-1.783504340210619432e+01,1.367732201311525273e+02,4.086349065931014479e+01,7.301998850588486079e+00
1.446000000000000085e+01,-1.777757732843855365e+01,1.373968297704744828e+02,4.074013178474857000e+01,7.244604768308625431e+00
1.447000000000000064e+01,-1.771021332980837570e+01,1.379947313494770924e+02,4.060921251448665714e+01,7.196481950214982604e+00
1.448000000000000043e+01,-1.763346820269294213e+01,1.385611730633537491e+02,4.047145242958441003e+01,7.158134369441661704e+00
1.449000000000000021e+01,-1.754799417741440237e+01,1.390911221900369696e+02,4.032763528927896601e+01,7.129945121536216845e+00
1.450000000000000000e+01,-1.745454516078870810e+01,1.395804647968923007e+02,4.017857375095443473e+01,7.112163545876543758e+00
1.450999999999999979e+01,-1.735393567266632431e+01,1.400261233018096050e+02,4.002507181991438756e+01,7.104904218931900495e+00
1.451999999999999957e+01,-1.724699727954025263e+01,1.404260824606647020e+02,3.986788904121083021e+01,7.108157869849356381e+00
1.452999999999999936e+01,-1.713453733222327457e+01,1.407793263542441196e+02,3.970771021043506721e+01,7.121812953068815233e+00
1.453999999999999915e+01,-1.701730417470443513e+01,1.410856994354703886e+02,3.954512373381347601e+01,7.145685462491608853e+00
1.455000000000000071e+01,-1.689596189194677223e+01,1.413457123981625614e+02,3.938061079374988083e+01,7.179553706041657435e+00
1.456000000000000050e+01,-1.677107632220470634e+01,1.415603179670842451e+02,3.921454628712469059e+01,7.223194261255954984e+00
1.457000000000000028e+01,-1.664311267489963697e+01,1.417306827083107521e+02,3.904721122944915379e+01,7.276415244373220403e+00
1.458000000000000007e+01,-1.651244382586479276e+01,1.418579790372492937e+02,3.887881509140613900e+01,7.339083348412727581e+00
1.458999999999999986e+01,-1.637936731731165452e+01,1.419432173717475507e+02,3.870952548110679459e+01,7.411141801573229770e+00
1.459999999999999964e+01,-1.624412833904269249e+01,1.419871325136149949e+02,3.853950181356694316e+01,7.492617391501592117e+00
1.460999999999999943e+01,-1.610694554906874387e+01,1.419901315219820219e+02,3.836892919917809053e+01,7.583615889016539491e+00
1.461999999999999922e+01,-1.596803652080236446e+01,1.419523032458348268e+02,3.819804877976545754e+01,7.684306460413703910e+00
1.463000000000000078e+01,-1.582763987101759540e+01,1.418734829939166389e+02,3.802718114584454412e+01,7.794896844501789879e+00
1.464000000000000057e+01,-1.568603168964261130e+01,1.417533602009827405e+02,3.785674023787345277e+01,7.915602057931867996e+00
1.465000000000000036e+01,-1.554353468907116387e+01,1.415916129766035851e+02,3.768723618097006067e+01,8.046610070284799576e+00
1.466000000000000014e+01,-1.540051941803558577e+01,1.413880514952972476e+02,3.751926670679834785e+01,8.188048184702340748e+00
1.466999999999999993e+01,-1.525739782660810206e+01,1.411427524424483124e+02,3.735349803989614514e+01,8.339953742814808280e+00
1.467999999999999972e+01,-1.511461030874954758e+01,1.408561690062932712e+02,3.719063723069672278e+01,8.502252266309973550e+00
1.468999999999999950e+01,-1.497260799151350419e+01,1.405292047654369014e+02,3.703139878429053766e+01,8.674745319274499877e+00
1.469999999999999929e+01,-1.483183242593046103e+01,1.401632446417862639e+02,3.687646897611378449e+01,8.857109327527197706e+00
1.471000000000000085e+01,-1.469269494662978914e+01,1.397601411878504507e+02,3.672647141839426865e+01,9.048905444813369670e+00
1.472000000000000064e+01,-1.455555782745024018e+01,1.393221592346037880e+02,3.658193724266391200e+01,9.249599435088915911e+00
1.473000000000000043e+01,-1.442071901894118113e+01,1.388518858719826596e+02,3.644328273104628835e+01,9.458589557815932025e+00
1.474000000000000021e+01,-1.428840177496626573e+01,1.383521155870254233e+02,3.631079642964270704e+01,9.675239690112086066e+00
1.475000000000000000e+01,-1.415874992465485249e+01,1.378257220401428924e+02,3.618463679874644612e+01,9.898914459053933967e+00
1.475999999999999979e+01,-1.403182897979768207e+01,1.372755284477489113e+02,3.606484039507217432e+01,1.012901302316722330e+01
1.476999999999999957e+01,-1.390763273200095185e+01,1.367041879712338073e+02,3.595133954153144629e+01,1.036499833868341724e+01
1.477999999999999936e+01,-1.378609452325177287e+01,1.361140840390692119e+02,3.584398751703345454e+01,1.060641925023269216e+01
1.478999999999999915e+01,-1.366710199475008025e+01,1.355072583179469063e+02,3.574258857868548489e+01,1.085292350818496310e+01
1.480000000000000071e+01,-1.355051385354764548e+01,1.348853712808066803e+02,3.564692968149768149e+01,1.110426076340089807e+01
1.481000000000000050e+01,-1.343617706209136031e+01,1.342496971979796001e+02,3.555681063294913002e+01,1.136027563310532607e+01
1.482000000000000028e+01,-1.332394286401490291e+01,1.336011521398012860e+02,3.547206962889521265e+01,1.162089196467538876e+01
1.483000000000000007e+01,-1.321368021334083487e+01,1.329403504965213187e+02,3.539260164665195418e+01,1.188609033992534059e+01
1.483999999999999986e+01,-1.310528546390139937e+01,1.322676828833434399e+02,3.531836796906527809e+01,1.215588156208502824e+01
1.484999999999999964e+01,-1.299868757645040951e+01,1.315834063782591841e+02,3.524939609690511588e+01,1.243027927316736658e+01
1.485999999999999943e+01,-1.289384857325040379e+01,1.308877370520806380e+02,3.518577037022899390e+01,1.270927491446502344e+01
1.486999999999999922e+01,-1.279075946384328155e+01,1.301809348081864925e+02,3.512761464646032294e+01,1.299281795946391327e+01
1.488000000000000078e+01,-1.268943232731864335e+01,1.294633716433172310e+02,3.507506926205545739e+01,1.328080374799125707e+01
1.489000000000000057e+01,-1.258988961590013567e+01,1.287355764329742840e+02,3.502826514179437822e+01,1.357307039936782544e+01
1.490000000000000036e+01,-1.249215200363972400e+01,1.279982519941783181e+02,3.498729824905878871e+01,1.386940527310767557e+01
1.491000000000000014e+01,-1.239622622004702279e+01,1.272522631799176764e+02,3.495220756002334639e+01,1.416956038496079273e+01
1.491999999999999993e+01,-1.230209427654324550e+01,1.264985977923058584e+02,3.492295939768673207e+01,1.447327518290983228e+01
1.492999999999999972e+01,-1.220970532421127785e+01,1.257383048688604248e+02,3.489944031378333023e+01,1.478030424313759639e+01
1.493999999999999950e+01,-1.211897109674423945e+01,1.249724171542849689e+02,3.488145982116034816e+01,1.509044684474431186e+01
1.494999999999999929e+01,-1.202976552270520827e+01,1.242018661390249008e+02,3.486876324106852110e+01,1.540357508654447827e+01
1.496000000000000085e+01,-1.194192867029805782e+01,1.234273988103774400e+02,3.486105383907737121e+01,1.571965725519980595e+01
1.497000000000000064e+01,-1.185527475189219793e+01,1.226495051668300533e+02,3.485802238807215758e+01,1.603877354631413255e+01
1.498000000000000043e+01,-1.176960350148590528e+01,1.218683645931293285e+02,3.485938142492964431e+01,1.636112195102271016e+01
1.499000000000000021e+01,-1.168471388300813274e+01,1.210838174439420101e+02,3.486490085670946115e+01,1.668701308837210462e+01
1.500000000000000000e+01,-1.160041882594932261e+01,1.202953657665585325e+02,3.487444129878512911e+01,1.701685389555393968e+01
1.500999999999999979e+01,-1.151655954755210587e+01,1.195022042098564157e+02,3.488798163493677862e+01,1.735112126674629707e+01
1.501999999999999957e+01,-1.143301802858945670e+01,1.187032790902140817e+02,3.490563778002522355e+01,1.769032782758992184e+01
1.502999999999999936e+01,-1.134972636935414236e+01,1.178973706392395115e+02,3.492767045602953857e+01,1.803498292039550321e+01
1.503999999999999915e+01,-1.126667205261553306e+01,1.170831909821381771e+02,3.495448087575777407e+01,1.838555245005985483e+01
1.505000000000000071e+01,-1.118389855070685357e+01,1.162594886928723383e+02,3.498659444675078589e+01,1.874242143355463242e+01
1.506000000000000050e+01,-1.110150118810462594e+01,1.154251500589071355e+02,3.502463382547906434e+01,1.910586288392510212e+01
1.507000000000000028e+01,-1.101961865261598383e+01,1.145792875513817108e+02,3.506928373557495604e+01,1.947601606872024860e+01
1.508000000000000007e+01,-1.093842098059900536e+01,1.137213073773674239e+02,3.512125079979541908e+01,1.985287628126275905e+01
1.508999999999999986e+01,-1.085809517585620654e+01,1.128509501970160187e+02,3.518122214240317902e+01,2.023629715112554806e+01
1.509999999999999964e+01,-1.077882982485914454e+01,1.119683018318945074e+02,3.524982665443474161e+01,2.062600531394398828e+01
1.510999999999999943e+01,-1.070080012868779207e+01,1.110737737405539747e+02,3.532760257571180773e+01,2.102162607863504817e+01
1.511999999999999922e+01,-1.062415468892705661e+01,1.101680558729382540e+02,3.541497446548974182e+01,2.142271768082652272e+01
1.513000000000000078e+01,-1.054900517995931430e+01,1.092520469678504753e+02,3.551224176644686281e+01,2.182881088615606657e+01
1.514000000000000057e+01,-1.047541974222885131e+01,1.083267692327620324e+02,3.561958009224751009e+01,2.223945017616518172e+01
1.515000000000000036e+01,-1.040342057292883382e+01,1.073932755259607887e+02,3.573705517912572560e+01,2.265423255958873483e+01
1.516000000000000014e+01,-1.033298580514019349e+01,1.064525575985855284e+02,3.586464823808869085e+01,2.307284022512322252e+01
1.516999999999999993e+01,-1.026405538486962143e+01,1.055054636533969159e+02,3.600229033270464640e+01,2.349506378331147260e+01
1.517999999999999972e+01,-1.019654030623511609e+01,1.045526324846165096e+02,3.614990249324169724e+01,2.392081370042072663e+01
1.518999999999999950e+01,-1.013033427434922906e+01,1.035944498617086396e+02,3.630743765706750281e+01,2.435011863957696931e+01
1.519999999999999929e+01,-1.006532665657522863e+01,1.026310307299347073e+02,3.647492027316053509e+01,2.478311069667215705e+01
1.521000000000000085e+01,-1.000141547515222840e+01,1.016622283834982170e+02,3.665247956855399281e+01,2.521999882831511997e+01
1.522000000000000064e+01,-9.938519200728045178e+00,1.006876692260011339e+02,3.684037304745030639e+01,2.566103298053416637e+01
1.523000000000000043e+01,-9.876586230812765876e+00,9.970680930262456343e+01,3.703899773322332578e+01,2.610646240705926857e+01
1.524000000000000021e+01,-9.815601171389435109e+00,9.871900671477656886e+01,3.724888787822107616e+01,2.655649230272276995e+01
1.525000000000000000e+01,-9.755587362678008745e+00,9.772360253628870908e+01,3.747069923003721925e+01,2.701124309605305385e+01
1.525999999999999979e+01,-9.696605468415473439e+00,9.672000211035236816e+01,3.770518131125981398e+01,2.747071651861154606e+01
1.526999999999999957e+01,-9.638748341120138008e+00,9.570774870235472065e+01,3.795314039898357805e+01,2.793477192080986882e+01
1.527999999999999936e+01,-9.582132740586734698e+00,9.468658239747098548e+01,3.821539685575365297e+01,2.840311530388065009e+01
1.528999999999999915e+01,-9.526888780406521207e+00,9.365647874534288064e+01,3.849274107220693253e+01,2.887530228811386834e+01
1.530000000000000071e+01,-9.473148178350129456e+00,9.261766377024736130e+01,3.878589247921991756e+01,2.935075486059940530e+01
1.531000000000000050e+01,-9.421032474744270857e+00,9.157060434082821132e+01,3.909546585876632463e+01,2.982879036944201090e+01
1.532000000000000028e+01,-9.370642356016709584e+00,9.051597527715316005e+01,3.942194854838591311e+01,3.030865997873079465e+01
1.533000000000000007e+01,-9.322049087994015437e+00,8.945460673687900055e+01,3.976569114513248593e+01,3.078959278039400616e+01
1.533999999999999986e+01,-9.275288843855779675e+00,8.838741718410251735e+01,4.012691304822851635e+01,3.127084106993026325e+01
1.534999999999999964e+01,-9.230360428813819240e+00,8.731533847594965891e+01,4.050572273564267789e+01,3.175172200662182931e+01
1.535999999999999943e+01,-9.187226583850042871e+00,8.623924022773670117e+01,4.090215116936056461e+01,3.223165104309092754e+01
1.536999999999999922e+01,-9.145818720836892624e+00,8.515986060933511226e+01,4.131619530440550392e+01,3.271016313819394838e+01
1.538000000000000078e+01,-9.106044627032135352e+00,8.407775009488342732e+01,4.174786748298272698e+01,3.318691883392024522e+01
1.539000000000000057e+01,-9.067798403107818928e+00,8.299323348467545713e+01,4.219724566698692314e+01,3.366169370569406283e+01
1.540000000000000036e+01,-9.030971688576336476e+00,8.190639382976809202e+01,4.266451911518566220e+01,3.413435136227051458e+01
1.541000000000000014e+01,-8.995465101739911873e+00,8.081707984587615101e+01,4.315002431781051229e+01,3.460480191129196470e+01
1.541999999999999993e+01,-8.961198792922980161e+00,7.972493617400083110e+01,4.365426677324894911e+01,3.507294943098954576e+01
1.542999999999999972e+01,-8.928121086751170665e+00,7.862945363579154900e+01,4.417792547315030305e+01,3.553863330940522047e+01
1.543999999999999950e+01,-8.896214368293282604e+00,7.753003466364674523e+01,4.472183863280318405e+01,3.600156916928732898e+01
1.544999999999999929e+01,-8.865497633992166726e+00,7.642606757189003019e+01,4.528697109208928140e+01,3.646129537956839073e+01
1.546000000000000085e+01,-8.836025455382070959e+00,7.531700244869084315e+01,4.587436572074393126e+01,3.691713081847137090e+01
1.547000000000000064e+01,-8.807883457154590090e+00,7.420242129306635093e+01,4.648508289107837754e+01,3.736814862263959469e+01
1.548000000000000043e+01,-8.781180752973909875e+00,7.308209561452015635e+01,4.712013345501363659e+01,3.781316921591932356e+01
1.549000000000000021e+01,-8.756040076048380527e+00,7.195602598155572593e+01,4.778041154157491377e+01,3.825077409160390118e+01
1.550000000000000000e+01,-8.732586557203637412e+00,7.082445979901297051e+01,4.846663378292876700e+01,3.867933978398107087e+01
1.550999999999999979e+01,-8.710936221878741392e+00,6.968788571094310669e+01,4.917929123532373126e+01,3.909708938588850913e+01
1.551999999999999957e+01,-8.691185291760238130e+00,6.854700524345992108e+01,4.991861928503896451e+01,3.950215703235080866e+01
1.552999999999999936e+01,-8.673401290532980923e+00,6.740268440824874574e+01,5.068458926328678871e+01,3.989265916025305359e+01
1.553999999999999915e+01,-8.657616779146817265e+00,6.625588980097239755e+01,5.147692343166851714e+01,4.026676524835777826e+01
1.555000000000000071e+01,-8.643826302736027145e+00,6.510761511085404152e+01,5.229513258989620539e+01,4.062276030095239321e+01
1.556000000000000050e+01,-8.631986840816681550e+00,6.395880481337056978e+01,5.313857300697853248e+01,4.095909168550618773e+01
1.557000000000000028e+01,-8.622021738051834916e+00,6.281028209278846930e+01,5.400651694564110983e+01,4.127439413061392059e+01
1.558000000000000007e+01,-8.613827778677459079e+00,6.166268771611151323e+01,5.489822903072122529e+01,4.156748870618019964e+01
1.558999999999999986e+01,-8.607284777830296107e+00,6.051643567027041115e+01,5.581303939703194317e+01,4.183735430416900414e+01
1.559999999999999964e+01,-8.602266821501752148e+00,5.937168993214174861e+01,5.675040418382690888e+01,4.208307326349390820e+01
1.560999999999999943e+01,-8.598654116453802843e+00,5.822836486152804270e+01,5.770994466717301208e+01,4.230375599158072930e+01
1.561999999999999922e+01,-8.596344331661349258e+00,5.708614953290183536e+01,5.869145814907822256e+01,4.249845233268947453e+01
1.563000000000000078e+01,-8.595262336995805441e+00,5.594455404068162352e+01,5.969489651333244495e+01,4.266605963232869669e+01
1.564000000000000057e+01,-8.595367376872054876e+00,5.480297364674157024e+01,6.072031183509604091e+01,4.280523863017820929e+01
1.565000000000000036e+01,-8.596656948570348789e+00,5.366076481958835842e+01,6.176777221689217612e+01,4.291434828038022431e+01
1.566000000000000014e+01,-8.599166966457421069e+00,5.251732595222252087e+01,6.283725469380157591e+01,4.299140929068335737e+01
1.566999999999999993e+01,-8.602968152972978899e+00,5.137217499482035521e+01,6.392852518910494553e+01,4.303410367699578387e+01
1.567999999999999972e+01,-8.608158966560740311e+00,5.022501647101371702e+01,6.504101774388722390e+01,4.303981415848379299e+01
1.568999999999999950e+01,-8.614855715751049914e+00,4.907579133926648751e+01,6.617372630499869501e+01,4.300570307834809114e+01
1.569999999999999929e+01,-8.623180781731146993e+00,4.792470479917560766e+01,6.732512204417626833e+01,4.292882610587781045e+01
1.571000000000000085e+01,-8.633250052440251565e+00,4.677222924204316712e+01,6.849310741027665017e+01,4.280627168792526760e+01
1.572000000000000064e+01,-8.645160744838593203e+00,4.561908188251045004e+01,6.967501491944197767e+01,4.263531354070612167e+01
1.573000000000000043e+01,-8.658980755963343157e+00,4.446617895418686572e+01,7.086765424171008476e+01,4.241356088807914659e+01
1.574000000000000021e+01,-8.674740545543953019e+00,4.331457049873858267e+01,7.206740579561179061e+01,4.213909011394499515e+01
1.575000000000000000e+01,-8.692428328740456678e+00,4.216536155351957404e+01,7.327035334882597795e+01,4.181054236035227234e+01
1.575999999999999979e+01,-8.711989067111165497e+00,4.101962681827388479e+01,7.447244274287179167e+01,4.142717453878959333e+01
1.576999999999999957e+01,-8.733327411992096501e+00,3.987832656666947884e+01,7.566964960824797970e+01,4.098885612312446369e+01
1.577999999999999936e+01,-8.756314401507951928e+00,3.874223160781537700e+01,7.685813658061124443e+01,4.049601051893728965e+01
1.578999999999999915e+01,-8.780797366435805884e+00,3.761186447350559803e+01,7.803438065164368709e+01,3.994950699005433847e+01
1.580000000000000071e+01,-8.806612188734266766e+00,3.648746272286678050e+01,7.919525413887528487e+01,3.935051606703434146e+01
1.581000000000000050e+01,-8.833596808357167873e+00,3.536896837910520475e+01,8.033804815294487867e+01,3.870034698926298233e+01
1.582000000000000028e+01,-8.861604716630985479e+00,3.425604516390093579e+01,8.146043475357767250e+01,3.800028909513297037e+01
1.583000000000000007e+01,-8.890517131142626539e+00,3.314812256029864557e+01,8.256037224108698069e+01,3.725147954060057032e+01
1.583999999999999986e+01,-8.920252631896994799e+00,3.204446306136468792e+01,8.363596606992528848e+01,3.645481709725753916e+01
1.584999999999999964e+01,-8.950773252238436228e+00,3.094424653451291718e+01,8.468530455159041992e+01,3.561093632141219700e+01
1.585999999999999943e+01,-8.982086345329117094e+00,2.984666373652701310e+01,8.570629288552547109e+01,3.472024876086028655e+01
1.586999999999999922e+01,-9.014241956473949102e+00,2.875100989382701400e+01,8.669651047986491221e+01,3.378304902268639154e+01
1.588000000000000078e+01,-9.047325879387738468e+00,2.765676907065522983e+01,8.765311472541758064e+01,3.279967455572362667e+01
1.589000000000000057e+01,-9.081449010575322944e+00,2.656368082230374128e+01,8.857280946130366317e+01,3.177070002232848722e+01
1.590000000000000036e+01,-9.116733991939252491e+00,2.547178228589925908e+01,8.945188876482576745e+01,3.069714119098050631e+01
1.591000000000000014e+01,-9.153300407956857399e+00,2.438142120719203731e+01,9.028635718602585314e+01,2.958064026127441082e+01
1.591999999999999993e+01,-9.191249954509059350e+00,2.329323817845222067e+01,9.107211720499999785e+01,2.842360506767491657e+01
1.592999999999999972e+01,-9.230653011355874682e+00,2.220811928445327865e+01,9.180520483623691064e+01,2.722927895548836474e+01
1.593999999999999950e+01,-9.271537933167026679e+00,2.112712314806942615e+01,9.248204637741581280e+01,2.600172604101467400e+01
1.594999999999999929e+01,-9.313884139510566484e+00,2.005138880034653326e+01,9.309970465425136865e+01,2.474572723691770193e+01
1.596000000000000085e+01,-9.357619753861914802e+00,1.898203268660036969e+01,9.365608275160070662e+01,2.346659446099891611e+01
1.597000000000000064e+01,-9.402624141218643317e+00,1.792004432041152029e+01,9.415005753272572520e+01,2.216992207003898230e+01
1.598000000000000043e+01,-9.448735251854307293e+00,1.686619051007654235e+01,9.458152383294840604e+01,2.086130389233849414e+01
1.599000000000000021e+01,-9.495761226775748298e+00,1.582093764078240561e+01,9.495134187799887115e+01,1.954604967971120288e+01
1.600000000000000000e+01,-9.543495294089439085e+00,1.478440017581301902e+01,9.526119343195298939e+01,1.822893540500631460e+01
