f_GHz,S11_dB,S11_deg,ReZin_ohm,ImZin_ohm
1.000000000000000000e+00,-2.524361823028780649e-01,-1.500028654120438034e+02,7.786580547270974817e-01,-1.339308826801684127e+01
1.010000000000000009e+00,-2.627791316321392290e-01,-1.517593511656553176e+02,8.041290613732841042e-01,-1.257492933148183134e+01
1.020000000000000018e+00,-2.743343381590798158e-01,-1.534833346511628918e+02,8.333536458543749914e-01,-1.177801164910501086e+01
1.030000000000000027e+00,-2.843972532902175887e-01,-1.551752008551409574e+02,8.581244836962008682e-01,-1.100146556876168979e+01
1.040000000000000036e+00,-2.905232889399561591e-01,-1.568430848587685489e+02,8.712012503773228778e-01,-1.024095130718472468e+01
1.050000000000000044e+00,-2.910223247299790206e-01,-1.585014493935634619e+02,8.677280539759637534e-01,-9.489381965093441451e+00
1.060000000000000053e+00,-2.853142032335941880e-01,-1.601683112011610604e+02,8.462127422730406634e-01,-8.738216278532192405e+00
1.070000000000000062e+00,-2.740604472004475878e-01,-1.618616669409957467e+02,8.088353991915341323e-01,-7.979070546790437035e+00
1.080000000000000071e+00,-2.590385461807786505e-01,-1.635958980033966839e+02,7.610029555050836780e-01,-7.205301560000789252e+00
1.090000000000000080e+00,-2.427884451270810318e-01,-1.653789419398156326e+02,7.102538431968630217e-01,-6.413213649701224206e+00
1.100000000000000089e+00,-2.281134283822037201e-01,-1.672108027276638893e+02,6.647701740146573224e-01,-5.602647515125172006e+00
1.110000000000000098e+00,-2.175427398789343547e-01,-1.690836294521642458e+02,6.318212277658673548e-01,-4.776870450336380358e+00
1.120000000000000107e+00,-2.128588553693778751e-01,-1.709832554358854111e+02,6.164345730435409898e-01,-3.941841339308724379e+00
1.129999999999999893e+00,-2.147684341247202144e-01,-1.728918480832585090e+02,6.205058851050588853e-01,-3.105024020505392279e+00
1.139999999999999902e+00,-2.227657512367751946e-01,-1.747911902255008556e+02,6.424625521557726371e-01,-2.273963917779855404e+00
1.149999999999999911e+00,-2.352086718179811631e-01,-1.766660612267973249e+02,6.775168394890094259e-01,-1.454848858472944650e+00
1.159999999999999920e+00,-2.496001449499937741e-01,-1.785071715256975438e+02,7.184794365785558412e-01,-6.512716693402513801e-01
1.169999999999999929e+00,-2.630388455224431654e-01,1.796868769948848694e+02,7.570344526046522970e-01,1.365947051407847834e-01
1.179999999999999938e+00,-2.727693750793792615e-01,1.779090439325135264e+02,7.852902284854822446e-01,9.122279659604277668e-01
1.189999999999999947e+00,-2.767313058592799635e-01,1.761449491658363513e+02,7.973311772127832375e-01,1.682290684537671721e+00
1.199999999999999956e+00,-2.739908796129555402e-01,1.743755172490683094e+02,7.904460422543958531e-01,2.455503891170221387e+00
1.209999999999999964e+00,-2.649534014273191018e-01,1.725806799500021214e+02,7.657428417432915468e-01,3.241063095823763618e+00
1.219999999999999973e+00,-2.513018083752683318e-01,1.707433477675595270e+02,7.279933799837029484e-01,4.046932189020351345e+00
1.229999999999999982e+00,-2.356741860111359887e-01,1.688527779339317760e+02,6.847413155445363220e-01,4.878387324627656341e+00
1.239999999999999991e+00,-2.211553659924911097e-01,1.669066399551899451e+02,6.448833320645435130e-01,5.737106948905966064e+00
1.250000000000000000e+00,-2.106934339950459756e-01,1.649114270601135672e+02,6.170293294030079201e-01,6.620954897098089376e+00
1.260000000000000009e+00,-2.065544022478888186e-01,1.628812362485248286e+02,6.079485126080542701e-01,7.524448259708307774e+00
1.270000000000000018e+00,-2.099065175618680945e-01,1.608352228758222395e+02,6.213456026006357602e-01,8.439791845472978338e+00
1.280000000000000027e+00,-2.205949640851059268e-01,1.587941926880751851e+02,6.571338372104631453e-01,9.358306347691980775e+00
1.290000000000000036e+00,-2.371389011836835259e-01,1.567768609849481720e+02,7.113093661830891534e-01,1.027205308205508949e+01
1.300000000000000044e+00,-2.569573962607322182e-01,1.547963402239539050e+02,7.764813891884445596e-01,1.117543332266580158e+01
1.310000000000000053e+00,-2.768034761005923050e-01,1.528574364733083826e+02,8.430458133971096002e-01,1.206650565744713255e+01
1.320000000000000062e+00,-2.933507892702023057e-01,1.509553089952549101e+02,9.008819213187370112e-01,1.294774540637850002e+01
1.330000000000000071e+00,-3.038373384949350497e-01,1.490759058887169886e+02,9.413085682753112859e-01,1.382601272274788151e+01
1.340000000000000080e+00,-3.066386719090200552e-01,1.471982805246517785e+02,9.589105546819489678e-01,1.471163409731350669e+01
1.350000000000000089e+00,-3.016385893380182370e-01,1.452984514632865114e+02,9.528118243223960837e-01,1.561671801391157288e+01
1.360000000000000098e+00,-2.903021472120881352e-01,1.433540337441091310e+02,9.270769199582229447e-01,1.655304212469483005e+01
1.370000000000000107e+00,-2.754274363795716218e-01,1.413486298376058414e+02,8.901408324850287324e-01,1.752996920810479509e+01
1.379999999999999893e+00,-2.606329658148578421e-01,1.392750393304987142e+02,8.534088391801212259e-01,1.855282000984734125e+01
1.389999999999999902e+00,-2.496950550790269507e-01,1.371366871491062511e+02,8.293325360547814107e-01,1.962198198933214144e+01
1.399999999999999911e+00,-2.458672604113114613e-01,1.349471143071186248e+02,8.293119143734343224e-01,2.073285035716874702e+01
1.409999999999999920e+00,-2.512965980678532052e-01,1.327277456936592159e+02,8.617261291118285538e-01,2.187656267463005477e+01
1.419999999999999929e+00,-2.666183329302855287e-01,1.305043610691374170e+02,9.303277917371235439e-01,2.304142718477873686e+01
1.429999999999999938e+00,-2.907805770586893712e-01,1.283027752290878709e+02,1.033203850140813840e+00,2.421492423301362251e+01
1.439999999999999947e+00,-3.211286951344754503e-01,1.261442684120387412e+02,1.162516127529459986e+00,2.538611738784579330e+01
1.449999999999999956e+00,-3.537614990132573745e-01,1.240413718862557602e+02,1.305235585677812171e+00,2.654820201233506083e+01
1.459999999999999964e+00,-3.841434360035442253e-01,1.219947098395126091e+02,1.444996549437115529e+00,2.770075909927068736e+01
1.469999999999999973e+00,-4.079097062103719806e-01,1.199916423406427413e+02,1.564967919887817249e+00,2.885116022784261247e+01
1.479999999999999982e+00,-4.217391424451272797e-01,1.180073065999602591e+02,1.651305763042225871e+00,3.001461220281638020e+01
1.489999999999999991e+00,-4.241172357992335495e-01,1.160082178972790672e+02,1.696463304188381871e+00,3.121261060473932503e+01
1.500000000000000000e+00,-4.158042243173432628e-01,1.139579280387665676e+02,1.701574618978823894e+00,3.247001965745923258e+01
1.510000000000000009e+00,-3.998825529791871225e-01,1.118236022650621635e+02,1.677378424700993520e+00,3.381140197663054181e+01
1.520000000000000018e+00,-3.813695895746038733e-01,1.095820854661600805e+02,1.643597520711603366e+00,3.525736998078752293e+01
1.530000000000000027e+00,-3.664963254271847992e-01,1.072242450022192912e+02,1.627096626205920993e+00,3.682155944068859554e+01
1.540000000000000036e+00,-3.618193199099423163e-01,1.047569715890741833e+02,1.659304576773381168e+00,3.850846986391932347e+01
1.550000000000000044e+00,-3.733313490091115794e-01,1.022028716878997727e+02,1.773268964937355641e+00,4.031210161529715208e+01
1.560000000000000053e+00,-4.056850889111268121e-01,9.959810942002091849e+01,2.000433253785785404e+00,4.221521750743393397e+01
1.570000000000000062e+00,-4.615815371586086124e-01,9.698895538902138469e+01,2.366975804196464583e+00,4.418921501325203849e+01
1.580000000000000071e+00,-5.413323520730648486e-01,9.442745585730692426e+01,2.889503284489056689e+00,4.619494769362355413e+01
1.590000000000000080e+00,-6.425964862895792162e-01,9.196641221799434618e+01,3.570177496455109178e+00,4.818521998543771900e+01
1.600000000000000089e+00,-7.603134596517829857e-01,8.965371869915867364e+01,4.392014442508916261e+00,5.010983640399886951e+01
1.610000000000000098e+00,-8.868936822319244406e-01,8.752616884237333750e+01,5.315963820606999235e+00,5.192367668575153061e+01
1.620000000000000107e+00,-1.012755584052899005e+00,8.560317481613515156e+01,6.281956770979829408e+00,5.359706337113964736e+01
1.629999999999999893e+00,-1.127285894257000987e+00,8.388140733440566521e+01,7.215649372594088895e+00,5.512594843474860085e+01
1.639999999999999902e+00,-1.220210589033348336e+00,8.233192648596684649e+01,8.040646186610384660e+00,5.653818615145562632e+01
1.649999999999999911e+00,-1.283197483430337238e+00,8.090149187693546651e+01,8.693217846516091640e+00,5.789269455635170658e+01
1.659999999999999920e+00,-1.311329539408684575e+00,7.951896502341364226e+01,9.134726139759312247e+00,5.927099240973910099e+01
1.669999999999999929e+00,-1.304012187296579528e+00,7.810604457571172077e+01,9.357704441548586161e+00,6.076398499704223610e+01
1.679999999999999938e+00,-1.265006866429466470e+00,7.658976056669514776e+01,9.384502703855945427e+00,6.245867661477841182e+01
1.689999999999999947e+00,-1.201584880772977426e+00,7.491333704218027378e+01,9.260540510066242348e+00,6.442865999632766716e+01
1.699999999999999956e+00,-1.123102050885447678e+00,7.304279078427761362e+01,9.045627121879679322e+00,6.672976999956944155e+01
1.709999999999999964e+00,-1.039433186644192819e+00,7.096843684735419799e+01,8.806234903800234548e+00,6.940001018743383554e+01
1.719999999999999973e+00,-9.596369169096452545e-01,6.870218467277227603e+01,8.610069503189089701e+00,7.246183286011759606e+01
1.729999999999999982e+00,-8.910401225532295078e-01,6.627234534453046422e+01,8.522870376769832390e+00,7.592501160848560460e+01
1.739999999999999991e+00,-8.387592210163175022e-01,6.371760163644485431e+01,8.606600755402162406e+00,7.978909492854540986e+01
1.750000000000000000e+00,-8.055777772288641447e-01,6.108125199582476483e+01,8.918025954607241346e+00,8.404525537134735202e+01
1.760000000000000009e+00,-7.920759559570229591e-01,5.840626658184544340e+01,9.506936405783907418e+00,8.867800475641398350e+01
1.770000000000000018e+00,-7.969259183276973246e-01,5.573131282801055875e+01,1.041379123293074471e+01,9.366764865216495650e+01
1.780000000000000027e+00,-8.172970758877190489e-01,5.308774971986755276e+01,1.166723821247845017e+01,9.899443588375598324e+01
1.790000000000000036e+00,-8.493367998912065842e-01,5.049758586748759370e+01,1.328266238584379444e+01,1.046450277792747556e+02
1.800000000000000044e+00,-8.886983083436478248e-01,4.797245295024913503e+01,1.526336446226950372e+01,1.106211387155706376e+02
1.810000000000000053e+00,-9.310793644201138530e-01,4.551367914726743180e+01,1.760585242599342592e+01,1.169491800664791867e+02
1.820000000000000062e+00,-9.727206794813975099e-01,4.311349985672867291e+01,2.030991305466858776e+01,1.236889480659044125e+02
1.830000000000000071e+00,-1.010802635487950019e+00,4.075730126175243839e+01,2.339292367038313714e+01,1.309393635213009190e+02
1.840000000000000080e+00,-1.043683487305266722e+00,3.842659447477230827e+01,2.690698345302657302e+01,1.388401573246186445e+02
1.850000000000000089e+00,-1.070945770791061236e+00,3.610224370306539754e+01,3.095757248436560971e+01,1.475697308894094135e+02
1.860000000000000098e+00,-1.093254909853487167e+00,3.376740405706581782e+01,3.572374412620099804e+01,1.573403415744401173e+02
1.870000000000000107e+00,-1.112072114193878747e+00,3.140970270445800594e+01,4.148189519748139276e+01,1.683915530168791292e+02
1.879999999999999893e+00,-1.129289024868376679e+00,2.902239373603912043e+01,4.863735530291002362e+01,1.809812651523276941e+02
1.889999999999999902e+00,-1.146857090818993896e+00,2.660445634325103370e+01,5.777010949863286982e+01,1.953704551551864768e+02
1.899999999999999911e+00,-1.166472251998292853e+00,2.415980749912817416e+01,6.970294190832036918e+01,2.117922958225679224e+02
1.909999999999999920e+00,-1.189353134257392419e+00,2.169591768584121994e+01,8.560181294004593155e+01,2.303863579680516409e+02
1.919999999999999929e+00,-1.216127384299095171e+00,1.922214804678105793e+01,1.071167744968474125e+02,2.510593097873939712e+02
1.929999999999999938e+00,-1.246821706640110161e+00,1.674809476042679535e+01,1.365573267846809813e+02,2.731963438206503270e+02
1.939999999999999947e+00,-1.280938432955242012e+00,1.428216279631481633e+01,1.770380564218464485e+02,2.950829160906995412e+02
1.949999999999999956e+00,-1.317594281795765099e+00,1.183051924354128204e+01,2.323460891157153299e+02,3.128199476306179463e+02
1.959999999999999964e+00,-1.355693806388402312e+00,9.396506557695280648e+00,3.058068821254422573e+02,3.185908636278637687e+02
1.969999999999999973e+00,-1.394109797287494734e+00,6.980530699018889784e+00,3.966213225423119297e+02,2.990344406515538935e+02
1.979999999999999982e+00,-1.431845294578504513e+00,4.580378874209516837e+00,4.924953102891156504e+02,2.375041547088945890e+02
1.989999999999999991e+00,-1.468156929581583725e+00,2.191869817773748785e+00,5.641985941982205759e+02,1.270556516255123540e+02
2.000000000000000000e+00,-1.502626830598167151e+00,-1.902970850844410144e-01,5.792749548572755884e+02,-1.106604777860305333e+01
2.009999999999999787e+00,-1.535179335740731510e+00,-2.571641981467711169e+00,5.329853617761571059e+02,-1.346026947683318724e+02
2.020000000000000018e+00,-1.566047630675042823e+00,-4.957091200042179402e+00,4.523301474944705660e+02,-2.156139211482255860e+02
2.029999999999999805e+00,-1.595702391726241620e+00,-7.350354329699155365e+00,3.674340332879649509e+02,-2.544458392725679232e+02
2.040000000000000036e+00,-1.624758310824327090e+00,-9.753549480445867559e+00,2.939778589298163638e+02,-2.646981434664802464e+02
2.049999999999999822e+00,-1.653874718516129771e+00,-1.216708704850726441e+01,2.356493093594344543e+02,-2.592696834690974583e+02
2.060000000000000053e+00,-1.683664072049490645e+00,-1.458978377975626373e+01,1.908877802864768398e+02,-2.465150186659220992e+02
2.069999999999999840e+00,-1.714618070759404977e+00,-1.701915478755607580e+01,1.568410924821827734e+02,-2.310467119582550595e+02
2.080000000000000071e+00,-1.747056877702153121e+00,-1.945182168661603583e+01,1.308545805426550999e+02,-2.151961197585435457e+02
2.089999999999999858e+00,-1.781103282206533356e+00,-2.188397660175139237e+01,1.108323434755204602e+02,-2.000528593642809767e+02
2.100000000000000089e+00,-1.816681027948262805e+00,-2.431184944788700264e+01,9.521528713143003131e+01,-1.860648779770534702e+02
2.109999999999999876e+00,-1.853534886428327866e+00,-2.673213508063152943e+01,8.286789552514163404e+01,-1.733594207540273544e+02
2.120000000000000107e+00,-1.891269029376732025e+00,-2.914234503588108183e+01,7.296690198236109381e+01,-1.619096112218708470e+02
2.129999999999999893e+00,-1.929399437876897716e+00,-3.154105511477098034e+01,6.491375852276203773e+01,-1.516197582932190357e+02
2.140000000000000124e+00,-1.967415195462423494e+00,-3.392802627213460909e+01,5.827086684327163368e+01,-1.423686031250427391e+02
2.149999999999999911e+00,-2.004842497349851538e+00,-3.630418423615926571e+01,5.271640735199338934e+01,-1.340309133132564057e+02
2.160000000000000142e+00,-2.041304280657030734e+00,-3.867145488958047395e+01,4.801254113863162587e+01,-1.264879598112332246e+02
2.169999999999999929e+00,-2.076567948988347290e+00,-4.103246827756663606e+01,4.398288235227288112e+01,-1.196323022430156016e+02
2.180000000000000160e+00,-2.110574186449873491e+00,-4.339016285779596416e+01,4.049629478004918326e+01,-1.133696559887780353e+02
2.189999999999999947e+00,-2.143441650196772130e+00,-4.574734004446877833e+01,3.745499112034889322e+01,-1.076192300632412611e+02
2.200000000000000178e+00,-2.175445414556913981e+00,-4.810623282786669819e+01,3.478559683938446767e+01,-1.023132081784526690e+02
2.209999999999999964e+00,-2.206971057515006329e+00,-5.046815701747418359e+01,3.243232668237565974e+01,-9.739569160544154158e+01
2.220000000000000195e+00,-2.238450558146194869e+00,-5.283330670856589251e+01,3.035175315226634396e+01,-9.282126964694211324e+01
2.229999999999999982e+00,-2.270289883963304778e+00,-5.520073657027709402e+01,2.850885533095139124e+01,-8.855333789485696627e+01
2.240000000000000213e+00,-2.302800510846722659e+00,-5.756854470122581091e+01,2.687415132435826592e+01,-8.456228665620967888e+01
2.250000000000000000e+00,-2.336147565208344545e+00,-5.993423529196463306e+01,2.542176569858631652e+01,-8.082369445255827145e+01
2.259999999999999787e+00,-2.370325526572576891e+00,-6.229520552866215866e+01,2.412829087077699342e+01,-7.731666405724891433e+01
2.270000000000000018e+00,-2.405168501677581894e+00,-6.464927188887081400e+01,2.297229059896408643e+01,-7.402242452947812978e+01
2.279999999999999805e+00,-2.440396314997119731e+00,-6.699513303597855440e+01,2.193427944114362660e+01,-7.092329402116733661e+01
2.290000000000000036e+00,-2.475690746252124264e+00,-6.933266521158435580e+01,2.099700214924229869e+01,-6.800205945458688461e+01
2.299999999999999822e+00,-2.510789274464729104e+00,-7.166296511205864306e+01,2.014583494921892282e+01,-6.524178415212738003e+01
2.310000000000000053e+00,-2.545578105801863167e+00,-7.398809527097769490e+01,1.936913939516454874e+01,-6.262600530940652988e+01
2.319999999999999840e+00,-2.580163620647737854e+00,-7.631054355170191172e+01,1.865842302619428139e+01,-6.013923283483676130e+01
2.330000000000000071e+00,-2.614902868247473755e+00,-7.863247149058898344e+01,1.800820326096771851e+01,-5.776761609734740688e+01
2.339999999999999858e+00,-2.650379676722153022e+00,-8.095488196788832624e+01,1.741553167809678015e+01,-5.549961597850282402e+01
2.350000000000000089e+00,-2.687322463233737135e+00,-8.327687107511989950e+01,1.687920749169889589e+01,-5.332651713479026512e+01
2.359999999999999876e+00,-2.726471041360938763e+00,-8.559513289128608449e+01,1.639877702206984011e+01,-5.124264480493983598e+01
2.370000000000000107e+00,-2.768410354864705880e+00,-8.790385769581601494e+01,1.597346380945642963e+01,-4.924520708050279438e+01
2.379999999999999893e+00,-2.813397203774290034e+00,-9.019510964480153348e+01,1.560119094072910073e+01,-4.733375316790354503e+01
2.390000000000000124e+00,-2.861210567137565164e+00,-9.245969839511110422e+01,1.527784309584357025e+01,-4.550930354362618857e+01
2.399999999999999911e+00,-2.911056676644983909e+00,-9.468847922694659758e+01,1.499688037901491100e+01,-4.377325674204651307e+01
2.410000000000000142e+00,-2.961556352011836424e+00,-9.687393418133316914e+01,1.474937183801767304e+01,-4.212620720117299555e+01
2.419999999999999929e+00,-3.010833748113606045e+00,-9.901180882150883633e+01,1.452447158200467214e+01,-4.056682450234021076e+01
2.430000000000000160e+00,-3.056711798857832285e+00,-1.011025167475057174e+02,1.431031374746923746e+01,-3.909095287126055496e+01
2.439999999999999947e+00,-3.097000156408169502e+00,-1.031519973062635103e+02,1.409524738831999713e+01,-3.769109044164149225e+01
2.450000000000000178e+00,-3.129838415811533103e+00,-1.051717478356033268e+02,1.386926439918483567e+01,-3.635638941898741194e+01
2.459999999999999964e+00,-3.154036334321143720e+00,-1.071778707056091662e+02,1.362540118628577446e+01,-3.507326370112494374e+01
2.470000000000000195e+00,-3.169341653228823663e+00,-1.091891720546615261e+02,1.336084360065216536e+01,-3.382658916721352682e+01
2.479999999999999982e+00,-3.176572266215760276e+00,-1.112245791208351164e+02,1.307746996128693873e+01,-3.260134517624819495e+01
2.490000000000000213e+00,-3.177574604015631632e+00,-1.133003316038866330e+02,1.278165346598997765e+01,-3.138441356827460993e+01
2.500000000000000000e+00,-3.175007775755951833e+00,-1.154274778027212562e+02,1.248330430456637785e+01,-3.016617874433509172e+01
2.509999999999999787e+00,-3.171990754233682708e+00,-1.176101396411970512e+02,1.219431493298284508e+01,-2.894159969675608934e+01
2.520000000000000018e+00,-3.171675534207127445e+00,-1.198448333857488990e+02,1.192671147486393224e+01,-2.771055003123362681e+01
2.529999999999999805e+00,-3.176816969302274529e+00,-1.221209161960852327e+02,1.169086023675916586e+01,-2.647739715902764601e+01
2.540000000000000036e+00,-3.189402309629421062e+00,-1.244220425756886215e+02,1.149402632473077901e+01,-2.524995013657976983e+01
2.549999999999999822e+00,-3.210387712152546591e+00,-1.267283947178330408e+02,1.133946971343768872e+01,-2.403799886126723706e+01
2.560000000000000053e+00,-3.239572416659171061e+00,-1.290193911521329255e+02,1.122614624501112601e+01,-2.285168716999437777e+01
2.569999999999999840e+00,-3.275627238557883736e+00,-1.312765496652653496e+02,1.114899431031664712e+01,-2.169993446016606242e+01
2.580000000000000071e+00,-3.316281254686423985e+00,-1.334861557561068537e+02,1.109973912847621769e+01,-2.058908085246184427e+01
2.589999999999999858e+00,-3.358655001215904434e+00,-1.356413620010727072e+02,1.106811745234510980e+01,-1.952190286574109024e+01
2.600000000000000089e+00,-3.399706786001854830e+00,-1.377433421170257475e+02,1.104339120792204199e+01,-1.849712918539672657e+01
2.609999999999999876e+00,-3.436731877965832904e+00,-1.398011923099545584e+02,1.101596661484979123e+01,-1.750955807754851534e+01
2.620000000000000107e+00,-3.467829958934076195e+00,-1.418304501511396722e+02,1.097887775732630367e+01,-1.655081343503768920e+01
2.629999999999999893e+00,-3.492246655310573988e+00,-1.438503815059066255e+02,1.092886450388777675e+01,-1.561066596547327379e+01
2.640000000000000124e+00,-3.510510803860378282e+00,-1.458804969262708084e+02,1.086681165887378242e+01,-1.467871181986964402e+01
2.649999999999999911e+00,-3.524331097884909614e+00,-1.479369837435258148e+02,1.079743303158862489e+01,-1.374609297022546706e+01
2.660000000000000142e+00,-3.536271491541612022e+00,-1.500297800325676576e+02,1.072825328759958730e+01,-1.280691377623855232e+01
2.669999999999999929e+00,-3.549274237949315847e+00,-1.521608531708861562e+02,1.066810237451203669e+01,-1.185907709673125154e+01
2.680000000000000160e+00,-3.566126476813640700e+00,-1.543239524001589018e+02,1.062543329402837422e+01,-1.090440506791792430e+01
2.689999999999999947e+00,-3.588966795065435811e+00,-1.565057976779036721e+02,1.060677972389229140e+01,-9.948067667226299093e+00
2.700000000000000178e+00,-3.618909817840918031e+00,-1.586884354321547335e+02,1.061560437174194504e+01,-8.997463966342969854e+00
2.709999999999999964e+00,-3.655841593124521616e+00,-1.608523601160741237e+02,1.065169429612697805e+01,-8.060765301910956637e+00
2.720000000000000195e+00,-3.698414541842996339e+00,-1.629799393134105117e+02,1.071117143124870985e+01,-7.145348362094548378e+00
2.729999999999999982e+00,-3.744249015273413583e+00,-1.650586465952219442e+02,1.078711564244868093e+01,-6.256345230271294966e+00
2.740000000000000213e+00,-3.790324543672994206e+00,-1.670835837825423198e+02,1.087073123220490167e+01,-5.395532650380485684e+00
2.750000000000000000e+00,-3.833513149368514838e+00,-1.690587910849719435e+02,1.095290842156372335e+01,-4.560767075586320551e+00
2.759999999999999787e+00,-3.871171247254311609e+00,-1.709969598702310236e+02,1.102593835613966000e+01,-3.746120246563696021e+00
2.770000000000000018e+00,-3.901676706609424450e+00,-1.729174258673623683e+02,1.108506147236503558e+01,-2.942759952147634639e+00
2.779999999999999805e+00,-3.924790736835324534e+00,-1.748427089034624657e+02,1.112951145979115175e+01,-2.140458748950088363e+00
2.790000000000000036e+00,-3.941753137765113824e+00,-1.767942637102281935e+02,1.116279668591758067e+01,-1.329445992459737047e+00
2.799999999999999822e+00,-3.955081032263614293e+00,-1.787883505299537035e+02,1.119213133896425560e+01,-5.022134670958188218e-01
2.810000000000000053e+00,-3.968114302836353691e+00,1.791670902831052672e+02,1.122713357823497660e+01,3.451087241469468214e-01
2.819999999999999840e+00,-3.984407671020804287e+00,1.770739541107615480e+02,1.127807108512587142e+01,1.212074675823279435e+00
2.830000000000000071e+00,-4.007091913788754844e+00,1.749436726622248557e+02,1.135400418255336064e+01,2.094042677001578756e+00
2.839999999999999858e+00,-4.038316260204533492e+00,1.727952552753670830e+02,1.146115339748292428e+01,2.983034591000560010e+00
2.850000000000000089e+00,-4.078855591123201840e+00,1.706520588372228815e+02,1.160174279829768373e+01,3.869172143251808471e+00
2.859999999999999876e+00,-4.127935980776766378e+00,1.685377825854779701e+02,1.177348856291695256e+01,4.742473794302584977e+00
2.870000000000000107e+00,-4.183307873418339540e+00,1.664722349519573470e+02,1.196983362134467654e+01,5.594763270074197159e+00
2.879999999999999893e+00,-4.241574158060841704e+00,1.644674743116075319e+02,1.218095926392330242e+01,6.421404528871152984e+00
2.890000000000000124e+00,-4.298750696042176855e+00,1.625249879330025351e+02,1.239550223711604993e+01,7.222543302643966712e+00
2.899999999999999911e+00,-4.350992439394723910e+00,1.606345733673253449e+02,1.260275608190053376e+01,8.003542437897920081e+00
2.910000000000000142e+00,-4.395364517762460288e+00,1.587754127428600555e+02,1.279496779332063738e+01,8.774398052861483777e+00
2.919999999999999929e+00,-4.430496110506044971e+00,1.569194141842546344e+02,1.296923026751563235e+01,9.548134078516806511e+00
2.930000000000000160e+00,-4.456954596912707345e+00,1.550363029236844739e+02,1.312849864803930622e+01,1.033844431558664745e+01
2.939999999999999947e+00,-4.477234506294244021e+00,1.530993995868443847e+02,1.328145076302486061e+01,1.115707608753186264e+01
2.950000000000000178e+00,-4.495355649834042566e+00,1.510907882344080235e+02,1.344120512717764093e+01,1.201152432474640008e+01
2.959999999999999964e+00,-4.516165998807075255e+00,1.490047739705812830e+02,1.362318256730667088e+01,1.290350098557061287e+01
2.970000000000000195e+00,-4.544505275441399483e+00,1.468490453365463395e+02,1.384254703437800060e+01,1.382842787835252096e+01
2.979999999999999982e+00,-4.584389317714249401e+00,1.446435272809976027e+02,1.411166667303460009e+01,1.477598101177218837e+01
2.990000000000000213e+00,-4.638339198792065687e+00,1.424173096581546645e+02,1.443795646135462540e+01,1.573156980669313754e+01
3.000000000000000000e+00,-4.706933316638382436e+00,1.402041977834061015e+02,1.482238182978439411e+01,1.667856934593630669e+01
3.009999999999999787e+00,-4.788628323602762471e+00,1.380374409947372101e+02,1.525886436262277712e+01,1.760108226764014816e+01
3.020000000000000018e+00,-4.879880245613710699e+00,1.359441966119943572e+02,1.573481399030422878e+01,1.848692249854649106e+01
3.029999999999999805e+00,-4.975587180664414078e+00,1.339403839103337077e+02,1.623294017910973608e+01,1.933036556462236888e+01
3.040000000000000036e+00,-5.069847513871058808e+00,1.320267707034319358e+02,1.673428806787084255e+01,2.013406145017050974e+01
3.049999999999999822e+00,-5.156965853223150376e+00,1.301872741710298271e+02,1.722209657515329795e+01,2.090948712356559724e+01
3.060000000000000053e+00,-5.232548339021701800e+00,1.283903176773150960e+02,1.768570083320901531e+01,2.167554927224949779e+01
3.069999999999999840e+00,-5.294447716867118459e+00,1.265934925820142070e+02,1.812351013617591278e+01,2.245543259672889747e+01
3.080000000000000071e+00,-5.343304371156422761e+00,1.247508094188656145e+02,1.854425239861187791e+01,2.327234450790095366e+01
3.089999999999999858e+00,-5.382518835871200835e+00,1.228208935161267163e+02,1.896616484022550253e+01,2.414516004954746720e+01
3.100000000000000089e+00,-5.417659203611831842e+00,1.207741007218505445e+02,1.941440035228663419e+01,2.508494676264092504e+01
3.109999999999999876e+00,-5.455473016363637129e+00,1.185969285638452675e+02,1.991733205076977953e+01,2.609300133516929421e+01
3.120000000000000107e+00,-5.502759053453386784e+00,1.162930266842402602e+02,2.050254179218240935e+01,2.716058467835246049e+01
3.129999999999999893e+00,-5.565338688512938781e+00,1.138810505369356463e+02,2.119314672910461184e+01,2.827021904479224901e+01
3.140000000000000124e+00,-5.647288364203343569e+00,1.113901643501537109e+02,2.200493683997047256e+01,2.939828025525251221e+01
3.149999999999999911e+00,-5.750512252685053838e+00,1.088541285669646754e+02,2.294471139502097046e+01,3.051859008852179400e+01
3.160000000000000142e+00,-5.874683104816920576e+00,1.063048021612680003e+02,2.401022374628639611e+01,3.160662988063818801e+01
3.169999999999999929e+00,-6.017560221509677731e+00,1.037657979412322078e+02,2.519214137369452544e+01,3.264375096446490687e+01
3.180000000000000160e+00,-6.175682090191235929e+00,1.012470845408738001e+02,2.647820878904844477e+01,3.362039620990456257e+01
3.189999999999999947e+00,-6.345397276868899539e+00,9.874148984978548071e+01,2.785925180468639439e+01,3.453708959861769046e+01
3.200000000000000178e+00,-6.524125114658278157e+00,9.622412080798542888e+01,2.933589462796484426e+01,3.540208385489633969e+01
3.209999999999999964e+00,-6.711644832254519244e+00,9.365541078383427021e+01,3.092422274200181675e+01,3.622520340917422033e+01
3.220000000000000195e+00,-6.911150829238071225e+00,9.098772485832267876e+01,3.265847025310966245e+01,3.700836514854431414e+01
3.229999999999999982e+00,-7.129842950557746306e+00,8.817442642190299296e+01,3.458917242390380409e+01,3.773405790813241367e+01
3.240000000000000213e+00,-7.378960363970472613e+00,8.517957322608897641e+01,3.677570998814627501e+01,3.835344977931185184e+01
3.250000000000000000e+00,-7.673360255704512412e+00,8.198645884140384510e+01,3.927230239908490006e+01,3.877605962109748106e+01
3.259999999999999787e+00,-8.030892755648054049e+00,7.860410356686827527e+01,4.210632277465860085e+01,3.886388061011896866e+01
3.270000000000000018e+00,-8.471866723292000856e+00,7.507213319705276433e+01,4.524839905931077766e+01,3.843522691822127513e+01
3.279999999999999805e+00,-9.018842000159349226e+00,7.146581224779144748e+01,4.857739558144206171e+01,3.728690959159867901e+01
3.290000000000000036e+00,-9.696868703495864494e+00,6.790424986614245029e+01,5.185231696965442438e+01,3.524412081095886151e+01
3.299999999999999822e+00,-1.053414112365476996e+01,6.456649934219616682e+01,5.471555067654554705e+01,3.223819140581097287e+01
3.310000000000000053e+00,-1.156273381535431000e+01,6.172367029735422506e+01,5.675514754349920565e+01,2.838751076519736571e+01
3.319999999999999840e+00,-1.281816144197173379e+01,5.980248862791758313e+01,5.762799091982959254e+01,2.402867471747078909e+01
3.330000000000000071e+00,-1.433323269579920733e+01,5.950946616083172103e+01,5.719205242044023407e+01,1.965087602378990539e+01
3.339999999999999858e+00,-1.611017877837077350e+01,6.205412574141396931e+01,5.556475216788045657e+01,1.574857873719357748e+01
3.350000000000000089e+00,-1.802118760574685297e+01,6.938394786753235621e+01,5.306766268039053358e+01,1.267542381215132252e+01
3.359999999999999876e+00,-1.956822294996688782e+01,8.341901343861394480e+01,5.010127695498806588e+01,1.057840393986547589e+01
3.370000000000000107e+00,-1.988395894533877239e+01,1.019534209808413863e+02,4.702913169092448697e+01,9.422408166899822746e+00
3.379999999999999893e+00,-1.884290768630930302e+01,1.174987028953700161e+02,4.411695374202192710e+01,9.060044365778258779e+00
3.390000000000000124e+00,-1.727971252466328167e+01,1.265464257610909158e+02,4.152376410176492527e+01,9.299529180100140735e+00
3.399999999999999911e+00,-1.578776294466115182e+01,1.306714209675588734e+02,3.932025334892377089e+01,9.949463998295815514e+00
3.410000000000000142e+00,-1.453886025777642210e+01,1.319738058976424497e+02,3.751318951869603069e+01,1.084102125723812016e+01
3.419999999999999929e+00,-1.353706811929349385e+01,1.318240784024206675e+02,3.606559520446194966e+01,1.183623005457268818e+01
3.430000000000000160e+00,-1.274105110297041143e+01,1.310321696348104581e+02,3.491082800059068347e+01,1.283057661495425883e+01
3.439999999999999947e+00,-1.209966968422000200e+01,1.300774078363251647e+02,3.396283832228467503e+01,1.375476436088738730e+01
3.450000000000000178e+00,-1.156078738690944796e+01,1.292311257974141938e+02,3.312596321183816173e+01,1.457692149959587269e+01
3.459999999999999964e+00,-1.107438562198645293e+01,1.286091004830827274e+02,3.230665414085068932e+01,1.530370467724337580e+01
3.470000000000000195e+00,-1.059629751150167465e+01,1.281949256180262182e+02,3.142711809676336543e+01,1.597731547604885805e+01
3.479999999999999982e+00,-1.009347966679444042e+01,1.278643741120692141e+02,3.043800797514241552e+01,1.666620609729903890e+01
3.490000000000000213e+00,-9.548840626121670283e+00,1.274274155266704156e+02,2.932583565320640062e+01,1.745014441516804027e+01
3.500000000000000000e+00,-8.962671476659364700e+00,1.266850557421884105e+02,2.811212725612480412e+01,1.840360269525378101e+01
3.509999999999999787e+00,-8.349376778040854319e+00,1.254816819482683741e+02,2.684488818416589950e+01,1.958264411515435910e+01
3.520000000000000018e+00,-7.731106166580344663e+00,1.237338391469733807e+02,2.558618036297717424e+01,2.101864826223747684e+01
3.529999999999999805e+00,-7.131305120543652620e+00,1.214313935021070279e+02,2.440039497332392315e+01,2.271885811077097728e+01
3.540000000000000036e+00,-6.570297115213214134e+00,1.186209145616772531e+02,2.334618019774999809e+01,2.467121698564582033e+01
3.549999999999999822e+00,-6.063279814041183435e+00,1.153840912519854953e+02,2.247260151025411190e+01,2.685040961467444731e+01
3.560000000000000053e+00,-5.620048526518442777e+00,1.118193032691020647e+02,2.181844174553999594e+01,2.922292957433698390e+01
3.569999999999999840e+00,-5.245577534662356989e+00,1.080289069071568946e+02,2.141299531003146583e+01,3.175031068208129881e+01
3.580000000000000071e+00,-4.940845734040197001e+00,1.041115637364301421e+02,2.127693360009384094e+01,3.439069204443726591e+01
3.589999999999999858e+00,-4.703600231735570958e+00,1.001579085503896636e+02,2.142235915344042141e+01,3.709947376321615309e+01
3.600000000000000089e+00,-4.528965791183241052e+00,9.624795524210966846e+01,2.185177227067960715e+01,3.983006128993966399e+01
3.609999999999999876e+00,-4.409926258456378534e+00,9.244911056823664808e+01,2.255628782795202270e+01,4.253568046417400694e+01
3.620000000000000107e+00,-4.337759655795782265e+00,8.881418372642680481e+01,2.351404123328615725e+01,4.517294479802075813e+01
3.629999999999999893e+00,-4.302525826242215246e+00,8.537927152402531306e+01,2.469017213779808628e+01,4.770718466395543089e+01
3.640000000000000124e+00,-4.293691457315263804e+00,8.216185933699199495e+01,2.603976916799962993e+01,5.011854201938619013e+01
3.649999999999999911e+00,-4.300928895824093878e+00,7.915985858372712869e+01,2.751439628791473879e+01,5.240684931422730131e+01
3.660000000000000142e+00,-4.315043035233175672e+00,7.635247041292991810e+01,2.907135704041590074e+01,5.459298812586497007e+01
3.669999999999999929e+00,-4.328884283462315352e+00,7.370355646638900282e+01,3.068334105219753383e+01,5.671525988878575930e+01
3.680000000000000160e+00,-4.338038326533735223e+00,7.116755058117070121e+01,3.234549409824042243e+01,5.882108688931243279e+01
3.689999999999999947e+00,-4.341092936225953380e+00,6.869705132210989973e+01,3.407774094117327479e+01,6.095612258652810311e+01
3.700000000000000178e+00,-4.339383754013088179e+00,6.625051935444501794e+01,3.592187816836585057e+01,6.315357635809905901e+01
3.709999999999999964e+00,-4.336274195698111455e+00,6.379836934517690139e+01,3.793448077720202605e+01,6.542604040258143527e+01
3.720000000000000195e+00,-4.336154029527611087e+00,6.132626778376666010e+01,4.017730900337127053e+01,6.776100490459218406e+01
3.729999999999999982e+00,-4.343389919955686018e+00,5.883531439608871949e+01,4.270675720653094487e+01,7.012039885782394322e+01
3.740000000000000213e+00,-4.361426696152786775e+00,5.633955324851273616e+01,4.556358727559585731e+01,7.244423620366815442e+01
3.750000000000000000e+00,-4.392161023693216926e+00,5.386166509117035162e+01,4.876430001945063708e+01,7.465847360431219215e+01
3.759999999999999787e+00,-4.435635534728294971e+00,5.142774806886374961e+01,5.229607655182434911e+01,7.668684887903910408e+01
3.770000000000000018e+00,-4.490054264067905088e+00,4.906197722022077556e+01,5.611769549249500244e+01,7.846527147894117604e+01
3.779999999999999805e+00,-4.552095765603970001e+00,4.678181762157171164e+01,6.016825201254372502e+01,7.995545375457191994e+01
3.790000000000000036e+00,-4.617480808765842326e+00,4.459441895169170067e+01,6.438325296783496299e+01,8.115300509347929392e+01
3.799999999999999822e+00,-4.681721179821293433e+00,4.249478721767302147e+01,6.871432135399604135e+01,8.208567318019855463e+01
3.810000000000000053e+00,-4.740933053431229283e+00,4.046618814423371902e+01,7.314620520222420907e+01,8.280041065688138247e+01
3.819999999999999840e+00,-4.792559643832082550e+00,3.848288481789903415e+01,7.770492870388103768e+01,8.334217478212819685e+01
3.830000000000000071e+00,-4.835841754799519165e+00,3.651477246365620033e+01,8.245383493394623997e+01,8.373039852492991031e+01
3.839999999999999858e+00,-4.871921756769942213e+00,3.453293073376846678e+01,8.747805126139726895e+01,8.393943443411946248e+01
3.850000000000000089e+00,-4.903559181769537645e+00,3.251482748239466503e+01,9.286048046047140758e+01,8.388764720722230095e+01
3.859999999999999876e+00,-4.934538378890894528e+00,3.044803432767225715e+01,9.865335772781872947e+01,8.343804162101787369e+01
3.870000000000000107e+00,-4.968917664436288462e+00,2.833178875098531435e+01,1.048499722452972378e+02,8.241236323231495930e+01
3.879999999999999893e+00,-5.010283499300431487e+00,2.617632406588688099e+01,1.113627112116522540e+02,8.061965841599426597e+01
3.890000000000000124e+00,-5.061141735947068732e+00,2.400034939491961694e+01,1.180158528393602069e+02,7.789727040015890225e+01
3.899999999999999911e+00,-5.122527824693882792e+00,2.182729341217880048e+01,1.245617306536390601e+02,7.415597715742167395e+01
3.910000000000000142e+00,-5.193872755284857590e+00,1.968097082777638462e+01,1.307231610263151538e+02,6.941373744113113275e+01
3.919999999999999929e+00,-5.273129967209716717e+00,1.758129727341709625e+01,1.362527050542092297e+02,6.380068798881036685e+01
3.930000000000000160e+00,-5.357144880978804480e+00,1.554064810674539032e+01,1.409869129839432276e+02,5.752741004136228753e+01
3.939999999999999947e+00,-5.442222152333507701e+00,1.356143626714060524e+01,1.448718183109121753e+02,5.082642450697186831e+01
3.950000000000000178e+00,-5.524810331992600076e+00,1.163540898204742113e+01,1.479488346473106049e+02,4.389133961993758959e+01
3.959999999999999964e+00,-5.602185705531769422e+00,9.744946400546652399e+00,1.503094585495430238e+02,3.683836017309045729e+01
3.970000000000000195e+00,-5.672995239259624789e+00,7.866255653736033970e+00,1.520396463125824482e+02,2.970228704401373676e+01
3.979999999999999982e+00,-5.737533362155170735e+00,5.973875478286583274e+00,1.531751041334138961e+02,2.246402527213632894e+01
3.990000000000000213e+00,-5.797685379257470295e+00,4.045525267472084963e+00,1.536814625915748138e+02,1.509696060690547270e+01
4.000000000000000000e+00,-5.856554573543935049e+00,2.066230786576420453e+00,1.534645995218877488e+02,7.615880131404434650e+00
4.009999999999999787e+00,-5.917867193285148097e+00,3.088930999326611193e-02,1.524081131171750485e+02,1.117501613976950303e-01
4.019999999999999574e+00,-5.985290689442880563e+00,-2.055116841624292867e+00,1.504262287946924346e+02,-7.241556211093549855e+00
4.030000000000000249e+00,-6.061798304140801008e+00,-4.177188012083141722e+00,1.475127156895739233e+02,-1.421412818535512201e+01
4.040000000000000036e+00,-6.149181335899946532e+00,-6.314263371100707900e+00,1.437652210720038681e+02,-2.057222651584148920e+01
4.049999999999999822e+00,-6.247770628987272090e+00,-8.442525962752061020e+00,1.393741404344578427e+02,-2.613507296975797800e+01
4.059999999999999609e+00,-6.356395720313080311e+00,-1.053948713622986411e+01,1.345818369104560475e+02,-3.081344551935291776e+01
4.070000000000000284e+00,-6.472585665260835341e+00,-1.258788457607626832e+01,1.296308028708040467e+02,-3.461786982744352059e+01
4.080000000000000071e+00,-6.592992504768170114e+00,-1.457882229406039443e+01,1.247203862057541102e+02,-3.763934870639729979e+01
4.089999999999999858e+00,-6.713987964871036773e+00,-1.651358988251894289e+01,1.199830758135353079e+02,-4.001522459088532457e+01
4.099999999999999645e+00,-6.832344921295849360e+00,-1.840369861107669536e+01,1.154810664503776820e+02,-4.189352345893794194e+01
4.110000000000000320e+00,-6.945878408329871689e+00,-2.026893741770290447e+01,1.112177368490525282e+02,-4.340447641841152659e+01
4.120000000000000107e+00,-7.053907035928189906e+00,-2.213368033418030478e+01,1.071573560249556323e+02,-4.464277421319184924e+01
4.129999999999999893e+00,-7.157422421398197621e+00,-2.402214803939801868e+01,1.032474130368245255e+02,-4.566089960368452694e+01
4.139999999999999680e+00,-7.258921568760008824e+00,-2.595364321005195762e+01,9.943926491541938617e+01,-4.647238964702451369e+01
4.150000000000000355e+00,-7.361941942318973808e+00,-2.793878853152827091e+01,9.570364795169473382e+01,-4.706292468855330213e+01
4.160000000000000142e+00,-7.470407468060933809e+00,-2.997749607068116973e+01,9.203850658989136946e+01,-4.740603290761674060e+01
4.169999999999999929e+00,-7.587922550797507881e+00,-3.205893837184597572e+01,8.846821215758160406e+01,-4.747923860343859559e+01
4.179999999999999716e+00,-7.717140134838627041e+00,-3.416337072852098089e+01,8.503548521773271318e+01,-4.727650084987540424e+01
4.190000000000000391e+00,-7.859296633851835523e+00,-3.626538963539110227e+01,8.178928804668775854e+01,-4.681421522372291832e+01
4.200000000000000178e+00,-8.013971718767340491e+00,-3.833810314760359006e+01,7.877262682006836769e+01,-4.613035538281953052e+01
4.209999999999999964e+00,-8.179104985298877750e+00,-4.035765466234108345e+01,7.601337708514355995e+01,-4.527838718040553800e+01
4.219999999999999751e+00,-8.351281479617474801e+00,-4.230749970787223901e+01,7.351959343881091513e+01,-4.431854995604870595e+01
4.230000000000000426e+00,-8.526272397006888326e+00,-4.418176264673275000e+01,7.127922959989852814e+01,-4.330891783949750362e+01
4.240000000000000213e+00,-8.699775425856456579e+00,-4.598695893298148718e+01,6.926333098445584824e+01,-4.229787358558151311e+01
4.250000000000000000e+00,-8.868242383062122869e+00,-4.774148185871656125e+01,6.743155052777450464e+01,-4.131885219100472284e+01
4.259999999999999787e+00,-9.029629376200801971e+00,-4.947262435859444452e+01,6.573893830610089140e+01,-4.038773679424235752e+01
4.269999999999999574e+00,-9.183888733421907702e+00,-5.121151224623629616e+01,6.414303714551989799e+01,-3.950306454566672443e+01
4.280000000000000249e+00,-9.333066691306708407e+00,-5.298696031558632313e+01,6.261026398633698875e+01,-3.864899723435716083e+01
4.290000000000000036e+00,-9.480970170679446696e+00,-5.481962931592371291e+01,6.112049104048733028e+01,-3.780064193692281549e+01
4.299999999999999822e+00,-9.632479917390472934e+00,-5.671776904049944079e+01,5.966889568418790901e+01,-3.693078076921470654e+01
4.309999999999999609e+00,-9.792666645934870573e+00,-5.867534282133249235e+01,5.826466748593797007e+01,-3.601661471163856021e+01
4.320000000000000284e+00,-9.965886208423569315e+00,-6.067270763039837789e+01,5.692694200671627414e+01,-3.504504003255615174e+01
4.330000000000000071e+00,-1.015500023495113169e+01,-6.267954395179682336e+01,5.567905127611010840e+01,-3.401538576799743652e+01
4.339999999999999858e+00,-1.036082250790217074e+01,-6.465950169913311640e+01,5.454251346603306416e+01,-3.293928625062589788e+01
4.349999999999999645e+00,-1.058185694116859565e+01,-6.657598013388688685e+01,5.353202753922911938e+01,-3.183810006953801519e+01
4.360000000000000320e+00,-1.081437856084363247e+01,-6.839842677121262682e+01,5.265226043196167893e+01,-3.073872999816985896e+01
4.370000000000000107e+00,-1.105290008592366924e+01,-7.010838646696285537e+01,5.189669670048769490e+01,-2.966878263726264819e+01
4.379999999999999893e+00,-1.129103549722553268e+01,-7.170424656336065539e+01,5.124846215007283945e+01,-2.865186577426284842e+01
4.389999999999999680e+00,-1.152269355381080018e+01,-7.320337704773268683e+01,5.068285948640513539e+01,-2.770364483963682645e+01
4.400000000000000355e+00,-1.174341142228490398e+01,-7.464047168592821890e+01,5.017126103332741138e+01,-2.682917622780652778e+01
4.410000000000000142e+00,-1.195152076082393755e+01,-7.606162657815937678e+01,4.968586589496738526e+01,-2.602198118980816943e+01
4.419999999999999929e+00,-1.214880764336178842e+01,-7.751497009289997209e+01,4.920460480087740507e+01,-2.526520027665894119e+01
4.429999999999999716e+00,-1.234043891944030946e+01,-7.903992291385317515e+01,4.871525570987765263e+01,-2.453485879703234573e+01
4.440000000000000391e+00,-1.253414713064597841e+01,-8.065768392038039281e+01,4.821779942733385838e+01,-2.380477896834214846e+01
4.450000000000000178e+00,-1.273887806542450463e+01,-8.236499378491707546e+01,4.772434296051252289e+01,-2.305216337248728209e+01
4.459999999999999964e+00,-1.296319911845096762e+01,-8.413202590726430685e+01,4.725653803842106981e+01,-2.226260712150194010e+01
4.469999999999999751e+00,-1.321372181499730125e+01,-8.590417126355252719e+01,4.684108748348689488e+01,-2.143344392430938328e+01
4.480000000000000426e+00,-1.349367781282067824e+01,-8.760707466891797424e+01,4.650436312519394022e+01,-2.057483468257958137e+01
4.490000000000000213e+00,-1.380170280029342500e+01,-8.915458306780104181e+01,4.626719719066760206e+01,-1.970860814800575156e+01
4.500000000000000000e+00,-1.413089938673665280e+01,-9.045989806707106595e+01,4.614063224555952303e+01,-1.886528726720525739e+01
4.509999999999999787e+00,-1.446839400002831155e+01,-9.145055243067861284e+01,4.612305281098731768e+01,-1.807986647456775131e+01
4.519999999999999574e+00,-1.479583239464704825e+01,-9.208704901332036741e+01,4.619888745310742451e+01,-1.738682640142394220e+01
4.530000000000000249e+00,-1.509141068884427561e+01,-9.238238992652487980e+01,4.633903604587962377e+01,-1.681477504681511093e+01
4.540000000000000036e+00,-1.533380000253550257e+01,-9.241562955082969211e+01,4.650325206638498088e+01,-1.638116255976831326e+01
4.549999999999999822e+00,-1.550742444567407929e+01,-9.232989074248355621e+01,4.664469273410360017e+01,-1.608778323266890098e+01
4.559999999999999609e+00,-1.560729318620029282e+01,-9.230880755739140398e+01,4.671653295639462300e+01,-1.591812387316731225e+01
4.570000000000000284e+00,-1.564108105859340370e+01,-9.253638863406112591e+01,4.667985696004713958e+01,-1.583774213156565125e+01
4.580000000000000071e+00,-1.562733039349140896e+01,-9.315624024159477301e+01,4.651121296868161181e+01,-1.579843187175781694e+01
4.589999999999999858e+00,-1.559079207825074143e+01,-9.424640084838991072e+01,4.620773794450612115e+01,-1.574586902340650063e+01
4.599999999999999645e+00,-1.555717782942295280e+01,-9.581538774667681935e+01,4.578812193750410842e+01,-1.562911027713946766e+01
4.610000000000000320e+00,-1.554914999008424736e+01,-9.781378321187577285e+01,4.528893169144225794e+01,-1.540946452401260203e+01
4.620000000000000107e+00,-1.558410843110364397e+01,-1.001518099339678400e+02,4.475737439445693866e+01,-1.506643600195062938e+01
4.629999999999999893e+00,-1.567338769508832641e+01,-1.027159729969345818e+02,4.424261989011515794e+01,-1.459956835571143330e+01
4.639999999999999680e+00,-1.582219832186280151e+01,-1.053822163794971800e+02,4.378784760639663176e+01,-1.402642567295997900e+01
4.650000000000000355e+00,-1.602979648344523156e+01,-1.080261673820326820e+02,4.342443713094266400e+01,-1.337790253028208909e+01
4.660000000000000142e+00,-1.628965588243011098e+01,-1.105324434452369644e+02,4.316876513302063501e+01,-1.269227216693326810e+01
4.669999999999999929e+00,-1.658971059908484946e+01,-1.128051289580381820e+02,4.302140781776114409e+01,-1.200906069325920811e+01
4.679999999999999716e+00,-1.691300196876545314e+01,-1.147806361536387811e+02,4.296833454586166567e+01,-1.136337873226730011e+01
4.690000000000000391e+00,-1.723923978082381581e+01,-1.164420878315116141e+02,4.298377139961144877e+01,-1.078106309247077732e+01
4.700000000000000178e+00,-1.754771771341904341e+01,-1.178311653752219712e+02,4.303454761140162788e+01,-1.027497720186469365e+01
4.709999999999999964e+00,-1.782150089513020319e+01,-1.190504671514090234e+02,4.308568557277775568e+01,-9.842982953255162926e+00
4.719999999999999751e+00,-1.805187700736004786e+01,-1.202499574629438968e+02,4.310667633618040639e+01,-9.468193294456893838e+00
4.730000000000000426e+00,-1.824133955109572014e+01,-1.215974087778332517e+02,4.307742315290332158e+01,-9.121904875538499269e+00
4.740000000000000213e+00,-1.840369987555228448e+01,-1.232419808790637177e+02,4.299253715573331647e+01,-8.769012349888912539e+00
4.750000000000000000e+00,-1.856135605808481159e+01,-1.252845323199999257e+02,4.286283869652778122e+01,-8.374917194385853136e+00
4.759999999999999787e+00,-1.874116643027271678e+01,-1.277635449726954135e+02,4.271362185393960686e+01,-7.912375568937917159e+00
4.769999999999999574e+00,-1.897068083166814034e+01,-1.306561380421862850e+02,4.258018872131412991e+01,-7.366736038849660773e+00
4.780000000000000249e+00,-1.927574431824560008e+01,-1.338871916201779015e+02,4.250187735108977449e+01,-6.738616453921593141e+00
4.790000000000000036e+00,-1.967954904532592053e+01,-1.373387890851467148e+02,4.251596791043449031e+01,-6.043918484405600644e+00
4.799999999999999822e+00,-2.020264977498688097e+01,-1.408545272162540698e+02,4.265249056529964378e+01,-5.311738833824374062e+00
4.809999999999999609e+00,-2.086327112940900719e+01,-1.442355058173390887e+02,4.293038463107598091e+01,-4.580965193847143624e+00
4.820000000000000284e+00,-2.167711024613471693e+01,-1.472255764345771354e+02,4.335500549240328638e+01,-3.896188515330513358e+00
4.830000000000000071e+00,-2.265538341096197783e+01,-1.494831016098222278e+02,4.391681823127165529e+01,-3.303244672423003792e+00
4.839999999999999858e+00,-2.379854475536812686e+01,-1.505377659154451919e+02,4.459123906990110697e+01,-2.844458505012238181e+00
4.849999999999999645e+00,-2.508022464100571725e+01,-1.497439786260254380e+02,4.533984168170874085e+01,-2.553659953988579367e+00
4.860000000000000320e+00,-2.641255067284886238e+01,-1.462994993661827436e+02,4.611332703223800422e+01,-2.451314378856350729e+00
4.870000000000000107e+00,-2.759419691509127048e+01,-1.395520914439677824e+02,4.685655372588272627e+01,-2.540554773062451144e+00
4.879999999999999893e+00,-2.831056106015574869e+01,-1.298829434247051040e+02,4.751542164940474322e+01,-2.805270511119093424e+00
4.889999999999999680e+00,-2.832972019335095837e+01,-1.194613909646548109e+02,4.804459016285079542e+01,-3.211361198856229393e+00
4.900000000000000355e+00,-2.774801308729727367e+01,-1.109742285948190244e+02,4.841426697924806177e+01,-3.711585052566101162e+00
4.910000000000000142e+00,-2.687420824365560534e+01,-1.055778335344961647e+02,4.861413504318489487e+01,-4.253256096179033108e+00
4.919999999999999929e+00,-2.596045709632861431e+01,-1.029361945966177814e+02,4.865318141374332583e+01,-4.786917739230937663e+00
4.929999999999999716e+00,-2.512957638976314456e+01,-1.022548447764438606e+02,4.855552122534275838e+01,-5.273684489877489945e+00
4.940000000000000391e+00,-2.441964527482104685e+01,-1.028284708819683146e+02,4.835360659281763418e+01,-5.689462128295378562e+00
4.950000000000000178e+00,-2.382866713072424147e+01,-1.041517415861038529e+02,4.808084783185391586e+01,-6.025411999334965074e+00
4.959999999999999964e+00,-2.333834669766702063e+01,-1.058929564072499829e+02,4.776548462441409271e+01,-6.285191253091763741e+00
4.969999999999999751e+00,-2.292510417058124261e+01,-1.078517951253241449e+02,4.742682724114022363e+01,-6.480204952269768448e+00
4.980000000000000426e+00,-2.256552537774280154e+01,-1.099264068700142758e+02,4.707418595296964980e+01,-6.624259268167503656e+00
4.990000000000000213e+00,-2.223963310706537655e+01,-1.120882326617051064e+02,4.670820213133900722e+01,-6.728796992376961050e+00
5.000000000000000000e+00,-2.193308020306227846e+01,-1.143592866474094052e+02,4.632393450856639561e+01,-6.799555798558342801e+00
5.009999999999999787e+00,-2.163831843948253564e+01,-1.167892423091639813e+02,4.591486257852874786e+01,-6.835133069076254841e+00
5.019999999999999574e+00,-2.135455249301254810e+01,-1.194333001685056246e+02,4.547688585300807063e+01,-6.827575220583550042e+00
5.030000000000000249e+00,-2.108652872352898555e+01,-1.223339519931973598e+02,4.501143708686041833e+01,-6.764719704442195614e+00
5.040000000000000036e+00,-2.084257053962917894e+01,-1.255093742084695236e+02,4.452704014905871333e+01,-6.633649455649091919e+00
5.049999999999999822e+00,-2.063244107719786768e+01,-1.289490482132025022e+02,4.403903068254254549e+01,-6.424383643330163096e+00
5.059999999999999609e+00,-2.046550195397767524e+01,-1.326150639357753960e+02,4.356762238414933108e+01,-6.132929691282469342e+00
5.070000000000000284e+00,-2.034937381632514786e+01,-1.364466302485934079e+02,4.313488166077777208e+01,-5.763069676744624559e+00
5.080000000000000071e+00,-2.028906545379601312e+01,-1.403656421294952850e+02,4.276133924912664241e+01,-5.326641328213455928e+00
5.089999999999999858e+00,-2.028641222205993699e+01,-1.442821171531514892e+02,4.246290020174964752e+01,-4.842438000941619691e+00
5.099999999999999645e+00,-2.033964873286286945e+01,-1.480993236446076367e+02,4.224850249477160702e+01,-4.334074320313384909e+00
5.110000000000000320e+00,-2.044299908812146072e+01,-1.517192026931086275e+02,4.211874643069269553e+01,-3.827223337650787816e+00
5.120000000000000107e+00,-2.058627545516934276e+01,-1.550491646776058587e+02,4.206556067273684363e+01,-3.346588275804830204e+00
5.129999999999999893e+00,-2.075462664037544869e+01,-1.580114255354072270e+02,4.207290157509645212e+01,-2.912914916634350426e+00
5.139999999999999680e+00,-2.092876087542492769e+01,-1.605554598450738126e+02,4.211845443124219202e+01,-2.540339175710965680e+00
5.150000000000000355e+00,-2.108611394358251800e+01,-1.626724683415162360e+02,4.217624912461381825e+01,-2.234401445304803335e+00
5.160000000000000142e+00,-2.120337722528097046e+01,-1.644079195047320923e+02,4.221997046305047974e+01,-1.991091668830570871e+00
5.169999999999999929e+00,-2.126032902567125404e+01,-1.658654717715391769e+02,4.222654470719363928e+01,-1.797235487197138326e+00
5.179999999999999716e+00,-2.124403926622083461e+01,-1.671958616785307470e+02,4.217939695208077211e+01,-1.632333071985998973e+00
5.190000000000000391e+00,-2.115178453188101315e+01,-1.685701059650106686e+02,4.207071614607576748e+01,-1.471634523181388987e+00
5.200000000000000178e+00,-2.099123842755818004e+01,-1.701453220495110656e+02,4.190222110784537790e+01,-1.289888143634944973e+00
5.209999999999999964e+00,-2.077782805046246040e+01,-1.720364095247373939e+02,4.168427591527368037e+01,-1.064986194341231984e+00
5.219999999999999751e+00,-2.053056874412962785e+01,-1.743030277409160078e+02,4.143362776027770877e+01,-7.807657590807778325e-01
5.230000000000000426e+00,-2.026809636820335214e+01,-1.769524190297775021e+02,4.117036247637307866e+01,-4.284892727069252172e-01
5.240000000000000213e+00,-2.000597666759539095e+01,-1.799520877083804749e+02,4.091477836006693281e+01,-6.907078600001923668e-03
5.250000000000000000e+00,-1.975547317593856889e+01,1.767546785234054596e+02,4.068476822214941535e+01,4.788615755467059421e-01
5.259999999999999787e+00,-1.952341542357869031e+01,1.732349974445688190e+02,4.049406432587207405e+01,1.019202053029098609e+00
5.269999999999999574e+00,-1.931270030663044679e+01,1.695559947628850352e+02,4.035145272501421942e+01,1.602169818450821959e+00
5.280000000000000249e+00,-1.912307588217708698e+01,1.657777811285806706e+02,4.026087554240238120e+01,2.215554997324558073e+00
5.290000000000000036e+00,-1.895201077369639364e+01,1.619491524409798444e+02,4.022223022540582349e+01,2.848564479100508251e+00
5.299999999999999822e+00,-1.879555942513012923e+01,1.581053907561138487e+02,4.023262601024749330e+01,3.492950844481914618e+00
5.309999999999999609e+00,-1.864918129646007472e+01,1.542677756386131023e+02,4.028784418924855970e+01,4.143514082068849191e+00
5.320000000000000284e+00,-1.850847793224538407e+01,1.504445983414929628e+02,4.038375579430513795e+01,4.797988543383353566e+00
5.330000000000000071e+00,-1.836979989531170432e+01,1.466335005355236092e+02,4.051747782329906045e+01,5.456408891521447480e+00
5.339999999999999858e+00,-1.823066805014650882e+01,1.428248403753106857e+02,4.068810307199526477e+01,6.120120544777545746e+00
5.349999999999999645e+00,-1.808996513381999094e+01,1.390056035894063484e+02,4.089691950181911295e+01,6.790648498679915157e+00
5.360000000000000320e+00,-1.794788618355559606e+01,1.351632428747412575e+02,4.114713141042334854e+01,7.468648682490621304e+00
5.370000000000000107e+00,-1.780567973028447781e+01,1.312888367359127813e+02,4.144318551748084900e+01,8.153132682152184785e+00
5.379999999999999893e+00,-1.766524886184503629e+01,1.273791257279452509e+02,4.178986926167114291e+01,8.841088184211411516e+00
5.389999999999999680e+00,-1.752869896301614716e+01,1.234372474556090964e+02,4.219137414415293108e+01,9.527532551298497410e+00
5.400000000000000355e+00,-1.739791407650338328e+01,1.194722540929572432e+02,4.265050451456785652e+01,1.020595566045830260e+01
5.410000000000000142e+00,-1.727422308373157378e+01,1.154976816991991768e+02,4.316817147915307373e+01,1.086904444747609944e+01
5.419999999999999929e+00,-1.715819081219678921e+01,1.115295253997465039e+02,4.374325448171278197e+01,1.150954105561779883e+01
5.429999999999999716e+00,-1.704954595938217921e+01,1.075839797703365832e+02,4.437284860198438707e+01,1.212106933193294545e+01
5.440000000000000391e+00,-1.694724050451473119e+01,1.036752678549182889e+02,4.505284953137839921e+01,1.269877021101214609e+01
5.450000000000000178e+00,-1.684962291695961056e+01,9.981383466072064437e+01,4.577876625544084987e+01,1.323961633643577862e+01
5.459999999999999964e+00,-1.675469723868490490e+01,9.600513041213558552e+01,4.654660263448890589e+01,1.374233073476791844e+01
5.469999999999999751e+00,-1.666043037986490560e+01,9.224914600509866602e+01,4.735362541364415989e+01,1.420690923099907188e+01
5.480000000000000426e+00,-1.656506167411072639e+01,8.854077322833047958e+01,4.819884849325354992e+01,1.463382918078536576e+01
5.490000000000000213e+00,-1.646736523161824550e+01,8.487094076163302248e+01,4.908311452622319848e+01,1.502309880453902302e+01
5.500000000000000000e+00,-1.636682074692667044e+01,8.122833987933144329e+01,5.000873615098632996e+01,1.537334238462663372e+01
5.509999999999999787e+00,-1.626366380532984834e+01,7.760143671368926732e+01,5.097875130277856925e+01,1.568111500362813437e+01
5.519999999999999574e+00,-1.615880993176066838e+01,7.398041057966244693e+01,5.199592781888124193e+01,1.594059700967828164e+01
5.530000000000000249e+00,-1.605367147028725583e+01,7.035868292817285408e+01,5.306170465760271782e+01,1.614374468852943778e+01
5.540000000000000036e+00,-1.594990571722342487e+01,6.673380133064270581e+01,5.417527242933746834e+01,1.628088640439024815e+01
5.549999999999999822e+00,-1.584914177952360248e+01,6.310758340402091449e+01,5.533297468714146561e+01,1.634166837662129979e+01
5.559999999999999609e+00,-1.575273181288107338e+01,5.948556423989615638e+01,5.652815778310916528e+01,1.631618351899897590e+01
5.570000000000000284e+00,-1.566156258125553791e+01,5.587589616946623750e+01,5.775151678543473110e+01,1.619607081725389719e+01
5.580000000000000071e+00,-1.557594994574147229e+01,5.228791026480724469e+01,5.899188637087903686e+01,1.597536246213718236e+01
5.589999999999999858e+00,-1.549562533677026721e+01,4.873057032249771225e+01,6.023732361429567561e+01,1.565089165025001883e+01
5.599999999999999645e+00,-1.541981106135036406e+01,4.521104406696111511e+01,6.147624743314067075e+01,1.522215931650670839e+01
5.610000000000000320e+00,-1.534737056866477189e+01,4.173359159289019260e+01,6.269836446373684424e+01,1.469068254230151815e+01
5.620000000000000107e+00,-1.527701032409473214e+01,3.829892912154775786e+01,6.389514394044805812e+01,1.405898301909782333e+01
5.629999999999999893e+00,-1.520750221226361631e+01,3.490416386820958650e+01,6.505970639927572563e+01,1.332948149346771949e+01
5.639999999999999680e+00,-1.513789097216166546e+01,3.154331226559214585e+01,6.618614021964110350e+01,1.250360752323069136e+01
5.650000000000000355e+00,-1.506765214726813973e+01,2.820831686045323750e+01,6.726841575978266974e+01,1.158139538102228450e+01
5.660000000000000142e+00,-1.499677375267826740e+01,2.489038562397238152e+01,6.829918569002146000e+01,1.056172399197881617e+01
5.669999999999999929e+00,-1.492574868266673604e+01,2.158141550769260775e+01,6.926881016969781513e+01,9.443199642600351496e+00
5.679999999999999716e+00,-1.485548184977348818e+01,1.827524919051968766e+01,7.016491343652316459e+01,8.225513034031822102e+00
5.690000000000000391e+00,-1.478713183897948547e+01,1.496855471133913262e+01,7.097266877854609390e+01,6.910965434699994248e+00
5.700000000000000178e+00,-1.472191756918150318e+01,1.166119928342165046e+01,7.167584114064621303e+01,5.505785616112732761e+00
5.709999999999999964e+00,-1.466092411781415983e+01,8.356087075755453952e+00,7.225842395519555339e+01,4.020874880478692681e+00
5.719999999999999751e+00,-1.460493889076518848e+01,5.058521818291684014e+00,7.270653551239171009e+01,2.471731390002172457e+00
5.730000000000000426e+00,-1.455434173210086968e+01,1.775222859111685203e+00,7.301014295054933712e+01,8.775010019581515053e-01
5.740000000000000213e+00,-1.450906274517879169e+01,-1.486837230989052072e+00,7.316420040324841523e+01,-7.406680353906385239e-01
5.750000000000000000e+00,-1.446861130974366816e+01,-4.721591739090383655e+00,7.316893034584337840e+01,-2.361595680211060699e+00
5.759999999999999787e+00,-1.443216994743269588e+01,-7.924861489995329578e+00,7.302920612868022943e+01,-3.965905969720443291e+00
5.769999999999999574e+00,-1.439873776029287633e+01,-1.109501165034631320e+01,7.275323521746082633e+01,-5.537316573878189097e+00
5.780000000000000249e+00,-1.436730072858739859e+01,-1.423318163462428565e+01,7.235091712940615594e+01,-7.063138484547024198e+00
5.790000000000000036e+00,-1.433700129525710310e+01,-1.734304963904822117e+01,7.183230584936286789e+01,-8.533969669118222967e+00
5.799999999999999822e+00,-1.430727881758121889e+01,-2.043016946648555532e+01,7.120653762452700164e+01,-9.942778884628236113e+00
5.809999999999999609e+00,-1.427795672802475657e+01,-2.350099360045184937e+01,7.048142547674913772e+01,-1.128371422286586778e+01
5.820000000000000284e+00,-1.424926154240028708e+01,-2.656175564310354886e+01,6.966372567805511551e+01,-1.255100732376360106e+01
5.830000000000000071e+00,-1.422177150746765939e+01,-2.961741120042182729e+01,6.875990309179093174e+01,-1.373828140272334508e+01
5.839999999999999858e+00,-1.419630576793909960e+01,-3.267082135097994922e+01,6.777710389572463612e+01,-1.483843480438434526e+01
5.849999999999999645e+00,-1.417377533205688067e+01,-3.572231134813743836e+01,6.672401034548258281e+01,-1.584410112086333022e+01
5.860000000000000320e+00,-1.415502267246448120e+01,-3.876966371820279988e+01,6.561130666309416881e+01,-1.674852739713594119e+01
5.870000000000000107e+00,-1.414067696559746956e+01,-4.180852775129852006e+01,6.445160910740393945e+01,-1.754660549167902062e+01
5.879999999999999893e+00,-1.413104763110126783e+01,-4.483316175763858524e+01,6.325886876603799180e+01,-1.823576497251177386e+01
5.889999999999999680e+00,-1.412607157083179032e+01,-4.783737875883152668e+01,6.204739619443527943e+01,-1.881649104778453108e+01
5.900000000000000355e+00,-1.412532085491745981e+01,-5.081554252377227243e+01,6.083074393419997961e+01,-1.929234446090035249e+01
5.910000000000000142e+00,-1.412806864619921399e+01,-5.376345783003952050e+01,5.962069834925776490e+01,-1.966949291164794289e+01
5.919999999999999929e+00,-1.413340262052816421e+01,-5.667901517644394005e+01,5.842658283142683473e+01,-1.995587650912906597e+01
5.929999999999999716e+00,-1.414036775034060867e+01,-5.956248539810590614e+01,5.725498438780054045e+01,-2.016019756790075235e+01
5.940000000000000391e+00,-1.414811508124883588e+01,-6.241641259277121634e+01,5.610991426393024994e+01,-2.029094040921912878e+01
5.950000000000000178e+00,-1.415603129281475070e+01,-6.524511979653331650e+01,5.499332488551001319e+01,-2.035559697609454943e+01
5.959999999999999964e+00,-1.416382642113045875e+01,-6.805391083582863132e+01,5.390584493559513390e+01,-2.036021369048109619e+01
5.969999999999999751e+00,-1.417156428263123757e+01,-7.084810918146776260e+01,5.284756802722291980e+01,-2.030930026942809263e+01
5.980000000000000426e+00,-1.417963071425290700e+01,-7.363210584743815446e+01,5.181873811368842553e+01,-2.020606712089845303e+01
5.990000000000000213e+00,-1.418864640555404222e+01,-7.640858462580627020e+01,5.082021176657579531e+01,-2.005289744438260158e+01
6.000000000000000000e+00,-1.419934109964161628e+01,-7.917805523480588192e+01,4.985363474913608428e+01,-1.985192356347592124e+01
6.009999999999999787e+00,-1.421241210792920207e+01,-8.193876373344899378e+01,4.892133522590118844e+01,-1.960557018686859010e+01
6.019999999999999574e+00,-1.422839149793404090e+01,-8.468698027191051381e+01,4.802599418921540320e+01,-1.931694971534143690e+01
6.030000000000000249e+00,-1.424754336310037495e+01,-8.741760150603367663e+01,4.717019296230765946e+01,-1.899003900941421108e+01
6.040000000000000036e+00,-1.426980649093761855e+01,-9.012495851025796867e+01,4.635595119992959212e+01,-1.862962098733115468e+01
6.049999999999999822e+00,-1.429478992778505386e+01,-9.280369483769554506e+01,4.558435701174080634e+01,-1.824102485764805692e+01
6.059999999999999609e+00,-1.432182058636899136e+01,-9.544957376357893963e+01,4.485536004743846661e+01,-1.782973545590314401e+01
6.070000000000000284e+00,-1.435003406429385286e+01,-9.806008759376825878e+01,4.416775801114499700e+01,-1.740095989571950952e+01
6.080000000000000071e+00,-1.437849306120218529e+01,-1.006347738833149918e+02,4.351936642019936841e+01,-1.695923842475590249e+01
6.089999999999999858e+00,-1.440631313657563339e+01,-1.031751911809620452e+02,4.290732771778222343e+01,-1.650816933448764345e+01
6.099999999999999645e+00,-1.443277405469204133e+01,-1.056845653522244817e+02,4.232849370544632706e+01,-1.605029007039923883e+01
6.110000000000000320e+00,-1.445739737413076043e+01,-1.081671773940652201e+02,4.177980698160693152e+01,-1.558712397388939408e+01
6.120000000000000107e+00,-1.447997726707949795e+01,-1.106276125201793121e+02,4.125861296762231945e+01,-1.511937011314062751e+01
6.129999999999999893e+00,-1.450056074414810503e+01,-1.130700160388113886e+02,4.076285248384726145e+01,-1.464718794750088549e+01
6.139999999999999680e+00,-1.451938351580925435e+01,-1.154974969006410959e+02,4.029111189189212183e+01,-1.417051372317722979e+01
6.150000000000000355e+00,-1.453677629084496914e+01,-1.179117855524918212e+02,3.984253791867162420e+01,-1.368934417101709755e+01
6.160000000000000142e+00,-1.455306147341317313e+01,-1.203131976501283162e+02,3.941665102995902004e+01,-1.320393506679356399e+01
6.169999999999999929e+00,-1.456846105634179445e+01,-1.227008926938760567e+02,3.901310905303828491e+01,-1.271488429163489364e+01
6.179999999999999716e+00,-1.458303322366514720e+01,-1.250733603119160904e+02,3.863147838545169321e+01,-1.222309576697079692e+01
6.190000000000000391e+00,-1.459664880278171317e+01,-1.274290269246357781e+02,3.827106332405146105e+01,-1.172964593555018276e+01
6.200000000000000178e+00,-1.460901066184626451e+01,-1.297668574571953855e+02,3.793082733359850778e+01,-1.123559312914237829e+01
6.209999999999999964e+00,-1.461971089211761843e+01,-1.320868320876927271e+02,3.760941777450776158e+01,-1.074177898555153199e+01
6.219999999999999751e+00,-1.462831350763507743e+01,-1.343902050020138859e+02,3.730528266919900204e+01,-1.024866914471722268e+01
6.230000000000000426e+00,-1.463444564357927291e+01,-1.366794962272733756e+02,3.701684907641327271e+01,-9.756268966856119107e+00
6.240000000000000213e+00,-1.463787878429703326e+01,-1.389582212935565622e+02,3.674272107411172072e+01,-9.264131831791770466e+00
6.250000000000000000e+00,-1.463858384260026924e+01,-1.412304164243472258e+02,3.648185320328649794e+01,-8.771456671128323279e+00
6.259999999999999787e+00,-1.463674960742243947e+01,-1.435000577104682975e+02,3.623366260643047099e+01,-8.277252193467051100e+00
6.269999999999999574e+00,-1.463276196580654620e+01,-1.457704916723376698e+02,3.599805812358907531e+01,-7.780531867070420660e+00
6.280000000000000249e+00,-1.462714953496254466e+01,-1.480439872927109946e+02,3.577538369537079888e+01,-7.280498918239382888e+00
6.290000000000000036e+00,-1.462050795239255052e+01,-1.503214884671207301e+02,3.556629205482908418e+01,-6.776685147158590716e+00
6.299999999999999822e+00,-1.461341860833721462e+01,-1.526025994682675275e+02,3.537157858155345025e+01,-6.269019744516566739e+00
6.309999999999999609e+00,-1.460637750025443893e+01,-1.548857861856328668e+02,3.519201140134157413e+01,-5.757821164824438398e+00
6.320000000000000284e+00,-1.459974650705927601e+01,-1.571687337926742316e+02,3.502819144211998292e+01,-5.243722263136215922e+00
6.330000000000000071e+00,-1.459373375078279622e+01,-1.594487751080571059e+02,3.488046639104710067e+01,-4.727552384075328185e+00
6.339999999999999858e+00,-1.458840316363166245e+01,-1.617232970197467239e+02,3.474890811190845596e+01,-4.210207134145620422e+00
6.349999999999999645e+00,-1.458370723605478148e+01,-1.639900447559569443e+02,3.463334763366157887e+01,-3.692536049881456339e+00
6.360000000000000320e+00,-1.457953233103449442e+01,-1.662472721637489030e+02,3.453344883683228517e+01,-3.175270875654768510e+00
6.370000000000000107e+00,-1.457574376315852049e+01,-1.684937246485023650e+02,3.444879426058631111e+01,-2.659004710557579365e+00
6.379999999999999893e+00,-1.457221850664127949e+01,-1.707284823295248088e+02,3.437895563503541752e+01,-2.144217891080939964e+00
6.389999999999999680e+00,-1.456885684031118089e+01,-1.729507257029033553e+02,3.432352790043126589e+01,-1.631333559130241584e+00
6.400000000000000355e+00,-1.456556979955191444e+01,-1.751595068130719710e+02,3.428211712797042310e+01,-1.120777534576149037e+00
6.410000000000000142e+00,-1.456224581534378792e+01,-1.773536103697868214e+02,3.425428712500455219e+01,-6.130154795556012060e-01
6.419999999999999929e+00,-1.455870593897432563e+01,-1.795315702431788338e+02,3.423948309828329428e+01,-1.085459979661485413e-01
6.429999999999999716e+00,-1.455466119963071669e+01,1.783081293578746340e+02,3.423696014956549050e+01,3.921598532703234330e-01
6.440000000000000391e+00,-1.454968690445419810e+01,1.761666849696723887e+02,3.424574703416125487e+01,8.887667445772778896e-01
6.450000000000000178e+00,-1.454322658971145188e+01,1.740445013405285408e+02,3.426467040020490629e+01,1.381209566657379595e+00
6.459999999999999964e+00,-1.453463298901723277e+01,1.719407176137593751e+02,3.429245222015814676e+01,1.869821061691747222e+00
6.469999999999999751e+00,-1.452324552943657565e+01,1.698528545278195168e+02,3.432787557695584724e+01,2.355414544784659725e+00
6.480000000000000426e+00,-1.450849484021783375e+01,1.677766993924698227e+02,3.436999500732367352e+01,2.839287729738136701e+00
6.490000000000000213e+00,-1.449001645459846443e+01,1.657065113031952421e+02,3.441835166165672888e+01,3.323126857755510422e+00
6.500000000000000000e+00,-1.446775047642466916e+01,1.636355691653789677e+02,3.447314492679056031e+01,3.808810629008048121e+00
6.509999999999999787e+00,-1.444200335152892123e+01,1.615570106221011599e+02,3.453531393069525279e+01,4.298136778402861680e+00
6.519999999999999574e+00,-1.441345286490695266e+01,1.594648384223716278e+02,3.460649524538228405e+01,4.792515168625294031e+00
6.530000000000000249e+00,-1.438308731336326574e+01,1.573549211930891261e+02,3.468884504732976382e+01,5.292684768228867576e+00
6.540000000000000036e+00,-1.435208217264029251e+01,1.552258016367316316e+02,3.478474050447535859e+01,5.798514274165254889e+00
6.549999999999999822e+00,-1.432162943513108999e+01,1.530791497062931512e+02,3.489640063748210252e+01,6.308936549228906898e+00
6.559999999999999609e+00,-1.429274351017965117e+01,1.509197528015246235e+02,3.502548624591280912e+01,6.822047334176946976e+00
6.570000000000000284e+00,-1.426607185056333549e+01,1.487550043849186920e+02,3.517274829502200362e+01,7.335372572080308018e+00
6.580000000000000071e+00,-1.424173847101013379e+01,1.465939220790487241e+02,3.533779306003129506e+01,7.846280453716950376e+00
6.589999999999999858e+00,-1.421924531389223390e+01,1.444457876311242615e+02,3.551902053893026334e+01,8.352487935124431218e+00
6.599999999999999645e+00,-1.419745101865208525e+01,1.423185522318161986e+02,3.571377130367217489e+01,8.852590436699404819e+00
6.610000000000000320e+00,-1.417463938698448445e+01,1.402171928490984953e+02,3.591868786954569970e+01,9.346530933439099798e+00
6.620000000000000107e+00,-1.414868028043655634e+01,1.381422372729222445e+02,3.613026273880972639e+01,9.835923882107712402e+00
6.629999999999999893e+00,-1.411727333663660389e+01,1.360886893470202494e+02,3.634551125799109883e+01,1.032416298079135508e+01
6.639999999999999680e+00,-1.407825028041057536e+01,1.340455665683529674e+02,3.656268001898831699e+01,1.081627010317030191e+01
6.650000000000000355e+00,-1.402989727375576479e+01,1.319961950260004642e+02,3.678188815901663133e+01,1.131848259955397751e+01
6.660000000000000142e+00,-1.397124921199397285e+01,1.299192883824160276e+02,3.700560509785032082e+01,1.183761980253532720e+01
6.669999999999999929e+00,-1.390230805931631330e+01,1.277906872765925215e+02,3.723889466273084992e+01,1.238030636119297867e+01
6.679999999999999716e+00,-1.382414982228711686e+01,1.255854945576302413e+02,3.748939647708572664e+01,1.295214984372273648e+01
6.690000000000000391e+00,-1.373890753232222295e+01,1.232802590309218544e+02,3.776706002302678655e+01,1.355696737296753795e+01
6.700000000000000178e+00,-1.364964393939450105e+01,1.208548681026061473e+02,3.808368255176270623e+01,1.419613241489006050e+01
6.709999999999999964e+00,-1.356014898944738967e+01,1.182939051518239495e+02,3.845231963526293129e+01,1.486807627200252568e+01
6.719999999999999751e+00,-1.347470729848158655e+01,1.155873740707087478e+02,3.888663324878606886e+01,1.556794075630068974e+01
6.730000000000000426e+00,-1.339787837493881817e+01,1.127308402293503207e+02,3.940021974155578732e+01,1.628734972110547474e+01
6.740000000000000213e+00,-1.333432056114459385e+01,1.097251430256024918e+02,4.000592603507192280e+01,1.701425495004435362e+01
6.750000000000000000e+00,-1.328867406331186096e+01,1.065758830650921567e+02,4.071512552313132005e+01,1.773281949092059406e+01
6.759999999999999787e+00,-1.326550399818693649e+01,1.032928830844095245e+02,4.153689368141166938e+01,1.842332887542425013e+01
6.769999999999999574e+00,-1.326929399240703589e+01,9.988978528733467499e+01,4.247700495547523758e+01,1.906216608601873475e+01
6.780000000000000249e+00,-1.330447517915287214e+01,9.638390007062477594e+01,4.353667530898631099e+01,1.962194677411065769e+01
6.790000000000000036e+00,-1.337547354831668578e+01,9.279637852953865718e+01,4.471100933394684063e+01,2.007198165784902955e+01
6.799999999999999822e+00,-1.348675889177043885e+01,8.915275319304048196e+01,4.598719007653307500e+01,2.037930127372911571e+01
6.809999999999999609e+00,-1.364287921200526199e+01,8.548388195053536265e+01,4.734258587286372233e+01,2.051051999245900248e+01
6.820000000000000284e+00,-1.384846353751313153e+01,8.182733899759045926e+01,4.874314260389392928e+01,2.043478972116206194e+01
6.830000000000000071e+00,-1.410817146496020769e+01,7.822932079933310945e+01,5.014265332451049062e+01,2.012794244156839696e+01
6.839999999999999858e+00,-1.442655655138514348e+01,7.474716732267587815e+01,5.148366995384735390e+01,1.957759416775744299e+01
6.849999999999999645e+00,-1.480778857953239225e+01,7.145262219459112885e+01,5.270080433228161354e+01,1.878848447503228414e+01
6.860000000000000320e+00,-1.525514011182228735e+01,6.843592876419735660e+01,5.372679961112821445e+01,1.778677713809264915e+01
6.870000000000000107e+00,-1.577007674229937351e+01,6.581068283463248747e+01,5.450096931148392798e+01,1.662171935848035176e+01
6.879999999999999893e+00,-1.635069121700049521e+01,6.371880851439173199e+01,5.497856786315387012e+01,1.536328669883020481e+01
6.889999999999999680e+00,-1.698910439532673422e+01,6.233361181787014971e+01,5.513882781793864041e+01,1.409540308375779638e+01
6.900000000000000355e+00,-1.766742322655652941e+01,6.185576833670013741e+01,5.498932871001567690e+01,1.290578228412513084e+01
6.910000000000000142e+00,-1.835224388683819541e+01,6.249155581255980252e+01,5.456530508662534373e+01,1.187472871155758192e+01
6.919999999999999929e+00,-1.898930482516362872e+01,6.439655837490683155e+01,5.392411586152858405e+01,1.106565145064609368e+01
6.929999999999999716e+00,-1.950351763158899487e+01,6.757309084090181273e+01,5.313659341075204878e+01,1.051934392320292133e+01
6.940000000000000391e+00,-1.981308203039022686e+01,7.175056414483712786e+01,5.227766261214279098e+01,1.025267711512532820e+01
6.950000000000000178e+00,-1.986057631160944226e+01,7.635304445813882523e+01,5.141830301954713889e+01,1.026099427020582766e+01
6.959999999999999964e+00,-1.964329917009142079e+01,8.065779703357854657e+01,5.061999987416510294e+01,1.052273938244829843e+01
6.969999999999999751e+00,-1.921461491574482494e+01,8.407055742137885090e+01,4.993184786837840505e+01,1.100480548847061435e+01
6.980000000000000426e+00,-1.865485574461242990e+01,8.629833702885744628e+01,4.938981372666388125e+01,1.166750519174964040e+01
6.990000000000000213e+00,-1.803930763084836286e+01,8.732874049081338796e+01,4.901741912410184909e+01,1.246861184198099970e+01
7.000000000000000000e+00,-1.742267757617903712e+01,8.731206762885038586e+01,4.882716796841271645e+01,1.336636439250934849e+01
7.009999999999999787e+00,-1.683826926220823594e+01,8.645514462576066705e+01,4.882225090615413876e+01,1.432158650832117530e+01
7.019999999999999574e+00,-1.630312752397054510e+01,8.496112372869109208e+01,4.899828772735406801e+01,1.529915514168144419e+01
7.030000000000000249e+00,-1.582359902394668438e+01,8.300499918155276191e+01,4.934504375220277694e+01,1.626902018644661041e+01
7.040000000000000036e+00,-1.539951595935557194e+01,8.072784025575579392e+01,4.984815185284082872e+01,1.720688341438906477e+01
7.049999999999999822e+00,-1.502696006099079185e+01,7.823861715134847827e+01,5.049088657872538022e+01,1.809454110779757485e+01
7.059999999999999609e+00,-1.470001762782204224e+01,7.561826024723909256e+01,5.125598651244631299e+01,1.891981955840193308e+01
7.070000000000000284e+00,-1.441191257384426372e+01,7.292389980040321973e+01,5.212743426094928623e+01,1.967601293149615671e+01
7.080000000000000071e+00,-1.415577728717408057e+01,7.019276007108835813e+01,5.309201889289908394e+01,2.036077871413111140e+01
7.089999999999999858e+00,-1.392520604820951569e+01,6.744576225672206249e+01,5.414046215756285818e+01,2.097454411469796653e+01
7.099999999999999645e+00,-1.371465519776620212e+01,6.469101743546553962e+01,5.526791253600753606e+01,2.151859303255588074e+01
7.110000000000000320e+00,-1.351970676496810064e+01,6.192731268991980897e+01,5.647369928910484305e+01,2.199309427361745861e+01
7.120000000000000107e+00,-1.333719266611498533e+01,5.914754460962960536e+01,5.776036504804702787e+01,2.239536421615690998e+01
7.129999999999999893e+00,-1.316517849125455619e+01,5.634192054421865947e+01,5.913211990662475870e+01,2.271862222761755490e+01
7.139999999999999680e+00,-1.300282083132867861e+01,5.350068447387430837e+01,6.059294830915561647e+01,2.295141124559814116e+01
7.150000000000000355e+00,-1.285013016314766787e+01,5.061615077918226291e+01,6.214463750680787513e+01,2.307774863913257235e+01
7.160000000000000142e+00,-1.270768386322269450e+01,4.768392796928652899e+01,6.378498783045461806e+01,2.307797037447866018e+01
7.169999999999999929e+00,-1.257633637056741804e+01,4.470334353733587562e+01,6.550642502616626928e+01,2.293014867679205793e+01
7.179999999999999716e+00,-1.245696615975497679e+01,4.167719607387415692e+01,6.729517609905553854e+01,2.261190225417063360e+01
7.190000000000000391e+00,-1.235028573019367926e+01,3.861103303938281073e+01,6.913109799219623142e+01,2.210237758089385807e+01
7.200000000000000178e+00,-1.225672585170964979e+01,3.551217550353523222e+01,7.098816433949687621e+01,2.138416278086154065e+01
7.209999999999999964e+00,-1.217639228352629033e+01,3.238869424699417010e+01,7.283552471466053646e+01,2.044491112212144657e+01
7.219999999999999751e+00,-1.210908372020555746e+01,2.924850050907997456e+01,7.463896872319729425e+01,1.927850718232602745e+01
7.230000000000000426e+00,-1.205435396929079772e+01,2.609866308280001590e+01,7.636257824414747120e+01,1.788570223101400458e+01
7.240000000000000213e+00,-1.201159880771066568e+01,2.294501016070251609e+01,7.797035743453425027e+01,1.627425462030678460e+01
7.250000000000000000e+00,-1.198014802095765496e+01,1.979202394893664518e+01,7.942769687958814018e+01,1.445869914104059362e+01
7.259999999999999787e+00,-1.195934541010016794e+01,1.664299151456161141e+01,8.070263361470966856e+01,1.245989975305498554e+01
7.269999999999999574e+00,-1.194860375999298441e+01,1.350033972975650265e+01,8.176696788431168272e+01,1.030449677282280163e+01
7.280000000000000249e+00,-1.194742746864902116e+01,1.036605921539571185e+01,8.259734160437835726e+01,8.024260366243257891e+00
7.290000000000000036e+00,-1.195540202629952375e+01,7.242115100001933925e+00,8.317634462038928689e+01,5.655255768088141899e+00
7.299999999999999822e+00,-1.197215583046869192e+01,4.130752438613678912e+00,8.349360380244721114e+01,3.236671328878987008e+00
7.309999999999999609e+00,-1.199730490435845098e+01,1.034629523657304651e+00,8.354667653419214446e+01,8.091993042668962355e-01
7.320000000000000284e+00,-1.203039413002118430e+01,-2.043251544742165748e+00,8.334148299902059875e+01,-1.587009470957412072e+00
7.330000000000000071e+00,-1.207084918226187753e+01,-5.099807104372731992e+00,8.289202616233019683e+01,-3.914619787758959912e+00
7.339999999999999858e+00,-1.211795144266725188e+01,-8.132278681985919633e+00,8.221927687381389660e+01,-6.141272515499434093e+00
7.349999999999999645e+00,-1.217084411636479047e+01,-1.113870554393664847e+01,8.134930381498723762e+01,-8.241242099934115828e+00
7.360000000000000320e+00,-1.222857213926821629e+01,-1.411836659395294902e+01,8.031092877084233805e+01,-1.019628127096621739e+01
7.370000000000000107e+00,-1.229015201945930436e+01,-1.707209350557431193e+01,7.913331243185875508e+01,-1.199552224188411031e+01
7.379999999999999893e+00,-1.235466147806505610e+01,-2.000237330108071632e+01,7.784388435209218926e+01,-1.363451849891442258e+01
7.389999999999999680e+00,-1.242133380392093400e+01,-2.291319234195627175e+01,7.646692927295305253e+01,-1.511369171754047436e+01
7.400000000000000355e+00,-1.248963940315762144e+01,-2.580962068731117753e+01,7.502297274531551352e+01,-1.643654666015508425e+01
7.410000000000000142e+00,-1.255933799931661099e+01,-2.869718767017902650e+01,7.352892602107415598e+01,-1.760801912782017098e+01
7.419999999999999929e+00,-1.263048951080206805e+01,-3.158114501386812023e+01,7.199879968734892088e+01,-1.863324263310139628e+01
7.429999999999999716e+00,-1.270341903937306505e+01,-3.446574158380049369e+01,7.044470610711098857e+01,-1.951688870301469336e+01
7.440000000000000391e+00,-1.277864003738026710e+01,-3.735363655355921253e+01,6.887785298729238548e+01,-2.026308859534852758e+01
7.450000000000000178e+00,-1.285674760502254266e+01,-4.024555459598820306e+01,6.730927960262518184e+01,-2.087581373956692232e+01
7.459999999999999964e+00,-1.293829930133353656e+01,-4.314024367580692854e+01,6.575018592419661445e+01,-2.135950505908457941e+01
7.469999999999999751e+00,-1.302370290208491355e+01,-4.603474330094319811e+01,6.421182602989880195e+01,-2.171971328060894635e+01
7.480000000000000426e+00,-1.311312915958304082e+01,-4.892491935303768003e+01,6.270504962272688232e+01,-2.196354424727496735e+01
7.490000000000000213e+00,-1.320646341684895653e+01,-5.180617912683172221e+01,6.123965255389856566e+01,-2.209978045213716413e+01
7.500000000000000000e+00,-1.330330377177318368e+01,-5.467425191955263841e+01,5.982372450302518274e+01,-2.213864716338158090e+01
7.509999999999999787e+00,-1.340300623628831467e+01,-5.752590891957431296e+01,5.846316052449915190e+01,-2.209128152717584115e+01
7.519999999999999574e+00,-1.350476980027253404e+01,-6.035950262814969136e+01,5.716144680367985842e+01,-2.196902570525110931e+01
7.530000000000000249e+00,-1.360774738257347849e+01,-6.317523136790844518e+01,5.591975912897053291e+01,-2.178269155217876474e+01
7.540000000000000036e+00,-1.371116343744590438e+01,-6.597507776219195819e+01,5.473734338183095360e+01,-2.154193619768668810e+01
7.549999999999999822e+00,-1.381441672294402778e+01,-6.876242712528001277e+01,5.361209353958444979e+01,-2.125485331834427072e+01
7.559999999999999609e+00,-1.391714843765974052e+01,-7.154143343505559471e+01,5.254121117049890444e+01,-2.092783437260216672e+01
7.570000000000000284e+00,-1.401926185435604566e+01,-7.431625398458817244e+01,5.152182352229233686e+01,-2.056569812402227626e+01
7.580000000000000071e+00,-1.412088886339828164e+01,-7.709030546710513931e+01,5.055145406659928398e+01,-2.017203517394612078e+01
7.589999999999999858e+00,-1.422230956946871672e+01,-7.986569498491441266e+01,4.962827566978204175e+01,-1.974967578972496085e+01
7.599999999999999645e+00,-1.432384084725254958e+01,-8.264294803507627307e+01,4.875112506309856286e+01,-1.930117095345060463e+01
7.610000000000000320e+00,-1.442571642968070833e+01,-8.542109890856957577e+01,4.791930796000041681e+01,-1.882918156764677065e+01
7.620000000000000107e+00,-1.452798343938830783e+01,-8.819813940493483528e+01,4.713226628378036054e+01,-1.833669743167056154e+01
7.629999999999999893e+00,-1.463043807076857838e+01,-9.097175251321850453e+01,4.638920388863700595e+01,-1.782704930315665237e+01
7.639999999999999680e+00,-1.473261692771031406e+01,-9.374019977482264210e+01,4.568877064843422886e+01,-1.730372436665285818e+01
7.650000000000000355e+00,-1.483385123140875272e+01,-9.650319264404355124e+01,4.502888770099018245e+01,-1.677003777520594241e+01
7.660000000000000142e+00,-1.493337984489724235e+01,-9.926256574817728051e+01,4.440676385319201103e+01,-1.622874278992089003e+01
7.669999999999999929e+00,-1.503050526333020009e+01,-1.020225888288145910e+02,4.381911169499365144e+01,-1.568167483885165225e+01
7.679999999999999716e+00,-1.512476639751728236e+01,-1.047898069024992367e+02,4.326252939656795604e+01,-1.512951908756796016e+01
7.690000000000000391e+00,-1.521609561731747107e+01,-1.075723809687291492e+02,4.273397776179739083e+01,-1.457176799550848045e+01
7.700000000000000178e+00,-1.530492742664736738e+01,-1.103790008104334248e+02,4.223125852834380112e+01,-1.400689839658409674e+01
7.709999999999999964e+00,-1.539223334768236917e+01,-1.132175343568377741e+02,4.175339442241422461e+01,-1.343275309869779122e+01
7.719999999999999751e+00,-1.547947095577393384e+01,-1.160936394359175807e+02,4.130082657497963794e+01,-1.284706851220629176e+01
7.730000000000000426e+00,-1.556845122001607784e+01,-1.190095759583224293e+02,4.087537863818290873e+01,-1.224805711238773576e+01
7.740000000000000213e+00,-1.566114306446499782e+01,-1.219634179077864786e+02,4.047998234087035740e+01,-1.163493968559125591e+01
7.750000000000000000e+00,-1.575944384266426823e+01,-1.249487896825404221e+02,4.011820573691174729e+01,-1.100833078673676724e+01
7.759999999999999787e+00,-1.586494779396588228e+01,-1.279551639789647766e+02,3.979366215490652792e+01,-1.037040902942599985e+01
7.769999999999999574e+00,-1.597874238704047478e+01,-1.309686801206196662e+02,3.950939728739238177e+01,-9.724843984871863967e+00
7.780000000000000249e+00,-1.610125696474052148e+01,-1.339733839949120693e+02,3.926735183060579004e+01,-9.076493742488819905e+00
7.790000000000000036e+00,-1.623218148318750309e+01,-1.369527534219148208e+02,3.906798054958490951e+01,-8.430923146368781929e+00
7.799999999999999822e+00,-1.637046653633138860e+01,-1.398913484715133109e+02,3.891008131466068676e+01,-7.793817478106874752e+00
7.809999999999999609e+00,-1.651440907450469453e+01,-1.427764074777423957e+02,3.879085531928338071e+01,-7.170378589487768295e+00
7.820000000000000284e+00,-1.666182016311762837e+01,-1.455991950616468387e+02,3.870618660669862265e+01,-6.564790917308746643e+00
7.830000000000000071e+00,-1.681026078429825787e+01,-1.483559064908234291e+02,3.865109802056554145e+01,-5.979834443015656475e+00
7.839999999999999858e+00,-1.695731933299385474e+01,-1.510479585835728926e+02,3.862031433107286205e+01,-5.416701042686876910e+00
7.849999999999999645e+00,-1.710089246852094647e+01,-1.536815660445220715e+02,3.860884505771137043e+01,-4.875040586485951621e+00
7.860000000000000320e+00,-1.723942362679215989e+01,-1.562666166271096699e+02,3.861249377938614913e+01,-4.353226130757363421e+00
7.870000000000000107e+00,-1.737205536195961031e+01,-1.588150006971986556e+02,3.862821120789003260e+01,-3.848789057895054544e+00
7.879999999999999893e+00,-1.749866511592522045e+01,-1.613386818437967349e+02,3.865423672678434741e+01,-3.358943050563483190e+00
7.889999999999999680e+00,-1.761977707367817914e+01,-1.638478698603026942e+02,3.869001349147286106e+01,-2.881098636881868735e+00
7.900000000000000355e+00,-1.773636931106251780e+01,-1.663496456416744138e+02,3.873590710582796959e+01,-2.413273163874007032e+00
7.910000000000000142e+00,-1.784961769600601755e+01,-1.688472901967683697e+02,3.879279682052676748e+01,-1.954324647762303968e+00
7.919999999999999929e+00,-1.796063005879845065e+01,-1.713404176110522599e+02,3.886163199994535944e+01,-1.503976656162316683e+00
7.929999999999999716e+00,-1.807022415282246541e+01,-1.738258477336368344e+02,3.894305028201295471e+01,-1.062646185613000949e+00
7.940000000000000391e+00,-1.817879275141639539e+01,-1.762990148405759214e+02,3.903713744350855563e+01,-6.311276673884973487e-01
7.950000000000000178e+00,-1.828628236361898729e+01,-1.787556127633945380e+02,3.914337662924116756e+01,-2.102157396959694058e-01
7.959999999999999964e+00,-1.839229161583070393e+01,1.788068694856062280e+02,3.926079288669334488e+01,1.996379052582962221e-01
7.969999999999999751e+00,-1.849627350242360180e+01,1.763880629457658245e+02,3.938825550260686015e+01,5.985446734020007931e-01
7.980000000000000426e+00,-1.859780456771502699e+01,1.739843661836687545e+02,3.952486338226324847e+01,9.872121115073134723e-01
7.990000000000000213e+00,-1.869686694306378527e+01,1.715894877358402653e+02,3.967031516917491984e+01,1.366765331035199704e+00
8.000000000000000000e+00,-1.879408062913905653e+01,1.691958777895658557e+02,3.982516185748865922e+01,1.738379770729137741e+00
8.009999999999999787e+00,-1.889082763244067564e+01,1.667968557989297835e+02,3.999085772015186535e+01,2.102794014771006470e+00
8.019999999999999574e+00,-1.898922736727614691e+01,1.643890829279774550e+02,4.016956289599158225e+01,2.459805210607550308e+00
8.029999999999999361e+00,-1.909194980263274743e+01,1.619749473100435750e+02,4.036370042063253294e+01,2.807863647565689291e+00
8.039999999999999147e+00,-1.920188085331829697e+01,1.595644456555367867e+02,4.057532146192382072e+01,3.143874269725270398e+00
8.050000000000000711e+00,-1.932167518448598287e+01,1.571762354462391613e+02,4.080537513055507759e+01,3.463283774101128643e+00
8.060000000000000497e+00,-1.945324106589714219e+01,1.548376461784982041e+02,4.105300685598746924e+01,3.760488654498490124e+00
8.070000000000000284e+00,-1.959720284080101393e+01,1.525835221895664802e+02,4.131501927109631112e+01,4.029548999453151481e+00
8.080000000000000071e+00,-1.975238686813437639e+01,1.504537975858451375e+02,4.158562152462385342e+01,4.265140532665716577e+00
8.089999999999999858e+00,-1.991538598565938756e+01,1.484896962747709495e+02,4.185656659461489681e+01,4.463627488378421049e+00
8.099999999999999645e+00,-2.008028202023841402e+01,1.467284797686331217e+02,4.211773009293304426e+01,4.624096598367729349e+00
8.109999999999999432e+00,-2.023864293283611460e+01,1.451968480748458887e+02,4.235811758027431750e+01,4.749166428937368067e+00
8.119999999999999218e+00,-2.037994172236821555e+01,1.439035538892670445e+02,4.256720504393260995e+01,4.845388945789648183e+00
8.130000000000000782e+00,-2.049252831450029078e+01,1.428325393343725409e+02,4.273643283834518769e+01,4.923103356700964106e+00
8.140000000000000568e+00,-2.056517407654510521e+01,1.419387112712402939e+02,4.286061051286474566e+01,4.995689262852992307e+00
8.150000000000000355e+00,-2.058898484998619693e+01,1.411487486994160463e+02,4.293897462002357202e+01,5.078284032599854392e+00
8.160000000000000142e+00,-2.055921803043676022e+01,1.403683928712952138e+02,4.297568984253049251e+01,5.186148041899637740e+00
8.169999999999999929e+00,-2.047641611518276505e+01,1.394954016668048666e+02,4.297968998502621929e+01,5.332943256125112441e+00
8.179999999999999716e+00,-2.034643709436430115e+01,1.384348023375465004e+02,4.296389024482103736e+01,5.529206930319701563e+00
8.189999999999999503e+00,-2.017938108880860781e+01,1.371119463820387807e+02,4.294392382405484199e+01,5.781248052152487382e+00
8.199999999999999289e+00,-1.998783127310870356e+01,1.354800079228766378e+02,4.293662869683864614e+01,6.090591049567724014e+00
8.210000000000000853e+00,-1.978499388082788712e+01,1.335211198931895353e+02,4.295851990557709144e+01,6.453976094435748045e+00
8.220000000000000639e+00,-1.958319698942647946e+01,1.312426125507858785e+02,4.302443923593047970e+01,6.863832715626741354e+00
8.230000000000000426e+00,-1.939294485712837712e+01,1.286707550864142888e+02,4.314650298815109153e+01,7.309092413888533812e+00
8.240000000000000213e+00,-1.922249823875709041e+01,1.258441058481848529e+02,4.333339691232872326e+01,7.776196695353801758e+00
8.250000000000000000e+00,-1.907783781678513435e+01,1.228077389519497871e+02,4.359001344827328239e+01,8.250176389079255657e+00
8.259999999999999787e+00,-1.896285245970967281e+01,1.196088227371316037e+02,4.391739614828500038e+01,8.715709186611297454e+00
8.269999999999999574e+00,-1.887962868570572539e+01,1.162935212088474373e+02,4.431294562326292663e+01,9.158091215219281267e+00
8.279999999999999361e+00,-1.882876370043566183e+01,1.129049650081165339e+02,4.477084171235880206e+01,9.564078033767534848e+00
8.289999999999999147e+00,-1.880966250868884160e+01,1.094819950155444701e+02,4.528263886076494060e+01,9.922560317924316919e+00
8.300000000000000711e+00,-1.882080488817259578e+01,1.060584261597570759e+02,4.583798993425372714e+01,1.022504391312819649e+01
8.310000000000000497e+00,-1.885998202884925590e+01,1.026626518766929479e+02,4.642544631387440290e+01,1.046590895597133652e+01
8.320000000000000284e+00,-1.892450862695291391e+01,9.931748102854049876e+01,4.703327170572087113e+01,1.064243359492111018e+01
8.330000000000000071e+00,-1.901141705535481563e+01,9.604015671467263360e+01,4.765019903242480126e+01,1.075458669177622895e+01
8.339999999999999858e+00,-1.911763798859372443e+01,9.284254631146596637e+01,4.826605986859321007e+01,1.080461898430686496e+01
8.349999999999999645e+00,-1.924016802307215102e+01,8.973151339535215243e+01,4.887222793801142018e+01,1.079650825269163761e+01
8.359999999999999432e+00,-1.937622059335206970e+01,8.670948540381925795e+01,4.946184220130389519e+01,1.073533413206163267e+01
8.369999999999999218e+00,-1.952335292762685270e+01,8.377521792243400967e+01,5.002980693206064444e+01,1.062666638323229940e+01
8.380000000000000782e+00,-1.967955986585497996e+01,8.092473150815656879e+01,5.057259907371631869e+01,1.047604389218033205e+01
8.390000000000000568e+00,-1.984332573491422025e+01,7.815236655233347562e+01,5.108793989654233059e+01,1.028860171951582458e+01
8.400000000000000355e+00,-2.001362826642276360e+01,7.545187393041342716e+01,5.157440328328657131e+01,1.006887483910591463e+01
8.410000000000000142e+00,-2.018989325915857691e+01,7.281744164156691568e+01,5.203103482356135601e+01,9.820776030916402277e+00
8.419999999999999929e+00,-2.037190432870058743e+01,7.024455506843571584e+01,5.245704539122846910e+01,9.547717587503420589e+00
8.429999999999999716e+00,-2.055967747674166546e+01,6.773060144547480377e+01,5.285162322854220207e+01,9.252826253729915962e+00
8.439999999999999503e+00,-2.075331439925060195e+01,6.527515427298283157e+01,5.321388382643453951e+01,8.939190330502007953e+00
8.449999999999999289e+00,-2.095285097856730516e+01,6.287990539668708578e+01,5.354295106814443983e+01,8.610077634050925965e+00
8.460000000000000853e+00,-2.115811832264329695e+01,6.054824642186446937e+01,5.383813975090269111e+01,8.269072328235722580e+00
8.470000000000000639e+00,-2.136863335536267527e+01,5.828453452220104936e+01,5.409919180527212745e+01,7.920095968729650160e+00
8.480000000000000426e+00,-2.158353457534630238e+01,5.609311065836948984e+01,5.432650886916787414e+01,7.567300970909500712e+00
8.490000000000000213e+00,-2.180157605262309062e+01,5.397717205767113313e+01,5.452132410460243506e+01,7.214849757734348223e+00
8.500000000000000000e+00,-2.202118841804255567e+01,5.193763532938736205e+01,5.468576668123583318e+01,6.866615929617067238e+00
8.509999999999999787e+00,-2.224060868718995465e+01,4.997215718775964888e+01,5.482279177008874171e+01,6.525860671723279438e+00
8.519999999999999574e+00,-2.245807078142494717e+01,4.807449586279181375e+01,5.493597387567311330e+01,6.194944870440172835e+00
8.529999999999999361e+00,-2.267203624712079346e+01,4.623438304774713004e+01,5.502918723514424215e+01,5.875133444625356027e+00
8.539999999999999147e+00,-2.288143234782191371e+01,4.443802051481181792e+01,5.510621891507529568e+01,5.566533897687565791e+00
8.550000000000000711e+00,-2.308585637778499944e+01,4.266921500495107011e+01,5.517037413260867851e+01,5.268188846873465003e+00
8.560000000000000497e+00,-2.328570489919950859e+01,4.091103576643465090e+01,5.522413692928103757e+01,4.978316377657598046e+00
8.570000000000000284e+00,-2.348219688367338165e+01,3.914775527568686897e+01,5.526894227338965493e+01,4.694666914353541998e+00
8.580000000000000071e+00,-2.367727897401810822e+01,3.736675545384735386e+01,5.530509923292839147e+01,4.414944843731938739e+00
8.589999999999999858e+00,-2.387342408885208656e+01,3.556007670723207070e+01,5.533188147448719718e+01,4.137230488988826949e+00
8.599999999999999645e+00,-2.407335462421859518e+01,3.372535614197201426e+01,5.534777425124365635e+01,3.860335383924005104e+00
8.609999999999999432e+00,-2.427973338322625096e+01,3.186601849572451783e+01,5.535084018878028189e+01,3.584032267762037094e+00
8.619999999999999218e+00,-2.449486757814199578e+01,2.999071087244174549e+01,5.533914407599842633e+01,3.309120525366594290e+00
8.630000000000000782e+00,-2.472046584693577387e+01,2.811207936084587544e+01,5.531116412846799335e+01,3.037315708408363069e+00
8.640000000000000568e+00,-2.495747888110947343e+01,2.624505957516009502e+01,5.526611749433673992e+01,2.770983809096903006e+00
8.650000000000000355e+00,-2.520604396620474574e+01,2.440489914675854166e+01,5.520414252181937087e+01,2.512770791754165511e+00
8.660000000000000142e+00,-2.546554342523191394e+01,2.260516077701613469e+01,5.512630756120093878e+01,2.265198699395135407e+00
8.669999999999999929e+00,-2.573477556944884981e+01,2.085597723257903624e+01,5.503445045991119855e+01,2.030306115470002837e+00
8.679999999999999716e+00,-2.601222255947413231e+01,1.916283866456885931e+01,5.493088682307685389e+01,1.809400852975750595e+00
8.689999999999999503e+00,-2.629638210255381026e+01,1.752616786118170822e+01,5.481805085347559015e+01,1.602968534434990433e+00
8.699999999999999289e+00,-2.658611168813540360e+01,1.594185609972111983e+01,5.469814454240280810e+01,1.410747762115692083e+00
8.710000000000000853e+00,-2.688092090025005731e+01,1.440278005267161276e+01,5.457286699045997125e+01,1.231948189036667918e+00
8.720000000000000639e+00,-2.718114629200716692e+01,1.290111796772028896e+01,5.444327712239061867e+01,1.065559140645663927e+00
8.730000000000000426e+00,-2.748795872289001707e+01,1.143108353429365032e+01,5.430981424182485995e+01,9.106789848189686953e-01
8.740000000000000213e+00,-2.780318307514341569e+01,9.991564315385035755e+00,5.417246759647818521e+01,7.667922659708927835e-01
8.750000000000000000e+00,-2.812894661061574197e+01,8.588133124997776591e+00,5.403105480212075662e+01,6.339331648835083710e-01
8.759999999999999787e+00,-2.846720435242477265e+01,7.233993334045352164e+00,5.388554569428468710e+01,5.126980117171778817e-01
8.769999999999999574e+00,-2.881921081780040694e+01,5.949578271891992287e+00,5.373635781149908297e+01,4.041018449070618024e-01
8.779999999999999361e+00,-2.918501720188342219e+01,4.760696307725326371e+00,5.358455488173960646e+01,3.093079116814395624e-01
8.789999999999999147e+00,-2.956307710431256197e+01,3.695271404665690707e+00,5.343189980675455786e+01,2.292872315556290785e-01
8.800000000000000711e+00,-2.995004718944695199e+01,2.778896163363532512e+00,5.328074461225632774e+01,1.644814282146546125e-01
8.810000000000000497e+00,-3.034086989186722860e+01,2.029645110851401313e+00,5.313377476472599881e+01,1.145421970488381541e-01
8.820000000000000284e+00,-3.072921061373451224e+01,1.452926165445228346e+00,5.299365624827988341e+01,7.820509313851820021e-02
8.830000000000000071e+00,-3.110827126235565743e+01,1.037521055435209005e+00,5.286265412070516589e+01,5.332766369328797995e-02
8.839999999999999858e+00,-3.147190171011182613e+01,7.541764395044918690e-01,5.274229705817191416e+01,3.708867351114656513e-02
8.849999999999999645e+00,-3.181579742657644871e+01,5.578518460618594466e-01,5.263315322327358814e+01,2.631327362522989377e-02
8.859999999999999432e+00,-3.213846604650672845e+01,3.938188985986021962e-01,5.253476115318306938e+01,1.786444219684080181e-02
8.869999999999999218e+00,-3.244164907385148666e+01,2.064480568971352459e-01,5.244572965306086587e+01,9.028019680115777906e-03
8.880000000000000782e+00,-3.273003414933094035e+01,-5.163399401031044250e-02,5.236398820844578950e+01,-2.180749179802665434e-03
8.890000000000000568e+00,-3.301033085768630571e+01,-4.125939379302256960e-01,5.228713982655921910e+01,-1.684697749382674942e-02
8.900000000000000355e+00,-3.328998669162907476e+01,-8.904375695571005167e-01,5.221284696556879368e+01,-3.515402422354623607e-02
8.910000000000000142e+00,-3.357589635417880913e+01,-1.482507959397287411e+00,5.213917296255061729e+01,-5.654782818475641293e-02
8.919999999999999929e+00,-3.387340663334520485e+01,-2.174726430408628008e+00,5.206480883850587560e+01,-8.003126924107409335e-02
8.929999999999999716e+00,-3.418580889578868209e+01,-2.949244903811635510e+00,5.198913813360692870e+01,-1.045235762175724392e-01
8.939999999999999503e+00,-3.451440826498419057e+01,-3.793014778075963989e+00,5.191212639856205158e+01,-1.292042055461375127e-01
8.949999999999999289e+00,-3.485918228336613822e+01,-4.705787973884167030e+00,5.183405994998945943e+01,-1.537621153547140407e-01
8.960000000000000853e+00,-3.521997066672670940e+01,-5.706092609317335196e+00,5.175519204407346763e+01,-1.784900466681299813e-01
8.970000000000000639e+00,-3.559804654523453138e+01,-6.833883902395552212e+00,5.167537635829996390e+01,-2.041953029527679708e-01
8.980000000000000426e+00,-3.599781966676546574e+01,-8.149144917517920916e+00,5.159377312633406376e+01,-2.319367896361369252e-01
8.990000000000000213e+00,-3.642837418338216793e+01,-9.726859121917588169e+00,5.150870157685416473e+01,-2.626350225314622033e-01
9.000000000000000000e+00,-3.690462321888760044e+01,-1.165024959475144151e+01,5.141768582524842657e+01,-2.966304586793527265e-01
9.009999999999999787e+00,-3.744809345257004907e+01,-1.400539788447100698e+01,5.131770473765102736e+01,-3.332805413172732489e-01
9.019999999999999574e+00,-3.808767772586908507e+01,-1.688094962168299418e+01,5.120561578712253237e+01,-3.706840621282955217e-01
9.029999999999999361e+00,-3.886103173216748985e+01,-2.037710206130422108e+01,5.107868585160768760e+01,-4.056020617837590159e-01
9.039999999999999147e+00,-3.981765211603064358e+01,-2.463037713488505531e+01,5.093513589041296541e+01,-4.336098043452327189e-01
9.050000000000000711e+00,-4.102522542549380802e+01,-2.986944146113608767e+01,5.077459805002636983e+01,-4.494702313410793293e-01
9.060000000000000497e+00,-4.258174499834601079e+01,-3.654607513789856199e+01,5.059839646315595729e+01,-4.476747946246483756e-01
9.070000000000000284e+00,-4.463540782352388447e+01,-4.568524116772730537e+01,5.040959530328385796e+01,-4.230631145876659338e-01
9.080000000000000071e+00,-4.738842372355371424e+01,-5.997720616516038206e+01,5.021280253110941771e+01,-3.714172152293421236e-01
9.089999999999999858e+00,-5.074550110209830223e+01,-8.711586815029802722e+01,5.001376436493769262e+01,-2.899330244540910262e-01
9.099999999999999645e+00,-5.190005039113386687e+01,-1.354857108369300533e+02,4.981882255323971975e+01,-1.774989257389763542e-01
9.109999999999999432e+00,-4.866725435965693691e+01,-1.745514145537977697e+02,4.963432603244670815e+01,-3.475054955095534248e-02
9.119999999999999218e+00,-4.513075150026221394e+01,1.656221016187132022e+02,4.946608804135201609e+01,1.360875638140058852e-01
9.130000000000000782e+00,-4.235366430821603245e+01,1.538519751680088916e+02,4.931896218718461711e+01,3.315285041682307643e-01
9.140000000000000568e+00,-4.017591649578260871e+01,1.454229977065459423e+02,4.919658271311828912e+01,5.472513761222554951e-01
9.150000000000000355e+00,-3.841783247022921444e+01,1.386475244661453416e+02,4.910128254161877237e+01,7.785582364874855665e-01
9.160000000000000142e+00,-3.696084951029307319e+01,1.328245854782700803e+02,4.903417365408687090e+01,1.020792294627025809e+00
9.169999999999999929e+00,-3.572772984087607995e+01,1.276186905822616069e+02,4.899535211166151072e+01,1.269665708116182179e+00
9.179999999999999716e+00,-3.466609864934142848e+01,1.228488606460044821e+02,4.898417670902391308e+01,1.521466665174018962e+00
9.189999999999999503e+00,-3.373893095521675889e+01,1.184063008228699374e+02,4.899956658844637758e+01,1.773138700481717178e+00
9.199999999999999289e+00,-3.291917848650658840e+01,1.142186651527588026e+02,4.904026866161108700e+01,2.022246735428738784e+00
9.210000000000000853e+00,-3.218663198938136105e+01,1.102334517053539287e+02,4.910505881539454975e+01,2.266860936349661682e+00
9.220000000000000639e+00,-3.152598628735243835e+01,1.064100420321325373e+02,4.919285891894482887e+01,2.505398631229411865e+00
9.230000000000000426e+00,-3.092556095241077330e+01,1.027158660521104565e+02,4.930277100400079604e+01,2.736464936828964856e+00
9.240000000000000213e+00,-3.037638786825344184e+01,9.912451993406151018e+01,4.943404673915429726e+01,2.958724817509804872e+00
9.250000000000000000e+00,-2.987151809092432586e+01,9.561470611194516778e+01,4.958602106472442017e+01,3.170825169224354756e+00
9.259999999999999787e+00,-2.940547876021632590e+01,9.216940000814302891e+01,4.975804154125837897e+01,3.371368687529066932e+00
9.269999999999999574e+00,-2.897385257412306458e+01,8.877496699795339907e+01,4.994941937745241489e+01,3.558925782722089703e+00
9.279999999999999361e+00,-2.857297123430241115e+01,8.542016051705294899e+01,5.015941591308280323e+01,3.732060322106243611e+00
9.289999999999999147e+00,-2.819971874541796453e+01,8.209506519692187965e+01,5.038726270241799909e+01,3.889341997717987720e+00
9.300000000000000711e+00,-2.785143644064340407e+01,7.879012195654590300e+01,5.063219823461247415e+01,4.029323405392757351e+00
9.310000000000000497e+00,-2.752591355044759069e+01,7.549539325335688034e+01,5.089349365182185636e+01,4.150472339302502256e+00
9.320000000000000284e+00,-2.722143849123961701e+01,7.220020364619058739e+01,5.117043658858182198e+01,4.251066503958993437e+00
9.330000000000000071e+00,-2.693687963747331793e+01,6.889323274893037308e+01,5.146224784363158022e+01,4.329074826982098223e+00
9.339999999999999858e+00,-2.667176235650260452e+01,6.556305786587280693e+01,5.176791938572745977e+01,4.382062544984678176e+00
9.349999999999999645e+00,-2.642631276431221465e+01,6.219906020596081220e+01,5.208598163181282104e+01,4.407162650181399854e+00
9.359999999999999432e+00,-2.620144775355738176e+01,5.879254205307474024e+01,5.241422907225508254e+01,4.401152051859765990e+00
9.369999999999999218e+00,-2.599870342368760490e+01,5.533786971606637906e+01,5.274945165510975187e+01,4.360656779401293370e+00
9.380000000000000782e+00,-2.582010699568386158e+01,5.183346578971859486e+01,5.308723068549572588e+01,4.282488494737295426e+00
9.390000000000000568e+00,-2.566800744725373207e+01,4.828251865704262968e+01,5.342185911690295086e+01,4.164087839708931149e+00
9.400000000000000355e+00,-2.554488540955129849e+01,4.469334139661128091e+01,5.374643518777428142e+01,4.004023243228312268e+00
9.410000000000000142e+00,-2.545316302596965841e+01,4.107937711147469173e+01,5.405315536962656608e+01,3.802472053278656894e+00
9.419999999999999929e+00,-2.539503073924403864e+01,3.745889800828869909e+01,5.433379980145723920e+01,3.561599755831516667e+00
9.429999999999999716e+00,-2.537230235700781833e+01,3.385447450761349586e+01,5.458036576108487736e+01,3.285757329316473019e+00
9.439999999999999503e+00,-2.538630413619426918e+01,3.029229979009079798e+01,5.478576986574945806e+01,2.981438846249084396e+00
9.449999999999999289e+00,-2.543779920195261468e+01,2.680145137597889970e+01,5.494451662911703949e+01,2.656979578883921000e+00
9.460000000000000853e+00,-2.552694567076861176e+01,2.341316305727653813e+01,5.505322768144168322e+01,2.322022344354434775e+00
9.470000000000000639e+00,-2.565328491199539229e+01,2.016017471235558745e+01,5.511094610114489711e+01,1.986825655880519292e+00
9.480000000000000426e+00,-2.581575447482606833e+01,1.707622780548470942e+01,5.511917103436169185e+01,1.661519193289284768e+00
9.490000000000000213e+00,-2.601271709486457340e+01,1.419577982772926639e+01,5.508162958317152658e+01,1.355420913910718950e+00
9.500000000000000000e+00,-2.624199165260428401e+01,1.155401547240859550e+01,5.500384246010968070e+01,1.076513121748035262e+00
9.509999999999999787e+00,-2.650086308838206861e+01,9.187223911005933275e+00,5.489257448547571272e+01,8.311370257082696389e-01
9.519999999999999574e+00,-2.678603595571615514e+01,7.133571546024882970e+00,5.475527294896905062e+01,6.239175167498227648e-01
9.529999999999999361e+00,-2.709348180918037485e+01,5.434202699140819881e+00,5.459958546091267095e+01,4.578846101715184913e-01
9.539999999999999147e+00,-2.741811773065062496e+01,4.134415342187126363e+00,5.443301970951135615e+01,3.347254710399489852e-01
9.550000000000000711e+00,-2.775325009105507945e+01,3.284351016511986909e+00,5.426276959828390289e+01,2.550866181726383353e-01
9.560000000000000497e+00,-2.808973992259838681e+01,2.938184986539091437e+00,5.409569507297451452e+01,2.188500254611856488e-01
9.570000000000000284e+00,-2.841492219769418881e+01,3.150241394075225632e+00,5.393841414011245661e+01,2.253255650128252185e-01
9.580000000000000071e+00,-2.871148199662410860e+01,3.966007851295254127e+00,5.379744958859841120e+01,2.733293987092374477e-01
9.589999999999999858e+00,-2.895678745989545533e+01,5.406302842083573701e+00,5.367937087558773612e+01,3.611467407931082119e-01
9.599999999999999645e+00,-2.912354228409480683e+01,7.445007828371230651e+00,5.359088171621086616e+01,4.864018583003079654e-01
9.609999999999999432e+00,-2.918275122642064545e+01,9.985861657057938601e+00,5.353882214254637262e+01,6.458739911636841580e-01
9.619999999999999218e+00,-2.910933115253161674e+01,1.285047482888081127e+01,5.353007506109777580e+01,8.353031946610217640e-01
9.630000000000000782e+00,-2.888896411120795094e+01,1.579166970732757314e+01,5.357138659877205100e+01,1.049225595070734318e+00
9.640000000000000568e+00,-2.852299597441155043e+01,1.853587655038092663e+01,5.366912293231925446e+01,1.280865959947979027e+00
9.650000000000000355e+00,-2.802844839486217410e+01,2.083893081198151620e+01,5.382899192166233604e+01,1.522100757975219487e+00
9.660000000000000142e+00,-2.743309036939269063e+01,2.252904801164138959e+01,5.405575587939701876e+01,1.763491049927019105e+00
9.669999999999999929e+00,-2.676844735327649261e+01,2.352073972903594523e+01,5.435295406867480494e+01,1.994374802805254143e+00
9.679999999999999716e+00,-2.606398196013122970e+01,2.380284171427137352e+01,5.472264287588312470e+01,2.203004388809454817e+00
9.689999999999999503e+00,-2.534392364647865037e+01,2.341462192434110534e+01,5.516515116059681390e+01,2.376717523253974118e+00
9.699999999999999289e+00,-2.462646770255672024e+01,2.242230470050719404e+01,5.567884089266978265e+01,2.502137891610510589e+00
9.710000000000000853e+00,-2.392437135790654068e+01,2.090176371826301249e+01,5.625986116248594726e+01,2.565413445230042999e+00
9.720000000000000639e+00,-2.324608669308118891e+01,1.892801617291658189e+01,5.690188864424931126e+01,2.552513264460090081e+00
9.730000000000000426e+00,-2.259692370123032390e+01,1.656995113377770323e+01,5.759586041256008571e+01,2.449614738471361797e+00
9.740000000000000213e+00,-2.198002701265879821e+01,1.388841357433280344e+01,5.832972527685751629e+01,2.243617669395122416e+00
9.750000000000000000e+00,-2.139711434695743719e+01,1.093617518118656662e+01,5.908826535791245504e+01,1.922816437742236095e+00
9.759999999999999787e+00,-2.084899678339034779e+01,7.758828500723573995e+00,5.985306588668650818e+01,1.477741534909945198e+00
9.769999999999999574e+00,-2.033592320843327172e+01,4.396032090663693381e+00,6.060273065348665256e+01,9.021452590296555885e-01
9.779999999999999361e+00,-1.985779201249880543e+01,8.827892116590637661e-01,6.131344313073496721e+01,1.940546945938209922e-01
9.789999999999999147e+00,-1.941426662461856267e+01,-2.749404974433612647e+00,6.195994840224680900e+01,-6.432440521658218113e-01
9.800000000000000711e+00,-1.900482387597486422e+01,-6.471625665837160923e+00,6.251697147260752985e+01,-1.600477774832635314e+00
9.810000000000000497e+00,-1.862875755575844394e+01,-1.025681965653383898e+01,6.296099520581284281e+01,-2.662124008933771435e+00
9.820000000000000284e+00,-1.828515432101352545e+01,-1.407934864512525586e+01,6.327221201924811567e+01,-3.806796585244218267e+00
9.830000000000000071e+00,-1.797285526142472278e+01,-1.791476363685341866e+01,6.343636801890304611e+01,-5.008371237604952952e+00
9.839999999999999858e+00,-1.769041369347975490e+01,-2.173979194558921080e+01,6.344617393343236955e+01,-6.237802086539081969e+00
9.849999999999999645e+00,-1.743605794704036782e+01,-2.553251359726131753e+01,6.330199307413870713e+01,-7.465420006567325295e+00
9.859999999999999432e+00,-1.720766677068836259e+01,-2.927269931074193821e+01,6.301163674720706354e+01,-8.663375495568601536e+00
9.869999999999999218e+00,-1.700276421884789357e+01,-3.294227566995040490e+01,6.258927363043203229e+01,-9.807837545039951976e+00
9.880000000000000782e+00,-1.681854010330904003e+01,-3.652587342869876608e+01,6.205363913565604861e+01,-1.088060656444247165e+01
9.890000000000000568e+00,-1.665190082634218882e+01,-4.001140219120393482e+01,6.142585926018051623e+01,-1.186992822201354869e+01
9.900000000000000355e+00,-1.649955318914814129e+01,-4.339058082567585473e+01,6.072724773580784330e+01,-1.277046251505449526e+01
9.910000000000000142e+00,-1.635812025784262147e+01,-4.665934177615510947e+01,5.997739484455203751e+01,-1.358251742552501540e+01
9.919999999999999929e+00,-1.622428358906996948e+01,-4.981802451197889070e+01,5.919276760514451041e+01,-1.431076180187903368e+01
9.929999999999999716e+00,-1.609494063416899934e+01,-5.287128459353309040e+01,5.838592146928747439e+01,-1.496267447378868276e+01
9.939999999999999503e+00,-1.596736112634009608e+01,-5.582767404123916322e+01,5.756531503817041084e+01,-1.554697442482577863e+01
9.949999999999999289e+00,-1.583932327762211933e+01,-5.869889479890367312e+01,5.673563937201074481e+01,-1.607222955674498621e+01
9.960000000000000853e+00,-1.570921111598528874e+01,-6.149878243822841029e+01,5.589852613681074445e+01,-1.654577896483334953e+01
9.970000000000000639e+00,-1.557605892119224578e+01,-6.424212860992894036e+01,5.505347963582154591e+01,-1.697303971729642313e+01
9.980000000000000426e+00,-1.543953681990968541e+01,-6.694348339407893889e+01,5.419887982693341399e+01,-1.735721127951000753e+01
9.990000000000000213e+00,-1.529988126088446165e+01,-6.961608231157983084e+01,5.333292105066242073e+01,-1.769934208523171293e+01
1.000000000000000000e+01,-1.515778277699540055e+01,-7.227101598767106339e+01,5.245438053389274558e+01,-1.799868513737971298e+01
1.000999999999999979e+01,-1.501424897240024414e+01,-7.491671163478217466e+01,5.156314849142542300e+01,-1.825324498856350175e+01
1.001999999999999957e+01,-1.487046201141444612e+01,-7.755873900850514246e+01,5.066049354686772688e+01,-1.846040910551138126e+01
1.002999999999999936e+01,-1.472764735980542739e+01,-8.019990385931875210e+01,4.974907751251733856e+01,-1.861756319969239470e+01
1.003999999999999915e+01,-1.458696547210422878e+01,-8.284055901978007341e+01,4.883276608776496630e+01,-1.872261065307193562e+01
1.005000000000000071e+01,-1.444943220948867690e+01,-8.547905030035624918e+01,4.791630187399864127e+01,-1.877434579187445252e+01
1.006000000000000050e+01,-1.431586844430614391e+01,-8.811221874566645340e+01,4.700491134371998925e+01,-1.877266276484717622e+01
1.007000000000000028e+01,-1.418687543263292028e+01,-9.073589675300604540e+01,4.610390963883872928e+01,-1.871860962323025745e+01
1.008000000000000007e+01,-1.406283040527621253e+01,-9.334535666118667052e+01,4.521835065122775177e+01,-1.861431633567887900e+01
1.008999999999999986e+01,-1.394389629507944939e+01,-9.593569130823235014e+01,4.435275022195892802e+01,-1.846283431704305045e+01
1.009999999999999964e+01,-1.383004019494980419e+01,-9.850212308611081369e+01,4.351089235870951910e+01,-1.826792480844920519e+01
1.010999999999999943e+01,-1.372105654810079578e+01,-1.010402492709756643e+02,4.269571524309098010e+01,-1.803382711928897919e+01
1.011999999999999922e+01,-1.361659273965261363e+01,-1.035462363947872291e+02,4.190926651708100792e+01,-1.776502886211285315e+01
1.013000000000000078e+01,-1.351617628002976623e+01,-1.060169757697148043e+02,4.115271517958559855e+01,-1.746605188025132804e+01
1.014000000000000057e+01,-1.341924383403241450e+01,-1.084502074242242884e+02,4.042640862093016096e+01,-1.714126144833911169e+01
1.015000000000000036e+01,-1.332517276386307259e+01,-1.108446126699185470e+02,3.972996582001322707e+01,-1.679470310898747343e+01
1.016000000000000014e+01,-1.323331556981855073e+01,-1.131998685839452747e+02,3.906239979371692073e+01,-1.642997072884999454e+01
1.016999999999999993e+01,-1.314303673152664942e+01,-1.155166530852729778e+02,3.842226297579400551e+01,-1.605010989166961721e+01
1.017999999999999972e+01,-1.305375022301946508e+01,-1.177965887385846884e+02,3.780780807723588310e+01,-1.565756126191143238e+01
1.018999999999999950e+01,-1.296495475174152645e+01,-1.200421177612352892e+02,3.721715464002951990e+01,-1.525414790865393044e+01
1.019999999999999929e+01,-1.287626294715494879e+01,-1.222563095348629076e+02,3.664844895178006823e+01,-1.484110812676885516e+01
1.021000000000000085e+01,-1.278742063217000435e+01,-1.244426135357986567e+02,3.610000344727018273e+01,-1.441917104380114267e+01
1.022000000000000064e+01,-1.269831312468754625e+01,-1.266045822852306344e+02,3.557040223298793791e+01,-1.398866694080994577e+01
1.023000000000000043e+01,-1.260895718308752578e+01,-1.287455975922344749e+02,3.505856249373010058e+01,-1.354965893945317923e+01
1.024000000000000021e+01,-1.251947943737901525e+01,-1.308686363962095243e+02,3.456374713522897935e+01,-1.310207891109624612e+01
1.025000000000000000e+01,-1.243008447284137397e+01,-1.329761085250447934e+02,3.408553120789040491e+01,-1.264584934651187886e+01
1.025999999999999979e+01,-1.234101763793942297e+01,-1.350697879542510123e+02,3.362373201933343125e+01,-1.218097512327618226e+01
1.026999999999999957e+01,-1.225252869634669572e+01,-1.371508435649671753e+02,3.317831876266822633e+01,-1.170759447398466868e+01
1.027999999999999936e+01,-1.216484238117644878e+01,-1.392199579401860206e+02,3.274932058377903132e+01,-1.122598605989518461e+01
1.028999999999999915e+01,-1.207814071446942350e+01,-1.412775067738824646e+02,3.233675149756617628e+01,-1.073653739617257763e+01
1.030000000000000071e+01,-1.199255982077496796e+01,-1.433237600514642622e+02,3.194056643413296115e+01,-1.023968725760790832e+01
1.031000000000000050e+01,-1.190820125355392456e+01,-1.453590615249476912e+02,3.156065571259077274e+01,-9.735859599491682559e+00
1.032000000000000028e+01,-1.182515503614173724e+01,-1.473839462492954624e+02,3.119687675226638390e+01,-9.225407932151846069e+00
1.033000000000000007e+01,-1.174352920172457715e+01,-1.493991668546149754e+02,3.084911350026742127e+01,-8.708586647545748960e+00
1.033999999999999986e+01,-1.166347906780214494e+01,-1.514056162195956006e+02,3.051734754112647963e+01,-8.185559914654870539e+00
1.034999999999999964e+01,-1.158522914448272267e+01,-1.534041544431167097e+02,3.020172150868675942e+01,-7.656450524080923969e+00
1.035999999999999943e+01,-1.150908158746603682e+01,-1.553953677700392006e+02,2.990257600982582531e+01,-7.121422063754346610e+00
1.036999999999999922e+01,-1.143540733373439089e+01,-1.573793025314987233e+02,2.962044579004257017e+01,-6.580779853025316761e+00
1.038000000000000078e+01,-1.136461910700199240e+01,-1.593552250522964471e+02,2.935600850381862870e+01,-6.035070798420086646e+00
1.039000000000000057e+01,-1.129712877708528751e+01,-1.613214572241311657e+02,2.910998871238618335e+01,-5.485160876649548989e+00
1.040000000000000036e+01,-1.123329448778001804e+01,-1.632753273188156413e+02,2.888302879169308213e+01,-4.932271623300989560e+00
1.041000000000000014e+01,-1.117336502201319348e+01,-1.652132586175992515e+02,2.867554554497304409e+01,-4.377963285479212097e+00
1.041999999999999993e+01,-1.111742974529495243e+01,-1.671309976237615160e+02,2.848759518226840726e+01,-3.824060977609208045e+00
1.042999999999999972e+01,-1.106538207882212888e+01,-1.690239623216073426e+02,2.831876933122183004e+01,-3.272529689243619977e+00
1.043999999999999950e+01,-1.101690290354115476e+01,-1.708876720951103607e+02,2.816814095188273726e+01,-2.725312733479449356e+00
1.044999999999999929e+01,-1.097146780068691996e+01,-1.727182068607614838e+02,2.803427208556914607e+01,-2.184154825117833543e+00
1.046000000000000085e+01,-1.092837887302241562e+01,-1.745126354920755318e+02,2.791528631410544392e+01,-1.650434430683148213e+00
1.047000000000000064e+01,-1.088681840610856888e+01,-1.762693540868456239e+02,2.780899893951004742e+01,-1.125029739826742370e+00
1.048000000000000043e+01,-1.084591824953108485e+01,-1.779882839082169710e+02,2.771308867780816954e+01,-6.082384244957930175e-01
1.049000000000000021e+01,-1.080483605163877137e+01,-1.796708968283716104e+02,2.762528761377502562e+01,-9.976366757418174414e-02
1.050000000000000000e+01,-1.076282794175443591e+01,1.786799388327493716e+02,2.754356266928946084e+01,4.012312323062384722e-01
1.050999999999999979e+01,-1.071930740419023564e+01,1.770602706746826129e+02,2.746626283944971547e+01,8.960084087392368168e-01
1.051999999999999957e+01,-1.067388213287007659e+01,1.754654847761286760e+02,2.739221211049640914e+01,1.386099705116962344e+00
1.052999999999999936e+01,-1.062636436325836087e+01,1.738907716211621732e+02,2.732073745322069769e+01,1.873134873219793883e+00
1.053999999999999915e+01,-1.057675485728890408e+01,1.723315622899779385e+02,2.725163279431778918e+01,2.358680766562226694e+00
1.055000000000000071e+01,-1.052520536260791317e+01,1.707838699703117129e+02,2.718507103696628846e+01,2.844115265873533360e+00
1.056000000000000050e+01,-1.047196794708447953e+01,1.692444927112430548e+02,2.712148468158123293e+01,3.330551835893031054e+00
1.057000000000000028e+01,-1.041734136501851538e+01,1.677110620410146851e+02,2.706143967115987437e+01,3.818820019063388305e+00
1.058000000000000007e+01,-1.036162425570799428e+01,1.661819520927909366e+02,2.700552607779855663e+01,4.309496129931635444e+00
1.058999999999999986e+01,-1.030508272021419991e+01,1.646560889161453076e+02,2.695428361727000421e+01,4.802969209827246289e+00
1.059999999999999964e+01,-1.024793626294765048e+01,1.631327150480101693e+02,2.690817112050624615e+01,5.299521694835903851e+00
1.060999999999999943e+01,-1.019036201371964978e+01,1.616111679090458324e+02,2.686757895555941644e+01,5.799403165354013900e+00
1.061999999999999922e+01,-1.013251337604303259e+01,1.600907223485075122e+02,2.683287406645884587e+01,6.302878970517637569e+00
1.063000000000000078e+01,-1.007454647561489480e+01,1.585705299412910847e+02,2.680446060843575395e+01,6.810242576286728244e+00
1.064000000000000057e+01,-1.001664649240771610e+01,1.570496642750489684e+02,2.678283637427147212e+01,7.321789619296640517e+00
1.065000000000000036e+01,-9.959046349358208872e+00,1.555272572107892017e+02,2.676862679114271870e+01,7.837760928232602176e+00
1.066000000000000014e+01,-9.902032174044647306e+00,1.540026908268312127e+02,2.676258379733122439e+01,8.358269263493181001e+00
1.066999999999999993e+01,-9.845933008730053615e+00,1.524757974891732886e+02,2.676554514565208365e+01,8.883228681393831039e+00
1.067999999999999972e+01,-9.791095754516913274e+00,1.509470185209760587e+02,2.677835883807510342e+01,9.412305435377188445e+00
1.068999999999999950e+01,-9.737849558030989172e+00,1.494174803045427780e+02,2.680178553787248674e+01,9.944905261727020829e+00
1.069999999999999929e+01,-9.686466143113289462e+00,1.478889631989051452e+02,2.683639727396551322e+01,1.048020467970073888e+01
1.071000000000000085e+01,-9.637123549317028193e+00,1.463637597314660752e+02,2.688249249680925601e+01,1.101722507823962260e+01
1.072000000000000064e+01,-9.589880250903545900e+00,1.448444398981461632e+02,2.694004527984527542e+01,1.155493962326401380e+01
1.073000000000000043e+01,-9.544664853016563200e+00,1.433335591978449486e+02,2.700870064616291444e+01,1.209239606933765465e+01
1.074000000000000021e+01,-9.501283853500199328e+00,1.418333562822301133e+02,2.708781971151860191e+01,1.262883470991689627e+01
1.075000000000000000e+01,-9.459446795534180552e+00,1.403454900610102811e+02,2.717656907422026080e+01,1.316378072829949986e+01
1.075999999999999979e+01,-9.418805046897565703e+00,1.388708602631506608e+02,2.727404036392488607e+01,1.369709423827172934e+01
1.076999999999999957e+01,-9.378997954654584746e+00,1.374095416041199087e+02,2.737937975885716213e+01,1.422896872948434144e+01
1.077999999999999936e+01,-9.339698705670011591e+00,1.359608419658600837e+02,2.749190492492189719e+01,1.475987815748171528e+01
1.078999999999999915e+01,-9.300652194238718806e+00,1.345234727234342813e+02,2.761118889039625302e+01,1.529048270706346102e+01
1.080000000000000071e+01,-9.261698639540291822e+00,1.330957987615389300e+02,2.773709661630920564e+01,1.582151127995148343e+01
1.081000000000000050e+01,-9.222779384670413805e+00,1.316761210738300747e+02,2.786976928061377379e+01,1.635364325086701953e+01
1.082000000000000028e+01,-9.183924727925344200e+00,1.302629393804052995e+02,2.800956166059720687e+01,1.688741195901019054e+01
1.083000000000000007e+01,-9.145227077589584752e+00,1.288551472381851113e+02,2.815694728058938168e+01,1.742314772013377322e+01
1.083999999999999986e+01,-9.106805459637534739e+00,1.274521265823502887e+02,2.831241223720835620e+01,1.796096984177314582e+01
1.084999999999999964e+01,-9.068768887087996333e+00,1.260537293544210939e+02,2.847636055110920950e+01,1.850082694694488694e+01
1.085999999999999943e+01,-9.031186057780143273e+00,1.246601564455018405e+02,2.864905117491944608e+01,1.904257494960595309e+01
1.086999999999999922e+01,-8.994067349600125993e+00,1.232717640803220007e+02,2.883057999959788376e+01,1.958607426921562933e+01
1.088000000000000078e+01,-8.957362472815956878e+00,1.218888412687796432e+02,2.902091070500292957e+01,2.013128384857985509e+01
1.089000000000000057e+01,-8.920973945671983429e+00,1.205114067336994026e+02,2.921994795941214917e+01,2.067833006087832359e+01
1.090000000000000036e+01,-8.884783388888896738e+00,1.191390691000434572e+02,2.942763733597138653e+01,2.122753361637663261e+01
1.091000000000000014e+01,-8.848685078751110211e+00,1.177709810638966133e+02,2.964407025626341152e+01,2.177938618454769326e+01
1.091999999999999993e+01,-8.812619743827724506e+00,1.164058992226746341e+02,2.986957061894577592e+01,2.233447894701162539e+01
1.092999999999999972e+01,-8.776601531584148574e+00,1.150423399073659709e+02,3.010474297900458041e+01,2.289339553206677280e+01
1.093999999999999950e+01,-8.740732435872528683e+00,1.136788019847178788e+02,3.035046962362105560e+01,2.345658957156674163e+01
1.094999999999999929e+01,-8.705200992976646290e+00,1.123140142080269612e+02,3.060785409579984417e+01,2.402427077412293244e+01
1.096000000000000085e+01,-8.670265191627636980e+00,1.109471600887647327e+02,3.087811948242073257e+01,2.459632214094879643e+01
1.097000000000000064e+01,-8.636222629384123550e+00,1.095780382794959991e+02,3.116247884535730250e+01,2.517226506534262498e+01
1.098000000000000043e+01,-8.603373337447422387e+00,1.082071297684409643e+02,3.146200069182241421e+01,2.575127983421234035e+01
1.099000000000000021e+01,-8.571981924407483078e+00,1.068355616882243453e+02,3.177749330688815022e+01,2.633227840858326019e+01
1.100000000000000000e+01,-8.542245570363624196e+00,1.054649772357285400e+02,3.210942800220684035e+01,2.691401642183394927e+01
1.100999999999999979e+01,-8.514273038325171683e+00,1.040973381687739447e+02,3.245791365118323313e+01,2.749522402263893284e+01
1.101999999999999957e+01,-8.488077590820280349e+00,1.027346975334336179e+02,3.282272476687222706e+01,2.807473192082883173e+01
1.102999999999999936e+01,-8.463583974226747131e+00,1.013789839186872683e+02,3.320337477728549658e+01,2.865157046492747384e+01
1.103999999999999915e+01,-8.440646974800301905e+00,1.000318342723228682e+02,3.359921717053886425e+01,2.922502562851198604e+01
1.105000000000000071e+01,-8.419076940603172687e+00,9.869450111283514104e+01,3.400955173811981069e+01,2.979464534201699877e+01
1.106000000000000050e+01,-8.398666487945851244e+00,9.736784396470237368e+01,3.443371257162458221e+01,3.036020080356529860e+01
1.107000000000000028e+01,-8.379212598327775652e+00,9.605239704348531404e+01,3.487111914942315849e+01,3.092161785513602723e+01
1.108000000000000007e+01,-8.360529482990505912e+00,9.474848908860917618e+01,3.532128101311192836e+01,3.147890081814584207e+01
1.108999999999999986e+01,-8.342449735167047464e+00,9.345638008220915083e+01,3.578375832183936467e+01,3.203207349920779734e+01
1.109999999999999964e+01,-8.324813983512823867e+00,9.217637581967618132e+01,3.625809240859406657e+01,3.258115859809839066e+01
1.110999999999999943e+01,-8.307451952172234755e+00,9.090888585440517033e+01,3.674372962316155622e+01,3.312620795789477057e+01
1.111999999999999922e+01,-8.290159960036278974e+00,8.965440242685930627e+01,3.723996598026231197e+01,3.366738369527180907e+01
1.113000000000000078e+01,-8.272681002835822639e+00,8.841339523013552082e+01,3.774593816495551124e+01,3.420507682443339093e+01
1.114000000000000057e+01,-8.254693410426611422e+00,8.718613583445439019e+01,3.826067828841541285e+01,3.474003850110558744e+01
1.115000000000000036e+01,-8.235812657872163101e+00,8.597248251858125911e+01,3.878323679592354978e+01,3.527349220763364457e+01
1.116000000000000014e+01,-8.215608471814455527e+00,8.477166770616940994e+01,3.931286265022428950e+01,3.580719501245984304e+01
1.116999999999999993e+01,-8.193636350488080922e+00,8.358213366484106643e+01,3.984921565219424622e+01,3.634342307665588123e+01
1.117999999999999972e+01,-8.169479578603809244e+00,8.240145645029373611e+01,4.039257590297061284e+01,3.688486981175655899e+01
1.118999999999999950e+01,-8.142795387193276113e+00,8.122638382523392409e+01,4.094401258009963840e+01,3.743446188078741699e+01
1.119999999999999929e+01,-8.113357636609318746e+00,8.005299245134280284e+01,4.150547946721748360e+01,3.799511485562539548e+01
1.121000000000000085e+01,-8.081088640285271296e+00,7.887694705057538158e+01,4.207981713231612986e+01,3.856946291832215934e+01
1.122000000000000064e+01,-8.046074528725597474e+00,7.769382434824318295e+01,4.267065855365130034e+01,3.915960255541639867e+01
1.123000000000000043e+01,-8.008561535630430939e+00,7.649945203086205936e+01,4.328225251344617419e+01,3.976688751788053366e+01
1.124000000000000021e+01,-7.968934114460433094e+00,7.529021065838557547e+01,4.391923335978669485e+01,4.039180219328915200e+01
1.125000000000000000e+01,-7.927679061382752579e+00,7.406325491416691875e+01,4.458637388168651228e+01,4.103392541150538619e+01
1.125999999999999979e+01,-7.885342104865769031e+00,7.281662753470483551e+01,4.528835870515628415e+01,4.169197992497050365e+01
1.126999999999999957e+01,-7.842484272448072780e+00,7.154926055345740110e+01,4.602960908057531952e+01,4.236394775729499429e+01
1.127999999999999936e+01,-7.799644681117191780e+00,7.026087923654483802e+01,4.681417780029117637e+01,4.304722107313004642e+01
1.128999999999999915e+01,-7.757314486699605993e+00,6.895183999673601249e+01,4.764571773306382596e+01,4.373875397914801511e+01
1.130000000000000071e+01,-7.715924073425770580e+00,6.762294186371381954e+01,4.852751198103629804e+01,4.443518338289137404e+01
1.131000000000000050e+01,-7.675842763291341520e+00,6.627525084029493030e+01,4.946254087182568782e+01,4.513289621389091621e+01
1.132000000000000028e+01,-7.637387934405008849e+00,6.490996850694762088e+01,5.045355344098177142e+01,4.582803432038634384e+01
1.133000000000000007e+01,-7.600838885910729203e+00,6.352836272255625261e+01,5.150311048952290349e+01,4.651644458049215558e+01
1.133999999999999986e+01,-7.566450314970952107e+00,6.213176221927142251e+01,5.261357325782338279e+01,4.719359694799021554e+01
1.134999999999999964e+01,-7.534460906805023228e+00,6.072160159734568197e+01,5.378702530261711701e+01,4.785450393781488287e+01
1.135999999999999943e+01,-7.505094101443110510e+00,5.929949169623117911e+01,5.502513289274989461e+01,4.849367867966455492e+01
1.136999999999999922e+01,-7.478550238716803022e+00,5.786728472831551073e+01,5.632896761488486703e+01,4.910516358770853174e+01
1.138000000000000078e+01,-7.454991542575445607e+00,5.642710486113548285e+01,5.769882982897360790e+01,4.968264802795466295e+01
1.139000000000000057e+01,-7.434523323696341279e+00,5.498132268870612904e+01,5.913411925443821104e+01,5.021967305765128486e+01
1.140000000000000036e+01,-7.417175973642060605e+00,5.353246456534505882e+01,6.063329638452063364e+01,5.070989802907823218e+01
1.141000000000000014e+01,-7.402892562288099221e+00,5.208306255311921262e+01,6.219396442679429526e+01,5.114738258917383007e+01
1.141999999999999993e+01,-7.391526082365874828e+00,5.063546487640358151e+01,6.381307726944375247e+01,5.152682394474569350e+01
1.142999999999999972e+01,-7.382848739344083810e+00,4.919163755168789010e+01,6.548724859862902292e+01,5.184368817958220887e+01
1.143999999999999950e+01,-7.376573443359183635e+00,4.775299309100767431e+01,6.721310733816194727e+01,5.209418876034740009e+01
1.144999999999999929e+01,-7.372385218491519510e+00,4.632028056128245197e+01,6.898762304269197898e+01,5.227509442618887903e+01
1.146000000000000085e+01,-7.369978062729005686e+00,4.489356264739988234e+01,7.080831905162582984e+01,5.238338739504038699e+01
1.147000000000000064e+01,-7.369091324093597350e+00,4.347229084708074254e+01,7.267330527505438909e+01,5.241583254069844600e+01
1.148000000000000043e+01,-7.369539266681808698e+00,4.205547196055866266e+01,7.458109565494423521e+01,5.236854861113859272e+01
1.149000000000000021e+01,-7.371228359192997459e+00,4.064190107819173647e+01,7.653022154817203671e+01,5.223668468597237080e+01
1.150000000000000000e+01,-7.374158842670398784e+00,3.923042212055079858e+01,7.851870148839498142e+01,5.201429384611604689e+01
1.150999999999999979e+01,-7.378409966207948756e+00,3.782016990525457345e+01,8.054346849391791352e+01,5.169446172444202858e+01
1.151999999999999957e+01,-7.384111356659093239e+00,3.641074953129268010e+01,8.259987792557669195e+01,5.126969580533634030e+01
1.152999999999999936e+01,-7.391405676880392406e+00,3.500231946172042541e+01,8.468141470440532714e+01,5.073252189830326842e+01
1.153999999999999915e+01,-7.400409476919237228e+00,3.359556201366714845e+01,8.677968600487535866e+01,5.007617975787608344e+01
1.155000000000000071e+01,-7.411179611181855975e+00,3.219154564475716995e+01,8.888472770510381338e+01,4.929527393040002181e+01
1.156000000000000050e+01,-7.423691701591403458e+00,3.079150355337562672e+01,9.098557984536699905e+01,4.838623053297356336e+01
1.157000000000000028e+01,-7.437835040290893041e+00,2.939656905542410215e+01,9.307101424878625551e+01,4.734744264527081015e+01
1.158000000000000007e+01,-7.453425407171431871e+00,2.800751715737956005e+01,9.513024592095642618e+01,4.617905430936561828e+01
1.158999999999999986e+01,-7.470234016782716147e+00,2.662456204601373955e+01,9.715344666490078396e+01,4.488242285742379778e+01
1.159999999999999964e+01,-7.488027761489560064e+00,2.524725150576809796e+01,9.913191389986008062e+01,4.345938921513621978e+01
1.160999999999999943e+01,-7.506613639190966580e+00,2.387448265669434377e+01,1.010578260140260340e+02,4.191155040050247038e+01
1.161999999999999922e+01,-7.525879216181432518e+00,2.250464149048990947e+01,1.029236200874678389e+02,4.023974703767441241e+01
1.163000000000000078e+01,-7.545821459905194040e+00,2.113584539332043732e+01,1.047211320410011837e+02,3.844394270007801140e+01
1.164000000000000057e+01,-7.566558273096467779e+00,1.976624780169556672e+01,1.064407158411080161e+02,3.652358734185643385e+01
1.165000000000000036e+01,-7.588320224994284935e+00,1.839435163651988958e+01,1.080705865111792292e+02,3.447844255918336387e+01
1.166000000000000014e+01,-7.611423676198763921e+00,1.701927602285941177e+01,1.095966016457271763e+02,3.230972799045007093e+01
1.166999999999999993e+01,-7.636229962552772754e+00,1.564092954702939764e+01,1.110026108007092489e+02,3.002135381694839822e+01
1.167999999999999972e+01,-7.663097831448784980e+00,1.426006099226634838e+01,1.122713769433147064e+02,2.762095904608951358e+01
1.168999999999999950e+01,-7.692337436133838580e+00,1.287818133538870136e+01,1.133859358497427650e+02,2.512049585387548589e+01
1.169999999999999929e+01,-7.724173737260980666e+00,1.149737418979358772e+01,1.143311426401438951e+02,2.253618944268821167e+01
1.171000000000000085e+01,-7.758725294274979589e+00,1.012003154292247764e+01,1.150950945131286005e+02,1.988784427458923076e+01
1.172000000000000064e+01,-7.796001540538926022e+00,8.748564295690941961e+00,1.156701387369969751e+02,1.719762573397399308e+01
1.173000000000000043e+01,-7.835918244291511847e+00,7.385140868142428872e+00,1.160532757362657605e+02,1.448857515024128695e+01
1.174000000000000021e+01,-7.878327529468168500e+00,6.031501492498223982e+00,1.162459220673278111e+02,1.178317466771755129e+01
1.175000000000000000e+01,-7.923056119914414275e+00,4.688881631795788429e+00,1.162531605297976256e+02,9.102247258536424468e+00
1.175999999999999979e+01,-7.969943859605688630e+00,3.358057422279421278e+00,1.160827247276164087e+02,6.464366850464561942e+00
1.176999999999999957e+01,-8.018874385727967180e+00,2.039502537213186528e+00,1.157440084465368386e+02,3.885800499984408241e+00
1.177999999999999936e+01,-8.069791194232449172e+00,7.336236517960913472e-01,1.152473480953564859e+02,1.380856623310800613e+00
1.178999999999999915e+01,-8.122695046508319194e+00,-5.589748921494743783e-01,1.146037175026989985e+02,-1.037587095323311948e+00
1.180000000000000071e+01,-8.177622235850591892e+00,-1.837254092643255676e+00,1.138248345323908097e+02,-3.357630612148292837e+00
1.181000000000000050e+01,-8.234606976488779040e+00,-3.099584517440582054e+00,1.129235495310610986e+02,-5.568181111384487458e+00
1.182000000000000028e+01,-8.293634367724978418e+00,-4.343711783861238018e+00,1.119143017058583069e+02,-7.659169703826369968e+00
1.183000000000000007e+01,-8.354592423246035793e+00,-5.566862221498039887e+00,1.108134117464663859e+02,-9.622131577383568057e+00
1.183999999999999986e+01,-8.417232193451871680e+00,-6.765982938749585784e+00,1.096390286622741712e+02,-1.145101046832296632e+01
1.184999999999999964e+01,-8.481143985111698314e+00,-7.938086498534516089e+00,1.084106479792109781e+02,-1.314297736580554066e+01
1.185999999999999943e+01,-8.545755285703283022e+00,-9.080650999379356492e+00,1.071482357547079687e+02,-1.469904398665855894e+01
1.186999999999999922e+01,-8.610352601822246044e+00,-1.019201463240555583e+01,1.058710939852555128e+02,-1.612430121228122104e+01
1.188000000000000078e+01,-8.674125525907591339e+00,-1.127170180531631338e+01,1.045966620214346250e+02,-1.742770156034981355e+01
1.189000000000000057e+01,-8.736227555906433295e+00,-1.232062656571559600e+01,1.033394555888718855e+02,-1.862140442030187515e+01
1.190000000000000036e+01,-8.795845170430174775e+00,-1.334113767704461573e+01,1.021103063332039227e+02,-1.971978677075194852e+01
1.191000000000000014e+01,-8.852265041572241699e+00,-1.433689575693104068e+01,1.009159975992067189e+02,-2.073827374636615417e+01
1.191999999999999993e+01,-8.904929503945520963e+00,-1.531260183114858897e+01,9.975931634616216570e+01,-2.169215804731674169e+01
1.192999999999999972e+01,-8.953472589603313381e+00,-1.627362251535227955e+01,9.863947314921325926e+01,-2.259555949391757679e+01
1.193999999999999950e+01,-8.997732705514081886e+00,-1.722557380715531394e+01,9.755279249663890084e+01,-2.346063555514424337e+01
1.194999999999999929e+01,-9.037742544648605048e+00,-1.817392895247022366e+01,9.649354877861101443e+01,-2.429710100041948806e+01
1.196000000000000085e+01,-9.073701008792452782e+00,-1.912370517314366936e+01,9.545482019864078893e+01,-2.511205975168912019e+01
1.197000000000000064e+01,-9.105934777860106522e+00,-2.007926214203240178e+01,9.442925126118446144e+01,-2.591010327103446897e+01
1.198000000000000043e+01,-9.134858059973712585e+00,-2.104421784362632053e+01,9.340964987934559360e+01,-2.669359496612190696e+01
1.199000000000000021e+01,-9.160937917645423312e+00,-2.202146185021963021e+01,9.238939019261775343e+01,-2.746304477084083118e+01
1.200000000000000000e+01,-9.184669834921248111e+00,-2.301322813709981574e+01,9.136263735783687423e+01,-2.821748455195725214e+01
1.200999999999999979e+01,-9.206564672833877694e+00,-2.402118297715178485e+01,9.032444579114807937e+01,-2.895478095294454945e+01
1.201999999999999957e+01,-9.227144777302523693e+00,-2.504648874504193046e+01,8.927079949589679586e+01,-2.967186055403481859e+01
1.202999999999999936e+01,-9.246944561839006482e+00,-2.608981931548702704e+01,8.819865856688359429e+01,-3.036486227958845063e+01
1.203999999999999915e+01,-9.266509908523920203e+00,-2.715132281011868542e+01,8.710605187453543863e+01,-3.102926267077032918e+01
1.205000000000000071e+01,-9.286391359427097925e+00,-2.823054748954434956e+01,8.599221991428763090e+01,-3.166003232840004245e+01
1.206000000000000050e+01,-9.307128070146415411e+00,-2.932636169582148966e+01,8.485777493493930024e+01,-3.225187293713702985e+01
1.207000000000000028e+01,-9.329222327231379452e+00,-3.043690544207203530e+01,8.370481921506838319e+01,-3.279955646621831988e+01
1.208000000000000007e+01,-9.353107391333200127e+00,-3.155960815573576994e+01,8.253695528923522318e+01,-3.329834974558863081e+01
1.208999999999999986e+01,-9.379113827289959460e+00,-3.269129510868511090e+01,8.135913698620183254e+01,-3.374447038678935940e+01
1.209999999999999964e+01,-9.407440789795597169e+00,-3.382838696672309453e+01,8.017734357350812502e+01,-3.413549561297851653e+01
1.210999999999999943e+01,-9.438138667808505744e+00,-3.496717651147120876e+01,7.899810166948267920e+01,-3.447064187658772738e+01
1.211999999999999922e+01,-9.471108043581397240e+00,-3.610414803862080646e+01,7.782791876010806220e+01,-3.475085179029558446e+01
1.213000000000000078e+01,-9.506117328459961158e+00,-3.723629191101804992e+01,7.667271724032293889e+01,-3.497866087834441373e+01
1.214000000000000057e+01,-9.542838128996276481e+00,-3.836136205134407362e+01,7.553736248654675478e+01,-3.515786032328237098e+01
1.215000000000000036e+01,-9.580893950671038439e+00,-3.947802936335300927e+01,7.442536208275512877e+01,-3.529301225693117772e+01
1.216000000000000014e+01,-9.619914924604968220e+00,-4.058589914076919314e+01,7.333878071230391527e+01,-3.538890210670404457e+01
1.216999999999999993e+01,-9.659589497691175808e+00,-4.168538350636895728e+01,7.227837427779613222e+01,-3.545002274533837294e+01
1.217999999999999972e+01,-9.699703962582352901e+00,-4.277744687916484168e+01,7.124390623082196328e+01,-3.548017660323286293e+01
1.218999999999999950e+01,-9.740162516281388960e+00,-4.386326794383032279e+01,7.023457668078752647e+01,-3.548225698831216590e+01
1.219999999999999929e+01,-9.780983994169261564e+00,-4.494387977922975352e+01,6.924947648172938841e+01,-3.545823379554041566e+01
1.221000000000000085e+01,-9.822275870828121924e+00,-4.601985608740032063e+01,6.828797749058422539e+01,-3.540932856369615678e+01
1.222000000000000064e+01,-9.864190605036709414e+00,-4.709110387709394985e+01,6.734998677227365249e+01,-3.533632732268122112e+01
1.223000000000000043e+01,-9.906872952746262229e+00,-4.815680280862810747e+01,6.643602344044141716e+01,-3.523995434625208389e+01
1.224000000000000021e+01,-9.950408720610218083e+00,-4.921550289913010801e+01,6.554711556844114284e+01,-3.512122120260814029e+01
1.225000000000000000e+01,-9.994785218965656526e+00,-5.026536128885411614e+01,6.468455266837615625e+01,-3.498167517795802439e+01
1.225999999999999979e+01,-1.003987146302796418e+01,-5.130447135583563067e+01,6.384955818756112222e+01,-3.482349668943911780e+01
1.226999999999999957e+01,-1.008542239242064831e+01,-5.233121875290898117e+01,6.304296023785300918e+01,-3.464943042604123491e+01
1.227999999999999936e+01,-1.013110671142253949e+01,-5.334459241551545716e+01,6.226493515846937754e+01,-3.446257145819739520e+01
1.228999999999999915e+01,-1.017655322357283509e+01,-5.434438578740125081e+01,6.151487941742254151e+01,-3.426605756427338889e+01
1.230000000000000071e+01,-1.022140662860080695e+01,-5.533124377525769688e+01,6.079143579855811907e+01,-3.406273679960170853e+01
1.231000000000000050e+01,-1.026538149021349255e+01,-5.630654118333641378e+01,6.009266638574393937e+01,-3.385488215475980667e+01
1.232000000000000028e+01,-1.030830306489933434e+01,-5.727211310387697552e+01,5.941633424022278831e+01,-3.364401329786302597e+01
1.233000000000000007e+01,-1.035012607844968002e+01,-5.822988974926956018e+01,5.876023363621541762e+01,-3.343086170372490074e+01
1.233999999999999986e+01,-1.039092696719940889e+01,-5.918151013712545705e+01,5.812249938722073495e+01,-3.321548475116759391e+01
1.234999999999999964e+01,-1.043087064934014307e+01,-6.012799538178590808e+01,5.750183101262308583e+01,-3.299750275921555698e+01
1.235999999999999943e+01,-1.047015831976905531e+01,-6.106955122621526755e+01,5.689758632343014710e+01,-3.277640698830831667e+01
1.236999999999999922e+01,-1.050896684773513456e+01,-6.200554324355398705e+01,5.630972755588987155e+01,-3.255187202288811221e+01
1.238000000000000078e+01,-1.054739222209795102e+01,-6.293465271249682047e+01,5.573863517963346936e+01,-3.232400600430423054e+01
1.239000000000000057e+01,-1.058540878975602695e+01,-6.385518412578876024e+01,5.518483271635332699e+01,-3.209348682810554720e+01
1.240000000000000036e+01,-1.062285296609092455e+01,-6.476546406229796560e+01,5.464868401851553870e+01,-3.186155808405526457e+01
1.241000000000000014e+01,-1.065943528352064362e+01,-6.566425164433269401e+01,5.413012875694207793e+01,-3.162988911963156724e+01
1.241999999999999993e+01,-1.069477897983039227e+01,-6.655107670940945752e+01,5.362851201241240062e+01,-3.140033226977904235e+01
1.242999999999999972e+01,-1.072847785252229080e+01,-6.742643434732804053e+01,5.314254263297063829e+01,-3.117463106753482549e+01
1.243999999999999950e+01,-1.076016189155357949e+01,-6.829179202175309626e+01,5.267038727958775723e+01,-3.095414227511735561e+01
1.244999999999999929e+01,-1.078955719955467529e+01,-6.914940352650391731e+01,5.220987859357184391e+01,-3.073963052294933362e+01
1.246000000000000085e+01,-1.081652751874637985e+01,-7.000196510851581877e+01,5.175879227462498022e+01,-3.053117832162146783e+01
1.247000000000000064e+01,-1.084108832801170585e+01,-7.085218413683357142e+01,5.131513369281427828e+01,-3.032822944587709912e+01
1.248000000000000043e+01,-1.086339026590808210e+01,-7.170235115896532818e+01,5.087737294452630721e+01,-3.012975509277726260e+01
1.249000000000000021e+01,-1.088367528527871109e+01,-7.255400664888061613e+01,5.044457864656106238e+01,-2.993450570687510037e+01
1.250000000000000000e+01,-1.090221489677417210e+01,-7.340777378751866422e+01,5.001642310962963478e+01,-2.974129278606054072e+01
1.250999999999999979e+01,-1.091924374119545682e+01,-7.426339295327088053e+01,4.959306006002159961e+01,-2.954923870009650955e+01
1.251999999999999957e+01,-1.093490272591015966e+01,-7.511995054170404273e+01,4.917490431410148233e+01,-2.935794017398539424e+01
1.252999999999999936e+01,-1.094920395047441808e+01,-7.597625368667314660e+01,4.876236423168455048e+01,-2.916751084864358035e+01
1.253999999999999915e+01,-1.096202513590323946e+01,-7.683127167653312029e+01,4.835558756520879342e+01,-2.897849553508527976e+01
1.255000000000000071e+01,-1.097313519285992101e+01,-7.768455011999368764e+01,4.795427757515222567e+01,-2.879167712167834736e+01
1.256000000000000050e+01,-1.098224607898512240e+01,-7.853650800513790387e+01,4.755762025367999257e+01,-2.860782034162665610e+01
1.257000000000000028e+01,-1.098908044481226653e+01,-7.938855036098024698e+01,4.716433899162066723e+01,-2.842740999422198200e+01
1.258000000000000007e+01,-1.099344091908479548e+01,-8.024296660758911059e+01,4.677286532871836044e+01,-2.825044223142570843e+01
1.258999999999999986e+01,-1.099526612582243956e+01,-8.110262988534893225e+01,4.638158923393943667e+01,-2.807631613569728657e+01
1.259999999999999964e+01,-1.099466100478854003e+01,-8.197055615367436587e+01,4.598913482845524214e+01,-2.790385133135249873e+01
1.260999999999999943e+01,-1.099189432304729586e+01,-8.284941352453175512e+01,4.559460137783572975e+01,-2.773143010375328288e+01
1.261999999999999922e+01,-1.098736326233426830e+01,-8.374108427553694867e+01,4.519771636424102468e+01,-2.755723516501237924e+01
1.263000000000000078e+01,-1.098153200928612172e+01,-8.464637123279894126e+01,4.479886634225840680e+01,-2.737953289182460281e+01
1.264000000000000057e+01,-1.097485672558727643e+01,-8.556490955868015647e+01,4.439899805445632808e+01,-2.719694161122079379e+01
1.265000000000000036e+01,-1.096771196868611575e+01,-8.649530206186078374e+01,4.399941079742794869e+01,-2.700862787404750520e+01
1.266000000000000014e+01,-1.096033314749627863e+01,-8.743545081963314658e+01,4.360148459533008491e+01,-2.681438983024328593e+01
1.266999999999999993e+01,-1.095278623300711729e+01,-8.838301944091614359e+01,4.320640196195281391e+01,-2.661461181393791264e+01
1.267999999999999972e+01,-1.094497051333916460e+01,-8.933593554710057560e+01,4.281492124448637071e+01,-2.641010207001327004e+01
1.268999999999999950e+01,-1.093665375564881970e+01,-9.029283581013737603e+01,4.242724728129512357e+01,-2.620184992544368541e+01
1.269999999999999929e+01,-1.092753285832684540e+01,-9.125336707082912824e+01,4.204302362545475802e+01,-2.599075460103614077e+01
1.271000000000000085e+01,-1.091730806222129502e+01,-9.221828486405654246e+01,4.166144477437474336e+01,-2.577738241713639411e+01
1.272000000000000064e+01,-1.090575602077624673e+01,-9.318933053102767872e+01,4.128146206785181960e+01,-2.556180192547634888e+01
1.273000000000000043e+01,-1.089278717661209761e+01,-9.416891270371772293e+01,4.090203806843107515e+01,-2.534352926161808028e+01
1.274000000000000021e+01,-1.087847608642284669e+01,-9.515965910029288466e+01,4.052239502681060657e+01,-2.512159233688501558e+01
1.275000000000000000e+01,-1.086305900272811442e+01,-9.616393112474759164e+01,4.014220536910600146e+01,-2.489469723878592333e+01
1.275999999999999979e+01,-1.084689992399092517e+01,-9.718340027950222293e+01,3.976168562884867441e+01,-2.466145875099974560e+01
1.276999999999999957e+01,-1.083043286952324813e+01,-9.821877033862395479e+01,3.938157701360805163e+01,-2.442064400859324991e+01
1.277999999999999936e+01,-1.081409283384807729e+01,-9.926969654136750876e+01,3.900302092940011534e+01,-2.417137692176015662e+01
1.278999999999999915e+01,-1.079824976614171916e+01,-1.003349108240177259e+02,3.862736045811239904e+01,-2.391326135104744566e+01
1.280000000000000071e+01,-1.078315877472896211e+01,-1.014125199091113245e+02,3.825591379767109856e+01,-2.364640043422941318e+01
1.281000000000000050e+01,-1.076893601761670993e+01,-1.025004094548536386e+02,3.788976986134426994e+01,-2.337131315349807181e+01
1.282000000000000028e+01,-1.075556429843560657e+01,-1.035966683150106036e+02,3.752964916751220414e+01,-2.308877163710105407e+01
1.283000000000000007e+01,-1.074292633378081341e+01,-1.046999450318164264e+02,3.717585701049544156e+01,-2.279959894736181170e+01
1.283999999999999986e+01,-1.073085810419169306e+01,-1.058096638135602916e+02,3.682833465720346311e+01,-2.250447407646543496e+01
1.284999999999999964e+01,-1.071921066094617458e+01,-1.069260566050197809e+02,3.648679267508425994e+01,-2.220378756608532456e+01
1.285999999999999943e+01,-1.070790703301405244e+01,-1.080500061284036377e+02,3.615089295408433401e+01,-2.189757868752546699e+01
1.286999999999999922e+01,-1.069698188688352580e+01,-1.091827345688721493e+02,3.582043605637058192e+01,-2.158556629849477559e+01
1.288000000000000078e+01,-1.068659522190112909e+01,-1.103254055562842524e+02,3.549551018513227518e+01,-2.126726437336316877e+01
1.289000000000000057e+01,-1.067701691382199236e+01,-1.114787258424629357e+02,3.517656732914058182e+01,-2.094215433470814602e+01
1.290000000000000036e+01,-1.066858514065703467e+01,-1.126426332329885867e+02,3.486440895358018821e+01,-2.060987384616704432e+01
1.291000000000000014e+01,-1.066164724900633232e+01,-1.138161389904178122e+02,3.456008415879353635e+01,-2.027037843259378036e+01
1.291999999999999993e+01,-1.065649526038830963e+01,-1.149973605516959765e+02,3.426472280742785870e+01,-1.992403881220551298e+01
1.292999999999999972e+01,-1.065330928942262112e+01,-1.161837413618479502e+02,3.397934031086830942e+01,-1.957165146187903915e+01
1.293999999999999950e+01,-1.065212056288477527e+01,-1.173724170272355138e+02,3.370465657245040347e+01,-1.921435915124770943e+01
1.294999999999999929e+01,-1.065280191638945873e+01,-1.185606578384304584e+02,3.344096809063220377e+01,-1.885349759018167504e+01
1.296000000000000085e+01,-1.065508836341692422e+01,-1.197463019175909977e+02,3.318810059942444468e+01,-1.849039982678196736e+01
1.297000000000000064e+01,-1.065862451247007137e+01,-1.209280933984430249e+02,3.294545260601631043e+01,-1.812619862200354959e+01
1.298000000000000043e+01,-1.066303025720335285e+01,-1.221058564280272520e+02,3.271212135018799216e+01,-1.776166726641740468e+01
1.299000000000000021e+01,-1.066797227700699935e+01,-1.232804661997565887e+02,3.248708576900513378e+01,-1.739713134450129672e+01
1.300000000000000000e+01,-1.067322731607429631e+01,-1.244536177729462878e+02,3.226940929243860268e+01,-1.703246940022098244e+01
1.300999999999999979e+01,-1.067872446053578273e+01,-1.256274346359648320e+02,3.205842110160599390e+01,-1.666720214411996182e+01
1.301999999999999957e+01,-1.068455763414862147e+01,-1.268039929663911209e+02,3.185383886232815343e+01,-1.630065143794444538e+01
1.302999999999999936e+01,-1.069096553157852014e+01,-1.279848562714661142e+02,3.165580818489221215e+01,-1.593213568943098046e+01
1.303999999999999915e+01,-1.069828289720287984e+01,-1.291707137961499257e+02,3.146485165854677746e+01,-1.556116074604348931e+01
1.305000000000000071e+01,-1.070687292422763903e+01,-1.303611949437587896e+02,3.128173942883199388e+01,-1.518756664685277435e+01
1.306000000000000050e+01,-1.071705431437291978e+01,-1.315548960060804120e+02,3.110730966455361823e+01,-1.481160038012537683e+01
1.307000000000000028e+01,-1.072903748807381064e+01,-1.327496129139329639e+02,3.094227732029326106e+01,-1.443390080106795637e+01
1.308000000000000007e+01,-1.074288252130638810e+01,-1.339427333304660692e+02,3.078707133882002012e+01,-1.405540043960378327e+01
1.308999999999999986e+01,-1.075848711241778055e+01,-1.351317106753347446e+02,3.064173380089465226e+01,-1.367716605974519695e+01
1.309999999999999964e+01,-1.077560709830071417e+01,-1.363145266565730083e+02,3.050590120997071253e+01,-1.330021208433722180e+01
1.310999999999999943e+01,-1.079390575564990407e+01,-1.374900501325929554e+02,3.037887097225270949e+01,-1.292532612751540633e+01
1.311999999999999922e+01,-1.081302241243980333e+01,-1.386582187226464100e+02,3.025973860818183780e+01,-1.255294307282974664e+01
1.313000000000000078e+01,-1.083264681264714469e+01,-1.398200030342322293e+02,3.014757668400961066e+01,-1.218309401713122320e+01
1.314000000000000057e+01,-1.085258412484415658e+01,-1.409771562935230520e+02,3.004161773610045572e+01,-1.181544089284440702e+01
1.315000000000000036e+01,-1.087279698201491485e+01,-1.421317964382239722e+02,2.994140244070977275e+01,-1.144938968316900230e+01
1.316000000000000014e+01,-1.089341537954963357e+01,-1.432859037984920008e+02,2.984686138303458236e+01,-1.108425850326592332e+01
1.316999999999999993e+01,-1.091471179881271425e+01,-1.444408367529790951e+02,2.975831270483980617e+01,-1.071946503609633616e+01
1.317999999999999972e+01,-1.093704613315617813e+01,-1.455969652884415382e+02,2.967637574879467977e+01,-1.035469357003880653e+01
1.318999999999999950e+01,-1.096079124191822274e+01,-1.467534986908579810e+02,2.960181865232110709e+01,-9.990006196520726078e+00
1.319999999999999929e+01,-1.098625389427630950e+01,-1.479085443170347389e+02,2.953537173344733802e+01,-9.625874597418278000e+00
1.321000000000000085e+01,-1.101360676137774419e+01,-1.490593883995610724e+02,2.947754550630059711e+01,-9.263125565899011704e+00
1.322000000000000064e+01,-1.104284495492357365e+01,-1.502029465073254642e+02,2.942849097821540738e+01,-8.902811284113129275e+00
1.323000000000000043e+01,-1.107377594405478050e+01,-1.513362984189551241e+02,2.938793102877290053e+01,-8.546030725474512479e+00
1.324000000000000021e+01,-1.110604540051547851e+01,-1.524572050674033790e+02,2.935517714558586633e+01,-8.193738399235702019e+00
1.325000000000000000e+01,-1.113919468114213096e+01,-1.535645066579589013e+02,2.932922851737922798e+01,-7.846579232196019049e+00
1.325999999999999979e+01,-1.117273939796382010e+01,-1.546583214050387198e+02,2.930893377383176812e+01,-7.504783244406225684e+00
1.326999999999999957e+01,-1.120625401441144753e+01,-1.557400011874300105e+02,2.929318273448519960e+01,-7.168141725269958187e+00
1.327999999999999936e+01,-1.123944567969486563e+01,-1.568118480816536930e+02,2.928108904399249113e+01,-6.836070029726563746e+00
1.328999999999999915e+01,-1.127220220614574764e+01,-1.578766451679491354e+02,2.927212610265473813e+01,-6.507744119885552792e+00
1.330000000000000071e+01,-1.130460412383187219e+01,-1.589370952572599833e+02,2.926618824923676243e+01,-6.182282355619895142e+00
1.331000000000000050e+01,-1.133689816049428245e+01,-1.599952822606169889e+02,2.926356490512247888e+01,-5.858934310548050028e+00
1.332000000000000028e+01,-1.136943763253480455e+01,-1.610522660900739993e+02,2.926483396872805898e+01,-5.537236889103921200e+00
1.333000000000000007e+01,-1.140260219563359989e+01,-1.621078939065341444e+02,2.927069799639567904e+01,-5.217105179018973971e+00
1.333999999999999986e+01,-1.143671363014658837e+01,-1.631608650218337004e+02,2.928179876056671915e+01,-4.898839662345600310e+00
1.334999999999999964e+01,-1.147196501692157078e+01,-1.642090343500370864e+02,2.929855006564668685e+01,-4.583049400199652901e+00
1.335999999999999943e+01,-1.150837783165966677e+01,-1.652498910045768525e+02,2.932102448592879895e+01,-4.270508662039206982e+00
1.336999999999999922e+01,-1.154579585787950613e+01,-1.662811134584368062e+02,2.934891805198719084e+01,-3.961978481876743619e+00
1.338000000000000078e+01,-1.158391749197006781e+01,-1.673010865438139376e+02,2.938160034814467636e+01,-3.658032027238081074e+00
1.339000000000000057e+01,-1.162236027775882796e+01,-1.683092712561210362e+02,2.941823933114266154e+01,-3.358922032113189182e+00
1.340000000000000036e+01,-1.166074473144333545e+01,-1.693063455647703677e+02,2.945797404918095808e+01,-3.064519929391929853e+00
1.341000000000000014e+01,-1.169878004850290054e+01,-1.702940794798688557e+02,2.950009766058181526e+01,-2.774341277941862582e+00
1.341999999999999993e+01,-1.173633323452014210e+01,-1.712749627862415878e+02,2.954421017613023537e+01,-2.487653533050029342e+00
1.342999999999999972e+01,-1.177346610551221318e+01,-1.722516579094183271e+02,2.959030614825373462e+01,-2.203644029688694772e+00
1.343999999999999950e+01,-1.181043109074111364e+01,-1.732263907296338630e+02,2.963877615712875269e+01,-1.921612304943411953e+00
1.344999999999999929e+01,-1.184762549095483131e+01,-1.742004084851049868e+02,2.969031954657615202e+01,-1.641144838867568900e+00
1.346000000000000085e+01,-1.188551277497245806e+01,-1.751736217282262089e+02,2.974578528537963606e+01,-1.362233465936516508e+00
1.347000000000000064e+01,-1.192452655491731761e+01,-1.761445096125405030e+02,2.980597367683083121e+01,-1.085310426107765958e+00
1.348000000000000043e+01,-1.196497655119146231e+01,-1.771103138179037444e+02,2.987144042260768728e+01,-8.111906169586640125e-01
1.349000000000000021e+01,-1.200697554699625158e+01,-1.780674882879893062e+02,2.994234449190105707e+01,-5.409311898164810284e-01
1.350000000000000000e+01,-1.205040232862132754e+01,-1.790123211401891297e+02,3.001837253292801933e+01,-2.756360906949783529e-01
1.350999999999999979e+01,-1.209490880277899905e+01,-1.799416103190960996e+02,3.009875706934428763e+01,-1.624499290379606553e-02
1.351999999999999957e+01,-1.213997107347607241e+01,1.791467386880293589e+02,3.018238651823756058e+01,2.366500252332003895e-01
1.352999999999999936e+01,-1.218497560614097353e+01,1.782533137929438283e+02,3.026798587164270415e+01,4.829216295600481379e-01
1.353999999999999915e+01,-1.222932419848937258e+01,1.773770816886322734e+02,3.035433154715984827e+01,7.229328487875151810e-01
1.355000000000000071e+01,-1.227253686670707999e+01,1.765155887067994342e+02,3.044045580377353843e+01,9.574647089517618337e-01
1.356000000000000050e+01,-1.231433126269521239e+01,1.756654427956249833e+02,3.052579739672060555e+01,1.187560415954532100e+00
1.357000000000000028e+01,-1.235466146685046951e+01,1.748229800216761305e+02,3.061026605093964292e+01,1.414319101967373093e+00
1.358000000000000007e+01,-1.239370738910762704e+01,1.739849753493330127e+02,3.069420681933058148e+01,1.638683757087216808e+00
1.358999999999999986e+01,-1.243181675189785729e+01,1.731492445395890911e+02,3.077827241121740798e+01,1.861269746744753650e+00
1.359999999999999964e+01,-1.246941213007160343e+01,1.723150060830664358e+02,3.086323206228147598e+01,2.082271661115385086e+00
1.360999999999999943e+01,-1.250688324186087641e+01,1.714829237934429500e+02,3.094975975107791299e+01,2.301469095937530351e+00
1.361999999999999922e+01,-1.254448792051873340e+01,1.706548192770176513e+02,3.103824939676441375e+01,2.518330228586628472e+00
1.363000000000000078e+01,-1.258228346029552647e+01,1.698331134010439882e+02,3.112869916377685442e+01,2.732190512302851815e+00
1.364000000000000057e+01,-1.262010391931311659e+01,1.690201131399606140e+02,3.122069242404608147e+01,2.942467000275970079e+00
1.365000000000000036e+01,-1.265758976115935575e+01,1.682172946955646751e+02,3.131348229780040171e+01,3.148860176720324588e+00
1.366000000000000014e+01,-1.269426555831760695e+01,1.674247395851344891e+02,3.140616413094640791e+01,3.351496579426241684e+00
1.366999999999999993e+01,-1.272965119978199233e+01,1.666408552946706436e+02,3.149790035038069291e+01,3.550976962608568765e+00
1.367999999999999972e+01,-1.276338412731242933e+01,1.658624583273432620e+02,3.158814919088860051e+01,3.748314304981165801e+00
1.368999999999999950e+01,-1.279532648461038491e+01,1.650852231432616861e+02,3.167684601029731084e+01,3.944769777347980622e+00
1.369999999999999929e+01,-1.282563302499222502e+01,1.643044202512153902e+02,3.176449447395872738e+01,4.141617697028509681e+00
1.371000000000000085e+01,-1.285476325893142935e+01,1.635157996271690308e+02,3.185214332345028510e+01,4.339887171149451994e+00
1.372000000000000064e+01,-1.288343307989560671e+01,1.627164396123493759e+02,3.194124873097231898e+01,4.540134479742247819e+00
1.373000000000000043e+01,-1.291251409650144844e+01,1.619053865671761514e+02,3.203344678794573497e+01,4.742294677395949343e+00
1.374000000000000021e+01,-1.294289984927861781e+01,1.610839549513388818e+02,3.213027987039603062e+01,4.945644769079319047e+00
1.375000000000000000e+01,-1.297536449336233311e+01,1.602556283739645551e+02,3.223293035090109271e+01,5.148887973319053124e+00
1.375999999999999979e+01,-1.301044036720177210e+01,1.594255813443168677e+02,3.234201367072822109e+01,5.350344112309122657e+00
1.376999999999999957e+01,-1.304833660562056785e+01,1.585999120297929892e+02,3.245747088901622845e+01,5.548210074130659919e+00
1.377999999999999936e+01,-1.308891296714640617e+01,1.577847267528024418e+02,3.257858114301417629e+01,5.740840538414553329e+00
1.378999999999999915e+01,-1.313171295677910067e+01,1.569852414590027365e+02,3.270409082136924894e+01,5.926995188208816323e+00
1.380000000000000071e+01,-1.317604966768449160e+01,1.562050620051268766e+02,3.283243307321692583e+01,6.106005226037409805e+00
1.381000000000000050e+01,-1.322112800921149400e+01,1.554457739752578220e+02,3.296199300384078157e+01,6.277828196216029610e+00
1.382000000000000028e+01,-1.326617971499857340e+01,1.547069163449405664e+02,3.309136443847290110e+01,6.442983082234142955e+00
1.383000000000000007e+01,-1.331058438240641806e+01,1.539863385983960313e+02,3.321954597073141713e+01,6.602382908808372974e+00
1.383999999999999986e+01,-1.335395205517915684e+01,1.532808609175314700e+02,3.334603737388262346e+01,6.757104133690121195e+00
1.384999999999999964e+01,-1.339615072624263270e+01,1.525870898342633382e+02,3.347081979642191385e+01,6.908145714926157588e+00
1.385999999999999943e+01,-1.343727423764741857e+01,1.519022053690866869e+02,3.359422950958615672e+01,7.056232393346305365e+00
1.386999999999999922e+01,-1.347755958661394793e+01,1.512245415404979667e+02,3.371675913495884203e+01,7.201705839341278725e+00
1.388000000000000078e+01,-1.351727421953445329e+01,1.505538299582461832e+02,3.383883655761496811e+01,7.344526410254984761e+00
1.389000000000000057e+01,-1.355660067824158155e+01,1.498910540568673468e+02,3.396063642203422717e+01,7.484382261424300076e+00
1.390000000000000036e+01,-1.359554651979770945e+01,1.492379504001235659e+02,3.408197129480088705e+01,7.620877377997768320e+00
1.391000000000000014e+01,-1.363390189184319468e+01,1.485962736828238349e+02,3.420229109078672280e+01,7.753751283983012499e+00
1.391999999999999993e+01,-1.367125682716634927e+01,1.479669976819812121e+02,3.432079418952202587e+01,7.883074826317404415e+00
1.392999999999999972e+01,-1.370707723077215334e+01,1.473496449457310860e+02,3.443662715099488025e+01,8.009370507704783648e+00
1.393999999999999950e+01,-1.374082507701361600e+01,1.467419182883729718e+02,3.454912785239595507e+01,8.133621865633491765e+00
1.394999999999999929e+01,-1.377209720367719470e+01,1.461397479976478166e+02,3.465805439001097454e+01,8.257161298545165451e+00
1.396000000000000085e+01,-1.380075099787441850e+01,1.455377788077301204e+02,3.476374261664208376e+01,8.381454193987796231e+00
1.397000000000000064e+01,-1.382698628211642422e+01,1.449302182315158802e+02,3.486714922620419088e+01,8.507822610387309581e+00
1.398000000000000043e+01,-1.385136130635090979e+01,1.443118779337533510e+02,3.496976198570196459e+01,8.637167844818060658e+00
1.399000000000000021e+01,-1.387473518312080856e+01,1.436791874635209467e+02,3.507338833443922965e+01,8.769753877719386637e+00
1.400000000000000000e+01,-1.389814566469846469e+01,1.430309601263774653e+02,3.517986110340432759e+01,8.905102212957400454e+00
1.400999999999999979e+01,-1.392264546906258182e+01,1.423687431699304682e+02,3.529071922861889021e+01,9.042025833972051174e+00
1.401999999999999957e+01,-1.394912898479733343e+01,1.416966726327123069e+02,3.540692802505662229e+01,9.178801180084175115e+00
1.402999999999999936e+01,-1.397818270820258491e+01,1.410208534338135848e+02,3.552869682195847645e+01,9.313448426606488084e+00
1.403999999999999915e+01,-1.400998777238143767e+01,1.403483756424021465e+02,3.565543322522308500e+01,9.444067610706310845e+00
1.405000000000000071e+01,-1.404429315402389200e+01,1.396861439232412465e+02,3.578584663019311307e+01,9.569165560155104444e+00
1.406000000000000050e+01,-1.408046553405516121e+01,1.390397319196288493e+02,3.591818376255127987e+01,9.687908655186165063e+00
1.407000000000000028e+01,-1.411760807212938218e+01,1.384124738133799042e+02,3.605055156466448096e+01,9.800249680858071244e+00
1.408000000000000007e+01,-1.415472724353069189e+01,1.378049697561776838e+02,3.618126332883699092e+01,9.906901589796332175e+00
1.408999999999999986e+01,-1.419091648817873796e+01,1.372151107414846649e+02,3.630913735111312945e+01,1.000916253783655918e+01
1.409999999999999964e+01,-1.422552026274656001e+01,1.366386286368700382e+02,3.643368601433633813e+01,1.010862853199211031e+01
1.410999999999999943e+01,-1.425824439108009045e+01,1.360700657130949196e+02,3.655515610128646387e+01,1.020685498608257191e+01
1.411999999999999922e+01,-1.428918905315507359e+01,1.355039615851762562e+02,3.667441348760131348e+01,1.030504009780857366e+01
1.413000000000000078e+01,-1.431879751555211477e+01,1.349360018709839721e+02,3.679269962167928298e+01,1.040379810267339522e+01
1.414000000000000057e+01,-1.434773262704365493e+01,1.343638796391006451e+02,3.691131521892637579e+01,1.050307023046031496e+01
1.415000000000000036e+01,-1.437670912919394794e+01,1.337876868279556390e+02,3.703130198912398896e+01,1.060219052470576706e+01
1.416000000000000014e+01,-1.440631896893547825e+01,1.332097591937904326e+02,3.715319291155758918e+01,1.070008973050079071e+01
1.416999999999999993e+01,-1.443688740754307176e+01,1.326340167115643283e+02,3.727688615941090688e+01,1.079559057843383840e+01
1.417999999999999972e+01,-1.446839052729742292e+01,1.320649452525323397e+02,3.740167083222186051e+01,1.088772802321617128e+01
1.418999999999999950e+01,-1.450045189543584101e+01,1.315064367809971202e+02,3.752639972426371173e+01,1.097602218383870998e+01
1.419999999999999929e+01,-1.453242020361665610e+01,1.309607348821939183e+02,3.764977198952085757e+01,1.106064118401093488e+01
1.421000000000000085e+01,-1.456351317751993513e+01,1.304277162809283368e+02,3.777066345057897223e+01,1.114241434509306394e+01
1.422000000000000064e+01,-1.459299859942891331e+01,1.299046770983782153e+02,3.788843019409159041e+01,1.122268889165948025e+01
1.423000000000000043e+01,-1.462037387885463247e+01,1.293866910063140381e+02,3.800311543279395465e+01,1.130305861656257882e+01
1.424000000000000021e+01,-1.464550408350072885e+01,1.288674816173069075e+02,3.811551018225482323e+01,1.138502265901354171e+01
1.425000000000000000e+01,-1.466868622220224339e+01,1.283406312181805333e+02,3.822705072941036519e+01,1.146964933103896200e+01
1.425999999999999979e+01,-1.469062377555959031e+01,1.278008651508906581e+02,3.833957250413363482e+01,1.155731950679736997e+01
1.426999999999999957e+01,-1.471231602827892360e+01,1.272451310871938404e+02,3.845497201536393561e+01,1.164760663798209350e+01
1.427999999999999936e+01,-1.473488603862088908e+01,1.266732412626849396e+02,3.857484861848722346e+01,1.173932043549308268e+01
1.428999999999999915e+01,-1.475938401099859476e+01,1.260879474849996740e+02,3.870020198213153861e+01,1.183070584033545281e+01
1.430000000000000071e+01,-1.478660677199141738e+01,1.254944433545350222e+02,3.883124901979937960e+01,1.191975586787493668e+01
1.431000000000000050e+01,-1.481696923365246121e+01,1.248994047129798304e+02,3.896739880002787970e+01,1.200457287063320244e+01
1.432000000000000028e+01,-1.485045236776121058e+01,1.243097661193994981e+02,3.910739077445001755e+01,1.208370225449051105e+01
1.433000000000000007e+01,-1.488663708371106331e+01,1.237314777378349504e+02,3.924956699081122480e+01,1.215636779454472460e+01
1.433999999999999986e+01,-1.492481698044690930e+01,1.231684903800605611e+02,3.939221964385067309e+01,1.222255788561671430e+01
1.434999999999999964e+01,-1.496416743531430349e+01,1.226221764195967694e+02,3.953393775698078372e+01,1.228294390120646007e+01
1.435999999999999943e+01,-1.500393630831439040e+01,1.220913131196278982e+02,3.967387560399630075e+01,1.233864904033050891e+01
1.436999999999999922e+01,-1.504361544037250376e+01,1.215726412764787483e+02,3.981188198292720415e+01,1.239092032774529173e+01
1.438000000000000078e+01,-1.508305452299773641e+01,1.210618855651495522e+02,3.994846061597640841e+01,1.244077941820662936e+01
1.439000000000000057e+01,-1.512249053163448309e+01,1.205550133299987152e+02,4.008457069541493212e+01,1.248873353361637228e+01
1.440000000000000036e+01,-1.516248468251926695e+01,1.200494470048728033e+02,4.022131362829198764e+01,1.253461457591643047e+01
1.441000000000000014e+01,-1.520378012438249016e+01,1.195449515035972041e+02,4.035957853166806331e+01,1.257758541633054428e+01
1.441999999999999993e+01,-1.524711167669484446e+01,1.190439905725872194e+02,4.049972905115669874e+01,1.261631449908025537e+01
1.442999999999999972e+01,-1.529300946647566306e+01,1.185514641049105080e+02,4.064140574420289198e+01,1.264928176581505603e+01
1.443999999999999950e+01,-1.534163950875956317e+01,1.180738710241711971e+02,4.078349364027002366e+01,1.267514859904937907e+01
1.444999999999999929e+01,-1.539271685251589261e+01,1.176180614280294066e+02,4.092426874470633891e+01,1.269310824600579579e+01
1.446000000000000085e+01,-1.544551296653741801e+01,1.171898282450897995e+02,4.106169729359792342e+01,1.270313467324907819e+01
1.447000000000000064e+01,-1.549896091669576492e+01,1.167926316168966849e+02,4.119382569827890705e+01,1.270606755053441894e+01
1.448000000000000043e+01,-1.555184195684117654e+01,1.164267407365804274e+02,4.131917550324236288e+01,1.270350595695465579e+01
1.449000000000000021e+01,-1.560301838480932446e+01,1.160890119343025333e+02,4.143705272287373731e+01,1.269752652334264731e+01
1.450000000000000000e+01,-1.565166396347790112e+01,1.157733994005502041e+02,4.154769718603211714e+01,1.269028323996510466e+01
1.450999999999999979e+01,-1.569743943589583246e+01,1.154721329877136213e+02,4.165223221157340561e+01,1.268357563293459300e+01
1.451999999999999957e+01,-1.574056976543454667e+01,1.151773329303182010e+02,4.175242004076133640e+01,1.267848157079067839e+01
1.452999999999999936e+01,-1.578180101249739842e+01,1.148827125667704792e+02,4.185027286999244467e+01,1.267513794069552446e+01
1.453999999999999915e+01,-1.582224290045408388e+01,1.145849873150978198e+02,4.194760229479584979e+01,1.267272019674114603e+01
1.455000000000000071e+01,-1.586312995209390664e+01,1.142846730072260897e+02,4.204560415686098906e+01,1.266962835130586207e+01
1.456000000000000050e+01,-1.590555211917927281e+01,1.139860969734992295e+02,4.214456877924970968e+01,1.266384232713829583e+01
1.457000000000000028e+01,-1.595021132323600987e+01,1.136966175272059445e+02,4.224378061629684566e+01,1.265337301524625779e+01
1.458000000000000007e+01,-1.599725383917872712e+01,1.134252084763246984e+02,4.234163199040865777e+01,1.263671393155788003e+01
1.458999999999999986e+01,-1.604621315102685841e+01,1.131806869784408462e+02,4.243593040293453811e+01,1.261319622581207156e+01
1.459999999999999964e+01,-1.609607725297371061e+01,1.129699335567747198e+02,4.252433656765128234e+01,1.258316804969423508e+01
1.460999999999999943e+01,-1.614547101501668180e+01,1.127964674643813083e+02,4.260483974114824690e+01,1.254795542783375240e+01
1.461999999999999922e+01,-1.619292065682626003e+01,1.126596925593039487e+02,4.267616576823120766e+01,1.250960922308661516e+01
1.463000000000000078e+01,-1.623714727880199504e+01,1.125550124519375572e+02,4.273802567183538770e+01,1.247049132788957237e+01
1.464000000000000057e+01,-1.627732519526986366e+01,1.124748351668213360e+02,4.279114713426340444e+01,1.243279103252430140e+01
1.465000000000000036e+01,-1.631324396406209587e+01,1.124102783617016144e+02,4.283708018925387506e+01,1.239807965237090848e+01
1.466000000000000014e+01,-1.634533268735700773e+01,1.123532028266172347e+02,4.287781984806346003e+01,1.236700324454913513e+01
1.466999999999999993e+01,-1.637453754740612766e+01,1.122981061768232820e+02,4.291532952370948806e+01,1.233918183903730714e+01
1.467999999999999972e+01,-1.640207927944229027e+01,1.122434363744939958e+02,4.295107052577952800e+01,1.231333722700492217e+01
1.468999999999999950e+01,-1.642914551070083817e+01,1.121920264784939576e+02,4.298564064166613008e+01,1.228762116525438586e+01
1.469999999999999929e+01,-1.645658624110756207e+01,1.121505591414549912e+02,4.301860057558430839e+01,1.226007276336522267e+01
1.471000000000000085e+01,-1.648467783915128138e+01,1.121281811410394056e+02,4.304852659550196137e+01,1.222910622108753387e+01
1.472000000000000064e+01,-1.651300514654719365e+01,1.121345589104450085e+02,4.307327934203555486e+01,1.219392305122573639e+01
1.473000000000000043e+01,-1.654048746713981899e+01,1.121777740531607890e+02,4.309043174448601832e+01,1.215475805005468679e+01
1.474000000000000021e+01,-1.656554627029336046e+01,1.122624965835914566e+02,4.309776297145877066e+01,1.211290340751860839e+01
1.475000000000000000e+01,-1.658638340542265865e+01,1.123888375023789337e+02,4.309370880369554158e+01,1.207050414408189276e+01
1.475999999999999979e+01,-1.660131248764841061e+01,1.125521631648906009e+02,4.307766695229683762e+01,1.203017020601875231e+01
1.476999999999999957e+01,-1.660906913893037640e+01,1.127439534969230976e+02,4.305008824342100127e+01,1.199449355218108870e+01
1.477999999999999936e+01,-1.660902520491717027e+01,1.129535350676165848e+02,4.301233420408964037e+01,1.196558118175109442e+01
1.478999999999999915e+01,-1.660125208306837763e+01,1.131702841502382597e+02,4.296633616557468116e+01,1.194471109426240929e+01
1.480000000000000071e+01,-1.658641577959313551e+01,1.133857548039027279e+02,4.291413679575151008e+01,1.193218874896395043e+01
1.481000000000000050e+01,-1.656553034050011064e+01,1.135951981432070141e+02,4.285742103020966454e+01,1.192743458629213293e+01
1.482000000000000028e+01,-1.653963271983449701e+01,1.137980998038702154e+02,4.279714447323403448e+01,1.192928034606736176e+01
1.483000000000000007e+01,-1.650946034783700966e+01,1.139976162026129742e+02,4.273334450674875740e+01,1.193640525122596507e+01
1.483999999999999986e+01,-1.647520968770967187e+01,1.141990570665145555e+02,4.266517844516923930e+01,1.194781213005834708e+01
1.484999999999999964e+01,-1.643643367670228628e+01,1.144077770926182893e+02,4.259118284345461092e+01,1.196323406025812908e+01
1.485999999999999943e+01,-1.639210459583079782e+01,1.146269689909812399e+02,4.250969855838864220e+01,1.198337605299045627e+01
1.486999999999999922e+01,-1.634083261048819935e+01,1.148558806417354532e+02,4.241936760624146530e+01,1.200993148305214220e+01
1.488000000000000078e+01,-1.628119437422573768e+01,1.150889043873442432e+02,4.231958920969822202e+01,1.204536285297962728e+01
1.489000000000000057e+01,-1.621209723965272431e+01,1.153158055589571660e+02,4.221082918620526669e+01,1.209249040833270605e+01
1.490000000000000036e+01,-1.613309105137062005e+01,1.155230904071029556e+02,4.209470871789907420e+01,1.215397722002641778e+01
1.491000000000000014e+01,-1.604454838218939017e+01,1.156962190894833213e+02,4.197384846417025983e+01,1.223182402033762450e+01
1.491999999999999993e+01,-1.594766630491556114e+01,1.158221376659780475e+02,4.185149950558003695e+01,1.232698490733943686e+01
1.492999999999999972e+01,-1.584428969906248241e+01,1.158915187439798444e+02,4.173103981792088746e+01,1.243918708042625454e+01
1.493999999999999950e+01,-1.573660199768512413e+01,1.159001948454180706e+02,4.161544291299507847e+01,1.256699196153044618e+01
1.494999999999999929e+01,-1.562675913394004645e+01,1.158495001071758139e+02,4.150682891261766372e+01,1.270808304961284740e+01
1.496000000000000085e+01,-1.551654911900164358e+01,1.157455152078828604e+02,4.140618884414438838e+01,1.285971919551495013e+01
1.497000000000000064e+01,-1.540714575356165561e+01,1.155974499745462225e+02,4.131333603009507272e+01,1.301925941200776826e+01
1.498000000000000043e+01,-1.529899878244367173e+01,1.154155490772168235e+02,4.122709194571978486e+01,1.318465194527436779e+01
1.499000000000000021e+01,-1.519187281785167976e+01,1.152089619358818737e+02,4.114566634338609674e+01,1.335478792464131814e+01
1.500000000000000000e+01,-1.508501901932532263e+01,1.149839938209709658e+02,4.106715132349962971e+01,1.352964732821028626e+01
1.500999999999999979e+01,-1.497743960285660592e+01,1.147430671062728749e+02,4.099002438019514472e+01,1.371020791899041136e+01
1.501999999999999957e+01,-1.486818803842385250e+01,1.144845797582199936e+02,4.091355241758323302e+01,1.389813833808568333e+01
1.502999999999999936e+01,-1.475664048579040610e+01,1.142036654356035683e+02,4.083800948961630439e+01,1.409534389415568789e+01
1.503999999999999915e+01,-1.464267990318049151e+01,1.138936647786363920e+02,4.076466197693624594e+01,1.430346639814692900e+01
1.505000000000000071e+01,-1.452675412584974524e+01,1.135479569638258255e+02,4.069552677098052840e+01,1.452344924241218216e+01
1.506000000000000050e+01,-1.440979912692453802e+01,1.131617229416523003e+02,4.063295822334379892e+01,1.475526336312838183e+01
1.507000000000000028e+01,-1.429305042442650553e+01,1.127332431428437900e+02,4.057915626758460093e+01,1.499785310537970773e+01
1.508000000000000007e+01,-1.417779000514486043e+01,1.122644609744617128e+02,4.053570357834239957e+01,1.524931269075768370e+01
1.508999999999999986e+01,-1.406508715461195713e+01,1.117607248983973705e+02,4.050323195631325746e+01,1.550725503427064389e+01
1.509999999999999964e+01,-1.395558838957978054e+01,1.112298024577390123e+02,4.048129035711837531e+01,1.576929483987080793e+01
1.510999999999999943e+01,-1.384939769140821753e+01,1.106803989494277403e+02,4.046844529844020855e+01,1.603354416026131801e+01
1.511999999999999922e+01,-1.374606832714981408e+01,1.101204939389478739e+02,4.046259652364528847e+01,1.629901485882755452e+01
1.513000000000000078e+01,-1.364470581730664023e+01,1.095558297878860827e+02,4.046144531205833061e+01,1.656583972300677843e+01
1.514000000000000057e+01,-1.354416083367555501e+01,1.089888525715547161e+02,4.046301857653274681e+01,1.683526021118700200e+01
1.515000000000000036e+01,-1.344327332318354351e+01,1.084183210361718608e+02,4.046613692410966934e+01,1.710937791456428414e+01
1.516000000000000014e+01,-1.334111786372277209e+01,1.078396696412051909e+02,4.047072418101502933e+01,1.739071877835585056e+01
1.516999999999999993e+01,-1.323719850062134284e+01,1.072460541761616639e+02,4.047788901089817415e+01,1.768170173286718239e+01
1.517999999999999972e+01,-1.313155124968132981e+01,1.066298556231381411e+02,4.048975913909670510e+01,1.798412568937658307e+01
1.518999999999999950e+01,-1.302473303952811534e+01,1.059843117596436457e+02,4.050910326059726430e+01,1.829878500621326509e+01
1.519999999999999929e+01,-1.291770209162195115e+01,1.053049203327692567e+02,4.053882164944675282e+01,1.862529486640019627e+01
1.521000000000000085e+01,-1.281161917315243315e+01,1.045903208989605275e+02,4.058141351016826803e+01,1.896216227547468591e+01
1.522000000000000064e+01,-1.270761510611687406e+01,1.038424925666503924e+02,4.063853254222651401e+01,1.930708665160930693e+01
1.523000000000000043e+01,-1.260657411769024172e+01,1.030662607062725158e+02,4.071072303849077656e+01,1.965742709411191314e+01
1.524000000000000021e+01,-1.250897588247731917e+01,1.022682462007509940e+02,4.079739209184485560e+01,2.001073977054110387e+01
1.525000000000000000e+01,-1.241482485657686219e+01,1.014554896300110016e+02,4.089702618040196569e+01,2.036527384200137547e+01
1.525999999999999979e+01,-1.232367764008279742e+01,1.006340307119838258e+02,4.100761061805044250e+01,2.072032063730357621e+01
1.526999999999999957e+01,-1.223476070374741553e+01,9.980772168385809096e+01,4.112716695226619379e+01,2.107633832410445152e+01
1.527999999999999936e+01,-1.214715412340864731e+01,9.897750621983459496e+01,4.125429545410111842e+01,2.143481945794328780e+01
1.528999999999999915e+01,-1.206000413490964007e+01,9.814130756012527002e+01,4.138860491692197741e+01,2.179792346233534417e+01
1.530000000000000071e+01,-1.197272085555639087e+01,9.729454986428474683e+01,4.153093327019566772e+01,2.216794844530098629e+01
1.531000000000000050e+01,-1.188511972629211400e+01,9.643120453951337367e+01,4.168330660996931414e+01,2.254675391865485068e+01
1.532000000000000028e+01,-1.179747685398455204e+01,9.554513802606130923e+01,4.184864110496560130e+01,2.293525826328544071e+01
1.533000000000000007e+01,-1.171048742672292597e+01,9.463147101193769117e+01,4.203024806822659087e+01,2.333311915807316339e+01
1.533999999999999986e+01,-1.162513796115663034e+01,9.368766158913243203e+01,4.223124428810936593e+01,2.373866615988680095e+01
1.534999999999999964e+01,-1.154252148400046707e+01,9.271409498490062617e+01,4.245398910911778501e+01,2.414910203383258747e+01
1.535999999999999943e+01,-1.146363531767546107e+01,9.171407743695404235e+01,4.269966436332627779e+01,2.456093479921679190e+01
1.536999999999999922e+01,-1.138920229549282936e+01,9.069325846020787196e+01,4.296808562860709912e+01,2.497055590985241125e+01
1.538000000000000078e+01,-1.131954919978576157e+01,8.965861475401830205e+01,4.325778890007265431e+01,2.537484908320872279e+01
1.539000000000000057e+01,-1.125456377878937531e+01,8.861720296979491707e+01,4.356638269366463589e+01,2.577170424158058282e+01
1.540000000000000036e+01,-1.119373671871741927e+01,8.757492201301393209e+01,4.389110047715583818e+01,2.616032490297322610e+01
1.541000000000000014e+01,-1.113627964783604796e+01,8.653551932914577094e+01,4.422944248326162153e+01,2.654125516419194142e+01
1.541999999999999993e+01,-1.108129639798340804e+01,8.550003189765631362e+01,4.457977038326330899e+01,2.691610928416266901e+01
1.542999999999999972e+01,-1.102797423595971438e+01,8.446677452867726288e+01,4.494172158239368997e+01,2.728705201402842562e+01
1.543999999999999950e+01,-1.097575682335841840e+01,8.343188345901396019e+01,4.531634433692665453e+01,2.765613602951195205e+01
1.544999999999999929e+01,-1.092446322665514558e+01,8.239030919343649373e+01,4.570591408716369841e+01,2.802463886173852714e+01
1.546000000000000085e+01,-1.087432789913215636e+01,8.133705463042504391e+01,4.611346138154284091e+01,2.839254573721532182e+01
1.547000000000000064e+01,-1.082595333124358561e+01,8.026839947458175573e+01,4.654210555843711461e+01,2.875829575712964115e+01
1.548000000000000043e+01,-1.078018592348565896e+01,7.918285637656246934e+01,4.699433157839115438e+01,2.911885447807098259e+01
1.549000000000000021e+01,-1.073794166672695738e+01,7.808166658829404128e+01,4.747136197161714222e+01,2.947010882856947944e+01
1.550000000000000000e+01,-1.070001761171395316e+01,7.696874415656940016e+01,4.797276036812193922e+01,2.980751378227110848e+01
1.550999999999999979e+01,-1.066692642847928951e+01,7.585009033993731009e+01,4.849636089844617004e+01,3.012686585692184593e+01
1.551999999999999957e+01,-1.063878547721200896e+01,7.473279930503913704e+01,4.903855526665850562e+01,3.042504569414674975e+01
1.552999999999999936e+01,-1.061528089292713162e+01,7.362384692909708406e+01,4.959489565844059911e+01,3.070056826122995020e+01
1.553999999999999915e+01,-1.059571350144823221e+01,7.252889053128747321e+01,5.016089966977278181e+01,3.095380935940502098e+01
1.555000000000000071e+01,-1.057911879278546685e+01,7.145130704364291319e+01,5.073288936229866408e+01,3.118684009014634384e+01
1.556000000000000050e+01,-1.056443935509378562e+01,7.039165984254967157e+01,5.130867666236196101e+01,3.140288668123302074e+01
1.557000000000000028e+01,-1.055071714126200710e+01,6.934771083238700840e+01,5.188793175710446093e+01,3.160552228672376529e+01
1.558000000000000007e+01,-1.053726721379438303e+01,6.831499081041562249e+01,5.247213798018503184e+01,3.179776617838075481e+01
1.558999999999999986e+01,-1.052379651605789057e+01,6.728782444328254542e+01,5.306413048037280333e+01,3.198129415537479403e+01
1.559999999999999964e+01,-1.051044159156204572e+01,6.626060317329152838e+01,5.366731256584395027e+01,3.215594364298159746e+01
1.560999999999999943e+01,-1.049771630713729031e+01,6.522903907808498047e+01,5.428471884397871605e+01,3.231963364002895389e+01
1.561999999999999922e+01,-1.048638034298878097e+01,6.419113419634460627e+01,5.491813162733397746e+01,3.246872976750787387e+01
1.563000000000000078e+01,-1.047725628460216640e+01,6.314766309148274104e+01,5.556745058313209285e+01,3.259878830948650830e+01
1.564000000000000057e+01,-1.047103341622444184e+01,6.210207251859950617e+01,5.623046799866590817e+01,3.270552883588236170e+01
1.565000000000000036e+01,-1.046809804179768832e+01,6.105982235954263615e+01,5.690312152209709495e+01,3.278582784966729236e+01
1.566000000000000014e+01,-1.046842407625822702e+01,6.002730003068795384e+01,5.758019517883757743e+01,3.283850802421510906e+01
1.566999999999999993e+01,-1.047154587987220964e+01,5.901051920086590741e+01,5.825633535789062023e+01,3.286472743435641064e+01
1.567999999999999972e+01,-1.047662017043573002e+01,5.801385480854241905e+01,5.892716431013478484e+01,3.286785170103296139e+01
1.568999999999999950e+01,-1.048256736109682130e+01,5.703906640134321293e+01,5.959023409171157226e+01,3.285280747465525764e+01
1.569999999999999929e+01,-1.048826687489384923e+01,5.608481809816436936e+01,6.024558614707138560e+01,3.282504212013084555e+01
1.571000000000000085e+01,-1.049276851680149569e+01,5.514681596077066672e+01,6.089576629637771532e+01,3.278931723679704646e+01
1.572000000000000064e+01,-1.049547607379455272e+01,5.421856081638861014e+01,6.154527166146142036e+01,3.274861205346454085e+01
1.573000000000000043e+01,-1.049626276035953509e+01,5.329257894177632693e+01,6.219954059832887339e+01,3.270339253819582126e+01
1.574000000000000021e+01,-1.049549160416735560e+01,5.236187866771043531e+01,6.286370352840840070e+01,3.265142045923360570e+01
1.575000000000000000e+01,-1.049393473586853354e+01,5.142132247879676754e+01,6.354136762061537524e+01,3.258815710025331214e+01
1.575999999999999979e+01,-1.049260829235718440e+01,5.046862100847296517e+01,6.423370378515662082e+01,3.250768770171321620e+01
1.576999999999999957e+01,-1.049255799373271358e+01,4.950474205561607022e+01,6.493904555801378820e+01,3.240398009809374003e+01
1.577999999999999936e+01,-1.049463995989161447e+01,4.853365718256860362e+01,6.565310804340242612e+01,3.227221312725689017e+01
1.578999999999999915e+01,-1.049934078308951690e+01,4.756148514440184272e+01,6.636980652379813250e+01,3.210988137362609507e+01
1.580000000000000071e+01,-1.050667188418227660e+01,4.659520614242001812e+01,6.708251908488068693e+01,3.191741343009075749e+01
1.581000000000000050e+01,-1.051615862134807600e+01,4.564119751174786188e+01,6.778552344834481858e+01,3.169813452744933002e+01
1.582000000000000028e+01,-1.052692719254956089e+01,4.470387422810977540e+01,6.847527731039686216e+01,3.145754948086934988e+01
1.583000000000000007e+01,-1.053787423392019740e+01,4.378470463388436684e+01,6.915122938935672892e+01,3.120208724189434335e+01
1.583999999999999986e+01,-1.054788736852951914e+01,4.288181122909642085e+01,6.981594989462824685e+01,3.093758868093978620e+01
1.584999999999999964e+01,-1.055607276072255907e+01,4.199025959264774599e+01,7.047453085917437932e+01,3.066789149958767169e+01
1.585999999999999943e+01,-1.056194153264531366e+01,4.110299759704798817e+01,7.113338363704616540e+01,3.039384799076765020e+01
1.586999999999999922e+01,-1.056551344526199543e+01,4.021226007152136361e+01,7.179870407528777321e+01,3.011301002014042183e+01
1.588000000000000078e+01,-1.056731351257345608e+01,3.931114044340578317e+01,7.247495147572595897e+01,2.982006217091371525e+01
1.589000000000000057e+01,-1.056826136730719767e+01,3.839498669052410662e+01,7.316368450719086525e+01,2.950791787232355290e+01
1.590000000000000036e+01,-1.056947757615654382e+01,3.746231942097255541e+01,7.386302342695896073e+01,2.916924842141805385e+01
1.591000000000000014e+01,-1.057204897810512811e+01,3.651508161559412002e+01,7.456788008266872225e+01,2.879811492790778615e+01
1.591999999999999993e+01,-1.057680243968222200e+01,3.555817770858337923e+01,7.527093533146602056e+01,2.839133524585339430e+01
1.592999999999999972e+01,-1.058413288555850329e+01,3.459840513640015303e+01,7.596417293273721327e+01,2.794925479338912666e+01
1.593999999999999950e+01,-1.059391952796483949e+01,3.364299576875176712e+01,7.664063395570491366e+01,2.747570662441355083e+01
1.594999999999999929e+01,-1.060554716927083518e+01,3.269805428315389406e+01,7.729597718195549305e+01,2.697712873284858759e+01
1.596000000000000085e+01,-1.061803005436702918e+01,3.176720175297204918e+01,7.792945261262549650e+01,2.646101630718790787e+01
1.597000000000000064e+01,-1.063021622017096846e+01,3.085070370810178275e+01,7.854402437945834947e+01,2.593406506987097870e+01
1.598000000000000043e+01,-1.064103317803277271e+01,2.994528072981053057e+01,7.914558612823577732e+01,2.540045243241482709e+01
1.599000000000000021e+01,-1.064972461105503854e+01,2.904466981023653105e+01,7.974143706127443920e+01,2.486067673306280312e+01
1.600000000000000000e+01,-1.065602650530387052e+01,2.814084439837788310e+01,8.033836633088874635e+01,2.431124190690526632e+01
