f_GHz,S11_dB,S11_deg,ReZin_ohm,ImZin_ohm
1.000000000000000000e+00,-5.175867015557381601e-01,-1.313670975821532352e+02,1.793053056514835708e+00,-2.256901814852763977e+01
1.010000000000000009e+00,-5.467305971914713236e-01,-1.329460110710340928e+02,1.870926498700023588e+00,-2.174300800749810136e+01
1.020000000000000018e+00,-5.791190476640838414e-01,-1.344828782347840104e+02,1.959075268663922786e+00,-2.094813732265479089e+01
1.030000000000000027e+00,-6.118551224679423806e-01,-1.359739907717836900e+02,2.047645386902376519e+00,-2.018536810698741490e+01
1.040000000000000036e+00,-6.419841168346387406e-01,-1.374231400038310085e+02,2.126914353569843374e+00,-1.945194161880808181e+01
1.050000000000000044e+00,-6.669337860539769069e-01,-1.388414064505005570e+02,2.188669217916931142e+00,-1.874161421692472729e+01
1.060000000000000053e+00,-6.849244482292702330e-01,-1.402457970098183750e+02,2.227449042799502177e+00,-1.804541414335261251e+01
1.070000000000000062e+00,-6.952743881884928534e-01,-1.416568531206999921e+02,2.241434011663398174e+00,-1.735285827689166638e+01
1.080000000000000071e+00,-6.985380912619159055e-01,-1.430955895584660027e+02,2.232792954293203458e+00,-1.665345903458656807e+01
1.090000000000000080e+00,-6.964462544652129106e-01,-1.445802964499331438e+02,2.207395182736144879e+00,-1.593826462876627303e+01
1.100000000000000089e+00,-6.916583737997504810e-01,-1.461237748834325316e+02,2.173928433419650474e+00,-1.520115203652798286e+01
1.110000000000000098e+00,-6.873765781608921488e-01,-1.477314633587443780e+02,2.142594526195011895e+00,-1.443964768989391878e+01
1.120000000000000107e+00,-6.868910608765216308e-01,-1.494006986786311302e+02,2.123630413515218862e+00,-1.365516549234858523e+01
1.129999999999999893e+00,-6.931291054093560167e-01,-1.511211260360733206e+02,2.125903580601968823e+00,-1.285267905888042606e+01
1.139999999999999902e+00,-7.082663485725628760e-01,-1.528761011343733003e+02,2.155771750694719824e+00,-1.203993978640178497e+01
1.149999999999999911e+00,-7.334399818805235061e-01,-1.546448398649034743e+02,2.216314482862059343e+00,-1.122639305712866431e+01
1.159999999999999920e+00,-7.685872166123983718e-01,-1.564050513323778944e+02,2.306974844238863565e+00,-1.042193936070109217e+01
1.169999999999999929e+00,-8.124220288279725422e-01,-1.581357974281215775e+02,2.423611194949559788e+00,-9.635661369192757064e+00
1.179999999999999938e+00,-8.625573860803388282e-01,-1.598203183151575502e+02,2.558948173004610638e+00,-8.874619125711902257e+00
1.189999999999999947e+00,-9.157738425393114889e-01,-1.614485306034371490e+02,2.703412285351140198e+00,-8.142818211729753841e+00
1.199999999999999956e+00,-9.684228486092839594e-01,-1.630188567106275741e+02,2.846317141264020023e+00,-7.440476017539451092e+00
1.209999999999999964e+00,-1.016931183886319090e+00,-1.645390228284101681e+02,2.977311317744056662e+00,-6.763727532441877521e+00
1.219999999999999973e+00,-1.058344204989625448e+00,-1.660255266238611966e+02,3.087923136389260304e+00,-6.104894382412529907e+00
1.229999999999999982e+00,-1.090819917485255530e+00,-1.675016644649957414e+02,3.172960254243557987e+00,-5.453367001838102190e+00
1.239999999999999991e+00,-1.113977371981080822e+00,-1.689943059315939422e+02,3.231491555618406952e+00,-4.797023716168906660e+00
1.250000000000000000e+00,-1.129022287973434846e+00,-1.705299224279204395e+02,3.267189144056659167e+00,-4.123970058214024625e+00
1.260000000000000009e+00,-1.138618920190642481e+00,-1.721305877333382455e+02,3.287939173926726966e+00,-3.424285234438886771e+00
1.270000000000000018e+00,-1.146534588356322715e+00,-1.738106741966157074e+02,3.304798474851810219e+00,-2.691456790892841511e+00
1.280000000000000027e+00,-1.157130026275348111e+00,-1.755747675158782215e+02,3.330513413167910386e+00,-1.923273657950863136e+00
1.290000000000000036e+00,-1.174788958163254016e+00,-1.774170114420958839e+02,3.377877382452468158e+00,-1.122090178159201646e+00
1.300000000000000044e+00,-1.203372512984520748e+00,-1.793218024529970762e+02,3.458175594341659220e+00,-2.945074343222278679e-01
1.310000000000000053e+00,-1.245759134901943899e+00,1.787344244068997909e+02,3.579883673441947245e+00,5.494034457774332747e-01
1.320000000000000062e+00,-1.303503490426045630e+00,1.767806258777248161e+02,3.747699823595567636e+00,1.397198925616804033e+00
1.330000000000000071e+00,-1.376629526455124264e+00,1.748480657610903677e+02,3.961937913742924255e+00,2.235375636526038878e+00
1.340000000000000080e+00,-1.463566908367467390e+00,1.729669259652798132e+02,4.218303557062061060e+00,3.050828456223500851e+00
1.350000000000000089e+00,-1.561243292006960770e+00,1.711628075938312463e+02,4.508103164254953832e+00,3.832391899581469641e+00
1.360000000000000098e+00,-1.665349230503503586e+00,1.694533748003174480e+02,4.818963888389826700e+00,4.572362611998637583e+00
1.370000000000000107e+00,-1.770787682090025905e+00,1.678455217637256851e+02,5.136129868251568809e+00,5.267821165774179804e+00
1.379999999999999893e+00,-1.872296966892668113e+00,1.663335848993902459e+02,5.444316286366328583e+00,5.921489192824837211e+00
1.389999999999999902e+00,-1.965192211659723132e+00,1.648991766202092606e+02,5.729947608297644379e+00,6.541831824591020528e+00
1.399999999999999911e+00,-2.046116193323349819e+00,1.635130703252024773e+02,5.983427383378057129e+00,7.142199688366710930e+00
1.409999999999999920e+00,-2.113650375437477802e+00,1.621391687388553180e+02,6.200970763706022737e+00,7.739009440200160128e+00
1.419999999999999929e+00,-2.168639101677701575e+00,1.607400289520560932e+02,6.385559651782079627e+00,8.349225956089309619e+00
1.429999999999999938e+00,-2.214137021910903336e+00,1.592829266133672661e+02,6.546772643862103891e+00,8.987618776406838705e+00
1.439999999999999947e+00,-2.254984220786411697e+00,1.577452653691266278e+02,6.699524978609407100e+00,9.664318916372494073e+00
1.449999999999999956e+00,-2.297103761958126267e+00,1.561183688528921039e+02,6.862000746114619076e+00,1.038307971602589141e+01
1.459999999999999964e+00,-2.346663566839517046e+00,1.544091985969321001e+02,7.053169204561031691e+00,1.114042222392587256e+01
1.469999999999999973e+00,-2.409236729223754203e+00,1.526400600964836372e+02,7.290232289480858441e+00,1.192564002744211926e+01
1.479999999999999982e+00,-2.489049261248081457e+00,1.508466727784974637e+02,7.586216838412132013e+00,1.272153896735488665e+01
1.489999999999999991e+00,-2.588352929822747672e+00,1.490750194929968018e+02,7.947801878082203508e+00,1.350581154468638090e+01
1.500000000000000000e+00,-2.706929303190788616e+00,1.473772272668686298e+02,8.373439272931383570e+00,1.425304545762912234e+01
1.510000000000000009e+00,-2.841732213233050697e+00,1.458065014078600257e+02,8.851918005263121003e+00,1.493745303358298138e+01
1.520000000000000018e+00,-2.986709835332343577e+00,1.444109920537274263e+02,9.361711267433307171e+00,1.553638494392284741e+01
1.530000000000000027e+00,-3.132903361401402798e+00,1.432265658647034456e+02,9.871635628581394428e+00,1.603447938590174360e+01
1.540000000000000036e+00,-3.268970213724112561e+00,1.422689132900737832e+02,1.034338116844826239e+01,1.642789039091461945e+01
1.550000000000000044e+00,-3.382278555224371264e+00,1.415262614770581422e+02,1.073616581043935625e+01,1.672756854366644674e+01
1.560000000000000053e+00,-3.460608370944214141e+00,1.409549178577359498e+02,1.101307081751793682e+01,1.696032639726878344e+01
1.570000000000000062e+00,-3.494249721873376568e+00,1.404802667076070861e+02,1.114774671203810286e+01,1.716673613581840385e+01
1.580000000000000071e+00,-3.477993411868224971e+00,1.400048611497858246e+02,1.112963322132237032e+01,1.739586133094308451e+01
1.590000000000000080e+00,-3.412363580237764538e+00,1.394227321444069503e+02,1.096608453459423593e+01,1.769803903903774156e+01
1.600000000000000089e+00,-3.303627559683527615e+00,1.386361631702015131e+02,1.068085191823868918e+01,1.811771353375198856e+01
1.610000000000000098e+00,-3.162591670146987610e+00,1.375699235497144173e+02,1.030969461886308558e+01,1.868819078346644602e+01
1.620000000000000107e+00,-3.002659843250434335e+00,1.361792908374764011e+02,9.894734933059714521e+00,1.942925248450658060e+01
1.629999999999999893e+00,-2.837806637085398709e+00,1.344510984067042330e+02,9.479190635658977016e+00,2.034744083513629676e+01
1.639999999999999902e+00,-2.680960769331777627e+00,1.323995478076957397e+02,9.103507358641923730e+00,2.143808146567330652e+01
1.649999999999999911e+00,-2.542994818299050053e+00,1.300594707462496729e+02,8.803144253457100277e+00,2.268795029898079108e+01
1.659999999999999920e+00,-2.432269242345066917e+00,1.274793012035287774e+02,8.607704046709027779e+00,2.407775204322301477e+01
1.669999999999999929e+00,-2.354563475621343827e+00,1.247150397619649596e+02,8.540855982645588540e+00,2.558399038814497573e+01
1.679999999999999938e+00,-2.313219744096391750e+00,1.218256108390995820e+02,8.620508749247878910e+00,2.718017674157025709e+01
1.689999999999999947e+00,-2.309370653395327988e+00,1.188694732809299381e+02,8.858833686594355328e+00,2.883757261826882612e+01
1.699999999999999956e+00,-2.342177432864314568e+00,1.159021176822619168e+02,9.261933029529517469e+00,3.052579538291216465e+01
1.709999999999999964e+00,-2.409052640547352908e+00,1.129740578144932783e+02,9.829158206740521209e+00,3.221366044380341265e+01
1.719999999999999973e+00,-2.505874693768063821e+00,1.101290047607649285e+02,1.055229778315060685e+01,3.387058961038517424e+01
1.729999999999999982e+00,-2.627222848081141482e+00,1.074020493081147691e+02,1.141505127105100215e+01,3.546876766851930540e+01
1.739999999999999991e+00,-2.766671022431416826e+00,1.048178488064571212e+02,1.239332576255804064e+01,3.698596301553101284e+01
1.750000000000000000e+00,-2.917175715072461539e+00,1.023890028785859698e+02,1.345684758605620779e+01,3.840857633924778725e+01
1.760000000000000009e+00,-3.071574444053823516e+00,1.001149755744581000e+02,1.457229874735064712e+01,3.973415900436022952e+01
1.770000000000000018e+00,-3.223176155000730514e+00,9.798202015546344512e+01,1.570769378211716294e+01,4.097252866078788003e+01
1.780000000000000027e+00,-3.366380215507224882e+00,9.596451256277721598e+01,1.683718214413292102e+01,4.214484677273488700e+01
1.790000000000000036e+00,-3.497221608010652627e+00,9.402785499454616058e+01,1.794516217963331073e+01,4.328058807673524200e+01
1.800000000000000044e+00,-3.613727462084961761e+00,9.213270954575710903e+01,1.902871762556675250e+01,4.441299249580443842e+01
1.810000000000000053e+00,-3.715998190584735017e+00,9.023990496580154286e+01,2.009789867267828711e+01,4.557402673590853937e+01
1.820000000000000062e+00,-3.805990390685296543e+00,8.831511607843074785e+01,2.117400747781425352e+01,4.678990367122668914e+01
1.830000000000000071e+00,-3.887053360980527117e+00,8.633246793208044778e+01,2.228651069945492935e+01,4.807786735750208607e+01
1.840000000000000080e+00,-3.963325246516195222e+00,8.427653777911113764e+01,2.346933709738489426e+01,4.944448119886940418e+01
1.850000000000000089e+00,-4.039109721934282859e+00,8.214266027241551171e+01,2.475717728852767863e+01,5.088528890030911356e+01
1.860000000000000098e+00,-4.118332471140676354e+00,7.993580411021412147e+01,2.618215066731728768e+01,5.238555968115906580e+01
1.870000000000000107e+00,-4.204136324463039642e+00,7.766847841980772671e+01,2.777099810544653380e+01,5.392185183297700490e+01
1.879999999999999893e+00,-4.298634234250511277e+00,7.535814568140652625e+01,2.954287673225900690e+01,5.546422962275115509e+01
1.889999999999999902e+00,-4.402811834517152079e+00,7.302453143047381445e+01,3.150786858878556274e+01,5.697904032356549919e+01
1.899999999999999911e+00,-4.516558060382877215e+00,7.068710506008720529e+01,3.366640283613629236e+01,5.843213067361857327e+01
1.909999999999999920e+00,-4.638799027868886427e+00,6.836291071303124056e+01,3.600983898558705221e+01,5.979224257434302103e+01
1.919999999999999929e+00,-4.767711232931296728e+00,6.606486899199849461e+01,3.852238189113812439e+01,6.103412803195253389e+01
1.929999999999999938e+00,-4.900990529516516148e+00,6.380064042393787815e+01,4.118426268138811963e+01,6.214076858759352007e+01
1.939999999999999947e+00,-5.036151246713702179e+00,6.157211945541914133e+01,4.397577173615760415e+01,6.310409290050456121e+01
1.949999999999999956e+00,-5.170825834396609366e+00,5.937559213456471241e+01,4.688140097751910673e+01,6.392382210868030512e+01
1.959999999999999964e+00,-5.303032232597589157e+00,5.720252993078131709e+01,4.989319905540238409e+01,6.460449150751718150e+01
1.969999999999999973e+00,-5.431377092215226909e+00,5.504091039873411262e+01,5.301255494088849929e+01,6.515115071810589598e+01
1.979999999999999982e+00,-5.555170358938561037e+00,5.287687239977488218e+01,5.624996738861647572e+01,6.556455884139431589e+01
1.989999999999999991e+00,-5.674440398333019608e+00,5.069645717985584810e+01,5.962278872522269779e+01,6.583676634802542083e+01
2.000000000000000000e+00,-5.789855770076908215e+00,4.848717947567850217e+01,6.315129379429858858e+01,6.594783382704341079e+01
2.009999999999999787e+00,-5.902575247967165595e+00,4.623922078966176485e+01,6.685363225157270506e+01,6.586418828749255283e+01
2.020000000000000018e+00,-6.014057444719236756e+00,4.394612568428802746e+01,7.074028702738581842e+01,6.553887538802003121e+01
2.029999999999999805e+00,-6.125863392823520215e+00,4.160498402450428301e+01,7.480865701451196514e+01,6.491378668666563101e+01
2.040000000000000036e+00,-6.239480382226968658e+00,3.921616978079590865e+01,7.903837928583706685e+01,6.392380771606454459e+01
2.049999999999999822e+00,-6.356185931905570463e+00,3.678276255943730177e+01,8.338802784586324890e+01,6.250268585576668556e+01
2.060000000000000053e+00,-6.476960146656688622e+00,3.430979718409259505e+01,8.779383349515985913e+01,6.059020317934859889e+01
2.069999999999999840e+00,-6.602445383042486959e+00,3.180347558420328014e+01,9.217098469971466557e+01,5.813995380959858750e+01
2.080000000000000071e+00,-6.732945477491064423e+00,2.927044480893512457e+01,9.641781896246068584e+01,5.512673084894948516e+01
2.089999999999999858e+00,-6.868453127156758597e+00,2.671720589945015689e+01,1.004227794627766883e+02,5.155234142184337998e+01
2.100000000000000089e+00,-7.008693103971836535e+00,2.414967886495782778e+01,1.040734611238876255e+02,4.744871213891302375e+01
2.109999999999999876e+00,-7.153170315508456056e+00,2.157291471280499806e+01,1.072665508499463414e+02,4.287748532212356167e+01
2.120000000000000107e+00,-7.301214723853873600e+00,1.899092010092954297e+01,1.099171502076289784e+02,3.792589860011363356e+01
2.129999999999999893e+00,-7.452019175687758512e+00,1.640654627033945800e+01,1.119659774007519388e+02,3.269944619769405847e+01
2.140000000000000124e+00,-7.604670586285431355e+00,1.382139302433028405e+01,1.133832983239798295e+02,2.731245090771729522e+01
2.149999999999999911e+00,-7.758178868340412926e+00,1.123569082266280894e+01,1.141690462732259022e+02,2.187806700170585117e+01
2.160000000000000142e+00,-7.911510674392895126e+00,8.648147777980604189e+00,1.143493015047790067e+02,1.649929839067612392e+01
2.169999999999999929e+00,-8.063635685956370480e+00,6.055779334330138042e+00,1.139699476125076245e+02,1.126235733062345545e+01
2.180000000000000160e+00,-8.213591355611267630e+00,3.453770176732594788e+00,1.130887676322794562e+02,6.233187932254360852e+00
2.189999999999999947e+00,-8.360567679681160769e+00,8.354422952511751932e-01,1.117674168467670341e+02,1.457361862204885616e+00
2.200000000000000178e+00,-8.504007371921938230e+00,-1.807588219191130552e+00,1.100646094849417267e+02,-3.037046327735227536e+00
2.209999999999999964e+00,-8.643710024826802396e+00,-4.484996261947416407e+00,1.080315373457433026e+02,-7.234475757876766444e+00
2.220000000000000195e+00,-8.779923279652285473e+00,-7.207041543050146437e+00,1.057100799234568882e+02,-1.112595993148882734e+01
2.229999999999999982e+00,-8.913401494756739041e+00,-9.983591654591377207e+00,1.031338424494700234e+02,-1.470354831350685387e+01
2.240000000000000213e+00,-9.045414074897536238e+00,-1.282295370394541045e+01,1.003315291123684005e+02,-1.795624913189428185e+01
2.250000000000000000e+00,-9.177691449731783635e+00,-1.573064251481333820e+01,9.733168445652177070e+01,-2.086836791072115105e+01
2.259999999999999787e+00,-9.312305257791791746e+00,-1.870823911309607723e+01,9.416750718320743374e+01,-2.342060277897513032e+01
2.270000000000000018e+00,-9.451488325393160750e+00,-2.175249103652830485e+01,9.088037692162413350e+01,-2.559359516228709452e+01
2.279999999999999805e+00,-9.597407330762555588e+00,-2.485478090361236525e+01,8.752102946432107444e+01,-2.737297698926887435e+01
2.290000000000000036e+00,-9.751905433408799340e+00,-2.800105391906645025e+01,8.414794847231566166e+01,-2.875452724906846669e+01
2.299999999999999822e+00,-9.916233934129342842e+00,-3.117226218334181098e+01,8.082332756536359852e+01,-2.974803983434368249e+01
2.310000000000000053e+00,-1.009079281534144279e+01,-3.434536224457362863e+01,7.760760720786036870e+01,-3.037893646973425277e+01
2.319999999999999840e+00,-1.027490198423146239e+01,-3.749489097114613401e+01,7.455386347854526718e+01,-3.068735330100651026e+01
2.330000000000000071e+00,-1.046662999298376917e+01,-4.059513083696692348e+01,7.170316230280089087e+01,-3.072509497170623050e+01
2.339999999999999858e+00,-1.066271521146908441e+01,-4.362283648607363062e+01,6.908153755563641596e+01,-3.055124515947635189e+01
2.350000000000000089e+00,-1.085862341930116592e+01,-4.656040306844330701e+01,6.669874663018677552e+01,-3.022727391320158929e+01
2.359999999999999876e+00,-1.104878937859625054e+01,-4.939919470450701056e+01,6.454860274475404935e+01,-2.981228144722048157e+01
2.370000000000000107e+00,-1.122707849612198494e+01,-5.214253002781460111e+01,6.261055746758825791e+01,-2.935873551682271909e+01
2.379999999999999893e+00,-1.138746847447144006e+01,-5.480760807218000252e+01,6.085226841799383379e+01,-2.890884828264670858e+01
2.390000000000000124e+00,-1.152488789017798609e+01,-5.742558138593270201e+01,5.923302510458147907e+01,-2.849168025638908830e+01
2.399999999999999911e+00,-1.163607402582979233e+01,-6.003919108491411549e+01,5.770799414949576089e+01,-2.812115084290337208e+01
2.410000000000000142e+00,-1.172026023784874127e+01,-6.269792644609952248e+01,5.623318509548566624e+01,-2.779529859628396338e+01
2.419999999999999929e+00,-1.177951183326983120e+01,-6.545141489441677152e+01,5.477079775222934899e+01,-2.749723572715038600e+01
2.430000000000000160e+00,-1.181861218459695273e+01,-6.834235448657837253e+01,5.329426243427511878e+01,-2.719813655902774840e+01
2.439999999999999947e+00,-1.184452714106453897e+01,-7.140044320016080803e+01,5.179200422689484640e+01,-2.686221418236054248e+01
2.450000000000000178e+00,-1.186558574686754497e+01,-7.463835787369143304e+01,5.026897117606213783e+01,-2.645305421658550671e+01
2.459999999999999964e+00,-1.189055981487754643e+01,-7.805012303157580789e+01,4.874538448955090786e+01,-2.594013882711701058e+01
2.470000000000000195e+00,-1.192779647127188980e+01,-8.161155277349901382e+01,4.725289199349050762e+01,-2.530420692289987983e+01
2.479999999999999982e+00,-1.198448634712578098e+01,-8.528210423716376454e+01,4.582902032289506877e+01,-2.454040426854055212e+01
2.490000000000000213e+00,-1.206607576954858096e+01,-8.900749140512894542e+01,4.451119004086323372e+01,-2.365885047927658391e+01
2.500000000000000000e+00,-1.217578129746686777e+01,-9.272266550251892170e+01,4.333144232915419991e+01,-2.268295970289823771e+01
2.509999999999999787e+00,-1.231414875003498821e+01,-9.635513335137753188e+01,4.231255606591102492e+01,-2.164628847603673023e+01
2.520000000000000018e+00,-1.247861651089426083e+01,-9.982895412667664914e+01,4.146568897444239354e+01,-2.058873238928454086e+01
2.529999999999999805e+00,-1.266309451562493393e+01,-1.030700508766562535e+02,4.078929984900266703e+01,-1.955264567749703986e+01
2.540000000000000036e+00,-1.285765874110235352e+01,-1.060135840638610034e+02,4.026900350478512536e+01,-1.857910826308828689e+01
2.549999999999999822e+00,-1.304858167926738588e+01,-1.086138458058632921e+02,3.987814424823050530e+01,-1.770429310703377723e+01
2.560000000000000053e+00,-1.321903492124106805e+01,-1.108561382092204894e+02,3.957913888807204472e+01,-1.695580603512232187e+01
2.569999999999999840e+00,-1.335081051943839725e+01,-1.127682350741322779e+02,3.932589656910955966e+01,-1.634902259523235912e+01
2.580000000000000071e+00,-1.342716383409835146e+01,-1.144268343958560337e+02,3.906771637599079838e+01,-1.588380166979400521e+01
2.589999999999999858e+00,-1.343631593054892903e+01,-1.159536067756833688e+02,3.875485259287921025e+01,-1.554238688483338748e+01
2.600000000000000089e+00,-1.337450658738122300e+01,-1.174981444404930215e+02,3.834536559473684036e+01,-1.528957344031110743e+01
2.609999999999999876e+00,-1.324731207509163156e+01,-1.192112541107587589e+02,3.781208815936457057e+01,-1.507602777866770971e+01
2.620000000000000107e+00,-1.306860778431834191e+01,-1.212176712832637833e+02,3.714792693072394059e+01,-1.484484986224011926e+01
2.629999999999999893e+00,-1.285769183751961364e+01,-1.235975871755034063e+02,3.636776824736158176e+01,-1.454028057677813202e+01
2.640000000000000124e+00,-1.263582742875154885e+01,-1.263810764759464291e+02,3.550616754418500420e+01,-1.411647882642289886e+01
2.649999999999999911e+00,-1.242335853328526696e+01,-1.295531770397153082e+02,3.461141556302750644e+01,-1.354414519557772678e+01
2.660000000000000142e+00,-1.223792228404175297e+01,-1.330642527730418863e+02,3.373774100972376999e+01,-1.281359706798842168e+01
2.669999999999999929e+00,-1.209368543869710599e+01,-1.368407960931141645e+02,3.293772518924845372e+01,-1.193422436158889433e+01
2.680000000000000160e+00,-1.200124701847015629e+01,-1.407939721994505362e+02,3.225643975066479641e+01,-1.093134729281907269e+01
2.689999999999999947e+00,-1.196782749662124701e+01,-1.448251656113417596e+02,3.172784112351529018e+01,-9.841906554107374916e+00
2.700000000000000178e+00,-1.199745676838668018e+01,-1.488289417260915570e+02,3.137311041965218195e+01,-8.710169748499190234e+00
2.709999999999999964e+00,-1.209097312479320863e+01,-1.526943507325753444e+02,3.120020844542512251e+01,-7.584058696802889799e+00
2.720000000000000195e+00,-1.224571832724134168e+01,-1.563057545620665962e+02,3.120392351583526391e+01,-6.512120763169728654e+00
2.729999999999999982e+00,-1.245487211989939880e+01,-1.595446506123006145e+02,3.136598019326836706e+01,-5.540773168824764561e+00
2.740000000000000213e+00,-1.270645528033711358e+01,-1.622944346906438113e+02,3.165519715371885212e+01,-4.711305197465208039e+00
2.750000000000000000e+00,-1.298220828441353092e+01,-1.644505537079070905e+02,3.202811414107714683e+01,-4.056240859595732218e+00
2.759999999999999787e+00,-1.325688689450908520e+01,-1.659383820666078009e+02,3.243083393561950345e+01,-3.595046223080746284e+00
2.770000000000000018e+00,-1.349897425033939058e+01,-1.667389619026392040e+02,3.280288414460907376e+01,-3.329771801624185290e+00
2.779999999999999805e+00,-1.367406057224925675e+01,-1.669168242848775208e+02,3.308351299329701334e+01,-3.241882351219145253e+00
2.790000000000000036e+00,-1.375145456309626546e+01,-1.666355063153955030e+02,3.321992927833358067e+01,-3.291891632543309409e+00
2.799999999999999822e+00,-1.371246143290479580e+01,-1.661428460478269074e+02,3.317583542780551653e+01,-3.423067664575063507e+00
2.810000000000000053e+00,-1.355638166091310204e+01,-1.657204226003043175e+02,3.293780928517527684e+01,-3.569250906638400167e+00
2.819999999999999840e+00,-1.330050531621063570e+01,-1.656164110929035473e+02,3.251733102304639544e+01,-3.665172305475231429e+00
2.830000000000000071e+00,-1.297407721266503167e+01,-1.659948422561846826e+02,3.194765197412739255e+01,-3.656494363292707828e+00
2.839999999999999858e+00,-1.260993475191428281e+01,-1.669208168086322246e+02,3.127657220518023706e+01,-3.506884101461770431e+00
2.850000000000000089e+00,-1.223778443387596226e+01,-1.683763042305063209e+02,3.055747913863699949e+01,-3.200707797941036770e+00
2.859999999999999876e+00,-1.188071695935725991e+01,-1.702886791761319216e+02,2.984109603534547261e+01,-2.741594085396443337e+00
2.870000000000000107e+00,-1.155442184000318129e+01,-1.725575689163056268e+02,2.916951520422061606e+01,-2.148249637136406598e+00
2.879999999999999893e+00,-1.126786705106278319e+01,-1.750741927945464909e+02,2.857294350862739662e+01,-1.449172422412450034e+00
2.890000000000000124e+00,-1.102446510660967327e+01,-1.777333281624021879e+02,2.806875775716849120e+01,-6.775115716004481703e-01
2.899999999999999911e+00,-1.082321908759464435e+01,1.795597921478030798e+02,2.766215027260681580e+01,1.332876854728137217e-01
2.910000000000000142e+00,-1.065969281346198372e+01,1.768853477134894945e+02,2.734772056951732822e+01,9.529043893686258704e-01
2.919999999999999929e+00,-1.052683706749067483e+01,1.743060108159794765e+02,2.711161300833984100e+01,1.756717674183396527e+00
2.930000000000000160e+00,-1.041577764898188718e+01,1.718645289283093973e+02,2.693402737546383818e+01,2.527646601303102258e+00
2.939999999999999947e+00,-1.031667332774688361e+01,1.695818373673136534e+02,2.679203823351246783e+01,3.257257529938036633e+00
2.950000000000000178e+00,-1.021970174062809811e+01,1.674562892060419586e+02,2.666262599443782122e+01,3.946026192683504963e+00
2.959999999999999964e+00,-1.011614067305444564e+01,1.654648539318948792e+02,2.652568816508487970e+01,4.602608855974800406e+00
2.970000000000000195e+00,-9.999406523632012878e+00,1.635669567598501715e+02,2.636665123552603163e+01,5.242077984471256613e+00
2.979999999999999982e+00,-9.865838651177408991e+00,1.617109654493478104e+02,2.617824623656098026e+01,5.883293357038350990e+00
2.990000000000000213e+00,-9.715028551346405195e+00,1.598424032599208999e+02,2.596111213371440840e+01,6.545819581069477699e+00
3.000000000000000000e+00,-9.549600889008514670e+00,1.579122395800384027e+02,2.572313727623514623e+01,7.246946403258586855e+00
3.009999999999999787e+00,-9.374513445265273859e+00,1.558835105159784575e+02,2.547774387693626963e+01,7.999340559612710955e+00
3.020000000000000018e+00,-9.196073467003969881e+00,1.537351120990790889e+02,2.524154018750789419e+01,8.809668129471068809e+00
3.029999999999999805e+00,-9.020909399636872550e+00,1.514625378439518499e+02,2.503183166824724637e+01,9.678264596685027144e+00
3.040000000000000036e+00,-8.855089467811916748e+00,1.490761212617504725e+02,2.486440118262567012e+01,1.059970531703836727e+01
3.049999999999999822e+00,-8.703487605388120940e+00,1.465977128530441007e+02,2.475180769817101378e+01,1.156400909107888886e+01
3.060000000000000053e+00,-8.569413241002525439e+00,1.440566858275990967e+02,2.470229423147160830e+01,1.255819534095200574e+01
3.069999999999999840e+00,-8.454471260127029097e+00,1.414859120523372837e+02,2.471929043800925996e+01,1.356796919578417615e+01
3.080000000000000071e+00,-8.358603008702566228e+00,1.389180710973506336e+02,2.480145275725197962e+01,1.457937616255986946e+01
3.089999999999999858e+00,-8.280265570998398772e+00,1.363824616466627333e+02,2.494318368757408422e+01,1.558031219769350884e+01
3.100000000000000089e+00,-8.216719811121830475e+00,1.339024033355167376e+02,2.513557819619486011e+01,1.656178495893311720e+01
3.109999999999999876e+00,-8.164406734815553790e+00,1.314933225266581189e+02,2.536773160293794049e+01,1.751881044062054471e+01
3.120000000000000107e+00,-8.119390869782993292e+00,1.291616569295506736e+02,2.562829868764188390e+01,1.845082287755846906e+01
3.129999999999999893e+00,-8.077838220709770312e+00,1.269047340804578852e+02,2.590712928697031003e+01,1.936150225152364257e+01
3.140000000000000124e+00,-8.036479763382741837e+00,1.247117298657238820e+02,2.619675039325104038e+01,2.025799649099454314e+01
3.149999999999999911e+00,-7.992998301880708034e+00,1.225656763578687531e+02,2.649345263744950074e+01,2.114962388614965150e+01
3.160000000000000142e+00,-7.946276518144945733e+00,1.204462886853085166e+02,2.679779004198437420e+01,2.204625193435705199e+01
3.169999999999999929e+00,-7.896462587897792318e+00,1.183331865930243936e+02,2.711440862421500597e+01,2.295662088836348858e+01
3.180000000000000160e+00,-7.844843797615625114e+00,1.162089794099813105e+02,2.745124847450033556e+01,2.388688698075658579e+01
3.189999999999999947e+00,-7.793557115717729467e+00,1.140617137934559508e+02,2.781827330585086244e+01,2.483960320707468128e+01
3.200000000000000178e+00,-7.745195156639539391e+00,1.118863410045644144e+02,2.822594226404964246e+01,2.581326156545753392e+01
3.209999999999999964e+00,-7.702377739197984852e+00,1.096850799185373830e+02,2.868364726359779482e+01,2.680242492789135866e+01
3.220000000000000195e+00,-7.667353196002220983e+00,1.074667541195511120e+02,2.919831287852113988e+01,2.779840378270840517e+01
3.229999999999999982e+00,-7.641676566156583306e+00,1.052453132270805440e+02,2.977331915827207354e+01,2.879038753942483098e+01
3.240000000000000213e+00,-7.625992550975698947e+00,1.030378006247106839e+02,3.040787652136713604e+01,2.976691000528519737e+01
3.250000000000000000e+00,-7.619935799892404660e+00,1.008620266131540006e+02,3.109695579523778974e+01,3.071749727997617896e+01
3.259999999999999787e+00,-7.622151457210115666e+00,9.873418388448131111e+01,3.183184105853630896e+01,3.163430514903836155e+01
3.270000000000000018e+00,-7.630432906676649196e+00,9.666662874805733452e+01,3.260130973116071118e+01,3.251351030934454656e+01
3.279999999999999805e+00,-7.641967455838406309e+00,9.466605472545776934e+01,3.339334510299581638e+01,3.335620016313170311e+01
3.290000000000000036e+00,-7.653670909788210963e+00,9.273229147464641642e+01,3.419716507903862635e+01,3.416853976626835987e+01
3.299999999999999822e+00,-7.662577688535984421e+00,9.085794273548718536e+01,3.500524484721623253e+01,3.496109882665259505e+01
3.310000000000000053e+00,-7.666237232371377885e+00,8.902900204433154840e+01,3.581496741309446463e+01,3.574738309051044638e+01
3.319999999999999840e+00,-7.663056309999216609e+00,8.722644230724598913e+01,3.662958545122259579e+01,3.654178711878394381e+01
3.330000000000000071e+00,-7.652527820882043308e+00,8.542858711589501297e+01,3.745831408112066185e+01,3.735730972285194440e+01
3.339999999999999858e+00,-7.635303772024821356e+00,8.361389436504063610e+01,3.831555171858730802e+01,3.820340679333971678e+01
3.350000000000000089e+00,-7.613100518903620717e+00,8.176368382301900795e+01,3.921938389627137411e+01,3.908429635426485049e+01
3.359999999999999876e+00,-7.588458686091261285e+00,7.986436205888688278e+01,4.018961764866143938e+01,3.999791340684079444e+01
3.370000000000000107e+00,-7.564406879633724934e+00,7.790883214301236137e+01,4.124561232272584022e+01,4.093558904946941368e+01
3.379999999999999893e+00,-7.544089628885056520e+00,7.589696762633691662e+01,4.240414041589778549e+01,4.188243871386087136e+01
3.390000000000000124e+00,-7.530415355586529635e+00,7.383521164409144433e+01,4.367746729654955828e+01,4.281839901432417861e+01
3.399999999999999911e+00,-7.525765020922121629e+00,7.173548340014242797e+01,4.507181166042732912e+01,4.371983532027793729e+01
3.410000000000000142e+00,-7.531784012519456617e+00,6.961362236341065568e+01,4.658634765471641970e+01,4.456162242681705266e+01
3.419999999999999929e+00,-7.549264698276933139e+00,6.748759173937799005e+01,4.821291824621640387e+01,4.531955173740384168e+01
3.430000000000000160e+00,-7.578117405218831593e+00,6.537562636428894791e+01,4.993661349452062126e+01,4.597283239578804626e+01
3.439999999999999947e+00,-7.617422844400741688e+00,6.329447214216987305e+01,5.173729098277379990e+01,4.650635175339613880e+01
3.450000000000000178e+00,-7.665556957584829689e+00,6.125783892645789308e+01,5.359196245002434011e+01,4.691229054867716286e+01
3.459999999999999964e+00,-7.720377269496180972e+00,5.927517769882483378e+01,5.547776309320757093e+01,4.719070794936489222e+01
3.470000000000000195e+00,-7.779456310437785405e+00,5.735088709225466630e+01,5.737502273533768715e+01,4.734885721680246462e+01
3.479999999999999982e+00,-7.840342160769541380e+00,5.548403951934326273e+01,5.926985541176627237e+01,4.739924841184954118e+01
3.490000000000000213e+00,-7.900819939225880439e+00,5.366868027533962504e+01,6.115573664610244009e+01,4.735676634010098240e+01
3.500000000000000000e+00,-7.959143706187900236e+00,5.189468885077748439e+01,6.303374428136396546e+01,4.723537756718177150e+01
3.509999999999999787e+00,-8.014208697274117554e+00,5.014910820117888335e+01,6.491143039559767658e+01,4.704504123593198273e+01
3.520000000000000018e+00,-8.065640832754649381e+00,4.841776565503608509e+01,6.680056794162540257e+01,4.678935963595117897e+01
3.529999999999999805e+00,-8.113793500304941730e+00,4.668695495910111504e+01,6.871419605500200589e+01,4.646431563878368109e+01
3.540000000000000036e+00,-8.159657567619980512e+00,4.494494291325364799e+01,7.066344630045965403e+01,4.605822425504786821e+01
3.549999999999999822e+00,-8.204704944143077938e+00,4.318310997021880837e+01,7.265459400806250301e+01,4.555283961724002495e+01
3.560000000000000053e+00,-8.250694841657271184e+00,4.139661732335735422e+01,7.468669291559504586e+01,4.492543304826201478e+01
3.569999999999999840e+00,-8.299473425133411908e+00,3.958458725743687268e+01,7.675005785526902002e+01,4.415158335601883977e+01
3.580000000000000071e+00,-8.352792617597291525e+00,3.774986317383903156e+01,7.882577442854874050e+01,4.320837254660357729e+01
3.589999999999999858e+00,-8.412164993020436299e+00,3.589846477037163197e+01,8.088632861460428103e+01,4.207764070630734210e+01
3.600000000000000089e+00,-8.478761927878426974e+00,3.403886900824026895e+01,8.289734639887032586e+01,4.074892367928399040e+01
3.609999999999999876e+00,-8.553353785987468427e+00,3.218123495504842424e+01,8.482030562049635591e+01,3.922169513204745073e+01
3.620000000000000107e+00,-8.636285102013218307e+00,3.033666073198055813e+01,8.661594109735992220e+01,3.750658514915050290e+01
3.629999999999999893e+00,-8.727474790632237855e+00,2.851652367114097331e+01,8.824794122151256204e+01,3.562536377563147738e+01
3.640000000000000124e+00,-8.826431076371813234e+00,2.673191801772133758e+01,8.968646828677152882e+01,3.360964882042085833e+01
3.649999999999999911e+00,-8.932272647837910640e+00,2.499317320855207569e+01,9.091105252707806983e+01,3.149848691002316770e+01
3.660000000000000142e+00,-9.043750996697916378e+00,2.330941350091077169e+01,9.191251120827779175e+01,2.933511808141375710e+01
3.669999999999999929e+00,-9.159273489356351661e+00,2.168810950841048424e+01,9.269370111664854051e+01,2.716332900074475987e+01
3.680000000000000160e+00,-9.276931793888076427e+00,2.013457678926529582e+01,9.326908236823130949e+01,2.502381435584530678e+01
3.689999999999999947e+00,-9.394544952575587971e+00,1.865139807049048670e+01,9.366321428971222929e+01,2.295091246474954261e+01
3.700000000000000178e+00,-9.509729447011523007e+00,1.723778398088625963e+01,9.390839795582901672e+01,2.096998788081297960e+01
3.709999999999999964e+00,-9.620008624706269273e+00,1.588893834525047311e+01,9.404172192930005281e+01,1.909563066218232308e+01
3.720000000000000195e+00,-9.722969534746969344e+00,1.459554835901542624e+01,9.410176808489636358e+01,1.733075117127273757e+01
3.729999999999999982e+00,-9.816465979787986740e+00,1.334356110999006439e+01,9.412520868445292876e+01,1.566658311459076991e+01
3.740000000000000213e+00,-9.898853370655753992e+00,1.211441590121781253e+01,9.414349065880603007e+01,1.408357060141044492e+01
3.750000000000000000e+00,-9.969226761704559792e+00,1.088585976440266734e+01,9.417977514584229937e+01,1.255310556849122783e+01
3.759999999999999787e+00,-1.002762298986635869e+01,9.633377873034360661e+00,9.424629638892015748e+01,1.104009055314622501e+01
3.770000000000000018e+00,-1.007514604834606686e+01,8.332139265560897456e+00,9.434233712182452791e+01,9.506308366661324172e+00
3.779999999999999805e+00,-1.011398431189219593e+01,6.959229910000006569e+00,9.445308882744087953e+01,7.914552984864257290e+00
3.790000000000000036e+00,-1.014730732705629990e+01,5.495864746403643863e+00,9.454975306079377617e+01,6.233377277004906070e+00
3.799999999999999822e+00,-1.017905271286944924e+01,3.929267936601160471e+00,9.459129041930556525e+01,4.442115860853909304e+00
3.810000000000000053e+00,-1.021363274649872643e+01,2.253985096825538825e+00,9.452815317002477968e+01,2.535556541074292181e+00
3.819999999999999840e+00,-1.025559982202088882e+01,4.725114743837232067e-01,9.430806072602497636e+01,5.273413095816563700e-01
3.830000000000000071e+00,-1.030930885500539240e+01,-1.404758818569366019e+00,9.388336650750396473e+01,-1.548965309825493408e+00
3.839999999999999858e+00,-1.037860572586731678e+01,-3.360171976290243556e+00,9.321892121945187171e+01,-3.642010209803036247e+00
3.850000000000000089e+00,-1.046655899487548780e+01,-5.369917519332933153e+00,9.229881543848905778e+01,-5.688228329558286944e+00
3.859999999999999876e+00,-1.057524209417790395e+01,-7.405482347955232747e+00,9.113030336462870196e+01,-7.620150811338898933e+00
3.870000000000000107e+00,-1.070556799239767543e+01,-9.435381515408632680e+00,8.974375769550485415e+01,-9.375817041705669652e+00
3.879999999999999893e+00,-1.085717889854709739e+01,-1.142713329822482926e+01,8.818855812478744838e+01,-1.090722217677596717e+01
3.890000000000000124e+00,-1.102839919499184695e+01,-1.334946926365538644e+01,8.652594505394462487e+01,-1.218601333913698959e+01
3.899999999999999911e+00,-1.121626833373747978e+01,-1.517475575459621417e+01,8.482058662583489195e+01,-1.320552379754005479e+01
3.910000000000000142e+00,-1.141667831588771520e+01,-1.688153862554368700e+01,8.313266020656163846e+01,-1.397928312888213398e+01
3.919999999999999929e+00,-1.162464244125403923e+01,-1.845700680131592009e+01,8.151174508704873745e+01,-1.453692244310907178e+01
3.930000000000000160e+00,-1.183471213968674363e+01,-1.989902304187972248e+01,7.999309573305298215e+01,-1.491869198259747975e+01
3.939999999999999947e+00,-1.204153218314185025e+01,-2.121724540312488116e+01,7.859624311728084933e+01,-1.516968185503218614e+01
3.950000000000000178e+00,-1.224048256611836649e+01,-2.243284287203325889e+01,7.732552238041856185e+01,-1.533449727988773326e+01
3.959999999999999964e+00,-1.242830912178369651e+01,-2.357647344208100648e+01,7.617203890444987735e+01,-1.545279912538737577e+01
3.970000000000000195e+00,-1.260361545027809171e+01,-2.468455984448383589e+01,7.511665110521940392e+01,-1.555589950806513677e+01
3.979999999999999982e+00,-1.276709725188652733e+01,-2.579437102025586981e+01,7.413364047607825569e+01,-1.566451799691787983e+01
3.990000000000000213e+00,-1.292145321124364976e+01,-2.693880263828365784e+01,7.319477128827058721e+01,-1.578780103333286178e+01
4.000000000000000000e+00,-1.307098680202248353e+01,-2.814186066229713390e+01,7.227339074063209523e+01,-1.592370049479433902e+01
4.009999999999999787e+00,-1.322098703631373162e+01,-2.941563352884467974e+01,7.134812485208421151e+01,-1.606072428326568868e+01
4.019999999999999574e+00,-1.337701389950618847e+01,-3.075910801516653592e+01,7.040566708025230014e+01,-1.618088807968839049e+01
4.030000000000000249e+00,-1.354420818792828030e+01,-3.215874659562425819e+01,6.944221670645119104e+01,-1.626345568003752362e+01
4.040000000000000036e+00,-1.372671001918083711e+01,-3.359046252219683737e+01,6.846333464015734194e+01,-1.628885163359776911e+01
4.049999999999999822e+00,-1.392722867010005849e+01,-3.502254837396942122e+01,6.748229966331349772e+01,-1.624206481909368094e+01
4.059999999999999609e+00,-1.414677668022386214e+01,-3.641917696253879200e+01,6.651736056841428990e+01,-1.611498091682583222e+01
4.070000000000000284e+00,-1.438456991255836215e+01,-3.774420052813331949e+01,6.558847659740496283e+01,-1.590734672066850663e+01
4.080000000000000071e+00,-1.463809873886292401e+01,-3.896503652490362413e+01,6.471416324009848609e+01,-1.562637905459460264e+01
4.089999999999999858e+00,-1.490338358499184324e+01,-4.005639568877302281e+01,6.390893461497805106e+01,-1.528528058195086992e+01
4.099999999999999645e+00,-1.517542789180151530e+01,-4.100347967341763677e+01,6.318163255954666369e+01,-1.490105597428897788e+01
4.110000000000000320e+00,-1.544886135654740933e+01,-4.180410777627039920e+01,6.253473638543728441e+01,-1.449203829668708998e+01
4.120000000000000107e+00,-1.571872118518762740e+01,-4.246913821496064401e+01,6.196460367503852495e+01,-1.407548091057677553e+01
4.129999999999999893e+00,-1.598125808815256121e+01,-4.302066587565425237e+01,6.146250734177905173e+01,-1.366549431244176027e+01
4.139999999999999680e+00,-1.623460292619646594e+01,-4.348788485840381668e+01,6.101628557822059662e+01,-1.327153990457745181e+01
4.150000000000000355e+00,-1.647912281637232113e+01,-4.390112679133160611e+01,6.061238262216190975e+01,-1.289763613638122308e+01
4.160000000000000142e+00,-1.671735102589595456e+01,-4.428517893036462283e+01,6.023801687477889999e+01,-1.254237007243087731e+01
4.169999999999999929e+00,-1.695347780906281798e+01,-4.465325749653557352e+01,5.988317792540237861e+01,-1.219972038741518894e+01
4.179999999999999716e+00,-1.719249417137764624e+01,-4.500282836509883566e+01,5.954215072771813055e+01,-1.186058214038792080e+01
4.190000000000000391e+00,-1.743914188897002759e+01,-4.531396037066225091e+01,5.921431866427509760e+01,-1.151475918179847469e+01
4.200000000000000178e+00,-1.769682619461321593e+01,-4.555036279927792719e+01,5.890411373917743276e+01,-1.115309450163601213e+01
4.209999999999999964e+00,-1.796661452299855810e+01,-4.566294766135596461e+01,5.862013909921610377e+01,-1.076937946360387777e+01
4.219999999999999751e+00,-1.824641575914277070e+01,-4.559572126948589954e+01,5.837364221763645133e+01,-1.036173504809095647e+01
4.230000000000000426e+00,-1.853044238039152347e+01,-4.529388929848248324e+01,5.817662139260869480e+01,-9.933275452753047574e+00
4.240000000000000213e+00,-1.880910947960479618e+01,-4.471395757221740297e+01,5.803987986256973386e+01,-9.492006678068563019e+00
4.250000000000000000e+00,-1.906958699162801452e+01,-4.383500943080881029e+01,5.797130694360860304e+01,-9.050037430563079965e+00
4.259999999999999787e+00,-1.929721373489916658e+01,-4.266911431069535610e+01,5.797459201237008131e+01,-8.622261094607578613e+00
4.269999999999999574e+00,-1.947779758102860725e+01,-4.126739060620281663e+01,5.804849664714507895e+01,-8.224704032680707044e+00
4.280000000000000249e+00,-1.960042550288867602e+01,-3.971780489791564150e+01,5.818674267611609707e+01,-7.872742970617712999e+00
4.290000000000000036e+00,-1.965995373856893380e+01,-3.813274257922034849e+01,5.837852119457189559e+01,-7.579392315528626689e+00
4.299999999999999822e+00,-1.965820774335228549e+01,-3.662872294516736815e+01,5.860957817401320824e+01,-7.353861473230193013e+00
4.309999999999999609e+00,-1.960335812396819222e+01,-3.530483952671179537e+01,5.886377189720802505e+01,-7.200577872300784499e+00
4.320000000000000284e+00,-1.950774888650426320e+01,-3.422727995074253471e+01,5.912492154121829202e+01,-7.118846083868920260e+00
4.330000000000000071e+00,-1.938507162514211046e+01,-3.342395348142733980e+01,5.937868772452903698e+01,-7.103247607394057361e+00
4.339999999999999858e+00,-1.924782948579601438e+01,-3.288855579922539363e+01,5.961417389460230964e+01,-7.144772358318761007e+00
4.349999999999999645e+00,-1.910564638932136106e+01,-3.259046710452913231e+01,5.982494520598996246e+01,-7.232527867039419078e+00
4.360000000000000320e+00,-1.896452704420008217e+01,-3.248656882282254088e+01,6.000924734128493299e+01,-7.355734867825105106e+00
4.370000000000000107e+00,-1.882690650941643185e+01,-3.253225355111774064e+01,6.016936036681489242e+01,-7.505635331185017023e+00
4.379999999999999893e+00,-1.869225790254073161e+01,-3.269021912518991257e+01,6.031020189915859930e+01,-7.676942980867351274e+00
4.389999999999999680e+00,-1.855805367130214023e+01,-3.293643954987166467e+01,6.043744764990558593e+01,-7.868557251264546970e+00
4.400000000000000355e+00,-1.842090892448328532e+01,-3.326303570136931143e+01,6.055552631567425692e+01,-8.083409334094747933e+00
4.410000000000000142e+00,-1.827773886710410167e+01,-3.367795095941966110e+01,6.066585786737095276e+01,-8.327470350168576729e+00
4.419999999999999929e+00,-1.812675033413686876e+01,-3.420164967873705564e+01,6.076565289227941236e+01,-8.608091929083673932e+00
4.429999999999999716e+00,-1.796809750226346836e+01,-3.486155765163530873e+01,6.084749893680231736e+01,-8.931952998237242980e+00
4.440000000000000391e+00,-1.780409261926029174e+01,-3.568546813164657294e+01,6.089984491314155690e+01,-9.302952892438907995e+00
4.450000000000000178e+00,-1.763896771071826208e+01,-3.669535608768444490e+01,6.090836213489325957e+01,-9.720421208617256781e+00
4.459999999999999964e+00,-1.747829179038500413e+01,-3.790281298298733503e+01,6.085801209945952905e+01,-1.017800062356462298e+01
4.469999999999999751e+00,-1.732821308933202786e+01,-3.930673066453169184e+01,6.073549920671598557e+01,-1.066348203946980355e+01
4.480000000000000426e+00,-1.719469669796496447e+01,-4.089320869731894703e+01,6.053166456423927855e+01,-1.115971833768132626e+01
4.490000000000000213e+00,-1.708287978048629796e+01,-4.263720124598319217e+01,6.024333359141424182e+01,-1.164652539965974576e+01
4.500000000000000000e+00,-1.699660258633628374e+01,-4.450526048716137950e+01,5.987420569184622110e+01,-1.210324578391761108e+01
4.509999999999999787e+00,-1.693812244207033757e+01,-4.645881275329016802e+01,5.943457102318029683e+01,-1.251147648064551809e+01
4.519999999999999574e+00,-1.690799196623732925e+01,-4.845758812351479605e+01,5.893990710580404624e+01,-1.285741443706701936e+01
4.530000000000000249e+00,-1.690507956549125623e+01,-5.046299526824403614e+01,5.840866071998712528e+01,-1.313337356753524077e+01
4.540000000000000036e+00,-1.692672018378423715e+01,-5.244132330672591280e+01,5.785967759942474942e+01,-1.333823673440471502e+01
4.549999999999999822e+00,-1.696899612068051155e+01,-5.436664312453627446e+01,5.730976710242226346e+01,-1.347684871974086107e+01
4.559999999999999609e+00,-1.702715162229044665e+01,-5.622319196220388449e+01,5.677179948196273074e+01,-1.355855604386771240e+01
4.570000000000000284e+00,-1.709613382842348983e+01,-5.800690858107013526e+01,5.625358253634288275e+01,-1.359521552310303427e+01
4.580000000000000071e+00,-1.717122467440707823e+01,-5.972571930512577865e+01,5.575760700832234562e+01,-1.359902611418053198e+01
4.589999999999999858e+00,-1.724868997623801903e+01,-6.139824134526305244e+01,5.528161875042938078e+01,-1.358051384168655140e+01
4.599999999999999645e+00,-1.732633901868505433e+01,-6.305081600776122031e+01,5.481987677884419696e+01,-1.354694562345279074e+01
4.610000000000000320e+00,-1.740388059738815940e+01,-6.471317122384091647e+01,5.436488160160100591e+01,-1.350137926692235624e+01
4.620000000000000107e+00,-1.748299229136487654e+01,-6.641340183262937558e+01,5.390930090275605124e+01,-1.344247325225582124e+01
4.629999999999999893e+00,-1.756708286438871269e+01,-6.817317005285528353e+01,5.344778517485975300e+01,-1.336507525252667428e+01
4.639999999999999680e+00,-1.766079859391872375e+01,-7.000396090718734854e+01,5.297837085037139104e+01,-1.326148523243522170e+01
4.650000000000000355e+00,-1.776937377969552045e+01,-7.190491604248796875e+01,5.250322921000964982e+01,-1.312316686492061812e+01
4.660000000000000142e+00,-1.789793752255028991e+01,-7.386237077393812456e+01,5.202863669188457152e+01,-1.294259267683929338e+01
4.669999999999999929e+00,-1.805086758189692731e+01,-7.585090459550211506e+01,5.156419333180613052e+01,-1.271488476601041384e+01
4.679999999999999716e+00,-1.823124634210790163e+01,-7.783557723119331229e+01,5.112146035147120671e+01,-1.243896556435856482e+01
4.690000000000000391e+00,-1.844044371116650183e+01,-7.977504932477903310e+01,5.071228508905364407e+01,-1.211804554822851721e+01
4.700000000000000178e+00,-1.867783960491663109e+01,-8.162539849611592047e+01,5.034711036709599341e+01,-1.175941016473903566e+01
4.709999999999999964e+00,-1.894070702338236245e+01,-8.334453506125728950e+01,5.003353160198718541e+01,-1.137358754907976532e+01
4.719999999999999751e+00,-1.922429922817115155e+01,-8.489710343841879592e+01,4.977529355713541293e+01,-1.097305792183253281e+01
4.730000000000000426e+00,-1.952220673321242117e+01,-8.625956004497206209e+01,4.957183839779902002e+01,-1.057070241085017948e+01
4.740000000000000213e+00,-1.982704960202281796e+01,-8.742474200032721399e+01,4.941844607400545897e+01,-1.017819658600032007e+01
4.750000000000000000e+00,-2.013152296615565362e+01,-8.840479395186929423e+01,4.930694992560052725e+01,-9.804548663937081798e+00
4.759999999999999787e+00,-2.042970657027802872e+01,-8.923106621477887757e+01,4.922695633654956282e+01,-9.454972662608005507e+00
4.769999999999999574e+00,-2.071840700145440195e+01,-8.994987753782601203e+01,4.916743753461829414e+01,-9.130268572092925083e+00
4.780000000000000249e+00,-2.099819563264108524e+01,-9.061401814328517901e+01,4.911850062613373780e+01,-8.826841312652032201e+00
4.790000000000000036e+00,-2.127382120648472608e+01,-9.127125647506881023e+01,4.907307765449723291e+01,-8.537415063074083932e+00
4.799999999999999822e+00,-2.155383885092494722e+01,-9.195216417205543280e+01,4.902825605918662433e+01,-8.252389620517741164e+00
4.809999999999999609e+00,-2.184952703359445536e+01,-9.265960734552342615e+01,4.898600029835615288e+01,-7.961661165106824534e+00
4.820000000000000284e+00,-2.217332065909561578e+01,-9.336124515284667780e+01,4.895311028371326501e+01,-7.656627546882517343e+00
4.830000000000000071e+00,-2.253697684591827155e+01,-9.398502414660127613e+01,4.894040087113597082e+01,-7.332054364878223929e+00
4.839999999999999858e+00,-2.294951703938981069e+01,-9.441686479924526054e+01,4.896122812807122671e+01,-6.987509437276018254e+00
4.849999999999999645e+00,-2.341473576923391775e+01,-9.450016818689574905e+01,4.902958950862652188e+01,-6.628166599561125416e+00
4.860000000000000320e+00,-2.392784542731689612e+01,-9.403890612415555950e+01,4.915806237970363668e+01,-6.264898487769124280e+00
4.870000000000000107e+00,-2.447083789383317409e+01,-9.281047156944988785e+01,4.935582344625128570e+01,-5.913681223397126985e+00
4.879999999999999893e+00,-2.500687395678351876e+01,-9.060113471031868926e+01,4.962693821282497453e+01,-5.594396364794016918e+00
4.889999999999999680e+00,-2.547635252571422981e+01,-8.728123361629036481e+01,4.996905854720527174e+01,-5.329136619613409565e+00
4.900000000000000355e+00,-2.580144676468571419e+01,-8.292193365831801088e+01,5.037264074766752486e+01,-5.140122339665465390e+00
4.910000000000000142e+00,-2.590725508862163906e+01,-7.789744447837884422e+01,5.082079852577935952e+01,-5.047345545403014277e+00
4.919999999999999929e+00,-2.575589543753820010e+01,-7.285174669451538421e+01,5.128991521316336133e+01,-5.066101358066044114e+00
4.929999999999999716e+00,-2.536856843559672825e+01,-6.847613703177530908e+01,5.175112205581352498e+01,-5.204648518845782945e+00
4.940000000000000391e+00,-2.481365085177609231e+01,-6.524937861154408836e+01,5.217266801587987857e+01,-5.462338291544289959e+00
4.950000000000000178e+00,-2.417324859467346698e+01,-6.333970179952591906e+01,5.252304358633501380e+01,-5.828613297239277458e+00
4.959999999999999964e+00,-2.351660964444050705e+01,-6.267662264274993333e+01,5.277449998478576987e+01,-6.283240701759091884e+00
4.969999999999999751e+00,-2.289110455389845811e+01,-6.307192772906785905e+01,5.290639832566557033e+01,-6.797964047716360980e+00
4.980000000000000426e+00,-2.232455077971926727e+01,-6.430812620909105704e+01,5.290773253047881752e+01,-7.339450282241289258e+00
4.990000000000000213e+00,-2.183086258270423130e+01,-6.618246586897085137e+01,5.277827398832035755e+01,-7.873063970561803515e+00
5.000000000000000000e+00,-2.141510043663768315e+01,-6.852210758285411885e+01,5.252808573265079417e+01,-8.366755122944052658e+00
5.009999999999999787e+00,-2.107699497328605176e+01,-7.118567209024590170e+01,5.217555256045371692e+01,-8.794310869136474196e+00
5.019999999999999574e+00,-2.081316465781705816e+01,-7.405991049431081308e+01,5.174442095397633068e+01,-9.137413428010692229e+00
5.030000000000000249e+00,-2.061845979432468567e+01,-7.705545228638783328e+01,5.126051577395232073e+01,-9.386283471299201153e+00
5.040000000000000036e+00,-2.048678953052733220e+01,-8.010306249173602566e+01,5.074876438042286964e+01,-9.539033555144234455e+00
5.049999999999999822e+00,-2.041167158534545578e+01,-8.315070355634928490e+01,5.023096819074462616e+01,-9.600097990452235663e+00
5.059999999999999609e+00,-2.038665010815190826e+01,-8.616123462373526820e+01,4.972451472357368374e+01,-9.578199028198801201e+00
5.070000000000000284e+00,-2.040565938788540734e+01,-8.911041856890480517e+01,4.924200539622684403e+01,-9.484276119290038665e+00
5.080000000000000071e+00,-2.046336217023899806e+01,-9.198488776446262705e+01,4.879162900917791035e+01,-9.329699213482294695e+00
5.089999999999999858e+00,-2.055545548351777541e+01,-9.477978699117537076e+01,4.837804089311072886e+01,-9.124960310884183912e+00
5.099999999999999645e+00,-2.067891309550784129e+01,-9.749594335274709067e+01,4.800349450398552875e+01,-8.878921586317007453e+00
5.110000000000000320e+00,-2.083212369636880368e+01,-1.001365820547061531e+02,4.766899429933407362e+01,-8.598605171078355980e+00
5.120000000000000107e+00,-2.101488851668776903e+01,-1.027037712603408153e+02,4.737528114831096815e+01,-8.289439702559167955e+00
5.129999999999999893e+00,-2.122825845121170829e+01,-1.051948908163065539e+02,4.712351660171399459e+01,-7.955830322764017914e+00
5.139999999999999680e+00,-2.147421162497149538e+01,-1.075994474219689465e+02,4.691559530206377104e+01,-7.601892125235674591e+00
5.150000000000000355e+00,-2.175518866969734688e+01,-1.098965086930112136e+02,4.675407974754888585e+01,-7.232183574754666999e+00
5.160000000000000142e+00,-2.207350815616479167e+01,-1.120529454851280917e+02,4.664181043968967799e+01,-6.852295809305926078e+00
5.169999999999999929e+00,-2.243067783936308501e+01,-1.140226229872459385e+02,4.658128890457356874e+01,-6.469191525920273911e+00
5.179999999999999716e+00,-2.282660479557350186e+01,-1.157467315945669384e+02,4.657395601130536988e+01,-6.091235151381526158e+00
5.190000000000000391e+00,-2.325870216970397664e+01,-1.171556401454494676e+02,4.661949321361842635e+01,-5.727905040399333458e+00
5.200000000000000178e+00,-2.372091217303905708e+01,-1.181729812842776113e+02,4.671526385154475491e+01,-5.389221712625901439e+00
5.209999999999999964e+00,-2.420274124503389501e+01,-1.187230380878833529e+02,4.685599094962136490e+01,-5.084960935512581770e+00
5.219999999999999751e+00,-2.468856008438031324e+01,-1.187425891828033286e+02,4.703374085132159621e+01,-4.823747446120947302e+00
5.230000000000000426e+00,-2.515765068261069715e+01,-1.181975737040484944e+02,4.723824913200915887e+01,-4.612145605016823247e+00
5.240000000000000213e+00,-2.558566972683958340e+01,-1.171024736382936169e+02,4.745758485284184758e+01,-4.453876235309194520e+00
5.250000000000000000e+00,-2.594805511756061023e+01,-1.155361126203881952e+02,4.767910049651420934e+01,-4.349289379074535056e+00
5.259999999999999787e+00,-2.622509903681308430e+01,-1.136439541741372068e+02,4.789056155762770572e+01,-4.295203203803294123e+00
5.269999999999999574e+00,-2.640707921837111982e+01,-1.116189114623007868e+02,4.808130208962477070e+01,-4.285173986517921030e+00
5.280000000000000249e+00,-2.649701456841855318e+01,-1.096630141905980906e+02,4.824322590930217558e+01,-4.310192290981293084e+00
5.290000000000000036e+00,-2.650947969594259845e+01,-1.079449145200724161e+02,4.837148220611995697e+01,-4.359718079183587669e+00
5.299999999999999822e+00,-2.646612759999284492e+01,-1.065713439810015757e+02,4.846469494921014132e+01,-4.422893637171635639e+00
5.309999999999999609e+00,-2.639021536190819361e+01,-1.055809779682540182e+02,4.852470962315214109e+01,-4.489730792708680696e+00
5.320000000000000284e+00,-2.630227646637487027e+01,-1.049564350173127423e+02,4.855591725168414996e+01,-4.552072872744926002e+00
5.330000000000000071e+00,-2.621781160741642225e+01,-1.046443350776551995e+02,4.856429789046302403e+01,-4.604182069597145599e+00
5.339999999999999858e+00,-2.614676700548620403e+01,-1.045750616731362896e+02,4.855637258598524397e+01,-4.642884314414615687e+00
5.349999999999999645e+00,-2.609415916678297975e+01,-1.046781693915770148e+02,4.853825576599248848e+01,-4.667293425635160808e+00
5.360000000000000320e+00,-2.606127735114514010e+01,-1.048925605705925506e+02,4.851496420696570055e+01,-4.678212699291669274e+00
5.370000000000000107e+00,-2.604709955855721759e+01,-1.051718826455872460e+02,4.849007764571176438e+01,-4.677361720728227645e+00
5.379999999999999893e+00,-2.604970521118710280e+01,-1.054857954314716864e+02,4.846577504530743852e+01,-4.666594705902818774e+00
5.389999999999999680e+00,-2.606752514985395308e+01,-1.058176587880669786e+02,4.844320204242128369e+01,-4.647266242398591096e+00
5.400000000000000355e+00,-2.610027856386221501e+01,-1.061592546400303121e+02,4.842306810967375696e+01,-4.619865807918094092e+00
5.410000000000000142e+00,-2.614946085700350409e+01,-1.065034466389505496e+02,4.840633306184037821e+01,-4.583989747061909092e+00
5.419999999999999929e+00,-2.621829587370948289e+01,-1.068359994704252642e+02,4.839482711303491413e+01,-4.538655629972767613e+00
5.429999999999999716e+00,-2.631114073779363594e+01,-1.071278859651224735e+02,4.839166025454974118e+01,-4.482898615588224445e+00
5.440000000000000391e+00,-2.643239393820982031e+01,-1.073292335652557341e+02,4.840131466919403636e+01,-4.416534221504976543e+00
5.450000000000000178e+00,-2.658497318059948711e+01,-1.073657968554428805e+02,4.842937168516105118e+01,-4.340937900068668753e+00
5.459999999999999964e+00,-2.676840125845117058e+01,-1.071388613164751860e+02,4.848189049709145593e+01,-4.259685751624452621e+00
5.469999999999999751e+00,-2.697652279214626247e+01,-1.065301335894173747e+02,4.856451583701763752e+01,-4.178921991251891122e+00
5.480000000000000426e+00,-2.719499197756373121e+01,-1.054145083022748679e+02,4.868143538089100986e+01,-4.107359868689227866e+00
5.490000000000000213e+00,-2.739909594747123833e+01,-1.036848638441991142e+02,4.883433096558918862e+01,-4.055872799392395756e+00
5.500000000000000000e+00,-2.755332387612018863e+01,-1.012917387213566371e+02,4.902147329456833802e+01,-4.036682513701667752e+00
5.509999999999999787e+00,-2.761499425441645172e+01,-9.829242456878637313e+01,4.923710337934549841e+01,-4.062197520228915337e+00
5.519999999999999574e+00,-2.754376889687112850e+01,-9.488694424523136206e+01,4.947122907891166221e+01,-4.143600005033118983e+00
5.530000000000000249e+00,-2.731520242925978081e+01,-9.140543482766412353e+01,4.970993949223063879e+01,-4.289326011400198979e+00
5.540000000000000036e+00,-2.693114976745095035e+01,-8.823011324676751599e+01,4.993629546716157108e+01,-4.503631647243912184e+00
5.549999999999999822e+00,-2.641955028002693240e+01,-8.568640925969231148e+01,5.013178182564825391e+01,-4.785477001305006084e+00
5.559999999999999609e+00,-2.582380124854505965e+01,-8.396720596184384533e+01,5.027820429032524885e+01,-5.127969087082021815e+00
5.570000000000000284e+00,-2.518936795268908568e+01,-8.312234416833811679e+01,5.035979604036674573e+01,-5.518561508093931423e+00
5.580000000000000071e+00,-2.455459274458565488e+01,-8.309477731273231882e+01,5.036519889008199868e+01,-5.940097656724002029e+00
5.589999999999999858e+00,-2.394728554699894829e+01,-8.376805129098372049e+01,5.028894596358779978e+01,-6.372617036374204069e+00
5.599999999999999645e+00,-2.338514900447912481e+01,-8.500358759299062683e+01,5.013212979644536205e+01,-6.795662403717289912e+00
5.610000000000000320e+00,-2.287771757199628908e+01,-8.666318141769281169e+01,4.990209284906497089e+01,-7.190689467218158271e+00
5.620000000000000107e+00,-2.242842491169261621e+01,-8.862021084696939965e+01,4.961118623783202253e+01,-7.543143023990029228e+00
5.629999999999999893e+00,-2.203627639531617177e+01,-9.076432334606670338e+01,4.927484049776002450e+01,-7.843839817513572399e+00
5.639999999999999680e+00,-2.169706780991278805e+01,-9.300312249590648150e+01,4.890931778086090986e+01,-8.089460031868584977e+00
5.650000000000000355e+00,-2.140427019651357909e+01,-9.526288313716314349e+01,4.852953974294553063e+01,-8.282138092971322862e+00
5.660000000000000142e+00,-2.114974066638758998e+01,-9.748920003370513143e+01,4.814732223072139305e+01,-8.428302178762942631e+00
5.669999999999999929e+00,-2.092440134802511409e+01,-9.964771240276907349e+01,4.777023591348196163e+01,-8.537008672073243432e+00
5.679999999999999716e+00,-2.071898265820411567e+01,-1.017245320618032878e+02,4.740119249263536716e+01,-8.618051969217809472e+00
5.690000000000000391e+00,-2.052485952711493056e+01,-1.037257021131738952e+02,4.703875426585855024e+01,-8.680120822779928247e+00
5.700000000000000178e+00,-2.033492719483144029e+01,-1.056749812518699230e+02,4.667808546706815775e+01,-8.729241585529896597e+00
5.709999999999999964e+00,-2.014438780880448476e+01,-1.076095528536266102e+02,4.631239920756121364e+01,-8.767707875634062731e+00
5.719999999999999751e+00,-1.995128373594259585e+01,-1.095738563581900848e+02,4.593469631357504568e+01,-8.793643483118074755e+00
5.730000000000000426e+00,-1.975664501710457799e+01,-1.116124087667186018e+02,4.553954425814562512e+01,-8.801271973721114250e+00
5.740000000000000213e+00,-1.956421222788315362e+01,-1.137628980718034626e+02,4.512462033374522719e+01,-8.781868060244292451e+00
5.750000000000000000e+00,-1.937981035012152731e+01,-1.160507609687807360e+02,4.469176285084595435e+01,-8.725252395392983473e+00
5.759999999999999787e+00,-1.921052933588568123e+01,-1.184859470689715124e+02,4.424734879455431980e+01,-8.621589045989324518e+00
5.769999999999999574e+00,-1.906388114135611289e+01,-1.210618997708674272e+02,4.380193732918331051e+01,-8.463186209297459683e+00
5.780000000000000249e+00,-1.894705847717994018e+01,-1.237562607555487091e+02,4.336925558750144205e+01,-8.246008477021893768e+00
5.790000000000000036e+00,-1.886634996626649396e+01,-1.265325903834094277e+02,4.296471618850972618e+01,-7.970682321380114566e+00
5.799999999999999822e+00,-1.882670223398985243e+01,-1.293424670396617557e+02,4.260371349385451367e+01,-7.642889704295478204e+00
5.809999999999999609e+00,-1.883137857963087924e+01,-1.321275670215054276e+02,4.229993926446974939e+01,-7.273159330836688419e+00
5.820000000000000284e+00,-1.888164803346506915e+01,-1.348216209497981026e+02,4.206390406971446794e+01,-6.876147940845135587e+00
5.830000000000000071e+00,-1.897644297734553476e+01,-1.373524339604190061e+02,4.190177839026044637e+01,-6.469540398582101837e+00
5.839999999999999858e+00,-1.911194523286308922e+01,-1.396444317639447945e+02,4.181460579507220388e+01,-6.072693099036738040e+00
5.849999999999999645e+00,-1.928110344272032251e+01,-1.416224460365502296e+02,4.179790689729525610e+01,-5.705120082938734072e+00
5.860000000000000320e+00,-1.947315916317250384e+01,-1.432176218739347178e+02,4.184168834878720133e+01,-5.384898533424466116e+00
5.870000000000000107e+00,-1.967337457073216811e+01,-1.443762377315395042e+02,4.193088375692115477e+01,-5.127068030080155658e+00
5.879999999999999893e+00,-1.986329684786467098e+01,-1.450715349124963893e+02,4.204626273106396894e+01,-4.942123053110290876e+00
5.889999999999999680e+00,-2.002198749189828675e+01,-1.453169868667826279e+02,4.216582847315807925e+01,-4.834743795869632876e+00
5.900000000000000355e+00,-2.012852893394675391e+01,-1.451768935145336741e+02,4.226666821881912739e+01,-4.802955372063246742e+00
5.910000000000000142e+00,-2.016563181606551325e+01,-1.447681101014022147e+02,4.232712466354763592e+01,-4.837919454904694661e+00
5.919999999999999929e+00,-2.012338373107710510e+01,-1.442477311705598879e+02,4.232904240111950855e+01,-4.924516075677817462e+00
5.929999999999999716e+00,-2.000163438068030786e+01,-1.437872646647439865e+02,4.225975355268842293e+01,-5.042754963074164820e+00
5.940000000000000391e+00,-1.980986154655694520e+01,-1.435415184695248456e+02,4.211344884380112319e+01,-5.169884951352473834e+00
5.950000000000000178e+00,-1.956458297920793044e+01,-1.436238442974315035e+02,4.189166318565090563e+01,-5.282898084530140537e+00
5.959999999999999964e+00,-1.928554905316876145e+01,-1.440953347001616009e+02,4.160277723566932906e+01,-5.361016422047987895e+00
5.969999999999999751e+00,-1.899220369981922474e+01,-1.449678170245122431e+02,4.126064579062863658e+01,-5.387749696444388725e+00
5.980000000000000426e+00,-1.870130293191353843e+01,-1.462151701322517283e+02,4.088263897116333823e+01,-5.352222450948746157e+00
5.990000000000000213e+00,-1.842580990928227891e+01,-1.477868665738704976e+02,4.048746803825508778e+01,-5.249646763429641538e+00
6.000000000000000000e+00,-1.817473397705098748e+01,-1.496198505601092279e+02,4.009315007592723390e+01,-5.080996779974086941e+00
6.009999999999999787e+00,-1.795349285603546363e+01,-1.516473439765248656e+02,3.971537106652721150e+01,-4.852070586560889964e+00
6.019999999999999574e+00,-1.776447980661700399e+01,-1.538047200721489105e+02,3.936638179516381797e+01,-4.572181045694428292e+00
6.030000000000000249e+00,-1.760765698773819565e+01,-1.560331777948186414e+02,3.905444802172970498e+01,-4.252708936274273377e+00
6.040000000000000036e+00,-1.748110285220802496e+01,-1.582819766200505001e+02,3.878379880000196067e+01,-3.905705237262590224e+00
6.049999999999999822e+00,-1.738150343546480414e+01,-1.605097892277076426e+02,3.855497751575398979e+01,-3.542672008720969323e+00
6.059999999999999609e+00,-1.730460444602737979e+01,-1.626854834665802230e+02,3.836548884056687569e+01,-3.173601191553941714e+00
6.070000000000000284e+00,-1.724564506484009740e+01,-1.647884347498676050e+02,3.821063731282147558e+01,-2.806314168984855417e+00
6.080000000000000071e+00,-1.719978415668458993e+01,-1.668083257054220496e+02,3.808445881559229207e+01,-2.446119588456352023e+00
6.089999999999999858e+00,-1.716251178802653499e+01,-1.687443263041099044e+02,3.798065022489878828e+01,-2.095786246511342821e+00
6.099999999999999645e+00,-1.713001990202176827e+01,-1.706035716303386494e+02,3.789340629627009349e+01,-1.755806023840777330e+00
6.110000000000000320e+00,-1.709949263461027513e+01,-1.723989575213511785e+02,3.781808120822086039e+01,-1.424896958107871203e+00
6.120000000000000107e+00,-1.706927517417663509e+01,-1.741464238960352588e+02,3.775160980630431595e+01,-1.100671263604259931e+00
6.129999999999999893e+00,-1.703889281582031856e+01,-1.758620373986568097e+02,3.769265209625863378e+01,-7.803734486351164845e-01
6.139999999999999680e+00,-1.700891582879815900e+01,-1.775592620431882551e+02,3.764146097321479800e+01,-4.615860095012461195e-01
6.150000000000000355e+00,-1.698069288307739200e+01,-1.792467863973814133e+02,3.759951085151207906e+01,-1.428081145324501811e-01
6.160000000000000142e+00,-1.695599680654174080e+01,1.790728325815096866e+02,3.756895594487445322e+01,1.761646786175699586e-01
6.169999999999999929e+00,-1.693663544910606689e+01,1.774036016167165712e+02,3.755200552485617038e+01,4.940993766386798103e-01
6.179999999999999716e+00,-1.692407722073362564e+01,1.757556346029396082e+02,3.755030751105400100e+01,8.084280527260899740e-01
6.190000000000000391e+00,-1.691912998604018625e+01,1.741439390582252429e+02,3.756442306997295333e+01,1.115567677423016990e+00
6.200000000000000178e+00,-1.692169956468988801e+01,1.725866183353005283e+02,3.759345765977379017e+01,1.411407380292086566e+00
6.209999999999999964e+00,-1.693064472987581937e+01,1.711026662416615522e+02,3.763489242098899723e+01,1.691897768485401077e+00
6.219999999999999751e+00,-1.694374081555800160e+01,1.697095260219360000e+02,3.768463680069440613e+01,1.953668610611021261e+00
6.230000000000000426e+00,-1.695776212960513973e+01,1.684205982263677015e+02,3.773729984459922093e+01,2.194598799348891127e+00
6.240000000000000213e+00,-1.696869033930451565e+01,1.672429233336079051e+02,3.778665377485087618e+01,2.414265863172245563e+00
6.250000000000000000e+00,-1.697204716680809966e+01,1.661753249570202229e+02,3.782623982812940966e+01,2.614212550036195903e+00
6.259999999999999787e+00,-1.696333196587081815e+01,1.652073441066275166e+02,3.785004504949901616e+01,2.797986724739695230e+00
6.269999999999999574e+00,-1.693851912105526480e+01,1.643192744010127910e+02,3.785316389862795461e+01,2.970938382431226543e+00
6.280000000000000249e+00,-1.689454387318933826e+01,1.634834789509691859e+02,3.783235501059159134e+01,3.139791633839305707e+00
6.290000000000000036e+00,-1.682969024820735982e+01,1.626669280263774624e+02,3.778641485806161171e+01,3.312044497918888997e+00
6.299999999999999822e+00,-1.674380282842275491e+01,1.618346018484506885e+02,3.771631651361267501e+01,3.495277596036803658e+00
6.309999999999999609e+00,-1.663827834984209630e+01,1.609531649432130394e+02,3.762509882951442819e+01,3.696467172584180449e+00
6.320000000000000284e+00,-1.651584383666797962e+01,1.599942434114886680e+02,3.751753113013779739e+01,3.921394329733876472e+00
6.330000000000000071e+00,-1.638017630495001242e+01,1.589367612160450847e+02,3.739961191196365320e+01,4.174221974074340480e+00
6.339999999999999858e+00,-1.623544731520819084e+01,1.577680596899271848e+02,3.727798011866740069e+01,4.457279350709296040e+00
6.349999999999999645e+00,-1.608587686522833238e+01,1.564838224994317954e+02,3.715932158443914801e+01,4.771059221008296269e+00
6.360000000000000320e+00,-1.593536082679967691e+01,1.550870526490298289e+02,3.704984299969835604e+01,5.114402295009704780e+00
6.370000000000000107e+00,-1.578720666348326240e+01,1.535864517633335993e+02,3.695486609074458784e+01,5.484822364114376292e+00
6.379999999999999893e+00,-1.564398499368854090e+01,1.519945471457956216e+02,3.687857132050578457e+01,5.878915195810821004e+00
6.389999999999999680e+00,-1.550748587699363590e+01,1.503258430508159336e+02,3.682389800736832086e+01,6.292793399737290017e+00
6.400000000000000355e+00,-1.537875926624465706e+01,1.485951842975069894e+02,3.679258911745338168e+01,6.722495520540577196e+00
6.410000000000000142e+00,-1.525821647016412719e+01,1.468164418698775933e+02,3.678535510422528176e+01,7.164327853645078292e+00
6.419999999999999929e+00,-1.514577054312588977e+01,1.450015722459951348e+02,3.680212193072509308e+01,7.615109902678907083e+00
6.429999999999999716e+00,-1.504099582253952505e+01,1.431600630429696253e+02,3.684232337142725555e+01,8.072307796095198995e+00
6.440000000000000391e+00,-1.494328914093717486e+01,1.412987500207379696e+02,3.690519658660630142e+01,8.534053622059659006e+00
6.450000000000000178e+00,-1.485201736662160421e+01,1.394219676847279175e+02,3.699004278486275155e+01,8.999061801585284570e+00
6.459999999999999964e+00,-1.476663829338878031e+01,1.375319740801205626e+02,3.709642153359033756e+01,9.466465284947464198e+00
6.469999999999999751e+00,-1.468678503867710816e+01,1.356295703035809765e+02,3.722425756025473476e+01,9.935603229786311275e+00
6.480000000000000426e+00,-1.461230827422599532e+01,1.337148201651151567e+02,3.737385169262608287e+01,1.040579662650921833e+01
6.490000000000000213e+00,-1.454327558410521704e+01,1.317877695610564786e+02,3.754580128475803491e+01,1.087614824967695526e+01
6.500000000000000000e+00,-1.447993237187079529e+01,1.298490712993956606e+02,3.774084813352883572e+01,1.134539827847286553e+01
6.509999999999999787e+00,-1.442263318159493934e+01,1.279004392807532042e+02,3.795968171846374162e+01,1.181185773267696959e+01
6.519999999999999574e+00,-1.437175533913977432e+01,1.259448830067927787e+02,3.820273133833413226e+01,1.227342993358967860e+01
6.530000000000000249e+00,-1.432760810022250020e+01,1.239867044654667865e+02,3.846998181969885877e+01,1.272771721062994921e+01
6.540000000000000036e+00,-1.429035006664091156e+01,1.220312695759732549e+02,3.876084402067873924e+01,1.317219765034274026e+01
6.549999999999999822e+00,-1.425992585736155860e+01,1.200845920077088067e+02,3.907410386686553494e+01,1.360444619165158286e+01
6.559999999999999609e+00,-1.423603034663353917e+01,1.181527866888923910e+02,3.940796290596575346e+01,1.402236692860235756e+01
6.570000000000000284e+00,-1.421810556728901176e+01,1.162414635539279573e+02,3.976017033195856953e+01,1.442440004655190933e+01
6.580000000000000071e+00,-1.420537181718937347e+01,1.143551393799339166e+02,4.012823239232579908e+01,1.480966820017380847e+01
6.589999999999999858e+00,-1.419689067632601009e+01,1.124967467451185144e+02,4.050967176707079886e+01,1.517803384314824378e+01
6.599999999999999645e+00,-1.419165364287505504e+01,1.106673130481433702e+02,4.090229901410415181e+01,1.553005090323071791e+01
6.610000000000000320e+00,-1.418868621607898284e+01,1.088658674273362124e+02,4.130445273029046405e+01,1.586681014380783594e+01
6.620000000000000107e+00,-1.418715405173050925e+01,1.070896081862418185e+02,4.171516642790108875e+01,1.618969533488526125e+01
6.629999999999999893e+00,-1.418645605830664458e+01,1.053343289484499508e+02,4.213422890276257959e+01,1.650008390343866793e+01
6.639999999999999680e+00,-1.418628972535659116e+01,1.035950623524077514e+02,4.256212016734796322e+01,1.679903780969381444e+01
6.650000000000000355e+00,-1.418667695687563501e+01,1.018668626935888710e+02,4.299982445213552040e+01,1.708703545823122383e+01
6.660000000000000142e+00,-1.418794396787307122e+01,1.001456216868372309e+02,4.344854203721786234e+01,1.736379233517177312e+01
6.669999999999999929e+00,-1.419065547103562608e+01,9.842880094620552711e+01,4.390933939045937962e+01,1.762820719658395774e+01
6.679999999999999716e+00,-1.419551010241022837e+01,9.671597320536761799e+01,4.438278957658813084e+01,1.787845373704562135e+01
6.690000000000000391e+00,-1.420320952807433379e+01,9.500908909892736176e+01,4.486866053367318585e+01,1.811221712218600288e+01
6.700000000000000178e+00,-1.421431713241409334e+01,9.331242121981718185e+01,4.536570691059215221e+01,1.832705304379978983e+01
6.709999999999999964e+00,-1.422912347260255927e+01,9.163217502153979410e+01,4.587161164195642726e+01,1.852082637131134746e+01
6.719999999999999751e+00,-1.424753518853426648e+01,8.997579171419762645e+01,4.638310658019898369e+01,1.869216934680084918e+01
6.730000000000000426e+00,-1.426900235787252313e+01,8.835099971003967312e+01,4.689627807763463352e+01,1.884088820051018942e+01
6.740000000000000213e+00,-1.429249674327742703e+01,8.676469934912162785e+01,4.740703521675069965e+01,1.896824494263873007e+01
6.750000000000000000e+00,-1.431654989758992791e+01,8.522179225761237831e+01,4.791168886804394589e+01,1.907705051932821760e+01
6.759999999999999787e+00,-1.433935515066978184e+01,8.372409136370085037e+01,4.840756412065007908e+01,1.917152763781893654e+01
6.769999999999999574e+00,-1.435893049322426940e+01,8.226946555470902922e+01,4.889355302218952914e+01,1.925693470719751943e+01
6.780000000000000249e+00,-1.437333019684863089e+01,8.085137468870676969e+01,4.937051422552460878e+01,1.933898139601531696e+01
6.790000000000000036e+00,-1.438088268289121530e+01,7.945892462230828812e+01,4.984144323032308677e+01,1.942310343337773304e+01
6.799999999999999822e+00,-1.438042307745070403e+01,7.807751043274286928e+01,5.031136904579108204e+01,1.951369108991237766e+01
6.809999999999999609e+00,-1.437148437015723701e+01,7.669002247865398658e+01,5.078697362179736530e+01,1.961337621169916900e+01
6.820000000000000284e+00,-1.435441400776580956e+01,7.527848278675958227e+01,5.127597046947309423e+01,1.972247520497363382e+01
6.830000000000000071e+00,-1.433039388176984374e+01,7.382588842098505211e+01,5.178631062355936621e+01,1.983866331736535926e+01
6.839999999999999858e+00,-1.430135871409968296e+01,7.231799380402527788e+01,5.232530311267800727e+01,1.995692545340476443e+01
6.849999999999999645e+00,-1.426982599636842863e+01,7.074478080497739541e+01,5.289874341623541198e+01,2.006979745137315518e+01
6.860000000000000320e+00,-1.423866460655608002e+01,6.910143664601709190e+01,5.351014029089451185e+01,2.016788382269352198e+01
6.870000000000000107e+00,-1.421083558247499568e+01,6.738875929037935464e+01,5.416012303372030345e+01,2.024061454806036764e+01
6.879999999999999893e+00,-1.418913695388692098e+01,6.561300594551740062e+01,5.484610034154140124e+01,2.027718292344338025e+01
6.889999999999999680e+00,-1.417597740162656983e+01,6.378526854715596528e+01,5.556222804612828980e+01,2.026758609483391993e+01
6.900000000000000355e+00,-1.417319436205985994e+01,6.192049175395449367e+01,5.629972293288999197e+01,2.020366892479184528e+01
6.910000000000000142e+00,-1.418192412732941321e+01,6.003624949781505649e+01,5.704752938058627620e+01,2.008005296368639492e+01
6.919999999999999929e+00,-1.420252624012005249e+01,5.815137898174906184e+01,5.779330253130790851e+01,1.989482242482635499e+01
6.929999999999999716e+00,-1.423456228807075163e+01,5.628455093733834502e+01,5.852461911049018539e+01,1.964984737212002486e+01
6.940000000000000391e+00,-1.427682917884281366e+01,5.445284327983237205e+01,5.923027460017285506e+01,1.935065835685200497e+01
6.950000000000000178e+00,-1.432744759809796520e+01,5.267038773658468642e+01,5.990148820614250269e+01,1.900584750371402265e+01
6.959999999999999964e+00,-1.438400591349818569e+01,5.094717493571391032e+01,6.053283019036449986e+01,1.862604971924517372e+01
6.969999999999999751e+00,-1.444375682993660703e+01,4.928812582196511016e+01,6.112271829068595252e+01,1.822263635390953596e+01
6.980000000000000426e+00,-1.450385789859238450e+01,4.769255355708990862e+01,6.167339781087486017e+01,1.780631089945783785e+01
6.990000000000000213e+00,-1.456163806280642525e+01,4.615413480071384100e+01,6.219040792148773988e+01,1.738581568567627755e+01
7.000000000000000000e+00,-1.461486289349186229e+01,4.466146946032111487e+01,6.268162235615325528e+01,1.696693540299761338e+01
7.009999999999999787e+00,-1.466196444373368202e+01,4.319923044076605123e+01,6.315601558199310261e+01,1.655192630120121322e+01
7.019999999999999574e+00,-1.470220133338989754e+01,4.174980206300487140e+01,6.362233458160555699e+01,1.613942656852024271e+01
7.030000000000000249e+00,-1.473572278580239825e+01,4.029520527869893698e+01,6.408785223672893494e+01,1.572483214424957509e+01
7.040000000000000036e+00,-1.476352587280104878e+01,3.881904289784992557e+01,6.455735022147500501e+01,1.530106578636509163e+01
7.049999999999999822e+00,-1.478731404983667019e+01,3.730819261740966652e+01,6.503243923646321889e+01,1.485962991339775563e+01
7.059999999999999609e+00,-1.480928157106936283e+01,3.575403190585836910e+01,6.551128153835838930e+01,1.439181314397736422e+01
7.070000000000000284e+00,-1.483185800877618021e+01,3.415307622900603945e+01,6.598873897264446953e+01,1.388991159341347448e+01
7.080000000000000071e+00,-1.485744824805284736e+01,3.250701810228522959e+01,6.645692859617918202e+01,1.334832549470193364e+01
7.089999999999999858e+00,-1.488819752369678184e+01,3.082223968888746768e+01,6.690612565241563914e+01,1.276440007977341651e+01
7.099999999999999645e+00,-1.492580170125870076e+01,2.910892087088718228e+01,6.732591060618385370e+01,1.213890071047211094e+01
7.110000000000000320e+00,-1.497137354129203679e+01,2.737987858252251527e+01,6.770641823254726432e+01,1.147605022210283998e+01
7.120000000000000107e+00,-1.502536839436077010e+01,2.564926306937197253e+01,6.803952173105491852e+01,1.078311197853084202e+01
7.129999999999999893e+00,-1.508756835221528192e+01,2.393121711590396217e+01,6.831978385083395722e+01,1.006956924291274014e+01
7.139999999999999680e+00,-1.515712175968605457e+01,2.223858687168822712e+01,6.854503640327268954e+01,9.346017378835499656e+00
7.150000000000000355e+00,-1.523263392787361958e+01,2.058176367613755531e+01,6.871650733803369349e+01,8.622934125804345484e+00
7.160000000000000142e+00,-1.531230354341378330e+01,1.896773499668395502e+01,6.883848946001454294e+01,7.909511511333868761e+00
7.169999999999999929e+00,-1.539409667656241609e+01,1.739942386098243787e+01,6.891761952712523964e+01,7.212715908832966427e+00
7.179999999999999716e+00,-1.547594620805064380e+01,1.587539150324243664e+01,6.896189374537520678e+01,6.536695731610600468e+00
7.190000000000000391e+00,-1.555595958746741303e+01,1.438995883271958043e+01,6.897957466126106851e+01,5.882592627529938945e+00
7.200000000000000178e+00,-1.563261361559343143e+01,1.293376394367785842e+01,6.897814339611740309e+01,5.248747639067960158e+00
7.209999999999999964e+00,-1.570491333294553193e+01,1.149471751319047819e+01,6.896342631921810096e+01,4.631241324229121936e+00
7.219999999999999751e+00,-1.577249466083646823e+01,1.005925622922271501e+01,6.893898687008966419e+01,4.024672685900346103e+00
7.230000000000000426e+00,-1.583565755252959306e+01,8.613742828999997769e+00,6.890583117069938623e+01,3.423066058924479904e+00
7.240000000000000213e+00,-1.589532681675260051e+01,7.145836045061562558e+00,6.886243692314501175e+01,2.820794094902271620e+00
7.250000000000000000e+00,-1.595294890274243826e+01,5.645663465070015263e+00,6.880508165527457720e+01,2.213414017467573380e+00
7.259999999999999787e+00,-1.601034188793141766e+01,4.106672169623514890e+00,6.872841883918168548e+01,1.598330038972499478e+00
7.269999999999999574e+00,-1.606952062750460186e+01,2.526092936168703229e+00,6.862622828057881463e+01,9.752158441455411886e-01
7.280000000000000249e+00,-1.613251899980751602e+01,9.050163700611260076e-01,6.849225089115003584e+01,3.461572231361721430e-01
7.290000000000000036e+00,-1.620122739550343027e+01,-7.518711955165122696e-01,6.832100940404583866e+01,-2.844940731293557623e-01
7.299999999999999822e+00,-1.627725786519016538e+01,-2.436815346857497122e+00,6.810851847230505030e+01,-9.105303234571565651e-01
7.309999999999999609e+00,-1.636184348861256410e+01,-4.139699676665904882e+00,6.785280189973023823e+01,-1.524504100670749374e+00
7.320000000000000284e+00,-1.645577382745446116e+01,-5.848851650950515513e+00,6.755416119539258091e+01,-2.118467376798776058e+00
7.330000000000000071e+00,-1.655936529399048851e+01,-7.551883463252866413e+00,6.721517477754153447e+01,-2.684736302191135238e+00
7.339999999999999858e+00,-1.667246379946404389e+01,-9.236517762497234330e+00,6.684044485090744558e+01,-3.216586038522788016e+00
7.349999999999999645e+00,-1.679447664772942517e+01,-1.089135930980003408e+01,6.643614208871203175e+01,-3.708796480548731456e+00
7.360000000000000320e+00,-1.692443068531676786e+01,-1.250657955409193001e+01,6.600942076847935880e+01,-4.157997130658630525e+00
7.370000000000000107e+00,-1.706105362981055507e+01,-1.407448235856986685e+01,6.556778583563524876e+01,-4.562791584623131946e+00
7.379999999999999893e+00,-1.720287486181747738e+01,-1.558991789223022018e+01,6.511848888860326667e+01,-4.923672553726526679e+00
7.389999999999999680e+00,-1.734834061370149527e+01,-1.705051127515795528e+01,6.466801551654438640e+01,-5.242762134914874750e+00
7.400000000000000355e+00,-1.749593654455996372e+01,-1.845667641261600878e+01,6.422170638456860559e+01,-5.523426721007928641e+00
7.410000000000000142e+00,-1.764430857497277216e+01,-1.981139631514923494e+01,6.378353340197913468e+01,-5.769821586485643472e+00
7.419999999999999929e+00,-1.779237121059134452e+01,-2.111977004977642380e+01,6.335603345087718452e+01,-5.986418572395750815e+00
7.429999999999999716e+00,-1.793939211282263457e+01,-2.238835170881324288e+01,6.294038712591795814e+01,-6.177563870933236778e+00
7.440000000000000391e+00,-1.808504290019245531e+01,-2.362433418271967156e+01,6.253661901683702951e+01,-6.347103898398315458e+00
7.450000000000000178e+00,-1.822940919739167853e+01,-2.483465415152730671e+01,6.214388874084261261e+01,-6.498107159088312379e+00
7.459999999999999964e+00,-1.837295737959337671e+01,-2.602510879181984293e+01,6.176083750264128724e+01,-6.632699588373447419e+00
7.469999999999999751e+00,-1.851646044066732699e+01,-2.719957569183941359e+01,6.138595296603531182e+01,-6.752020346042118426e+00
7.480000000000000426e+00,-1.866088993825853137e+01,-2.835941541773045316e+01,6.101791559892324557e+01,-6.856294495831888547e+00
7.490000000000000213e+00,-1.880728421864782973e+01,-2.950311463705790160e+01,6.065589263013639254e+01,-6.945008740171617845e+00
7.500000000000000000e+00,-1.895660473819163627e+01,-3.062620228359602592e+01,6.029975157003853070e+01,-7.017167044163982403e+00
7.509999999999999787e+00,-1.910959244085301734e+01,-3.172144741214998476e+01,5.995017382604768841e+01,-7.071595572278862818e+00
7.519999999999999574e+00,-1.926663537829208295e+01,-3.277932857043991532e+01,5.960865968698313111e+01,-7.107261948167394650e+00
7.530000000000000249e+00,-1.942765775180383869e+01,-3.378875112121307467e+01,5.927742770135263584e+01,-7.123573237772272471e+00
7.540000000000000036e+00,-1.959203983743635291e+01,-3.473797854355719750e+01,5.895922272677489673e+01,-7.120620480186367729e+00
7.549999999999999822e+00,-1.975857796868080385e+01,-3.561573210905974918e+01,5.865705617356222490e+01,-7.099344571885108479e+00
7.559999999999999609e+00,-1.992549353353891206e+01,-3.641239614153045778e+01,5.837390807025193595e+01,-7.061607754413462779e+00
7.570000000000000284e+00,-2.009049893417365595e+01,-3.712124095284895731e+01,5.811242302987982100e+01,-7.010165439004389931e+00
7.580000000000000071e+00,-2.025092547329059656e+01,-3.773954427222344776e+01,5.787463114512912199e+01,-6.948543232296038319e+00
7.589999999999999858e+00,-2.040391206854044626e+01,-3.826946222551083565e+01,5.766172094369633783e+01,-6.880832750742247761e+00
7.599999999999999645e+00,-2.054664417809434340e+01,-3.871848635890069090e+01,5.747388566915217467e+01,-6.811426554485936258e+00
7.610000000000000320e+00,-2.067662042147683010e+01,-3.909934040006237410e+01,5.731025713201481864e+01,-6.744717160201387784e+00
7.620000000000000107e+00,-2.079191301078758158e+01,-3.942923172538392862e+01,5.716893377366572793e+01,-6.684787727937735902e+00
7.629999999999999893e+00,-2.089138152010113458e+01,-3.972847668111237596e+01,5.704710171066319191e+01,-6.635122805660182088e+00
7.639999999999999680e+00,-2.097480168286026370e+01,-4.001864524219993768e+01,5.694123954726024550e+01,-6.598366452757383982e+00
7.650000000000000355e+00,-2.104288329454551132e+01,-4.032048196631868819e+01,5.684738989454972824e+01,-6.576151950167067106e+00
7.660000000000000142e+00,-2.109717143457062960e+01,-4.065191797871790413e+01,5.676147331113018168e+01,-6.569021855486894879e+00
7.669999999999999929e+00,-2.113984722593940901e+01,-4.102647115857131865e+01,5.667961462136269546e+01,-6.576449243175455983e+00
7.679999999999999716e+00,-2.117346151310758273e+01,-4.145224588034436408e+01,5.659844836084381825e+01,-6.596960871869211651e+00
7.690000000000000391e+00,-2.120064271402264922e+01,-4.193162142573763873e+01,5.651537050536630602e+01,-6.628351640671678702e+00
7.700000000000000178e+00,-2.122381820473367853e+01,-4.246159936951047342e+01,5.642870831115418184e+01,-6.667968530001744831e+00
7.709999999999999964e+00,-2.124497985048023452e+01,-4.303469453305405779e+01,5.633778892604426858e+01,-6.713033108781897518e+00
7.719999999999999751e+00,-2.126551300509093778e+01,-4.364021168147214524e+01,5.624289940583145153e+01,-6.760966359877380150e+00
7.730000000000000426e+00,-2.128609804764874625e+01,-4.426574373564523768e+01,5.614514408868566164e+01,-6.809679158630240536e+00
7.740000000000000213e+00,-2.130668607070639453e+01,-4.489874090482989288e+01,5.604621777021077378e+01,-6.857796408952971490e+00
7.750000000000000000e+00,-2.132654560372489527e+01,-4.552801836951113756e+01,5.594812277856714644e+01,-6.904791750563666675e+00
7.759999999999999787e+00,-2.134437402047158727e+01,-4.614508393109102968e+01,5.585286352216200356e+01,-6.951021277885567784e+00
7.769999999999999574e+00,-2.135846403146700823e+01,-4.674517566566149895e+01,5.576215292733810713e+01,-6.997656915503560171e+00
7.780000000000000249e+00,-2.136691138586801131e+01,-4.732790935625456541e+01,5.567716182270842751e+01,-7.046531202604223942e+00
7.790000000000000036e+00,-2.136784460653693074e+01,-4.789745610407531728e+01,5.559833577626928758e+01,-7.099913985846471931e+00
7.799999999999999822e+00,-2.135965245540650415e+01,-4.846221029543616510e+01,5.552529539412797277e+01,-7.160247270770708994e+00
7.809999999999999609e+00,-2.134118194661696322e+01,-4.903396852212047463e+01,5.545682680356411254e+01,-7.229867136075066369e+00
7.820000000000000284e+00,-2.131188120484662818e+01,-4.962671252065118210e+01,5.539095987643923280e+01,-7.310741401378383131e+00
7.830000000000000071e+00,-2.127186835510843110e+01,-5.025515606885319642e+01,5.532512335493420608e+01,-7.404249008073073846e+00
7.839999999999999858e+00,-2.122191909308497415e+01,-5.093325662062243708e+01,5.525635891765001872e+01,-7.511022178192175325e+00
7.849999999999999645e+00,-2.116337892697812251e+01,-5.167289310486855669e+01,5.518157082819920589e+01,-7.630865712388144928e+00
7.860000000000000320e+00,-2.109801775176104144e+01,-5.248287082254157809e+01,5.509778461387085713e+01,-7.762759716139600030e+00
7.870000000000000107e+00,-2.102785148982057706e+01,-5.336834564803793768e+01,5.500238767041227561e+01,-7.904943235321638006e+00
7.879999999999999893e+00,-2.095495683688022126e+01,-5.433068345157386858e+01,5.489332705386613753e+01,-8.055067608322243444e+00
7.889999999999999680e+00,-2.088130146753583105e+01,-5.536770632654027935e+01,5.476924493999010224e+01,-8.210400846175925693e+00
7.900000000000000355e+00,-2.080860542570141192e+01,-5.647423642270028665e+01,5.462953979354393397e+01,-8.368059075613183850e+00
7.910000000000000142e+00,-2.073824213037601893e+01,-5.764283276543533674e+01,5.447435023482631777e+01,-8.525238819476978591e+00
7.919999999999999929e+00,-2.067118116660474669e+01,-5.886462089901880290e+01,5.430446766206608089e+01,-8.679424980169828885e+00
7.929999999999999716e+00,-2.060797060586799745e+01,-6.013013103030916540e+01,5.412119158531798746e+01,-8.828553599340366986e+00
7.940000000000000391e+00,-2.054875401961695403e+01,-6.143007974930553416e+01,5.392614728738121244e+01,-8.971115029224847603e+00
7.950000000000000178e+00,-2.049331615443753307e+01,-6.275604820928778338e+01,5.372108823681904965e+01,-9.106190964510954444e+00
7.959999999999999964e+00,-2.044115082733728173e+01,-6.410102372613246757e+01,5.350770555476006507e+01,-9.233426661891272147e+00
7.969999999999999751e+00,-2.039154446907640050e+01,-6.545978234218895864e+01,5.328746416646288964e+01,-9.352946594022817806e+00
7.980000000000000426e+00,-2.034366859957660978e+01,-6.682909857919906926e+01,5.306148074019804994e+01,-9.465227046159842672e+00
7.990000000000000213e+00,-2.029667430724945021e+01,-6.820777728554855912e+01,5.283045292525453362e+01,-9.570942439293080639e+00
8.000000000000000000e+00,-2.024978166429288606e+01,-6.959651256764773564e+01,5.259464348303274051e+01,-9.670803443030290936e+00
8.009999999999999787e+00,-2.020235719224842441e+01,-7.099759063400790637e+01,5.235391724091751087e+01,-9.765404422703731768e+00
8.019999999999999574e+00,-2.015397324392916190e+01,-7.241446608752985981e+01,5.210782379705192824e+01,-9.855095740205129573e+00
8.029999999999999361e+00,-2.010444462562854895e+01,-7.385125287571884201e+01,5.185571484103011386e+01,-9.939893203087162732e+00
8.039999999999999147e+00,-2.005383989821418567e+01,-7.531217942286930622e+01,5.159688203105297788e+01,-1.001943282393293799e+01
8.050000000000000711e+00,-2.000246732135689243e+01,-7.680106045134955650e+01,5.133069974968280036e+01,-1.009297430698049425e+01
8.060000000000000497e+00,-1.995083795906613133e+01,-7.832083473200202661e+01,5.105675688909864363e+01,-1.015945165730455813e+01
8.070000000000000284e+00,-1.989961063872966562e+01,-7.987320895741645188e+01,5.077496317431986483e+01,-1.021756441549527850e+01
8.080000000000000071e+00,-1.984952493505034710e+01,-8.145843481464117986e+01,5.048561838371675492e+01,-1.026589873014443732e+01
8.089999999999999858e+00,-1.980132899315157147e+01,-8.307523152783325315e+01,5.018943696285505496e+01,-1.030306428224004200e+01
8.099999999999999645e+00,-1.975570885831729839e+01,-8.472085197808657142e+01,4.988752554825133245e+01,-1.032783139452483923e+01
8.109999999999999432e+00,-1.971322523045020958e+01,-8.639127866961511870e+01,4.958131625376242368e+01,-1.033925275832414492e+01
8.119999999999999218e+00,-1.967426245426580422e+01,-8.808152704939699618e+01,4.927246357027816970e+01,-1.033675611836027386e+01
8.130000000000000782e+00,-1.963899331140219573e+01,-8.978602788963831927e+01,4.896271676240430537e+01,-1.032019774095982712e+01
8.140000000000000568e+00,-1.960736193712992304e+01,-9.149905695846567255e+01,4.865378222648885043e+01,-1.028987109717107451e+01
8.150000000000000355e+00,-1.957908598329591499e+01,-9.321517826980806376e+01,4.834719113309338923e+01,-1.024647032548452863e+01
8.160000000000000142e+00,-1.955367795283422794e+01,-9.492966632242253411e+01,4.804418678728178804e+01,-1.019101307403066237e+01
8.169999999999999929e+00,-1.953048436838004775e+01,-9.663887292174240429e+01,4.774564369032593447e+01,-1.012473170049096005e+01
8.179999999999999716e+00,-1.950874006084067602e+01,-9.834050598438996360e+01,4.745202661768521324e+01,-1.004894509941033576e+01
8.189999999999999503e+00,-1.948763340363545282e+01,-1.000337920780886805e+02,4.716339356459076271e+01,-9.964925350556034900e+00
8.199999999999999289e+00,-1.946637691640040302e+01,-1.017195022633788710e+02,4.687944160609709598e+01,-9.873773797004277597e+00
8.210000000000000853e+00,-1.944427656756954903e+01,-1.033998324889866893e+02,4.659959002885228330e+01,-9.776320044961998690e+00
8.220000000000000639e+00,-1.942079262449932031e+01,-1.050781448024512486e+02,4.632309096609363053e+01,-9.673054814231527132e+00
8.230000000000000426e+00,-1.939558530291528982e+01,-1.067585922468968533e+02,4.604915463984751511e+01,-9.564103760435246571e+00
8.240000000000000213e+00,-1.936853988047536035e+01,-1.084456658099731357e+02,4.577707457797327351e+01,-9.449244676144045840e+00
8.250000000000000000e+00,-1.933976826301676510e+01,-1.101437130984142385e+02,4.550633812505179776e+01,-9.327965344883153875e+00
8.259999999999999787e+00,-1.930958689008956597e+01,-1.118564829954831055e+02,4.523670932958863489e+01,-9.199554383752417408e+00
8.269999999999999574e+00,-1.927847383834852835e+01,-1.135867472465359214e+02,4.496827474679631820e+01,-9.063213338592039037e+00
8.279999999999999361e+00,-1.924701050013263171e+01,-1.153360393008269256e+02,4.470144745120633445e+01,-8.918175705372405560e+00
8.289999999999999147e+00,-1.921581487266494292e+01,-1.171045349641241984e+02,4.443692996610793955e+01,-8.763817870705782553e+00
8.300000000000000711e+00,-1.918547410034996759e+01,-1.188910814843401482e+02,4.417564210201710750e+01,-8.599748326844945723e+00
8.310000000000000497e+00,-1.915648351037610908e+01,-1.206933645566534494e+02,4.391862407191920425e+01,-8.425864717070179921e+00
8.320000000000000284e+00,-1.912919818359323187e+01,-1.225081886003188743e+02,4.366692809154775290e+01,-8.242372797612551594e+00
8.330000000000000071e+00,-1.910380139500088958e+01,-1.243318356804049500e+02,4.342151262420019719e+01,-8.049766556832846476e+00
8.339999999999999858e+00,-1.908029231027762407e+01,-1.261604628472135943e+02,4.318315245360449239e+01,-7.848773751206538307e+00
8.349999999999999645e+00,-1.905849333726777317e+01,-1.279904961142534177e+02,4.295237511646455175e+01,-7.640275321881010662e+00
8.359999999999999432e+00,-1.903807563330574482e+01,-1.298189813209500016e+02,4.272943036043489684e+01,-7.425210043424050887e+00
8.369999999999999218e+00,-1.901859955026193205e+01,-1.316438573751026127e+02,4.251429478803046891e+01,-7.204477046719969024e+00
8.380000000000000782e+00,-1.899956535234184329e+01,-1.334641256275384080e+02,4.230670930099223170e+01,-6.978848489276866296e+00
8.390000000000000568e+00,-1.898046849234286526e+01,-1.352799001279548747e+02,4.210624292974168270e+01,-6.748902750782531434e+00
8.400000000000000355e+00,-1.896085323474553874e+01,-1.370923366289898695e+02,4.191237358894444753e+01,-6.514985403213346515e+00
8.410000000000000142e+00,-1.894035861337083304e+01,-1.389034522506646283e+02,4.172457459149414660e+01,-6.277201266643858801e+00
8.419999999999999929e+00,-1.891875168051253553e+01,-1.407158609064877339e+02,4.154239557247294101e+01,-6.035436632849525473e+00
8.429999999999999716e+00,-1.889594468669968563e+01,-1.425324598328555794e+02,4.136552782646815274e+01,-5.789406784783459159e+00
8.439999999999999503e+00,-1.887199501371193833e+01,-1.443561079648150667e+02,4.119384674196435014e+01,-5.538720806028197607e+00
8.449999999999999289e+00,-1.884708902786454843e+01,-1.461893363407145330e+02,4.102742762141785704e+01,-5.282953800859878868e+00
8.460000000000000853e+00,-1.882151313224401790e+01,-1.480341242258210457e+02,4.086653515052417873e+01,-5.021716286895749448e+00
8.470000000000000639e+00,-1.879561682590669847e+01,-1.498917634423964671e+02,4.071159050826198467e+01,-4.754711691027035059e+00
8.480000000000000426e+00,-1.876977330266814903e+01,-1.517628195704033089e+02,4.056312302099431832e+01,-4.481775337169649376e+00
8.490000000000000213e+00,-1.874434298693874723e+01,-1.536471846472927609e+02,4.042171494068222160e+01,-4.202891616057438995e+00
8.500000000000000000e+00,-1.871964451048565437e+01,-1.555442039189864545e+02,4.028794817259011296e+01,-3.918189607261450824e+00
8.509999999999999787e+00,-1.869593619183360644e+01,-1.574528506312346110e+02,4.016236063983117077e+01,-3.627920702092696015e+00
8.519999999999999574e+00,-1.867340934734286861e+01,-1.593719186013671276e+02,4.004541771749504164e+01,-3.332424258668724715e+00
8.529999999999999361e+00,-1.865219299599741021e+01,-1.613002024866538306e+02,3.993750122161684146e+01,-3.032088671160916515e+00
8.539999999999999147e+00,-1.863236794288919995e+01,-1.632366398482785996e+02,3.983891529946586019e+01,-2.727315314189708850e+00
8.550000000000000711e+00,-1.861398701912248299e+01,-1.651803965034199564e+02,3.974990573707075470e+01,-2.418491690941385830e+00
8.560000000000000497e+00,-1.859709754882869603e+01,-1.671308861922841515e+02,3.967068710472050697e+01,-2.105978008159323345e+00
8.570000000000000284e+00,-1.858176198187265626e+01,-1.690877259880901420e+02,3.960147110054398922e+01,-1.790108696832229285e+00
8.580000000000000071e+00,-1.856807308219661934e+01,-1.710506387539214757e+02,3.954248955916153108e+01,-1.471207547475968491e+00
8.589999999999999858e+00,-1.855616102935440637e+01,-1.730193219347520426e+02,3.949400681636787169e+01,-1.149612599195993790e+00
8.599999999999999645e+00,-1.854619113162102906e+01,-1.749933069275641344e+02,3.945631823585296871e+01,-8.257051198786796720e-01
8.609999999999999432e+00,-1.853835236077759774e+01,-1.769718344981730240e+02,3.942973434389296727e+01,-4.999362259615418580e-01
8.619999999999999218e+00,-1.853283837258674893e+01,-1.789537690967886476e+02,3.941455273626894495e+01,-1.728450305505257467e-01
8.630000000000000782e+00,-1.852982385946530286e+01,1.790624310418300240e+02,3.941102226629072902e+01,1.549363916419261300e-01
8.640000000000000568e+00,-1.852943983161243224e+01,1.770786794630081999e+02,3.941930561064351934e+01,4.826937152295205924e-01
8.650000000000000355e+00,-1.853175165292088522e+01,1.750971636207647464e+02,3.943944688637806451e+01,8.096565718208043050e-01
8.660000000000000142e+00,-1.853674335856359434e+01,1.731201937380699860e+02,3.947135046623228050e+01,1.135037380133193219e+00
8.669999999999999929e+00,-1.854431100695975942e+01,1.711500164954748016e+02,3.951477558850610450e+01,1.458077632308475424e+00
8.679999999999999716e+00,-1.855426667073227875e+01,1.691886173073452824e+02,3.956934901182513187e+01,1.778094944808898958e+00
8.689999999999999503e+00,-1.856635328092927040e+01,1.672375376676390033e+02,3.963459517191604675e+01,2.094523676205350515e+00
8.699999999999999289e+00,-1.858026906075672358e+01,1.652977334128604241e+02,3.970998047686892107e+01,2.406942536016859702e+00
8.710000000000000853e+00,-1.859569889353849348e+01,1.633694956289762388e+02,3.979496596801311625e+01,2.715084303914595765e+00
8.720000000000000639e+00,-1.861234885186485144e+01,1.614524485595313763e+02,3.988906097313026322e+01,3.018825326805212761e+00
8.730000000000000426e+00,-1.862997945330597460e+01,1.595456289571858122e+02,3.999186988107427254e+01,3.318155495687352019e+00
8.740000000000000213e+00,-1.864843314779468741e+01,1.576476400740510826e+02,4.010312490499401861e+01,3.613132456300715667e+00
8.750000000000000000e+00,-1.866765215018727631e+01,1.557568625466161905e+02,4.022269960979905079e+01,3.903826378001860498e+00
8.759999999999999787e+00,-1.868768396411309141e+01,1.538716956108311820e+02,4.035060078963236663e+01,4.190263250242010962e+00
8.769999999999999574e+00,-1.870867363323736399e+01,1.519907969865752762e+02,4.048693955724575488e+01,4.472375092475595615e+00
8.779999999999999361e+00,-1.873084363806249897e+01,1.501132894007333221e+02,4.063188571999922516e+01,4.749964551155454018e+00
8.789999999999999147e+00,-1.875446412101772964e+01,1.482389062107091036e+02,4.078561213886634818e+01,5.022689241853870001e+00
8.800000000000000711e+00,-1.877981748513775884e+01,1.463680571853086008e+02,4.094823736515879631e+01,5.290068203257136226e+00
8.810000000000000497e+00,-1.880716217098553145e+01,1.445018067524483456e+02,4.111977516035748437e+01,5.551509432990948234e+00
8.820000000000000284e+00,-1.883670048568748712e+01,1.426417691651817563e+02,4.130009846838623844e+01,5.806354204581414713e+00
8.830000000000000071e+00,-1.886855476142536503e+01,1.407899363482168553e+02,4.148892317457408296e+01,6.053931230355020787e+00
8.839999999999999858e+00,-1.890275496728224169e+01,1.389484632513962481e+02,4.168581387860236021e+01,6.293612153034690238e+00
8.849999999999999645e+00,-1.893923934720010038e+01,1.371194413472444467e+02,4.189021039019735326e+01,6.524859586623220409e+00
8.859999999999999432e+00,-1.897786789174629263e+01,1.353046928510390217e+02,4.210147026074511700e+01,6.747260065641204285e+00
8.869999999999999218e+00,-1.901844666889273228e+01,1.335056160417792057e+02,4.231891993146187048e+01,6.960536675087949376e+00
8.880000000000000782e+00,-1.906075944549223067e+01,1.317231057906101910e+02,4.254190547801396605e+01,7.164539491329453114e+00
8.890000000000000568e+00,-1.910460183724151051e+01,1.299575635427537463e+02,4.276983378077810727e+01,7.359215762876410771e+00
8.900000000000000355e+00,-1.914981262567621556e+01,1.282089985452708163e+02,4.300219634864959772e+01,7.544565388347741042e+00
8.910000000000000142e+00,-1.919629701856703363e+01,1.264772086060005165e+02,4.323857081406240610e+01,7.720590084370202888e+00
8.919999999999999929e+00,-1.924403754992427906e+01,1.247620160643743645e+02,4.347859888869066936e+01,7.887246157468449148e+00
8.929999999999999716e+00,-1.929308993145949813e+01,1.230635250023786966e+02,4.372194372306169186e+01,8.044410683813321583e+00
8.939999999999999503e+00,-1.934356325868152382e+01,1.213823607226068049e+02,4.396823346014764411e+01,8.191869112452838664e+00
8.949999999999999289e+00,-1.939558622506432783e+01,1.197198531002656239e+02,4.421700065721194051e+01,8.329329079370221933e+00
8.960000000000000853e+00,-1.944926306198648902e+01,1.180781315155794147e+02,4.446762866242179513e+01,8.456461033468340105e+00
8.970000000000000639e+00,-1.950462450268265968e+01,1.164601097028542256e+02,4.471931569176101817e+01,8.572961776321378125e+00
8.980000000000000426e+00,-1.956157996896062912e+01,1.148693524110765765e+02,4.497106524472514621e+01,8.678632912231240226e+00
8.990000000000000213e+00,-1.961987732055093048e+01,1.133098304644701244e+02,4.522170788075708714e+01,8.773463160770205604e+00
9.000000000000000000e+00,-1.967907590474060697e+01,1.117855849949789047e+02,4.546995474825907024e+01,8.857702034733090812e+00
9.009999999999999787e+00,-1.973853737047221202e+01,1.103003339344115403e+02,4.571447829358201886e+01,8.931912853238060279e+00
9.019999999999999574e+00,-1.979743686319665841e+01,1.088570631601391909e+02,4.595401105966972466e+01,8.996995485697835804e+00
9.029999999999999361e+00,-1.985479491274350394e+01,1.074576498895855110e+02,4.618745018609109110e+01,9.054173333689291781e+00
9.039999999999999147e+00,-1.990952773405413723e+01,1.061025658760330117e+02,4.641395377646479403e+01,9.104944268015980668e+00
9.050000000000000711e+00,-1.996051103916221692e+01,1.047907016357874994e+02,4.663301606161498114e+01,9.151000714830008320e+00
9.060000000000000497e+00,-2.000665018288715657e+01,1.035193398381972401e+02,4.684451123219225366e+01,9.194128882264276825e+00
9.070000000000000284e+00,-2.004694799399302241e+01,1.022842867612650366e+02,4.704870050320364072e+01,9.236100362706078926e+00
9.080000000000000071e+00,-2.008056142145730405e+01,1.010801476220608777e+02,4.724620261187832426e+01,9.278570420797903395e+00
9.089999999999999858e+00,-2.010683942530047830e+01,9.990070851487517700e+01,4.743793354560740028e+01,9.322995971068989363e+00
9.099999999999999645e+00,-2.012533731850915686e+01,9.873936942650244930e+01,4.762502585981706460e+01,9.370582802361544950e+00
9.109999999999999432e+00,-2.013580659273227624e+01,9.758956375540300598e+01,4.780874069711838104e+01,9.422266656219477454e+00
9.119999999999999218e+00,-2.013816339241008535e+01,9.644510252699804198e+01,4.799038613503198292e+01,9.478727203967515891e+00
9.130000000000000782e+00,-2.013244237496323308e+01,9.530039589217915363e+01,4.817125375986659463e+01,9.540428751421782039e+00
9.140000000000000568e+00,-2.011874496654950661e+01,9.415052755610216195e+01,4.835258176197744717e+01,9.607677480897267586e+00
9.150000000000000355e+00,-2.009719157019460312e+01,9.299118465763484664e+01,4.853554803339526558e+01,9.680682824213496573e+00
9.160000000000000142e+00,-2.006788607866923968e+01,9.181847094622170857e+01,4.872129154314200150e+01,9.759610435646482784e+00
9.169999999999999929e+00,-2.003089841155240336e+01,9.062865029630789593e+01,4.891095551455347135e+01,9.844616148162435465e+00
9.179999999999999716e+00,-1.998626728710729239e+01,8.941787764038085129e+01,4.910574237985753143e+01,9.935853881691901535e+00
9.189999999999999503e+00,-1.993402170365982329e+01,8.818197408804435611e+01,4.930696868114564779e+01,1.003345510599666568e+01
9.199999999999999289e+00,-1.987421628001102292e+01,8.691629284991221027e+01,4.951610827653291125e+01,1.013748236099860556e+01
9.210000000000000853e+00,-1.980697323830669632e+01,8.561570462398871939e+01,4.973481431631095973e+01,1.024786368726381447e+01
9.220000000000000639e+00,-1.973252279592990632e+01,8.427470858794633557e+01,4.996491407331916434e+01,1.036431790496739325e+01
9.230000000000000426e+00,-1.965123422939533526e+01,8.288765216918166345e+01,5.020837518737374694e+01,1.048628201849295749e+01
9.240000000000000213e+00,-1.956363176806337734e+01,8.144902361678224167e+01,5.046724642586858067e+01,1.061285145110884010e+01
9.250000000000000000e+00,-1.947039237157992631e+01,7.995376966039205513e+01,5.074357989912213895e+01,1.074274150544735917e+01
9.259999999999999787e+00,-1.937232573573071903e+01,7.839758821995994253e+01,5.103934418510421267e+01,1.087427486879166239e+01
9.269999999999999574e+00,-1.927033988462554959e+01,7.677715313249137807e+01,5.135633865646721574e+01,1.100539579525461775e+01
9.279999999999999361e+00,-1.916539787487661783e+01,7.509024206686210334e+01,5.169611840310446382e+01,1.113370751978087725e+01
9.289999999999999147e+00,-1.905847212992635420e+01,7.333575674467216743e+01,5.205993672493045210e+01,1.125652615279747870e+01
9.300000000000000711e+00,-1.895050269902800721e+01,7.151364248529515066e+01,5.244870867242877210e+01,1.137094227981928540e+01
9.310000000000000497e+00,-1.884236450404062779e+01,6.962472877569051377e+01,5.286299512023943947e+01,1.147388105076305109e+01
9.320000000000000284e+00,-1.873484675701675073e+01,6.767052204948737426e+01,5.330300301756822279e+01,1.156215275984508217e+01
9.330000000000000071e+00,-1.862864560088529586e+01,6.565298546718391037e+01,5.376859439908056260e+01,1.163248862362768143e+01
9.339999999999999858e+00,-1.852436899752453314e+01,6.357433860971323014e+01,5.425929500157513985e+01,1.168156027588574020e+01
9.349999999999999645e+00,-1.842255122661990185e+01,6.143690371065743960e+01,5.477429329274376357e+01,1.170598584085824889e+01
9.359999999999999432e+00,-1.832367323164803352e+01,5.924301577952239484e+01,5.531242252844955942e+01,1.170232962148355327e+01
9.369999999999999218e+00,-1.822818453409690420e+01,5.699500323241329625e+01,5.587212199022756920e+01,1.166710570549247272e+01
9.380000000000000782e+00,-1.813652253496331568e+01,5.469523492645362239e+01,5.645137840458528444e+01,1.159679747276798167e+01
9.390000000000000568e+00,-1.804912566764982529e+01,5.234622012199086782e+01,5.704765404208362867e+01,1.148790457821474398e+01
9.400000000000000355e+00,-1.796643793398503419e+01,4.995074094791957720e+01,5.765781328149169838e+01,1.133702624941549075e+01
9.410000000000000142e+00,-1.788890367600415843e+01,4.751199312347173276e+01,5.827806356094727391e+01,1.114098477595446823e+01
9.419999999999999929e+00,-1.781695281959693133e+01,4.503371023285519925e+01,5.890392871799421926e+01,1.089698634239738695e+01
9.429999999999999716e+00,-1.775097808974797431e+01,4.252024951054428215e+01,5.953027200707945354e+01,1.060280869702053863e+01
9.439999999999999503e+00,-1.769130669622156304e+01,3.997662222145921618e+01,6.015138215351299067e+01,1.025699769775825132e+01
9.449999999999999289e+00,-1.763816963624545053e+01,3.740845841658094173e+01,6.076112869490899016e+01,9.859048893703555194e+00
9.460000000000000853e+00,-1.759167203217489828e+01,3.482190317490611164e+01,6.135318320125566771e+01,9.409547375356350329e+00
9.470000000000000639e+00,-1.755176784316083527e+01,3.222344860506452591e+01,6.192129202567613788e+01,8.910240312281510811e+00
9.480000000000000426e+00,-1.751824191561795274e+01,2.961971230230086150e+01,6.245957585821641089e+01,8.364022476550445617e+00
9.490000000000000213e+00,-1.749070172920172439e+01,2.701717829595170883e+01,6.296282366662696006e+01,7.774825329170399257e+00
9.500000000000000000e+00,-1.746858040481125229e+01,2.442192058549895606e+01,6.342674557584219031e+01,7.147413588807780549e+00
9.509999999999999787e+00,-1.745115160713478630e+01,2.183933199007734416e+01,6.384815210601372115e+01,6.487107339458049182e+00
9.519999999999999574e+00,-1.743755593029473516e+01,1.927388200529287943e+01,6.422503601349137625e+01,5.799459894683106853e+00
9.529999999999999361e+00,-1.742683724839550052e+01,1.672892636033768454e+01,6.455654644233902673e+01,5.089929215518192329e+00
9.539999999999999147e+00,-1.741798642245966988e+01,1.420658766314631549e+01,6.484286072163001791e+01,4.363581947867285926e+00
9.550000000000000711e+00,-1.740998880273505733e+01,1.170772071420035587e+01,6.508497389301099645e+01,3.624863747174337014e+00
9.560000000000000497e+00,-1.740187130673636418e+01,9.231967906727161832e+00,6.528443708341686147e+01,2.877458611799112997e+00
9.570000000000000284e+00,-1.739274465051818197e+01,6.777900277118424910e+00,6.544308120274004636e+01,2.124245720502871304e+00
9.580000000000000071e+00,-1.738183668504112944e+01,4.343229456001131084e+00,6.556276148698562167e+01,1.367347568980907146e+00
9.589999999999999858e+00,-1.736851377249562489e+01,1.925066650641977573e+00,6.564515176749877412e+01,6.082506902265053528e-01
9.599999999999999645e+00,-1.735228863669001598e+01,-4.798014025885782852e-01,6.569160667319142988e+01,-1.520280859808225971e-01
9.609999999999999432e+00,-1.733281492057834328e+01,-2.874651474055043288e+00,6.570309745767444554e+01,-9.127599959775942740e-01
9.619999999999999218e+00,-1.730987048126076289e+01,-5.262606829559698163e+00,6.568021506150856226e+01,-1.673335358942311890e+00
9.630000000000000782e+00,-1.728333293061946208e+01,-7.646485634636948525e+00,6.562322435389445729e+01,-2.433128734578067665e+00
9.640000000000000568e+00,-1.725315182947987935e+01,-1.002872552002889961e+01,6.553214767618273129e+01,-3.191410228642431957e+00
9.650000000000000355e+00,-1.721932212203964241e+01,-1.241138301037943314e+01,6.540685454190422377e+01,-3.947304397557717337e+00
9.660000000000000142e+00,-1.718186285088259524e+01,-1.479619519582864484e+01,6.524713755058333220e+01,-4.699788524437772175e+00
9.669999999999999929e+00,-1.714080404240777256e+01,-1.718468221858405087e+01,6.505276138775033701e+01,-5.447714971887326563e+00
9.679999999999999716e+00,-1.709618310840983213e+01,-1.957826410861521182e+01,6.482348071930046274e+01,-6.189839082798672010e+00
9.689999999999999503e+00,-1.704805042725979192e+01,-2.197836482267516800e+01,6.455903198075577620e+01,-6.924835176438882911e+00
9.699999999999999289e+00,-1.699648220733427806e+01,-2.438647993615210297e+01,6.425911162662137599e+01,-7.651288208491910048e+00
9.710000000000000853e+00,-1.694159752681437325e+01,-2.680419162091113705e+01,6.392335780490270736e+01,-8.367656492560394454e+00
9.720000000000000639e+00,-1.688357576233225288e+01,-2.923312413128240195e+01,6.355135276707380854e+01,-9.072209834353238023e+00
9.730000000000000426e+00,-1.682267055941323619e+01,-3.167484348557694318e+01,6.314265953733669079e+01,-9.762955614252993186e+00
9.740000000000000213e+00,-1.675921705903377301e+01,-3.413071470565918020e+01,6.269689918892400726e+01,-1.043757102747670018e+01
9.750000000000000000e+00,-1.669363017456779730e+01,-3.660173732424311055e+01,6.221386592930358006e+01,-1.109336159091225937e+01
9.759999999999999787e+00,-1.662639312287392102e+01,-3.908838375990057301e+01,6.169366792182136550e+01,-1.172726360944920110e+01
9.769999999999999574e+00,-1.655803691137798950e+01,-4.159046509460250007e+01,6.113687429769643700e+01,-1.233590186503733399e+01
9.779999999999999361e+00,-1.648911282562293934e+01,-4.410704498363160297e+01,6.054464478553843776e+01,-1.291570448061262333e+01
9.789999999999999147e+00,-1.642016095034180623e+01,-4.663641572581272499e+01,5.991881881568592405e+01,-1.346306650234790681e+01
9.800000000000000711e+00,-1.635167827293226850e+01,-4.917614216130592553e+01,5.926194595744724580e+01,-1.397454433705168242e+01
9.810000000000000497e+00,-1.628408993307607489e+01,-5.172317038310919202e+01,5.857724825349167475e+01,-1.444705674307232002e+01
9.820000000000000284e+00,-1.621772674600035913e+01,-5.427399042390479167e+01,5.786851573475581034e+01,-1.487806597406061648e+01
9.830000000000000071e+00,-1.615281134035313571e+01,-5.682483596938773474e+01,5.713994698883187340e+01,-1.526571535211427566e+01
9.839999999999999858e+00,-1.608945423719857359e+01,-5.937190025505937285e+01,5.639595503146813371e+01,-1.560890639884358677e+01
9.849999999999999645e+00,-1.602766007619423405e+01,-6.191154582785755167e+01,5.564096336021223266e+01,-1.590730821388483562e+01
9.859999999999999432e+00,-1.596734308022199400e+01,-6.444048678824701426e+01,5.487921728752418460e+01,-1.616130212268266675e+01
9.869999999999999218e+00,-1.590834984185852186e+01,-6.695592531980449280e+01,5.411463173356833067e+01,-1.637187378781354496e+01
9.880000000000000782e+00,-1.585048670860216902e+01,-6.945562948129932579e+01,5.335068964945205749e+01,-1.654047148052820404e+01
9.890000000000000568e+00,-1.579354852670110887e+01,-7.193794594215268035e+01,5.259039662746528165e+01,-1.666885219871404189e+01
9.900000000000000355e+00,-1.573734534941795538e+01,-7.440174894750940382e+01,5.183628861291290946e+01,-1.675893667002648968e+01
9.910000000000000142e+00,-1.568172396831842264e+01,-7.684633446030950665e+01,5.109048233681066620e+01,-1.681269048610729300e+01
9.919999999999999929e+00,-1.562658178115236396e+01,-7.927127516300070909e+01,5.035475312669237269e+01,-1.683204259670860736e+01
9.929999999999999716e+00,-1.557187150173006884e+01,-8.167625683885505339e+01,4.963062264108418020e+01,-1.681884529645132886e+01
9.939999999999999503e+00,-1.551759642048961219e+01,-8.406091882453236508e+01,4.891943985426047448e+01,-1.677487284272359958e+01
9.949999999999999289e+00,-1.546379717119668307e+01,-8.642472034940067260e+01,4.822244190614424042e+01,-1.670185000611669679e+01
9.960000000000000853e+00,-1.541053206941329634e+01,-8.876685075861263385e+01,4.754078650087755165e+01,-1.660149797134286942e+01
9.970000000000000639e+00,-1.535785390475333578e+01,-9.108619543388257966e+01,4.687555344277362224e+01,-1.647558351580059721e+01
9.980000000000000426e+00,-1.530578648518060803e+01,-9.338136160271136532e+01,4.622771863390948255e+01,-1.632595832683125892e+01
9.990000000000000213e+00,-1.525430420629453998e+01,-9.565076024424405432e+01,4.559810852113403001e+01,-1.615457831822325829e+01
1.000000000000000000e+01,-1.520331747352151552e+01,-9.789273300556300228e+01,4.498734591806702809e+01,-1.596349720705294750e+01
1.000999999999999979e+01,-1.515266601254700518e+01,-1.001057073112079223e+02,4.439579902624415553e+01,-1.575483358196960459e+01
1.001999999999999957e+01,-1.510212106886753602e+01,-1.022883593143802443e+02,4.382354438425242904e+01,-1.553071539355376274e+01
1.002999999999999936e+01,-1.505139634585841080e+01,-1.044397633752071499e+02,4.327035173793564127e+01,-1.529320951818575303e+01
1.003999999999999915e+01,-1.500016639656230666e+01,-1.065595084774349885e+02,4.273569501246677760e+01,-1.504424630664941986e+01
1.005000000000000071e+01,-1.494809020421372914e+01,-1.086477662625569707e+02,4.221878933919798271e+01,-1.478554960997251300e+01
1.006000000000000050e+01,-1.489483699025513808e+01,-1.107053017315903247e+02,4.171865010110563787e+01,-1.451858171748168580e+01
1.007000000000000028e+01,-1.484011098436897313e+01,-1.127334253923678915e+02,4.123416677736199176e+01,-1.424451020559006409e+01
1.008000000000000007e+01,-1.478367204425041059e+01,-1.147338936861107754e+02,4.076418241190130232e+01,-1.396420030928788769e+01
1.008999999999999986e+01,-1.472534962475281972e+01,-1.167087717121323891e+02,4.030756903896485710e+01,-1.367823263104710207e+01
1.009999999999999964e+01,-1.466504859062517596e+01,-1.186602774100995532e+02,3.986329039510801664e+01,-1.338694237746105387e+01
1.010999999999999943e+01,-1.460274659447904710e+01,-1.205906285506366231e+02,3.943044553776362449e+01,-1.309047341424811428e+01
1.011999999999999922e+01,-1.453848400164383037e+01,-1.225019127108145227e+02,3.900829018207713261e+01,-1.278883869355147773e+01
1.013000000000000078e+01,-1.447234842461199378e+01,-1.243959960611001065e+02,3.859623612304812212e+01,-1.248197828398515696e+01
1.014000000000000057e+01,-1.440445665256772578e+01,-1.262744800336938198e+02,3.819383243427988361e+01,-1.216980733685893945e+01
1.015000000000000036e+01,-1.433493701448761826e+01,-1.281387069616873760e+02,3.780073468036253814e+01,-1.185224862124262302e+01
1.016000000000000014e+01,-1.426391497162186006e+01,-1.299898079233081489e+02,3.741666974607394991e+01,-1.152924732415338127e+01
1.016999999999999993e+01,-1.419150405477043719e+01,-1.318287795559640472e+02,3.704140388772487569e+01,-1.120076908898359491e+01
1.017999999999999972e+01,-1.411780326821454068e+01,-1.336565724904427270e+02,3.667472030778429826e+01,-1.086678518789067027e+01
1.018999999999999950e+01,-1.404290094136916522e+01,-1.354741728546757713e+02,3.631641022180541256e+01,-1.052725080874642138e+01
1.019999999999999929e+01,-1.396688390179496686e+01,-1.372826601108686759e+02,3.596627846678722307e+01,-1.018208336270792280e+01
1.021000000000000085e+01,-1.388984993973684468e+01,-1.390832289774359651e+02,3.562416171329647341e+01,-9.831147369154495053e+00
1.022000000000000064e+01,-1.381192097326729495e+01,-1.408771696159515159e+02,3.528995480403456497e+01,-9.474250950749162570e+00
1.023000000000000043e+01,-1.373325419128545555e+01,-1.426658076061355871e+02,3.496363907499504364e+01,-9.111156565008231567e+00
1.024000000000000021e+01,-1.365404876951387791e+01,-1.444504123077225586e+02,3.464530599349929929e+01,-8.741605743857009614e+00
1.025000000000000000e+01,-1.357454646980844615e+01,-1.462320878652858482e+02,3.433517014449667215e+01,-8.365354812823136754e+00
1.025999999999999979e+01,-1.349502542630700574e+01,-1.480116644298887536e+02,3.403356737708266877e+01,-7.982216305459314043e+00
1.026999999999999957e+01,-1.341578752733998314e+01,-1.497896076322160184e+02,3.374093646526903001e+01,-7.592099465313587814e+00
1.027999999999999936e+01,-1.333714083826490437e+01,-1.515659619263138325e+02,3.345778549026526605e+01,-7.195043057664065600e+00
1.028999999999999915e+01,-1.325937931498176248e+01,-1.533403385956142699e+02,3.318464682059101989e+01,-6.791234710740911673e+00
1.030000000000000071e+01,-1.318276251550094003e+01,-1.551119528035826534e+02,3.292202660214209686e+01,-6.381012983328251842e+00
1.031000000000000050e+01,-1.310749807462230798e+01,-1.568797070940075287e+02,3.267035574822745758e+01,-5.964850965408845518e+00
1.032000000000000028e+01,-1.303372937428925482e+01,-1.586423122100831620e+02,3.242994938776681835e+01,-5.543323025467453036e+00
1.033000000000000007e+01,-1.296153018074173602e+01,-1.603984308661715090e+02,3.220098062064601407e+01,-5.117058877931884631e+00
1.033999999999999986e+01,-1.289090712563531227e+01,-1.621468267980700375e+02,3.198347243736242262e+01,-4.686691074297818282e+00
1.034999999999999964e+01,-1.282180989796376736e+01,-1.638865004041270197e+02,3.177730909887532107e+01,-4.252803050404675211e+00
1.035999999999999943e+01,-1.275414801107643648e+01,-1.656167936802566203e+02,3.158226552153049127e+01,-3.815884856765255684e+00
1.036999999999999922e+01,-1.268781213767015004e+01,-1.673374508027338834e+02,3.139805066482366414e+01,-3.376302670551492469e+00
1.038000000000000078e+01,-1.262269737886065890e+01,-1.690486262228412784e+02,3.122435893696725273e+01,-2.934286286523813736e+00
1.039000000000000057e+01,-1.255872554276205300e+01,-1.707508388526342173e+02,3.106092249840338582e+01,-2.489936278988822416e+00
1.040000000000000036e+01,-1.249586360733615464e+01,-1.724448779696421639e+02,3.090755722514645498e+01,-2.043249775521116529e+00
1.041000000000000014e+01,-1.243413603273654644e+01,-1.741316728548319190e+02,3.076419601624272815e+01,-1.594161187159503168e+00
1.041999999999999993e+01,-1.237362940950244905e+01,-1.758121429371688862e+02,3.063090495975638561e+01,-1.142592186356578443e+00
1.042999999999999972e+01,-1.231448896234349277e+01,-1.774870475993133994e+02,3.050788033206488592e+01,-6.885040226129199858e-01
1.043999999999999950e+01,-1.225690751684224722e+01,-1.791568544318153329e+02,3.039542711497954386e+01,-2.319450920130328997e-01
1.044999999999999929e+01,-1.220110851021853549e+01,1.791783582949552169e+02,3.029392225464603428e+01,2.269124613835442339e-01
1.046000000000000085e+01,-1.214732534247770346e+01,1.775189542964378120e+02,3.020376787148176234e+01,6.877515980769808301e-01
1.047000000000000064e+01,-1.209577972577947591e+01,1.758657427956810579e+02,3.012534078027108464e+01,1.150106861284162729e+00
1.048000000000000043e+01,-1.204666166590812715e+01,1.742199352170919440e+02,3.005894485844069308e+01,1.613378134982306644e+00
1.049000000000000021e+01,-1.200011333000096414e+01,1.725830632461461107e+02,3.000477203090775902e+01,2.076858999954967810e+00
1.050000000000000000e+01,-1.195621839702001665e+01,1.709568708520637585e+02,2.996287608507622480e+01,2.539775184478177295e+00
1.050999999999999979e+01,-1.191499765905944486e+01,1.693431953156514282e+02,2.993316145664919503e+01,3.001327537103584575e+00
1.051999999999999957e+01,-1.187641076100604032e+01,1.677438525988364404e+02,2.991538686069305442e+01,3.460733749960552608e+00
1.052999999999999936e+01,-1.184036314896019348e+01,1.661605406108329248e+02,2.990918151902848265e+01,3.917263724107994172e+00
1.053999999999999915e+01,-1.180671664674891552e+01,1.645947703758645559e+02,2.991407006019762704e+01,4.370264867523784957e+00
1.055000000000000071e+01,-1.177530167628226110e+01,1.630478302925990874e+02,2.992950118044578289e+01,4.819175524839903524e+00
1.056000000000000050e+01,-1.174592903404222000e+01,1.615207832547183102e+02,2.995487499390036845e+01,5.263526856752101857e+00
1.057000000000000028e+01,-1.171839934873215761e+01,1.600144911320622327e+02,2.998956468760387040e+01,5.702935481839157994e+00
1.058000000000000007e+01,-1.169250884775949828e+01,1.585296567635594727e+02,3.003292952282068740e+01,6.137090741188504950e+00
1.058999999999999986e+01,-1.166805078310377120e+01,1.570668708642554066e+02,3.008431815812889809e+01,6.565741285109583103e+00
1.059999999999999964e+01,-1.164481270361683940e+01,1.556266505694706268e+02,3.014306339174702742e+01,6.988685656809167313e+00
1.060999999999999943e+01,-1.162257058156790279e+01,1.542094578997607357e+02,3.020847136759494944e+01,7.405770644001176350e+00
1.061999999999999922e+01,-1.160108147402782208e+01,1.528156900560374254e+02,3.027980971550579881e+01,7.816899517016208776e+00
1.063000000000000078e+01,-1.158007681045518034e+01,1.514456386397824588e+02,3.035629972934337317e+01,8.222050133193290478e+00
1.064000000000000057e+01,-1.155925846892918329e+01,1.500994208735144184e+02,3.043711737833629982e+01,8.621300617161717028e+00
1.065000000000000036e+01,-1.153829950571049423e+01,1.487768917539974041e+02,3.052140669881297086e+01,9.014858319033500322e+00
1.066000000000000014e+01,-1.151685076100237914e+01,1.474775508590473407e+02,3.060830708618936313e+01,9.403086379224378177e+00
1.066999999999999993e+01,-1.149455365604995194e+01,1.462004604002763983e+02,3.069699350341941013e+01,9.786521777759071838e+00
1.067999999999999972e+01,-1.147105844836069721e+01,1.449441914420724231e+02,3.078672604895332299e+01,1.016587936843887618e+01
1.068999999999999950e+01,-1.144604618312863131e+01,1.437068127033624876e+02,3.087690313581984825e+01,1.054203806957495715e+01
1.069999999999999929e+01,-1.141925174534424769e+01,1.424859311710679037e+02,3.096711114413304600e+01,1.091600788962162660e+01
1.071000000000000085e+01,-1.139048494120610755e+01,1.412787865164994514e+02,3.105716313061716960e+01,1.128887942552803558e+01
1.072000000000000064e+01,-1.135964653573920735e+01,1.400823931020889006e+02,3.114712013708285809e+01,1.166176038972575846e+01
1.073000000000000043e+01,-1.132673668473116990e+01,1.388937155790663098e+02,3.123729073938806877e+01,1.203570608083106741e+01
1.074000000000000021e+01,-1.129185416538107667e+01,1.377098581311607290e+02,3.132820740638626944e+01,1.241165207499182621e+01
1.075000000000000000e+01,-1.125518607999794440e+01,1.365282444673638622e+02,3.142058151914661579e+01,1.279035751161318402e+01
1.075999999999999979e+01,-1.121698906375755200e+01,1.353467663125753973e+02,3.151524198863932824e+01,1.317236613742380591e+01
1.076999999999999957e+01,-1.117756423538288679e+01,1.341638822975806136e+02,3.161306479629621080e+01,1.355798994621798670e+01
1.077999999999999936e+01,-1.113722898619181656e+01,1.329786560556887309e+02,3.171490208808905464e+01,1.394731718456240799e+01
1.078999999999999915e+01,-1.109628907947013943e+01,1.317907307730166053e+02,3.182151949026652105e+01,1.434024317118675107e+01
1.080000000000000071e+01,-1.105501439202724612e+01,1.306002460145673183e+02,3.193354910069712105e+01,1.473651930422040301e+01
1.081000000000000050e+01,-1.101362102365168383e+01,1.294077100632908923e+02,3.205146334601769809e+01,1.513581325141227119e+01
1.082000000000000028e+01,-1.097226154368826201e+01,1.282138462724539920e+02,3.217557192465731930e+01,1.553777196364505109e+01
1.083000000000000007e+01,-1.093102398969467259e+01,1.270194344494296956e+02,3.230604080994110205e+01,1.594207900139564771e+01
1.083999999999999986e+01,-1.088993904513365507e+01,1.258251678729356513e+02,3.244292922885641417e+01,1.634849873213075355e+01
1.084999999999999964e+01,-1.084899375800125476e+01,1.246315433730036517e+02,3.258623810095337348e+01,1.675690209220066507e+01
1.085999999999999943e+01,-1.080814935618535877e+01,1.234387964669390954e+02,3.273596197990926981e+01,1.716727150400857482e+01
1.086999999999999922e+01,-1.076736027202775325e+01,1.222468866057469796e+02,3.289213631590779841e+01,1.757968577019760303e+01
1.088000000000000078e+01,-1.072659146760982196e+01,1.210555301102157415e+02,3.305487290008372980e+01,1.799428883538172030e+01
1.089000000000000057e+01,-1.068583155728486211e+01,1.198642714385375996e+02,3.322437851166208844e+01,1.841124872381812239e+01
1.090000000000000036e+01,-1.064509999552655017e+01,1.186725780670000461e+02,3.340095472368295049e+01,1.883071433147478402e+01
1.091000000000000014e+01,-1.060444761697502081e+01,1.174799413106444348e+02,3.358498005553735055e+01,1.925277784348800836e+01
1.091999999999999993e+01,-1.056395091883299386e+01,1.162859653165268412e+02,3.377687865462121408e+01,1.967744934695187808e+01
1.092999999999999972e+01,-1.052370148501892366e+01,1.150904292075377953e+02,3.397708194833917617e+01,2.010464791669147289e+01
1.093999999999999950e+01,-1.048379270540943153e+01,1.138933124402732346e+02,3.418599085913389501e+01,2.053421045183318583e+01
1.094999999999999929e+01,-1.044430632705195094e+01,1.126947799879346945e+02,3.440394603104383719e+01,2.096591633030254442e+01
1.096000000000000085e+01,-1.040530133670826629e+01,1.114951308826499883e+02,3.463121209754945085e+01,2.139952305411427247e+01
1.097000000000000064e+01,-1.036680723331961218e+01,1.102947198510561151e+02,3.486797954905337349e+01,2.183480595726780393e+01
1.098000000000000043e+01,-1.032882298326860848e+01,1.090938663089614806e+02,3.511438462225815016e+01,2.227159409743059015e+01
1.099000000000000021e+01,-1.029132198379725516e+01,1.078927671801725836e+02,3.537054433279219978e+01,2.270979483751006001e+01
1.100000000000000000e+01,-1.025426233985635704e+01,1.066914295546363007e+02,3.563660084942761586e+01,2.314940132402307427e+01
1.100999999999999979e+01,-1.021760084299131321e+01,1.054896361640411158e+02,3.591276736891504839e+01,2.359047985279958581e+01
1.101999999999999957e+01,-1.018130837081361051e+01,1.042869514659798398e+02,3.619936688008611725e+01,2.403313755461287471e+01
1.102999999999999936e+01,-1.014538411275787055e+01,1.030827695627518210e+02,3.649685589468274571e+01,2.447747437516441238e+01
1.103999999999999915e+01,-1.010986613138694246e+01,1.018763982560832062e+02,3.680582731809388264e+01,2.492352636178768677e+01
1.105000000000000071e+01,-1.007483628231444506e+01,1.006671673744974242e+02,3.712698983646532014e+01,2.537120926157662737e+01
1.106000000000000050e+01,-1.004041836432037726e+01,9.945454513926438267e+01,3.746112500637443077e+01,2.582027200410424328e+01
1.107000000000000028e+01,-1.000676941935536135e+01,9.823824450893508242e+01,3.780902703374125906e+01,2.627026864266103345e+01
1.108000000000000007e+01,-9.974065178926581510e+00,9.701830247954670483e+01,3.817143339779756417e+01,2.672055487539159557e+01
1.108999999999999986e+01,-9.942481584422161234e+00,9.579511904249753229e+01,3.854895648849356604e+01,2.717031170930728479e+01
1.109999999999999964e+01,-9.912174948828244680e+00,9.456944829555659737e+01,3.894202693057636822e+01,2.761859468455198297e+01
1.110999999999999943e+01,-9.883263583473516078e+00,9.334234114028939189e+01,3.935085813077822792e+01,2.806440295396307505e+01
1.111999999999999922e+01,-9.855813556558867816e+00,9.211504603405643365e+01,3.977543890168049501e+01,2.850675903570496317e+01
1.113000000000000078e+01,-9.829830711213157102e+00,9.088888039815910247e+01,4.021555710244301451e+01,2.894478778303274424e+01
1.114000000000000057e+01,-9.805260229159820540e+00,8.966508969110711291e+01,4.067085260273326952e+01,2.937778247029714862e+01
1.115000000000000036e+01,-9.781993995280458876e+00,8.844471325862075162e+01,4.114089318166160325e+01,2.980524710223414431e+01
1.116000000000000014e+01,-9.759884932472608909e+00,8.722847557129101403e+01,4.162526295569149681e+01,3.022690707656149200e+01
1.116999999999999993e+01,-9.738766478034019514e+00,8.601671835910426012e+01,4.212365029775870795e+01,3.064268483090355133e+01
1.117999999999999972e+01,-9.718474601549445424e+00,8.480938377088141067e+01,4.263592151534098917e+01,3.105264245776420751e+01
1.118999999999999950e+01,-9.698869339647414378e+00,8.360605167376677116e+01,4.316216806201865097e+01,3.145689863532403052e+01
1.119999999999999929e+01,-9.679852825709728492e+00,8.240602650455016942e+01,4.370271865380227183e+01,3.185553168253967371e+01
1.121000000000000085e+01,-9.661381244359086296e+00,8.120846182629490784e+01,4.425811284876766649e+01,3.224848329260377966e+01
1.122000000000000064e+01,-9.643468990804436203e+00,8.001250508675242656e+01,4.482903861593153039e+01,3.263547798897931784e+01
1.123000000000000043e+01,-9.626184441762426047e+00,7.881744197666665741e+01,4.541624219571711052e+01,3.301597142628333614e+01
1.124000000000000021e+01,-9.609637972043215015e+00,7.762281979726293457e+01,4.602042318974350366e+01,3.338913657796871348e+01
1.125000000000000000e+01,-9.593963982570803850e+00,7.642853238339192501e+01,4.664213054768197253e+01,3.375389122092708050e+01
1.125999999999999979e+01,-9.579299563077137591e+00,7.523485486905207154e+01,4.728167547787243308e+01,3.410896379025228953e+01
1.126999999999999957e+01,-9.565762868657531115e+00,7.404242398280214843e+01,4.793907518084495223e+01,3.445298858796473951e+01
1.127999999999999936e+01,-9.553434286882314552e+00,7.285216745985420062e+01,4.861403692860157832e+01,3.478461642010967125e+01
1.128999999999999915e+01,-9.542343026918432614e+00,7.166519338980518228e+01,4.930598595129296768e+01,3.510262380900722690e+01
1.130000000000000071e+01,-9.532460951086976664e+00,7.048265588917594471e+01,5.001413368851615360e+01,3.540600354982894515e+01
1.131000000000000050e+01,-9.523704412744155690e+00,6.930561667915456781e+01,5.073757625728825360e+01,3.569402178772813983e+01
1.132000000000000028e+01,-9.515943707689819675e+00,6.813492256876348563e+01,5.147540760299059315e+01,3.596623179726395847e+01
1.133000000000000007e+01,-9.509018644377825069e+00,6.697111643775866696e+01,5.222682875507485534e+01,3.622244159995550916e+01
1.133999999999999986e+01,-9.502757841615871115e+00,6.581439436849655067e+01,5.299123462065363555e+01,3.646264038626013360e+01
1.134999999999999964e+01,-9.496998802379543747e+00,6.466461471458021038e+01,5.376826303242393124e+01,3.668689607078217563e+01
1.135999999999999943e+01,-9.491605682528803101e+00,6.352135704408149763e+01,5.455779693271161079e+01,3.689524183360113341e+01
1.136999999999999922e+01,-9.486482010571466006e+00,6.238402120261277872e+01,5.535991865292639602e+01,3.708757207571090220e+01
1.138000000000000078e+01,-9.481576384683496173e+00,6.125195041434363930e+01,5.617482385531097577e+01,3.726356723787002068e+01
1.139000000000000057e+01,-9.476880267058778173e+00,6.012455843567617819e+01,5.700271031401492650e+01,3.742266243566249528e+01
1.140000000000000036e+01,-9.472418243638722757e+00,5.900143998965796754e+01,5.784366194332650224e+01,3.756406751945959144e+01
1.141000000000000014e+01,-9.468232318380035650e+00,5.788244621142427349e+01,5.869755033900118235e+01,3.768683715065601092e+01
1.141999999999999993e+01,-9.464362771314782208e+00,5.676771223465377858e+01,5.956397413285758802e+01,3.778998027042268859e+01
1.142999999999999972e+01,-9.460828677562439282e+00,5.565763147553357015e+01,6.044225082359308487e+01,3.787259047539443202e+01
1.143999999999999950e+01,-9.457611276393214084e+00,5.455277945327841849e+01,6.133146718289041388e+01,3.793397371474928548e+01
1.144999999999999929e+01,-9.454642987378097274e+00,5.345379786897628804e+01,6.223058411280855040e+01,3.797374844395287852e+01
1.146000000000000085e+01,-9.451804056279923927e+00,5.236125599861341584e+01,6.313858160389693097e+01,3.799189642594413385e+01
1.147000000000000064e+01,-9.448927693591780752e+00,5.127551033742476250e+01,6.405462103773045612e+01,3.798874956730119123e+01
1.148000000000000043e+01,-9.445813298799457414e+00,5.019658428568566677e+01,6.497819717542509466e+01,3.796490853808229105e+01
1.149000000000000021e+01,-9.442246120585442881e+00,4.912408729555532005e+01,6.590925195548641113e+01,3.792110076511379901e+01
1.150000000000000000e+01,-9.438020668818150938e+00,4.805718752790327386e+01,6.684822704763243451e+01,3.785799658259283973e+01
1.150999999999999979e+01,-9.432964533241303684e+00,4.699464435928866379e+01,6.779604134416695160e+01,3.777601072570167418e+01
1.151999999999999957e+01,-9.426959098705015805e+00,4.593489810727136557e+01,6.875399167338289885e+01,3.767512027548815468e+01
1.152999999999999936e+01,-9.419954029916837612e+00,4.487620548534793841e+01,6.972358784540070076e+01,3.755472876128106208e+01
1.153999999999999915e+01,-9.411973291641409389e+00,4.381680202906164112e+01,7.070634440365375895e+01,3.741359956752392435e+01
1.155000000000000071e+01,-9.403111740022927378e+00,4.275506833507918003e+01,7.170355918989898214e+01,3.724987117550478644e+01
1.156000000000000050e+01,-9.393522758800896710e+00,4.168967623443408144e+01,7.271611172933668854e+01,3.706115385966336362e+01
1.157000000000000028e+01,-9.383398777083467479e+00,4.061969412157277759e+01,7.374431200698310818e+01,3.684469432901735786e+01
1.158000000000000007e+01,-9.372947565060044894e+00,3.954463702274159687e+01,7.478782274374141537e+01,3.659758352461501119e+01
1.158999999999999986e+01,-9.362367793962699025e+00,3.846445548743206189e+01,7.584566681265236809e+01,3.631697516503903955e+01
1.159999999999999964e+01,-9.351827389287624470e+00,3.737946659607125355e+01,7.691631758386290585e+01,3.600028003488515793e+01
1.160999999999999943e+01,-9.341447718173153447e+00,3.629023885089644352e+01,7.799785583478966089e+01,3.564530416256902612e+01
1.161999999999999922e+01,-9.331295728308861115e+00,3.519744923306181761e+01,7.908816475246959499e+01,3.525030783689712877e+01
1.163000000000000078e+01,-9.321384946234044122e+00,3.410173441384458215e+01,8.018512676681959306e+01,3.481397579975495660e+01
1.164000000000000057e+01,-9.311684924859015666e+00,3.300355857212583999e+01,8.128678426111845567e+01,3.433530488713389417e+01
1.165000000000000036e+01,-9.302137487271892269e+00,3.190311749007869935e+01,8.239143141515170043e+01,3.381343110257951423e+01
1.166000000000000014e+01,-9.292677118467185693e+00,3.080029297491798701e+01,8.349761605378633078e+01,3.324743058965286480e+01
1.166999999999999993e+01,-9.283252251656474385e+00,2.969466396126236774e+01,8.460404656647787647e+01,3.263613563064403422e+01
1.167999999999999972e+01,-9.273844076432153472e+00,2.858557197650437232e+01,8.570941687000215836e+01,3.197800607033228815e+01
1.168999999999999950e+01,-9.264479890479112356e+00,2.747223029329574473e+01,8.681217870334950248e+01,3.127108827926241119e+01
1.169999999999999929e+01,-9.255238873139404632e+00,2.635385936043724797e+01,8.791030220229527004e+01,3.051307919743280195e+01
1.171000000000000085e+01,-9.246249347102839522e+00,2.522982709409836488e+01,8.900107044560573399e+01,2.970149455731893084e+01
1.172000000000000064e+01,-9.237677922573437783e+00,2.409977198458413383e+01,9.008095040588867164e+01,2.883392118948114202e+01
1.173000000000000043e+01,-9.229712169769078045e+00,2.296368980445279462e+01,9.114557168336150994e+01,2.790831667500805935e+01
1.174000000000000021e+01,-9.222539440800263222e+00,2.182197046729108791e+01,9.218982702900173365e+01,2.692330857251150178e+01
1.175000000000000000e+01,-9.216325015508550322e+00,2.067537928348442477e+01,9.320808759938080357e+01,2.587844236512093943e+01
1.175999999999999979e+01,-9.211192809226707467e+00,1.952498523394567087e+01,9.419450465903420877e+01,2.477433336886981863e+01
1.176999999999999957e+01,-9.207211465418295049e+00,1.837204666391461316e+01,9.514335205612479740e+01,2.361269280078201760e+01
1.177999999999999936e+01,-9.204387842515307838e+00,1.721787089894413469e+01,9.604935401625621694e+01,2.239621990546859465e+01
1.178999999999999915e+01,-9.202668819325332095e+00,1.606366792129922416e+01,9.690794328689322867e+01,2.112837666423708427e+01
1.180000000000000071e+01,-9.201951141042600923e+00,1.491041898965955959e+01,9.771540611947159505e+01,1.981308424744832664e+01
1.181000000000000050e+01,-9.202097871057789646e+00,1.375877887323230020e+01,9.846889126659762326e+01,1.845439608741891391e+01
1.182000000000000028e+01,-9.202959059495171346e+00,1.260902549406770135e+01,9.916628611740982535e+01,1.705620755906075914e+01
1.183000000000000007e+01,-9.204393623948179837e+00,1.146106386306689018e+01,9.980598893393482740e+01,1.562205534154836606e+01
1.183999999999999986e+01,-9.206289259011949611e+00,1.031448319923359591e+01,1.003866264451696253e+02,1.415504186010672427e+01
1.184999999999999964e+01,-9.208577489237715241e+00,9.168658204421156199e+00,1.009067765878984630e+02,1.265789538502694533e+01
1.185999999999999943e+01,-9.211241722921872821e+00,8.022878860662228107e+00,1.013647548646195986e+02,1.113314944586077893e+01
1.186999999999999922e+01,-9.214317243520437017e+00,6.876488912010727539e+00,1.017585099668876438e+02,9.583401545673657651e+00
1.188000000000000078e+01,-9.217883320485158904e+00,5.729012107663975506e+00,1.020856525435937527e+02,8.011595320372942197e+00
1.189000000000000057e+01,-9.222048828026487399e+00,4.580247506155698645e+00,1.023436144705333106e+02,6.421265339842507025e+00
1.190000000000000036e+01,-9.226933731332513489e+00,3.430320279374874382e+00,1.025299097842839160e+02,4.816690745152354403e+00
1.191000000000000014e+01,-9.232649382317232423e+00,2.279681622216649828e+00,1.026424477200865937e+02,3.202921696788155970e+00
1.191999999999999993e+01,-9.239280678984295392e+00,1.129059375033700574e+00,1.026798373250652361e+02,1.585667864279825645e+00
1.192999999999999972e+01,-9.246872781421712872e+00,-2.063146568142252418e-02,1.026416244176588890e+02,-2.893408646018646307e-02
1.193999999999999950e+01,-9.255424312796559860e+00,-1.168403168165516703e+00,1.025284152486826059e+02,-1.634632652026604349e+00
1.194999999999999929e+01,-9.264887929306571124e+00,-2.313315841128530614e+00,1.023418643698658173e+02,-3.225396183527045491e+00
1.196000000000000085e+01,-9.275177975807091357e+00,-3.454584679095323629e+00,1.020845319419619415e+02,-4.795709386547459374e+00
1.197000000000000064e+01,-9.286183823548576299e+00,-4.591656655996937175e+00,1.017596419085752188e+02,-6.340780169930011922e+00
1.198000000000000043e+01,-9.297786577092487903e+00,-5.724244371592187797e+00,1.013707914208649044e+02,-7.856625282130859311e+00
1.199000000000000021e+01,-9.309876278464123800e+00,-6.852311658917794368e+00,1.009216697227027169e+02,-9.340029102851838516e+00
1.200000000000000000e+01,-9.322366623183043544e+00,-7.976013440260093290e+00,1.004158401327041332e+02,-1.078839618414433588e+01
1.200999999999999979e+01,-9.335204567261358832e+00,-9.095599965374956852e+00,9.985662324560958325e+01,-1.219953917878844862e+01
1.201999999999999957e+01,-9.348373003409797377e+00,-1.021130173808644770e+01,9.924709663865432674e+01,-1.357145556708394629e+01
1.202999999999999936e+01,-9.361885800088989740e+00,-1.132321508098933016e+01,9.859020106962842078e+01,-1.490214707703150232e+01
1.203999999999999915e+01,-9.375775751584692230e+00,-1.243120874426085720e+01,9.788892049659210670e+01,-1.618952513629178114e+01
1.205000000000000071e+01,-9.390077176514722623e+00,-1.353486911262174708e+01,9.714648766850811512e+01,-1.743142643841797934e+01
1.206000000000000050e+01,-9.404805832644999697e+00,-1.463349584616900678e+01,9.636656153187223595e+01,-1.862573871874832676e+01
1.207000000000000028e+01,-9.419939339984988891e+00,-1.572615211384368550e+01,9.555332827881214541e+01,-1.977061299353108836e+01
1.208000000000000007e+01,-9.435401342538904501e+00,-1.681176513296315278e+01,9.471149329249369941e+01,-2.086471966944285228e+01
1.208999999999999986e+01,-9.451052187483192313e+00,-1.788926477761901168e+01,9.384615324192132846e+01,-2.190749587960069888e+01
1.209999999999999964e+01,-9.466688023123413842e+00,-1.895774171716085377e+01,9.296256150100147408e+01,-2.289933203027318598e+01
1.210999999999999943e+01,-9.482049032959769974e+00,-2.001660281032918931e+01,9.206582099823074827e+01,-2.384165639337215481e+01
1.211999999999999922e+01,-9.496836191746158562e+00,-2.106570090748766688e+01,9.116055250306395408e+01,-2.473689504911637371e+01
1.213000000000000078e+01,-9.510734634909278284e+00,-2.210541901703447465e+01,9.025059092763601143e+01,-2.558830657308120493e+01
1.214000000000000057e+01,-9.523440667674458737e+00,-2.313669474679062077e+01,8.933875724062161794e+01,-2.639971222230870751e+01
1.215000000000000036e+01,-9.534688782540163388e+00,-2.416097933013664445e+01,8.842674064649857257e+01,-2.717515927023815081e+01
1.216000000000000014e+01,-9.544274936157732370e+00,-2.518013521653807629e+01,8.751510756915166667e+01,-2.791856506330732302e+01
1.216999999999999993e+01,-9.552072814117094524e+00,-2.619628562527205418e+01,8.660343397321936720e+01,-2.863339123675747544e+01
1.217999999999999972e+01,-9.558040836692804021e+00,-2.721163700148916575e+01,8.569053885786166802e+01,-2.932239154438322615e+01
1.218999999999999950e+01,-9.562219074831290300e+00,-2.822829957205627238e+01,8.477478212153093295e+01,-2.998746418737978559e+01
1.219999999999999929e+01,-9.564716813630436576e+00,-2.924813132836965224e+01,8.385438151900571313e+01,-3.062962244597608930e+01
1.221000000000000085e+01,-9.565692943901817458e+00,-3.027262669569476117e+01,8.292770236264937012e+01,-3.124907850838719980e+01
1.222000000000000064e+01,-9.565332428059839742e+00,-3.130286362087578311e+01,8.199348015258094335e+01,-3.184541769295152136e+01
1.223000000000000043e+01,-9.563822597891141086e+00,-3.233951319114741096e+01,8.105094942286309845e+01,-3.241782676793613405e+01
1.224000000000000021e+01,-9.561332929566635386e+00,-3.338290587298066470e+01,8.009986950853367205e+01,-3.296533320519963439e+01
1.225000000000000000e+01,-9.558001247375923271e+00,-3.443313968995503416e+01,7.914045649584873843e+01,-3.348701323199696134e+01
1.225999999999999979e+01,-9.553928165493047686e+00,-3.549020949009919690e+01,7.817324682246378131e+01,-3.398213522065711345e+01
1.226999999999999957e+01,-9.549180180181668476e+00,-3.655413375016001964e+01,7.719892879832316623e+01,-3.445021948587054084e+01
1.227999999999999936e+01,-9.543800393790846215e+00,-3.762505644095243440e+01,7.621818180531477083e+01,-3.489101299124948952e+01
1.228999999999999915e+01,-9.537824604717119570e+00,-3.870330610260860027e+01,7.523155870791541133e+01,-3.530439436242571105e+01
1.230000000000000071e+01,-9.531299623863551673e+00,-3.978940171881191645e+01,7.423943619088797163e+01,-3.569023778578105777e+01
1.231000000000000050e+01,-9.524300315153423568e+00,-4.088400408327946423e+01,7.324204263875003562e+01,-3.604827153054898758e+01
1.232000000000000028e+01,-9.516942067790205684e+00,-4.198782068295951575e+01,7.223955674940452809e+01,-3.637796687728583578e+01
1.233000000000000007e+01,-9.509386163087805599e+00,-4.310148016086299094e+01,7.123225539609937584e+01,-3.667848638747429391e+01
1.233999999999999986e+01,-9.501836677929741626e+00,-4.422539782193464220e+01,7.022067898248950257e+01,-3.694870812719948816e+01
1.234999999999999964e+01,-9.494528973548600703e+00,-4.535965549802492802e+01,6.920577852426303878e+01,-3.718732702762451225e+01
1.235999999999999943e+01,-9.487711215575711066e+00,-4.650391710688079883e+01,6.818901165567045553e+01,-3.739301895707317414e+01
1.236999999999999922e+01,-9.481621528683737310e+00,-4.765739581490451826e+01,6.717236411460412171e+01,-3.756464028993840287e+01
1.238000000000000078e+01,-9.476464126163921975e+00,-4.881888080593220991e+01,6.615828716266611309e+01,-3.770142826963694915e+01
1.239000000000000057e+01,-9.472387970029343407e+00,-4.998682258025490910e+01,6.514955707356338621e+01,-3.780316670467914975e+01
1.240000000000000036e+01,-9.469471196664144941e+00,-5.115946685871654154e+01,6.414907715434912916e+01,-3.787028753924200686e+01
1.241000000000000014e+01,-9.467713749975871451e+00,-5.233501980650972030e+01,6.315965298816566076e+01,-3.790389022964473043e+01
1.241999999999999993e+01,-9.467039519120358904e+00,-5.351182239758233550e+01,6.218377591610362032e+01,-3.790567521924404559e+01
1.242999999999999972e+01,-9.467307938106779730e+00,-5.468850994271833343e+01,6.122344772668966328e+01,-3.787780228858361653e+01
1.243999999999999950e+01,-9.468333646199763365e+00,-5.586413436368552965e+01,6.028007188499358193e+01,-3.782269654482227139e+01
1.244999999999999929e+01,-9.469911613007365503e+00,-5.703823159179160029e+01,5.935442513949885068e+01,-3.774283241396506838e+01
1.246000000000000085e+01,-9.471844273349269372e+00,-5.821082397682147302e+01,5.844671018701969700e+01,-3.764052828634956427e+01
1.247000000000000064e+01,-9.473966837443359879e+00,-5.938235687315174971e+01,5.755667746071353008e+01,-3.751778146379333378e+01
1.248000000000000043e+01,-9.476167127995131167e+00,-6.055357832182624378e+01,5.668379393135424493e+01,-3.737616556557161829e+01
1.249000000000000021e+01,-9.478397050718864847e+00,-6.172537945628102563e+01,5.582743048004610387e+01,-3.721680192770499218e+01
1.250000000000000000e+01,-9.480674033760926989e+00,-6.289861945400525656e+01,5.498703771806938789e+01,-3.704040448778581407e+01
1.250999999999999979e+01,-9.483072287791653565e+00,-6.407396141567896564e+01,5.416228323993395577e+01,-3.684738605836680847e+01
1.251999999999999957e+01,-9.485705295147109695e+00,-6.525174397209815425e+01,5.335313063732654371e+01,-3.663800456890938051e+01
1.252999999999999936e+01,-9.488702275452574497e+00,-6.643190793701124619e+01,5.255985093426355093e+01,-3.641252228609304353e+01
1.253999999999999915e+01,-9.492182280745495859e+00,-6.761398886965474730e+01,5.178296865923203285e+01,-3.617135008547528230e+01
1.255000000000000071e+01,-9.496229911272722646e+00,-6.879717638471630892e+01,5.102315554805718278e+01,-3.591515261023318573e+01
1.256000000000000050e+01,-9.500876378726960780e+00,-6.998043102416681904e+01,5.028109303047881440e+01,-3.564489782171926890e+01
1.257000000000000028e+01,-9.506088834092572881e+00,-7.116264095346502927e+01,4.955732889056861268e+01,-3.536184453105445868e+01
1.258000000000000007e+01,-9.511769651183875851e+00,-7.234279483145178347e+01,4.885215328752690311e+01,-3.506747214514269473e+01
1.258999999999999986e+01,-9.517765889171641902e+00,-7.352014469781877892e+01,4.816551498891142558e+01,-3.476336624190323477e+01
1.259999999999999964e+01,-9.523887647088196573e+00,-7.469433396248155077e+01,4.749699119137713410e+01,-3.445108026137341994e+01
1.260999999999999943e+01,-9.529932676637871580e+00,-7.586547046173642173e+01,4.684581508461256050e+01,-3.413199669317778273e+01
1.261999999999999922e+01,-9.535713632111459503e+00,-7.703413249979726629e+01,4.621095587963382911e+01,-3.380721041511375802e+01
1.263000000000000078e+01,-9.541083869480564417e+00,-7.820130578964226231e+01,4.559123779699118018e+01,-3.347745261496440605e+01
1.264000000000000057e+01,-9.545957859229348585e+00,-7.936825980688622906e+01,4.498547865831269377e+01,-3.314306678374644122e+01
1.265000000000000036e+01,-9.550323055178118636e+00,-8.053638160055305661e+01,4.439262604748667940e+01,-3.280403971325667101e+01
1.266000000000000014e+01,-9.554241361337389549e+00,-8.170699193844761510e+01,4.381186986283258733e+01,-3.246008158539897437e+01
1.266999999999999993e+01,-9.557839955761709305e+00,-8.288117156573194677e+01,4.324271431565181700e+01,-3.211074148888261703e+01
1.267999999999999972e+01,-9.561292893010511662e+00,-8.405962377293370480e+01,4.268499935597701267e+01,-3.175553929210292026e+01
1.268999999999999950e+01,-9.564796332967407722e+00,-8.524259368112903701e+01,4.213886996356591652e+01,-3.139409263596944299e+01
1.269999999999999929e+01,-9.568541199683075149e+00,-8.642985569411213476e+01,4.160470027604068122e+01,-3.102621923159114559e+01
1.271000000000000085e+01,-9.572687418506951929e+00,-8.762076998549231632e+01,4.108298665848990794e+01,-3.065199934835947815e+01
1.272000000000000064e+01,-9.577343582268060374e+00,-8.881439839815193693e+01,4.057422835072088674e+01,-3.027179045023493842e+01
1.273000000000000043e+01,-9.582555028299484690e+00,-9.000966130464861692e+01,4.007881558011896317e+01,-2.988619406975569959e+01
1.274000000000000021e+01,-9.588302014030530174e+00,-9.120551102128432319e+01,3.959694294773844803e+01,-2.949598276910198535e+01
1.275000000000000000e+01,-9.594508151858052614e+00,-9.240109503976411531e+01,3.912856101356240401e+01,-2.910200116015416683e+01
1.275999999999999979e+01,-9.601057716621340887e+00,-9.359588391518319384e+01,3.867337227559235657e+01,-2.870505855016664398e+01
1.276999999999999957e+01,-9.607819084627726269e+00,-9.478974393247800379e+01,3.823087031761804155e+01,-2.830583142763978444e+01
1.277999999999999936e+01,-9.614670597628759197e+00,-9.598294300239348331e+01,3.780041396363910167e+01,-2.790479175545292634e+01
1.278999999999999915e+01,-9.621524724013733376e+00,-9.717608849776293312e+01,3.738132285091747775e+01,-2.750217235392088000e+01
1.280000000000000071e+01,-9.628346600331077809e+00,-9.837000644110599978e+01,3.697297769338253914e+01,-2.709797431320838612e+01
1.281000000000000050e+01,-9.635163872178035049e+00,-9.956558090893150847e+01,3.657490809259443409e+01,-2.669201437049432002e+01
1.282000000000000028e+01,-9.642066099794941891e+00,-1.007635791299134809e+02,3.618685310734689153e+01,-2.628400362176410709e+01
1.283000000000000007e+01,-9.649193638267428597e+00,-1.019644903478423004e+02,3.580878452981164628e+01,-2.587364386278758843e+01
1.283999999999999986e+01,-9.656717572693459317e+00,-1.031684046161032313e+02,3.544088915140044804e+01,-2.546072509976940879e+01
1.284999999999999964e+01,-9.664813707606175086e+00,-1.043749516204166810e+02,3.508351316349411064e+01,-2.504520778444736351e+01
1.285999999999999943e+01,-9.673634551419294070e+00,-1.055833104474756112e+02,3.473707805785567615e+01,-2.462727607125157903e+01
1.286999999999999922e+01,-9.683283566388205088e+00,-1.067922904557884181e+02,3.440198193033363339e+01,-2.420735333887675722e+01
1.288000000000000078e+01,-9.693795643905966486e+00,-1.080004727327756200e+02,3.407850224334890044e+01,-2.378607746490661157e+01
1.289000000000000057e+01,-9.705126880296175429e+00,-1.092063925663578061e+02,3.376671561230806873e+01,-2.336423981007019890e+01
1.290000000000000036e+01,-9.717155406546524432e+00,-1.104087371189161075e+02,3.346644725168968648e+01,-2.294269751407060198e+01
1.291000000000000014e+01,-9.729693448019219204e+00,-1.116065298597706601e+02,3.317725792203437862e+01,-2.252227269496339801e+01
1.291999999999999993e+01,-9.742509163019994034e+00,-1.127992746585668016e+02,3.289847036495240928e+01,-2.210365395931173182e+01
1.292999999999999972e+01,-9.755355348382604319e+00,-1.139870376961196854e+02,3.262923119407378181e+01,-2.168731509291123416e+01
1.293999999999999950e+01,-9.768001016757201782e+00,-1.151704539634210960e+02,3.236859889234241194e+01,-2.127346305525564318e+01
1.294999999999999929e+01,-9.780261325376686798e+00,-1.163506560326198525e+02,3.211564470095720480e+01,-2.086202287008353906e+01
1.296000000000000085e+01,-9.792021487229028764e+00,-1.175291344565732601e+02,3.186955133308075006e+01,-2.045266134909333289e+01
1.297000000000000064e+01,-9.803251140124697116e+00,-1.187075497378130677e+02,3.162969490346197787e+01,-2.004484564004107838e+01
1.298000000000000043e+01,-9.814007080928989879e+00,-1.198875234646185106e+02,3.139569820062047256e+01,-1.963792726905917974e+01
1.299000000000000021e+01,-9.824424066331657102e+00,-1.210704395143987711e+02,3.116744804292522630e+01,-1.923123851306841914e+01
1.300000000000000000e+01,-9.834695233276400828e+00,-1.222572845157734776e+02,3.094507521819839013e+01,-1.882418624329098478e+01
1.300999999999999979e+01,-9.845045281633620249e+00,-1.234485503330522391e+02,3.072890144559248071e+01,-1.841632912131397504e+01
1.301999999999999957e+01,-9.855700623475268429e+00,-1.246442113606958344e+02,3.051936290768021109e+01,-1.800742706583749708e+01
1.302999999999999936e+01,-9.866861078750932990e+00,-1.258437776470599658e+02,3.031692332466891315e+01,-1.759745668583071421e+01
1.303999999999999915e+01,-9.878677354823578227e+00,-1.270464132493671912e+02,3.012199075034514095e+01,-1.718659204031745347e+01
1.305000000000000071e+01,-9.891237571582250254e+00,-1.282510995169497505e+02,2.993485114071486564e+01,-1.677515566414646031e+01
1.306000000000000050e+01,-9.904564653666348306e+00,-1.294568165430340514e+02,2.975562856197447203e+01,-1.636354939041001444e+01
1.307000000000000028e+01,-9.918624724659370173e+00,-1.306627136225918946e+02,2.958427725763441529e+01,-1.595217741825182500e+01
1.308000000000000007e+01,-9.933344942480427875e+00,-1.318682414703703785e+02,2.942060546406030141e+01,-1.554137493399979597e+01
1.308999999999999986e+01,-9.948637746049117325e+00,-1.330732249312596593e+02,2.926432568499806308e+01,-1.513135433020217135e+01
1.309999999999999964e+01,-9.964427454107543269e+00,-1.342778641848350105e+02,2.911512189054171884e+01,-1.472217792086544996e+01
1.310999999999999943e+01,-9.980674734824729555e+00,-1.354826637472655477e+02,2.897272143095266017e+01,-1.431376152325358575e+01
1.311999999999999922e+01,-9.997394739556407117e+00,-1.366883002451984623e+02,2.883695876306303063e+01,-1.390590806997171036e+01
1.313000000000000078e+01,-1.001466565046404611e+01,-1.378954501190884230e+02,2.870781949857775217e+01,-1.349836534993084847e+01
1.314000000000000057e+01,-1.003262589537734328e+01,-1.391046053734623342e+02,2.858545659096488478e+01,-1.309089787540137273e+01
1.315000000000000036e+01,-1.005146009509693528e+01,-1.403159079850006776e+02,2.847017515111937058e+01,-1.268336042123176988e+01
1.316000000000000014e+01,-1.007137562735699099e+01,-1.415290311444821327e+02,2.836238764579315941e+01,-1.227576039926293205e+01
1.316999999999999993e+01,-1.009257321726437517e+01,-1.427431285727436432e+02,2.826254620192162292e+01,-1.186829797564108802e+01
1.317999999999999972e+01,-1.011521595672774332e+01,-1.439568629097186658e+02,2.817106258908905403e+01,-1.146137639840836719e+01
1.318999999999999950e+01,-1.013940147742354192e+01,-1.451685122987403247e+02,2.808822857060826195e+01,-1.105557976134766562e+01
1.319999999999999929e+01,-1.016514162788221221e+01,-1.463761425648413876e+02,2.801414940353419425e+01,-1.065162059861853905e+01
1.321000000000000085e+01,-1.019235300735811300e+01,-1.475778224326739121e+02,2.794870136855713483e+01,-1.025026447188402656e+01
1.322000000000000064e+01,-1.022086022948489514e+01,-1.487718523259030690e+02,2.789152065502315381e+01,-9.852242372729838493e+00
1.323000000000000043e+01,-1.025041201479334241e+01,-1.499569743233471399e+02,2.784202626050465668e+01,-9.458163804892864235e+00
1.324000000000000021e+01,-1.028070836055308845e+01,-1.511325323057294270e+02,2.779947446076180739e+01,-9.068443551756102394e+00
1.325000000000000000e+01,-1.031143534801922002e+01,-1.522985572602225091e+02,2.776303758569263280e+01,-8.683253338987583447e+00
1.325999999999999979e+01,-1.034230286822584688e+01,-1.534557626355700393e+02,2.773189599966898911e+01,-8.302506083164166384e+00
1.326999999999999957e+01,-1.037307990512782929e+01,-1.546054474410699981e+02,2.770532993286724732e+01,-7.925875632185825026e+00
1.327999999999999936e+01,-1.040362217035403880e+01,-1.557493186941322278e+02,2.768279755904736561e+01,-7.552849527999545565e+00
1.328999999999999915e+01,-1.043388787999017531e+01,-1.568892576125170137e+02,2.766398759910977390e+01,-7.182807181705196165e+00
1.330000000000000071e+01,-1.046393918820819557e+01,-1.580270633191145180e+02,2.764883853436303340e+01,-6.815111797921135306e+00
1.331000000000000050e+01,-1.049392897803636160e+01,-1.591642119433042524e+02,2.763752167044018648e+01,-6.449202138268211648e+00
1.332000000000000028e+01,-1.052407498196065205e+01,-1.603016669776953051e+02,2.763039096002408357e+01,-6.084670199512197897e+00
1.333000000000000007e+01,-1.055462516674945306e+01,-1.614397688956445904e+02,2.762790771153665759e+01,-5.721313129149880439e+00
1.333999999999999986e+01,-1.058581963776640755e+01,-1.625782197759163239e+02,2.763055220144556401e+01,-5.359151827937116863e+00
1.334999999999999964e+01,-1.061785480183879571e+01,-1.637161641629238602e+02,2.763873614152103286e+01,-4.998413986773956985e+00
1.335999999999999943e+01,-1.065085513502964076e+01,-1.648523529704171722e+02,2.765272965787244885e+01,-4.639484892555717721e+00
1.336999999999999922e+01,-1.068485673081205611e+01,-1.659853650261918290e+02,2.767261401886119287e+01,-4.282834328808728941e+00
1.338000000000000078e+01,-1.071980504936665746e+01,-1.671138524575453346e+02,2.769826722572117461e+01,-3.928931545240955447e+00
1.339000000000000057e+01,-1.075556719770063019e+01,-1.682367725447637667e+02,2.772938439910965158e+01,-3.578162057619866498e+00
1.340000000000000036e+01,-1.079195691563539938e+01,-1.693535703697786232e+02,2.776552942709794891e+01,-3.230759718990731777e+00
1.341000000000000014e+01,-1.082876850651035383e+01,-1.704642834554380215e+02,2.780620938815588872e+01,-2.886765113264679883e+00
1.341999999999999993e+01,-1.086581451034567003e+01,-1.715695509254580884e+02,2.785095957518356613e+01,-2.546017183954088381e+00
1.342999999999999972e+01,-1.090296121407153507e+01,-1.726705241427172837e+02,2.789942512493965765e+01,-2.208179710806807972e+00
1.343999999999999950e+01,-1.094015629094909414e+01,-1.737686912702911854e+02,2.795142565407522284e+01,-1.872798586008062705e+00
1.344999999999999929e+01,-1.097744398866760207e+01,-1.748656422592790705e+02,2.800699193204367177e+01,-1.539380733157454273e+00
1.346000000000000085e+01,-1.101496520224311659e+01,-1.759628109007147145e+02,2.806636811193194703e+01,-1.207481831421456597e+00
1.347000000000000064e+01,-1.105294216842725596e+01,-1.770612348472857320e+02,2.812997867148426678e+01,-8.767884165504196137e-01
1.348000000000000043e+01,-1.109164998862038942e+01,-1.781613720467422013e+02,2.819836503826052976e+01,-5.471807322206490021e-01
1.349000000000000021e+01,-1.113137929695551165e+01,-1.792630032737131387e+02,2.827210189205615265e+01,-2.187657705279793530e-01
1.350000000000000000e+01,-1.117239579033670260e+01,1.796347629855841888e+02,2.835170651608886416e+01,1.081252607373274777e-01
1.350999999999999979e+01,-1.121490282764126079e+01,1.785333828067698789e+02,2.843755577454055938e+01,4.329750862979746540e-01
1.351999999999999957e+01,-1.125901285316158251e+01,1.774346813548663988e+02,2.852982417406260751e+01,7.551484562887373908e-01
1.352999999999999936e+01,-1.130473211344954620e+01,1.763405979463940412e+02,2.862845323258503072e+01,1.073979690446225765e+00
1.353999999999999915e+01,-1.135196122060988699e+01,1.752529090300130576e+02,2.873315753902189940e+01,1.388865965328293317e+00
1.355000000000000071e+01,-1.140051182483261272e+01,1.741729703962667202e+02,2.884346715830108110e+01,1.699351506839430037e+00
1.356000000000000050e+01,-1.145013727946407300e+01,1.731015181216075689e+02,2.895880025242565381e+01,2.005189004187329704e+00
1.357000000000000028e+01,-1.150057301807071397e+01,1.720385602042825610e+02,2.907855481711093404e+01,2.306367891896856204e+00
1.358000000000000007e+01,-1.155158072827959792e+01,1.709833781987983627e+02,2.920220507616911121e+01,2.603104229454854757e+00
1.358999999999999986e+01,-1.160298959152014042e+01,1.699346418382631327e+02,2.932938694788019518e+01,2.895793017223036614e+00
1.359999999999999964e+01,-1.165472806820120155e+01,1.688906219253621828e+02,2.945995839947279293e+01,3.184929964745502051e+00
1.360999999999999943e+01,-1.170684099766166675e+01,1.678494705666225570e+02,2.959402431946384482e+01,3.471014925991538380e+00
1.361999999999999922e+01,-1.175948899997756492e+01,1.668095261006582177e+02,2.973192119720891924e+01,3.754452495463212358e+00
1.363000000000000078e+01,-1.181292995770239429e+01,1.657695951736264419e+02,2.987416346806793044e+01,4.035465991555289733e+00
1.364000000000000057e+01,-1.186748522936579242e+01,1.647291674041262581e+02,3.002135973134850033e+01,4.314039070116640673e+00
1.365000000000000036e+01,-1.192349569224541384e+01,1.636885284282378450e+02,3.017411208464644545e+01,4.589894840533598419e+00
1.366000000000000014e+01,-1.198127431947955834e+01,1.626487528845615316e+02,3.033291470319297289e+01,4.862516345070910795e+00
1.366999999999999993e+01,-1.204106253798912896e+01,1.616115773026744478e+02,3.049806807940949227e+01,5.131205607866119678e+00
1.367999999999999972e+01,-1.210299706098583883e+01,1.605791709585414537e+02,3.066962301152409509e+01,5.395172221080439812e+00
1.368999999999999950e+01,-1.216709237692835543e+01,1.595538380191432566e+02,3.084736386590202528e+01,5.653637565604618942e+00
1.369999999999999929e+01,-1.223324184243837998e+01,1.585376948351000692e+02,3.103083451434575935e+01,5.905937997817556351e+00
1.371000000000000085e+01,-1.230123765828891891e+01,1.575323708285288831e+02,3.121940355273418533e+01,6.151610121011857224e+00
1.372000000000000064e+01,-1.237080722297451807e+01,1.565387793994015340e+02,3.141235894555606123e+01,6.390443715351906029e+00
1.373000000000000043e+01,-1.244166080389816642e+01,1.555569965306618201e+02,3.160901713014169090e+01,6.622492766403057729e+00
1.374000000000000021e+01,-1.251354351167340617e+01,1.545862699254646486e+02,3.180882875217115924e+01,6.848041661871612895e+00
1.375000000000000000e+01,-1.258628356583309582e+01,1.536251621438100301e+02,3.201146320240598442e+01,7.067531018131210985e+00
1.375999999999999979e+01,-1.265982906935980878e+01,1.526718099919729923e+02,3.221685714829678204e+01,7.281454522113073757e+00
1.376999999999999957e+01,-1.273426704910919938e+01,1.517242628786866874e+02,3.242521792112592749e+01,7.490243385474550486e+00
1.377999999999999936e+01,-1.280982119608012404e+01,1.507808486889134656e+02,3.263698002108633744e+01,7.694157509949963725e+00
1.378999999999999915e+01,-1.288682811992999788e+01,1.498405098765682908e+02,3.285272086336181019e+01,7.893201738582857452e+00
1.380000000000000071e+01,-1.296569540860559933e+01,1.489030562578032288e+02,3.307304882718871397e+01,8.087081702582942455e+00
1.381000000000000050e+01,-1.304684772621434519e+01,1.479692937022289243e+02,3.329848148705405464e+01,8.275207428345366267e+00
1.382000000000000028e+01,-1.313066909394095205e+01,1.470410071223057002e+02,3.352933380392524043e+01,8.456745120437942020e+00
1.383000000000000007e+01,-1.321745011734633657e+01,1.461207984121501511e+02,3.376563474862709313e+01,8.630709651381344827e+00
1.383999999999999986e+01,-1.330734823289128776e+01,1.452118017621879744e+02,3.400708653663144787e+01,8.796083507064924589e+00
1.384999999999999964e+01,-1.340036721893399729e+01,1.443173171309696841e+02,3.425307401496485227e+01,8.951943304625153530e+00
1.385999999999999943e+01,-1.349635952783042647e+01,1.434404154626958814e+02,3.450272371983241726e+01,9.097573265420455968e+00
1.386999999999999922e+01,-1.359505176651356706e+01,1.425835750769094261e+02,3.475500389868729911e+01,9.232546562611071650e+00
1.388000000000000078e+01,-1.369609023450773577e+01,1.417484066135642991e+02,3.500884964954946099e+01,9.356760200491111235e+00
1.389000000000000057e+01,-1.379910022300456163e+01,1.409355135850034344e+02,3.526329251292841604e+01,9.470416450513546636e+00
1.390000000000000036e+01,-1.390375025126122921e+01,1.401445173648759521e+02,3.551757234189089729e+01,9.573952793121877747e+00
1.391000000000000014e+01,-1.400981105497215928e+01,1.393742510140778563e+02,3.577121156801209167e+01,9.667931322785303649e+00
1.391999999999999993e+01,-1.411719934731901382e+01,1.386230989812540031e+02,3.602403789341882145e+01,9.752906033525077234e+00
1.392999999999999972e+01,-1.422599831339034004e+01,1.378894340647118213e+02,3.627615006399296504e+01,9.829290858205405712e+00
1.393999999999999950e+01,-1.433645028150312939e+01,1.371720841748903013e+02,3.652783122065672217e+01,9.897251850124577643e+00
1.394999999999999929e+01,-1.444892147440265617e+01,1.364707535398008531e+02,3.677942360827856305e+01,9.956643282477234180e+00
1.396000000000000085e+01,-1.456384335809170949e+01,1.357863279658440376e+02,3.703118546981435344e+01,1.000700030165494780e+01
1.397000000000000064e+01,-1.468163902060084247e+01,1.351210107068434922e+02,3.728315452812802988e+01,1.004759134079509408e+01
1.398000000000000043e+01,-1.480264556373611740e+01,1.344782611048896683e+02,3.753504195599464310e+01,1.007752337564481770e+01
1.399000000000000021e+01,-1.492704433959793242e+01,1.338625378994584310e+02,3.778617622831735190e+01,1.009588394179612791e+01
1.400000000000000000e+01,-1.505480999510825058e+01,1.332788784515863085e+02,3.803550841376884506e+01,1.010189710592372236e+01
1.400999999999999979e+01,-1.518568690374466890e+01,1.327323704558551469e+02,3.828168045073980608e+01,1.009506742085494757e+01
1.401999999999999957e+01,-1.531919795858060951e+01,1.322275913274991979e+02,3.852314727159014041e+01,1.007528695159584586e+01
1.402999999999999936e+01,-1.545468620045678065e+01,1.317681001959263654e+02,3.875833400394776618e+01,1.004288580970754374e+01
1.403999999999999915e+01,-1.559138475234692578e+01,1.313560662617413755e+02,3.898580260592274271e+01,9.998615664380110957e+00
1.405000000000000071e+01,-1.572850558099174378e+01,1.309921033756550059e+02,3.920439961519857519e+01,9.943567079569483269e+00
1.406000000000000050e+01,-1.586533349271599036e+01,1.306753534094768270e+02,3.941335901314118928e+01,9.879033325472457605e+00
1.407000000000000028e+01,-1.600130943650008319e+01,1.304038221464093965e+02,3.961234140855871289e+01,9.806343311464340573e+00
1.408000000000000007e+01,-1.613608749688368960e+01,1.301749263628157109e+02,3.980140169318708843e+01,9.726692457643753897e+00
1.408999999999999986e+01,-1.626955333818700566e+01,1.299861680812492182e+02,3.998089002343888154e+01,9.641001324184289345e+00
1.409999999999999964e+01,-1.640179800167096502e+01,1.298358214632973500e+02,4.015130302996337974e+01,9.549827352410048320e+00
1.410999999999999943e+01,-1.653304876848243765e+01,1.297235074166202082e+02,4.031311126899042563e+01,9.453345950059597769e+00
1.411999999999999922e+01,-1.666356669277385549e+01,1.296505439551722532e+02,4.046659345128607299e+01,9.351405075042844572e+00
1.413000000000000078e+01,-1.679352678791722653e+01,1.296199942203158457e+02,4.061170716910422129e+01,9.243644612935741023e+00
1.414000000000000057e+01,-1.692290058136204323e+01,1.296363820005700802e+02,4.074801989276198100e+01,9.129660411660676544e+00
1.415000000000000036e+01,-1.705136136754652298e+01,1.297050980817955690e+02,4.087471394197473273e+01,9.009184720640263322e+00
1.416000000000000014e+01,-1.717823005375883483e+01,1.298315721435340606e+02,4.099066656641916495e+01,8.882251326909075928e+00
1.416999999999999993e+01,-1.730247434169816856e+01,1.300203282248455423e+02,4.109459319066537120e+01,8.749315557036364766e+00
1.417999999999999972e+01,-1.742276650624940615e+01,1.302740719102224318e+02,4.118523045095954416e+01,8.611306414967915046e+00
1.418999999999999950e+01,-1.753759572668941047e+01,1.305929686609835869e+02,4.126152793231163685e+01,8.469599493843858795e+00
1.419999999999999929e+01,-1.764542072151007446e+01,1.309742586485000686e+02,4.132281510463237595e+01,8.325913135502009510e+00
1.421000000000000085e+01,-1.774483901164142452e+01,1.314123089465055330e+02,4.136891360501947190e+01,8.182144168704670761e+00
1.422000000000000064e+01,-1.783474289140990621e+01,1.318991297413957113e+02,4.140017430974231871e+01,8.040170769681752816e+00
1.423000000000000043e+01,-1.791443162296773295e+01,1.324252880850499992e+02,4.141743195908235720e+01,7.901656265627489795e+00
1.424000000000000021e+01,-1.798365595090783842e+01,1.329810618714265047e+02,4.142188489002408147e+01,7.767887714816555267e+00
1.425000000000000000e+01,-1.804258411744372026e+01,1.335576142037008651e+02,4.141492080325934211e+01,7.639676837737470194e+00
1.425999999999999979e+01,-1.809169515842635434e+01,1.341479547924216718e+02,4.139791889867776575e+01,7.517339641467390088e+00
1.426999999999999957e+01,-1.813162099058850885e+01,1.347474964837887512e+02,4.137206252180651234e+01,7.400757112042996688e+00
1.427999999999999936e+01,-1.816296957231998022e+01,1.353541001768498404e+02,4.133819420386414834e+01,7.289505256173265835e+00
1.428999999999999915e+01,-1.818616491089384368e+01,1.359676072631980333e+02,4.129673728757170892e+01,7.183030984019588949e+00
1.430000000000000071e+01,-1.820133578951496389e+01,1.365889604065922640e+02,4.124769668105376041e+01,7.080842705454541530e+00
1.431000000000000050e+01,-1.820827531063468641e+01,1.372190919492511512e+02,4.119073764762061529e+01,6.982682182388380454e+00
1.432000000000000028e+01,-1.820647985319438078e+01,1.378578035747334809e+02,4.112532810884940915e+01,6.888647460702605585e+00
1.433000000000000007e+01,-1.819526099030791499e+01,1.385028660372652212e+02,4.105091887537624018e+01,6.799245115866704658e+00
1.433999999999999986e+01,-1.817390948148116792e+01,1.391495319714037180e+02,4.096712941405587571e+01,6.715362314215062689e+00
1.434999999999999964e+01,-1.814187908994603760e+01,1.397905798314974390e+02,4.087390552731170601e+01,6.638163330825012309e+00
1.435999999999999943e+01,-1.809895236620711145e+01,1.404169018666632383e+02,4.077162008054312281e+01,6.568928704841392907e+00
1.436999999999999922e+01,-1.804535285283930790e+01,1.410185330971013400e+02,4.066109796712321156e+01,6.508865625826399715e+00
1.438000000000000078e+01,-1.798177883822966905e+01,1.415859194749929202e+02,4.054356004824609983e+01,6.458923398730322951e+00
1.439000000000000057e+01,-1.790935066027697786e+01,1.421111696407898251e+02,4.042049528063947150e+01,6.419646905891158717e+00
1.440000000000000036e+01,-1.782948221651315635e+01,1.425890418226591976e+02,4.029348289923017035e+01,6.391094122732984495e+00
1.441000000000000014e+01,-1.774370271114242570e+01,1.430174817244420353e+02,4.016399506136946229e+01,6.372832387503155616e+00
1.441999999999999993e+01,-1.765346308210157389e+01,1.433976271691919351e+02,4.003321342457641663e+01,6.364014495098180291e+00
1.442999999999999972e+01,-1.755996193998180743e+01,1.437333017853852084e+02,3.990189046790224126e+01,6.363522232616156238e+00
1.443999999999999950e+01,-1.746401959872108378e+01,1.440301086559714747e+02,3.977027870873894244e+01,6.370153888463458536e+00
1.444999999999999929e+01,-1.736601850568363403e+01,1.442942925617825551e+02,3.963813973365584076e+01,6.382825167359535534e+00
1.446000000000000085e+01,-1.726591661917384357e+01,1.445315641908637190e+02,3.950483195634539868e+01,6.400750771761903657e+00
1.447000000000000064e+01,-1.716332878177429322e+01,1.447460752587548427e+02,3.936946318805097889e+01,6.423576929952707459e+00
1.448000000000000043e+01,-1.705766094032708224e+01,1.449397043751820604e+02,3.923108338594727229e+01,6.451442961190814174e+00
1.449000000000000021e+01,-1.694827401365952468e+01,1.451117629161982450e+02,3.908888606702382873e+01,6.484961491637363018e+00
1.450000000000000000e+01,-1.683464936548888602e+01,1.452591618036665011e+02,3.894238512749446102e+01,6.525120436992231987e+00
1.450999999999999979e+01,-1.671652740462631570e+01,1.453770014733485993e+02,3.879153772419707025e+01,6.573123109732542879e+00
1.451999999999999957e+01,-1.659399558279426401e+01,1.454594715884034315e+02,3.863679297678460500e+01,6.630193398136920102e+00
1.452999999999999936e+01,-1.646751161893240933e+01,1.455008909488926463e+02,3.847905899640618088e+01,6.697378867373706690e+00
1.453999999999999915e+01,-1.633786029251175620e+01,1.454966960805876681e+02,3.831959478620115078e+01,6.775384691837617268e+00
1.455000000000000071e+01,-1.620605468821156947e+01,1.454442050658032315e+02,3.815984625216848514e+01,6.864465579202977175e+00
1.456000000000000050e+01,-1.607320236481719533e+01,1.453430355395226741e+02,3.800125460825378809e+01,6.964392504772248138e+00
1.457000000000000028e+01,-1.594036162692626313e+01,1.451951273256718196e+02,3.784506939667340220e+01,7.074498185920434778e+00
1.458000000000000007e+01,-1.580841255008049018e+01,1.450043928326970217e+02,3.769219677698600179e+01,7.193792141636203397e+00
1.458999999999999986e+01,-1.567796267320322734e+01,1.447760774771006993e+02,3.754310725088298284e+01,7.321125052031937308e+00
1.459999999999999964e+01,-1.554930001341073975e+01,1.445159504165217186e+02,3.739781687374150465e+01,7.455374576053311664e+00
1.460999999999999943e+01,-1.542239789727358534e+01,1.442294615841886127e+02,3.725594393355189737e+01,7.595621763925430869e+00
1.461999999999999922e+01,-1.529696820694443460e+01,1.439209969012339059e+02,3.711683086400287124e+01,7.741289027386025978e+00
1.463000000000000078e+01,-1.517255274591837377e+01,1.435933428792095299e+02,3.697971058468317551e+01,7.892217010531925148e+00
1.464000000000000057e+01,-1.504863709182357390e+01,1.432474374627236671e+02,3.684388914188613739e+01,8.048667747902984004e+00
1.465000000000000036e+01,-1.492476810864586767e+01,1.428824389584107450e+02,3.670891371188697860e+01,8.211253735177017177e+00
1.466000000000000014e+01,-1.480065584890384045e+01,1.424960940349036207e+02,3.657469736255795567e+01,8.380805024912657331e+00
1.466999999999999993e+01,-1.467624327288316977e+01,1.420853364845917213e+02,3.644157922987995590e+01,8.558197036662827273e+00
1.467999999999999972e+01,-1.455173286607962879e+01,1.416470099513919365e+02,3.631030978291299505e+01,8.744168489794782673e+00
1.468999999999999950e+01,-1.442756690945900999e+01,1.411785885891176235e+02,3.618196365970155881e+01,8.939160457311347230e+00
1.469999999999999929e+01,-1.430436629450216302e+01,1.406787740772114432e+02,3.605779481007822085e+01,9.143203739016756870e+00
1.471000000000000085e+01,-1.418283965916251788e+01,1.401478740935133374e+02,3.593905819083872188e+01,9.355873372452359504e+00
1.472000000000000064e+01,-1.406367892845201339e+01,1.395879092503023458e+02,3.582682747439092452e+01,9.576317781777648364e+00
1.473000000000000043e+01,-1.394745851776396961e+01,1.390024428272125760e+02,3.572183850106052461e+01,9.803357848145603626e+00
1.474000000000000021e+01,-1.383455373565787738e+01,1.383961711022740815e+02,3.562438376121580319e+01,1.003564005700178363e+01
1.475000000000000000e+01,-1.372509006550781940e+01,1.377743453477178548e+02,3.553427495000731540e+01,1.027181945062095814e+01
1.475999999999999979e+01,-1.361892991981990697e+01,1.371421167983078817e+02,3.545087992534620014e+01,1.051074348607142106e+01
1.476999999999999957e+01,-1.351569792896178157e+01,1.365039028649669319e+02,3.537322875728805371e+01,1.075160764164966309e+01
1.477999999999999936e+01,-1.341484042863349480e+01,1.358628674014015303e+02,3.530017260542476265e+01,1.099405779240350078e+01
1.478999999999999915e+01,-1.331571001764280737e+01,1.352205909101202224e+02,3.523057050698262316e+01,1.123822252075206762e+01
1.480000000000000071e+01,-1.321766236254130433e+01,1.345769793377114638e+02,3.516347424071249606e+01,1.148466959147253519e+01
1.481000000000000050e+01,-1.312015039375112835e+01,1.339304247271119550e+02,3.509828126951987315e+01,1.173429317195564892e+01
1.482000000000000028e+01,-1.302280119949688064e+01,1.332781916206653818e+02,3.503483065854590706e+01,1.198814997084063094e+01
1.483000000000000007e+01,-1.292546354169640566e+01,1.326169660514531188e+02,3.497342617996829972e+01,1.224727119317635626e+01
1.483999999999999986e+01,-1.282821875158787428e+01,1.319434765586311187e+02,3.491478298697049354e+01,1.251248138331873250e+01
1.484999999999999964e+01,-1.273135398860554801e+01,1.312550850980848622e+02,3.485990706477618062e+01,1.278425402634976749e+01
1.485999999999999943e+01,-1.263530322140327300e+01,1.305502527716139696e+02,3.480992781078671783e+01,1.306262746570123845e+01
1.486999999999999922e+01,-1.254056651624400764e+01,1.298288092123698618e+02,3.476591163070576584e+01,1.334719451940926227e+01
1.488000000000000078e+01,-1.244762133414771910e+01,1.290919895792462171e+02,3.472868722716749801e+01,1.363716702482635945e+01
1.489000000000000057e+01,-1.235684016018703346e+01,1.283422418904081326e+02,3.469871107815628619e+01,1.393150447062914843e+01
1.490000000000000036e+01,-1.226842710487078492e+01,1.275828428160277355e+02,3.467599502299344039e+01,1.422908572800109894e+01
1.491000000000000014e+01,-1.218238269234949556e+01,1.268173870865877007e+02,3.466010801528780405e+01,1.452889607370474678e+01
1.491999999999999993e+01,-1.209850156979332247e+01,1.260492318210145299e+02,3.465025241317469806e+01,1.483019910433958088e+01
1.492999999999999972e+01,-1.201640297253269374e+01,1.252809816109921144e+02,3.464540328523806778e+01,1.513266516354397595e+01
1.493999999999999950e+01,-1.193558900485377094e+01,1.245140933230746612e+02,3.464448882623113235e+01,1.543643439668938022e+01
1.494999999999999929e+01,-1.185552165524388357e+01,1.237486619970547679e+02,3.464658275952128008e+01,1.574210275550299265e+01
1.496000000000000085e+01,-1.177570649053244267e+01,1.229834223515986196e+02,3.465107692218276725e+01,1.605063178064076723e+01
1.497000000000000064e+01,-1.169576970120875714e+01,1.222159670643028164e+02,3.465780483319777261e+01,1.636319579858211526e+01
1.498000000000000043e+01,-1.161551600209770641e+01,1.214431478271084615e+02,3.466709476138807844e+01,1.668099100801317292e+01
1.499000000000000021e+01,-1.153495789834560092e+01,1.206615943413209635e+02,3.467974242487203185e+01,1.700503773627035287e+01
1.500000000000000000e+01,-1.145431159624036610e+01,1.198682661999193186e+02,3.469690690086199680e+01,1.733600858367845277e+01
1.500999999999999979e+01,-1.137396049601845327e+01,1.190609475038951501e+02,3.471994614523407563e+01,1.767411098908830880e+01
1.501999999999999957e+01,-1.129439261865369026e+01,1.182386051712490058e+02,3.475021845124986442e+01,1.801904380826138308e+01
1.502999999999999936e+01,-1.121612243346313598e+01,1.174015564939855807e+02,3.478888163467373573e+01,1.837003550005189467e+01
1.503999999999999915e+01,-1.113960968205741509e+01,1.165514240171387144e+02,3.483672205291919965e+01,1.872595854158003803e+01
1.505000000000000071e+01,-1.106518775678355482e+01,1.156908897393496858e+02,3.489404095257061300e+01,1.908550275172567723e+01
1.506000000000000050e+01,-1.099301225289099548e+01,1.148232903364688866e+02,3.496061694513944929e+01,1.944738094787439309e+01
1.507000000000000028e+01,-1.092303699340201106e+01,1.139521168671801519e+02,3.503575189761398434e+01,1.981053499686038322e+01
1.508000000000000007e+01,-1.085502070286530341e+01,1.130804944376822050e+02,3.511839471368465837e+01,2.017430959823319014e+01
1.508999999999999986e+01,-1.078856310561601362e+01,1.122107190880785197e+02,3.520732509010729672e+01,2.053856533505914683e+01
1.509999999999999964e+01,-1.072316501120493371e+01,1.113439208747932696e+02,3.530136920217582031e+01,2.090371134684676591e+01
1.510999999999999943e+01,-1.065830338528360244e+01,1.104799043734538060e+02,3.539961317986288236e+01,2.127065040120232098e+01
1.511999999999999922e+01,-1.059350998177141001e+01,1.096171920362147034e+02,3.550157954623987422e+01,2.164064336889111928e+01
1.513000000000000078e+01,-1.052844131023265639e+01,1.087532648299035287e+02,3.560733703089232449e+01,2.201511374432159585e+01
1.514000000000000057e+01,-1.046292885468053058e+01,1.078849628639652849e+02,3.571752472544650203e+01,2.239542335484102153e+01
1.515000000000000036e+01,-1.039700153916973235e+01,1.070089819774168944e+02,3.583328564154254536e+01,2.278265569256518219e+01
1.516000000000000014e+01,-1.033087700399490494e+01,1.061223860094221294e+02,3.595611979343561160e+01,2.317744233280420474e+01
1.516999999999999993e+01,-1.026492347091660662e+01,1.052230523554962645e+02,3.608768021761235190e+01,2.357986091396705675e+01
1.517999999999999972e+01,-1.019959880810767494e+01,1.043099808640196784e+02,3.622954460059221304e+01,2.398942154415150441e+01
1.518999999999999950e+01,-1.013537693604943435e+01,1.033834202561360343e+02,3.638299906788919458e+01,2.440514438583034007e+01
1.519999999999999929e+01,-1.007267338067381246e+01,1.024447968246410881e+02,3.654886886246697486e+01,2.482571684979003024e+01
1.521000000000000085e+01,-1.001178146754440235e+01,1.014964613112124852e+02,3.672742362449764641e+01,2.524970636649786471e+01
1.522000000000000064e+01,-9.952828629852737308e+00,1.005412966075662098e+02,3.691837386249329001e+01,2.567579573367576629e+01
1.523000000000000043e+01,-9.895759055544294469e+00,9.958224801051919428e+01,3.712096143298927586e+01,2.610300374958912073e+01
1.524000000000000021e+01,-9.840344956301439794e+00,9.862184758072915258e+01,3.733413216859547390e+01,2.653085497430616968e+01
1.525000000000000000e+01,-9.786224596596063918e+00,9.766180424295356488e+01,3.755676523239966969e+01,2.695946922014572777e+01
1.525999999999999979e+01,-9.732961329110610293e+00,9.670272180442546528e+01,3.778792351148560158e+01,2.738955321841809010e+01
1.526999999999999957e+01,-9.680114699429434921e+00,9.574398880981861737e+01,3.802708441602246126e+01,2.782229236440879561e+01
1.527999999999999936e+01,-9.627312677973460353e+00,9.478385876761296913e+01,3.827431218010721636e+01,2.825915709904155193e+01
1.528999999999999915e+01,-9.574313671409012017e+00,9.381970981893161365e+01,3.853034134542560452e+01,2.870165336083252328e+01
1.530000000000000071e+01,-9.521048395059079184e+00,9.284844387487626705e+01,3.879655529028307370e+01,2.915105674502247624e+01
1.531000000000000050e+01,-9.467634856095774154e+00,9.186696192923936621e+01,3.907486092803075906e+01,2.960817350061575226e+01
1.532000000000000028e+01,-9.414364107988657082e+00,9.087263945365812390e+01,3.936747787061190706e+01,3.007316763827590123e+01
1.533000000000000007e+01,-9.361659267631907255e+00,8.986372628251693584e+01,3.967667441151274232e+01,3.054548306317060735e+01
1.533999999999999986e+01,-9.310014600801094886e+00,8.883960899779586384e+01,4.000449142236431754e+01,3.102387477183821574e+01
1.534999999999999964e+01,-9.259924489649257850e+00,8.780089742124660290e+01,4.035249759921379820e+01,3.150654627351810078e+01
1.535999999999999943e+01,-9.211813354678589860e+00,8.674932546253896248e+01,4.072161540396374591e+01,3.199137399151863548e+01
1.536999999999999922e+01,-9.165977073401341713e+00,8.568748499617389314e+01,4.111204723939979289e+01,3.247618559884053724e+01
1.538000000000000078e+01,-9.122544399540498006e+00,8.461843536209801186e+01,4.152331707082163348e+01,3.295904977821001580e+01
1.539000000000000057e+01,-9.081463786712374642e+00,8.354524777907985822e+01,4.195442546128728623e+01,3.343853116433071904e+01
1.540000000000000036e+01,-9.042517333361587362e+00,8.247055212597585694e+01,4.240409789499258864e+01,3.391386722960955780e+01
1.541000000000000014e+01,-9.005359728094937566e+00,8.139615281563439453e+01,4.287108992450949785e+01,3.438503395360275050e+01
1.541999999999999993e+01,-8.969576494582206294e+00,8.032277102282591841e+01,4.335450101194305006e+01,3.485268352866234665e+01
1.542999999999999972e+01,-8.934752930364263435e+00,7.924995301290880434e+01,4.385404461050977432e+01,3.531795796868357940e+01
1.543999999999999950e+01,-8.900543338111221559e+00,7.817616030782149039e+01,4.437022666355986900e+01,3.578220388391732598e+01
1.544999999999999929e+01,-8.866729847688423760e+00,7.709902976770804628e+01,4.490439813473407327e+01,3.624663179447763639e+01
1.546000000000000085e+01,-8.833261534795957104e+00,7.601576454667855387e+01,4.545866729822198238e+01,3.671197449563325677e+01
1.547000000000000064e+01,-8.800267560566478409e+00,7.492359520790088823e+01,4.603568065423532119e+01,3.717820088204880591e+01
1.548000000000000043e+01,-8.768042222193987101e+00,7.382023846569781256e+01,4.663830327277832311e+01,3.764433397950987370e+01
1.549000000000000021e+01,-8.737004356585538645e+00,7.270428160879384905e+01,4.726924639654548344e+01,3.810840627687579740e+01
1.550000000000000000e+01,-8.707637612640890978e+00,7.157543346953841024e+01,4.793069976677860922e+01,3.856756456318780835e+01
1.550999999999999979e+01,-8.680420972977492156e+00,7.043460499925423335e+01,4.862402727496966293e+01,3.901831352400981245e+01
1.551999999999999957e+01,-8.655760146890443707e+00,6.928380955984646050e+01,4.934957719011222110e+01,3.945686535113557625e+01
1.552999999999999936e+01,-8.633930023928423125e+00,6.812590011019908331e+01,5.010664309220623380e+01,3.987954428463537937e+01
1.553999999999999915e+01,-8.615036514727373529e+00,6.696418357472173000e+01,5.089359007769764531e+01,4.028318287512733775e+01
1.555000000000000071e+01,-8.599003208724511182e+00,6.580196923888462379e+01,5.170813492032283420e+01,4.066544323722691701e+01
1.556000000000000050e+01,-8.585584771990941277e+00,6.464211669369387891e+01,5.254774195530795566e+01,4.102500359210795011e+01
1.557000000000000028e+01,-8.574405289549313025e+00,6.348664912767306134e+01,5.341007299460165569e+01,4.136156862282698654e+01
1.558000000000000007e+01,-8.565016206667131371e+00,6.233648956853161849e+01,5.429341464895504998e+01,4.167569005841376395e+01
1.558999999999999986e+01,-8.556965549631950552e+00,6.119136139718484202e+01,5.519700436694840562e+01,4.196841729141016941e+01
1.559999999999999964e+01,-8.549868151567750374e+00,6.004987133580085867e+01,5.612118932933577753e+01,4.224083041723731924e+01
1.560999999999999943e+01,-8.543466091851128041e+00,5.890976571891263092e+01,5.706737870179513550e+01,4.249353294608634712e+01
1.561999999999999922e+01,-8.537669743860602622e+00,5.776832322281105547e+01,5.803778496282198063e+01,4.272619303543172009e+01
1.563000000000000078e+01,-8.532572681836215978e+00,5.662282430674772371e+01,5.903498733486877370e+01,4.293721783425000638e+01
1.564000000000000057e+01,-8.528437813225844266e+00,5.547102409054154037e+01,6.006138284303248298e+01,4.312362625911700320e+01
1.565000000000000036e+01,-8.525656742361304552e+00,5.431155424074891158e+01,6.111861277294791250e+01,4.328115479730028881e+01
1.566000000000000014e+01,-8.524688656645674101e+00,5.314419094598864035e+01,6.220706106967269733e+01,4.340459370126255578e+01
1.566999999999999993e+01,-8.525988180290662299e+00,5.196994773709568705e+01,6.332551527598286611e+01,4.348831240830950406e+01
1.567999999999999972e+01,-8.529933183292104815e+00,5.079097935637169314e+01,6.447106012147126819e+01,4.352689823583751405e+01
1.568999999999999950e+01,-8.536763354429064421e+00,4.961031119515843812e+01,6.563924018910516622e+01,4.351580644731929937e+01
1.569999999999999929e+01,-8.546538643458422513e+00,4.843143381166643024e+01,6.682448421413624828e+01,4.345190791489082471e+01
1.571000000000000085e+01,-8.559123816041541488e+00,4.725782084535531880e+01,6.802073507438157662e+01,4.333382760425620717e+01
1.572000000000000064e+01,-8.574201753401736070e+00,4.609243962792631777e+01,6.922218491121311956e+01,4.316199556984282282e+01
1.573000000000000043e+01,-8.591314157932085749e+00,4.493732608821060381e+01,7.042398444718801898e+01,4.293838028729947354e+01
1.574000000000000021e+01,-8.609924387904793974e+00,4.379328867564609595e+01,7.162278889317484243e+01,4.266593444822845527e+01
1.575000000000000000e+01,-8.629493686121556095e+00,4.265978992891103161e+01,7.281702478570542780e+01,4.234784332625631720e+01
1.575999999999999979e+01,-8.649559612606497083e+00,4.153502987631804899e+01,7.400681037915150284e+01,4.198671129807124203e+01
1.576999999999999957e+01,-8.669804575874994867e+00,4.041622516515694485e+01,7.519352725857960706e+01,4.158384166840161100e+01
1.577999999999999936e+01,-8.690103370976643760e+00,3.930004608276956191e+01,7.637910859516944129e+01,4.113875368226008788e+01
1.578999999999999915e+01,-8.710541629023428101e+00,3.818314625223200665e+01,7.756516583209973703e+01,4.064904113361725990e+01
1.580000000000000071e+01,-8.731401657138764705e+00,3.706270255596321306e+01,7.875211016712371759e+01,4.011061767822157265e+01
1.581000000000000050e+01,-8.753117472123451037e+00,3.593687975133064327e+01,7.993843283110241771e+01,3.951832573279875049e+01
1.582000000000000028e+01,-8.776205865061321276e+00,3.480514609764636447e+01,8.112028821915922094e+01,3.886681942512118582e+01
1.583000000000000007e+01,-8.801184125529434965e+00,3.366839047748961633e+01,8.229147875173373450e+01,3.815157704112636594e+01
1.583999999999999986e+01,-8.828486996408313914e+00,3.252882288482054918e+01,8.344387451301977876e+01,3.736986364917587622e+01
1.584999999999999964e+01,-8.858395365451203318e+00,3.138967294937781460e+01,8.456822186287877230e+01,3.652145840929303233e+01
1.585999999999999943e+01,-8.890987347526099427e+00,3.025473038879177068e+01,8.565521541951129336e+01,3.560898984571859671e+01
1.586999999999999922e+01,-8.926119196354896701e+00,2.912779356094638317e+01,8.669664357739696925e+01,3.463778701087403533e+01
1.588000000000000078e+01,-8.963439371113997467e+00,2.801210575418044613e+01,8.768638686861235954e+01,3.361524684592067302e+01
1.589000000000000057e+01,-9.002434501747048401e+00,2.690986247335258241e+01,8.862106398477087055e+01,3.254981984922834926e+01
1.590000000000000036e+01,-9.042501375169360145e+00,2.582186603004401348e+01,8.950018385871382520e+01,3.144980265975326361e+01
1.591000000000000014e+01,-9.083034911658685928e+00,2.474738583823375038e+01,9.032576135447540366e+01,3.032217408241068313e+01
1.591999999999999993e+01,-9.123519051331772545e+00,2.368425460554253448e+01,9.110146518187589493e+01,2.917170718644969796e+01
1.592999999999999972e+01,-9.163606212682223529e+00,2.262919476363984117e+01,9.183146289743702084e+01,2.800053583110632971e+01
1.593999999999999950e+01,-9.203172055246207961e+00,2.157833122136745985e+01,9.251918833654059426e+01,2.680826380460350222e+01
1.594999999999999929e+01,-9.242335799472432001e+00,2.052781306101605097e+01,9.316627166176546382e+01,2.559259980387740896e+01
1.596000000000000085e+01,-9.281441859358194435e+00,1.947444552844087440e+01,9.377184240972495388e+01,2.435040227822793213e+01
1.597000000000000064e+01,-9.321005000097922988e+00,1.841622975698635756e+01,9.433234949897634181e+01,2.307894051394300661e+01
1.598000000000000043e+01,-9.361627333234785908e+00,1.735272217138198414e+01,9.484195020724229153e+01,2.177713303799215083e+01
1.599000000000000021e+01,-9.403900014036523203e+00,1.628515504867639052e+01,9.529341533690600841e+01,2.044651887044707195e+01
1.600000000000000000e+01,-9.448304776741135669e+00,1.521629779946228034e+01,9.567939549843367786e+01,1.909175582902752311e+01
